solid OpenSCAD_Model
  facet normal 0 0.608432 -0.793606
    outer loop
      vertex 1064.98 1093.25 2185.71
      vertex -1064.66 1096.25 2188.01
      vertex 1064.66 1096.25 2188.01
    endloop
  endfacet
  facet normal 0 0.608432 -0.793606
    outer loop
      vertex -1064.66 1096.25 2188.01
      vertex 1064.98 1093.25 2185.71
      vertex -1064.98 1093.25 2185.71
    endloop
  endfacet
  facet normal 0 0.606043 -0.795432
    outer loop
      vertex -1064.66 1096.25 2188.01
      vertex 1064.76 1096.67 2188.33
      vertex 1064.66 1096.25 2188.01
    endloop
  endfacet
  facet normal 0 0.606043 -0.795432
    outer loop
      vertex 1064.76 1096.67 2188.33
      vertex -1064.66 1096.25 2188.01
      vertex -1064.76 1096.67 2188.33
    endloop
  endfacet
  facet normal 0.59397 -0.141421 -0.79196
    outer loop
      vertex 1065.03 1089.27 2215.94
      vertex 1064.76 1085 2216.5
      vertex 1064.98 1088.5 2216.04
    endloop
  endfacet
  facet normal 0 0.130034 0.99151
    outer loop
      vertex 1065.03 1089.27 2215.94
      vertex -1064.76 1085 2216.5
      vertex 1064.76 1085 2216.5
    endloop
  endfacet
  facet normal -5.58561e-07 0.130308 0.991474
    outer loop
      vertex 1065.03 1089.27 2215.94
      vertex -1064.98 1088.5 2216.04
      vertex -1064.76 1085 2216.5
    endloop
  endfacet
  facet normal 0 0.128789 0.991672
    outer loop
      vertex -1064.98 1088.5 2216.04
      vertex 1065.03 1089.27 2215.94
      vertex -1065.03 1089.27 2215.94
    endloop
  endfacet
  facet normal 0 -0.606043 -0.795432
    outer loop
      vertex 1064.76 1073.33 2188.33
      vertex -1064.66 1073.75 2188.01
      vertex 1064.66 1073.75 2188.01
    endloop
  endfacet
  facet normal 0 -0.606043 -0.795432
    outer loop
      vertex -1064.66 1073.75 2188.01
      vertex 1064.76 1073.33 2188.33
      vertex -1064.76 1073.33 2188.33
    endloop
  endfacet
  facet normal 0 -0.608432 -0.793606
    outer loop
      vertex -1064.66 1073.75 2188.01
      vertex 1064.98 1076.75 2185.71
      vertex 1064.66 1073.75 2188.01
    endloop
  endfacet
  facet normal -0 -0.608432 -0.793606
    outer loop
      vertex 1064.98 1076.75 2185.71
      vertex -1064.66 1073.75 2188.01
      vertex -1064.98 1076.75 2185.71
    endloop
  endfacet
  facet normal 0 -0.608432 0.793606
    outer loop
      vertex 1064.98 1076.75 2214.29
      vertex -1064.66 1073.75 2211.99
      vertex 1064.66 1073.75 2211.99
    endloop
  endfacet
  facet normal 0 -0.608432 0.793606
    outer loop
      vertex -1064.66 1073.75 2211.99
      vertex 1064.98 1076.75 2214.29
      vertex -1064.98 1076.75 2214.29
    endloop
  endfacet
  facet normal 0 -0.606043 0.795432
    outer loop
      vertex -1064.66 1073.75 2211.99
      vertex 1064.76 1073.33 2211.67
      vertex 1064.66 1073.75 2211.99
    endloop
  endfacet
  facet normal 0 -0.606043 0.795432
    outer loop
      vertex 1064.76 1073.33 2211.67
      vertex -1064.66 1073.75 2211.99
      vertex -1064.76 1073.33 2211.67
    endloop
  endfacet
  facet normal 0.59397 0.141421 0.79196
    outer loop
      vertex 1065.03 1080.73 2184.06
      vertex 1064.76 1085 2183.5
      vertex 1064.98 1081.5 2183.96
    endloop
  endfacet
  facet normal 0 -0.130034 -0.99151
    outer loop
      vertex 1065.03 1080.73 2184.06
      vertex -1064.76 1085 2183.5
      vertex 1064.76 1085 2183.5
    endloop
  endfacet
  facet normal -5.58561e-07 -0.130308 -0.991474
    outer loop
      vertex 1065.03 1080.73 2184.06
      vertex -1064.98 1081.5 2183.96
      vertex -1064.76 1085 2183.5
    endloop
  endfacet
  facet normal 0 -0.128789 -0.991672
    outer loop
      vertex -1064.98 1081.5 2183.96
      vertex 1065.03 1080.73 2184.06
      vertex -1065.03 1080.73 2184.06
    endloop
  endfacet
  facet normal 0 0.794006 0.607911
    outer loop
      vertex 1064.79 1097.65 2210.39
      vertex -1064.76 1096.67 2211.67
      vertex 1064.76 1096.67 2211.67
    endloop
  endfacet
  facet normal 0 0.794006 0.607911
    outer loop
      vertex 1064.79 1097.65 2210.39
      vertex -1064.79 1097.65 2210.39
      vertex -1064.76 1096.67 2211.67
    endloop
  endfacet
  facet normal 0 0.793726 0.608276
    outer loop
      vertex 1064.86 1099.29 2208.25
      vertex -1064.79 1097.65 2210.39
      vertex 1064.79 1097.65 2210.39
    endloop
  endfacet
  facet normal 0 0.793726 0.608276
    outer loop
      vertex -1064.79 1097.65 2210.39
      vertex 1064.86 1099.29 2208.25
      vertex -1064.86 1099.29 2208.25
    endloop
  endfacet
  facet normal 0.59397 -0.141421 0.79196
    outer loop
      vertex 1064.76 1085 2183.5
      vertex 1065.03 1089.27 2184.06
      vertex 1064.98 1088.5 2183.96
    endloop
  endfacet
  facet normal 0 0.130034 -0.99151
    outer loop
      vertex -1064.76 1085 2183.5
      vertex 1065.03 1089.27 2184.06
      vertex 1064.76 1085 2183.5
    endloop
  endfacet
  facet normal -5.58561e-07 0.130308 -0.991474
    outer loop
      vertex -1064.98 1088.5 2183.96
      vertex 1065.03 1089.27 2184.06
      vertex -1064.76 1085 2183.5
    endloop
  endfacet
  facet normal 0 0.128789 -0.991672
    outer loop
      vertex 1065.03 1089.27 2184.06
      vertex -1064.98 1088.5 2183.96
      vertex -1065.03 1089.27 2184.06
    endloop
  endfacet
  facet normal 0 0.793726 -0.608276
    outer loop
      vertex 1064.79 1097.65 2189.61
      vertex -1064.86 1099.29 2191.75
      vertex 1064.86 1099.29 2191.75
    endloop
  endfacet
  facet normal 0 0.793726 -0.608276
    outer loop
      vertex 1064.79 1097.65 2189.61
      vertex -1064.79 1097.65 2189.61
      vertex -1064.86 1099.29 2191.75
    endloop
  endfacet
  facet normal 0 0.794006 -0.607911
    outer loop
      vertex 1064.76 1096.67 2188.33
      vertex -1064.79 1097.65 2189.61
      vertex 1064.79 1097.65 2189.61
    endloop
  endfacet
  facet normal 0 0.794006 -0.607911
    outer loop
      vertex -1064.79 1097.65 2189.61
      vertex 1064.76 1096.67 2188.33
      vertex -1064.76 1096.67 2188.33
    endloop
  endfacet
  facet normal 0 -0.381032 -0.924562
    outer loop
      vertex 1064.98 1076.75 2185.71
      vertex -1064.69 1078.4 2185.03
      vertex 1064.69 1078.4 2185.03
    endloop
  endfacet
  facet normal 0 -0.381032 -0.924562
    outer loop
      vertex -1064.69 1078.4 2185.03
      vertex 1064.98 1076.75 2185.71
      vertex -1064.98 1076.75 2185.71
    endloop
  endfacet
  facet normal 0 -0.384334 -0.923194
    outer loop
      vertex -1064.69 1078.4 2185.03
      vertex 1065.03 1080.73 2184.06
      vertex 1064.69 1078.4 2185.03
    endloop
  endfacet
  facet normal -0 -0.384334 -0.923194
    outer loop
      vertex 1065.03 1080.73 2184.06
      vertex -1064.69 1078.4 2185.03
      vertex -1065.03 1080.73 2184.06
    endloop
  endfacet
  facet normal 0 0.606043 0.795432
    outer loop
      vertex 1064.76 1096.67 2211.67
      vertex -1064.66 1096.25 2211.99
      vertex 1064.66 1096.25 2211.99
    endloop
  endfacet
  facet normal 0 0.606043 0.795432
    outer loop
      vertex -1064.66 1096.25 2211.99
      vertex 1064.76 1096.67 2211.67
      vertex -1064.76 1096.67 2211.67
    endloop
  endfacet
  facet normal -0 0.608432 0.793606
    outer loop
      vertex -1064.66 1096.25 2211.99
      vertex 1064.98 1093.25 2214.29
      vertex 1064.66 1096.25 2211.99
    endloop
  endfacet
  facet normal 0 0.608432 0.793606
    outer loop
      vertex 1064.98 1093.25 2214.29
      vertex -1064.66 1096.25 2211.99
      vertex -1064.98 1093.25 2214.29
    endloop
  endfacet
  facet normal 0 0.384334 -0.923194
    outer loop
      vertex 1065.03 1089.27 2184.06
      vertex -1064.69 1091.6 2185.03
      vertex 1064.69 1091.6 2185.03
    endloop
  endfacet
  facet normal 0 0.384334 -0.923194
    outer loop
      vertex -1064.69 1091.6 2185.03
      vertex 1065.03 1089.27 2184.06
      vertex -1065.03 1089.27 2184.06
    endloop
  endfacet
  facet normal 0 0.381032 -0.924562
    outer loop
      vertex -1064.69 1091.6 2185.03
      vertex 1064.98 1093.25 2185.71
      vertex 1064.69 1091.6 2185.03
    endloop
  endfacet
  facet normal 0 0.381032 -0.924562
    outer loop
      vertex 1064.98 1093.25 2185.71
      vertex -1064.69 1091.6 2185.03
      vertex -1064.98 1093.25 2185.71
    endloop
  endfacet
  facet normal 0 0.99156 -0.129647
    outer loop
      vertex 1064.53 1100.96 2195.87
      vertex -1065.08 1101.5 2200
      vertex 1065.08 1101.5 2200
    endloop
  endfacet
  facet normal 0 0.99156 -0.129647
    outer loop
      vertex 1064.53 1100.96 2195.87
      vertex -1064.53 1100.96 2195.87
      vertex -1065.08 1101.5 2200
    endloop
  endfacet
  facet normal 0 0.989949 -0.141421
    outer loop
      vertex 1064.58 1100.94 2195.73
      vertex -1064.53 1100.96 2195.87
      vertex 1064.53 1100.96 2195.87
    endloop
  endfacet
  facet normal 0 0.989949 -0.141421
    outer loop
      vertex -1064.53 1100.96 2195.87
      vertex 1064.58 1100.94 2195.73
      vertex -1064.58 1100.94 2195.73
    endloop
  endfacet
  facet normal 0 -0.384334 0.923194
    outer loop
      vertex 1065.03 1080.73 2215.94
      vertex -1064.69 1078.4 2214.97
      vertex 1064.69 1078.4 2214.97
    endloop
  endfacet
  facet normal 0 -0.384334 0.923194
    outer loop
      vertex -1064.69 1078.4 2214.97
      vertex 1065.03 1080.73 2215.94
      vertex -1065.03 1080.73 2215.94
    endloop
  endfacet
  facet normal 0 -0.381032 0.924562
    outer loop
      vertex -1064.69 1078.4 2214.97
      vertex 1064.98 1076.75 2214.29
      vertex 1064.69 1078.4 2214.97
    endloop
  endfacet
  facet normal 0 -0.381032 0.924562
    outer loop
      vertex 1064.98 1076.75 2214.29
      vertex -1064.69 1078.4 2214.97
      vertex -1064.98 1076.75 2214.29
    endloop
  endfacet
  facet normal 0 -0.923268 -0.384157
    outer loop
      vertex -1064.69 1070.25 2192.87
      vertex 1064.58 1069.06 2195.73
      vertex -1064.58 1069.06 2195.73
    endloop
  endfacet
  facet normal 0 -0.923268 -0.384157
    outer loop
      vertex -1064.69 1070.25 2192.87
      vertex 1064.69 1070.25 2192.87
      vertex 1064.58 1069.06 2195.73
    endloop
  endfacet
  facet normal 0 -0.92502 -0.379919
    outer loop
      vertex -1064.86 1070.71 2191.75
      vertex 1064.69 1070.25 2192.87
      vertex -1064.69 1070.25 2192.87
    endloop
  endfacet
  facet normal 0 -0.92502 -0.379919
    outer loop
      vertex 1064.69 1070.25 2192.87
      vertex -1064.86 1070.71 2191.75
      vertex 1064.86 1070.71 2191.75
    endloop
  endfacet
  facet normal 0 0.92502 0.379919
    outer loop
      vertex 1064.69 1099.75 2207.13
      vertex -1064.86 1099.29 2208.25
      vertex 1064.86 1099.29 2208.25
    endloop
  endfacet
  facet normal 0 0.92502 0.379919
    outer loop
      vertex 1064.69 1099.75 2207.13
      vertex -1064.69 1099.75 2207.13
      vertex -1064.86 1099.29 2208.25
    endloop
  endfacet
  facet normal 0 0.923268 0.384157
    outer loop
      vertex 1064.58 1100.94 2204.27
      vertex -1064.69 1099.75 2207.13
      vertex 1064.69 1099.75 2207.13
    endloop
  endfacet
  facet normal 0 0.923268 0.384157
    outer loop
      vertex -1064.69 1099.75 2207.13
      vertex 1064.58 1100.94 2204.27
      vertex -1064.58 1100.94 2204.27
    endloop
  endfacet
  facet normal 0 0.989949 0.141421
    outer loop
      vertex 1064.53 1100.96 2204.13
      vertex -1064.58 1100.94 2204.27
      vertex 1064.58 1100.94 2204.27
    endloop
  endfacet
  facet normal 0 0.989949 0.141421
    outer loop
      vertex 1064.53 1100.96 2204.13
      vertex -1064.53 1100.96 2204.13
      vertex -1064.58 1100.94 2204.27
    endloop
  endfacet
  facet normal 0 0.99156 0.129647
    outer loop
      vertex 1065.08 1101.5 2200
      vertex -1064.53 1100.96 2204.13
      vertex 1064.53 1100.96 2204.13
    endloop
  endfacet
  facet normal 0 0.99156 0.129647
    outer loop
      vertex -1064.53 1100.96 2204.13
      vertex 1065.08 1101.5 2200
      vertex -1065.08 1101.5 2200
    endloop
  endfacet
  facet normal 0 -0.793726 -0.608276
    outer loop
      vertex -1064.79 1072.35 2189.61
      vertex 1064.86 1070.71 2191.75
      vertex -1064.86 1070.71 2191.75
    endloop
  endfacet
  facet normal 0 -0.793726 -0.608276
    outer loop
      vertex -1064.79 1072.35 2189.61
      vertex 1064.79 1072.35 2189.61
      vertex 1064.86 1070.71 2191.75
    endloop
  endfacet
  facet normal 0 -0.794006 -0.607911
    outer loop
      vertex -1064.76 1073.33 2188.33
      vertex 1064.79 1072.35 2189.61
      vertex -1064.79 1072.35 2189.61
    endloop
  endfacet
  facet normal 0 -0.794006 -0.607911
    outer loop
      vertex 1064.79 1072.35 2189.61
      vertex -1064.76 1073.33 2188.33
      vertex 1064.76 1073.33 2188.33
    endloop
  endfacet
  facet normal 0 -0.794006 0.607911
    outer loop
      vertex -1064.79 1072.35 2210.39
      vertex 1064.76 1073.33 2211.67
      vertex -1064.76 1073.33 2211.67
    endloop
  endfacet
  facet normal 0 -0.794006 0.607911
    outer loop
      vertex -1064.79 1072.35 2210.39
      vertex 1064.79 1072.35 2210.39
      vertex 1064.76 1073.33 2211.67
    endloop
  endfacet
  facet normal 0 -0.793726 0.608276
    outer loop
      vertex -1064.86 1070.71 2208.25
      vertex 1064.79 1072.35 2210.39
      vertex -1064.79 1072.35 2210.39
    endloop
  endfacet
  facet normal 0 -0.793726 0.608276
    outer loop
      vertex 1064.79 1072.35 2210.39
      vertex -1064.86 1070.71 2208.25
      vertex 1064.86 1070.71 2208.25
    endloop
  endfacet
  facet normal 0 0.923268 -0.384157
    outer loop
      vertex 1064.69 1099.75 2192.87
      vertex -1064.58 1100.94 2195.73
      vertex 1064.58 1100.94 2195.73
    endloop
  endfacet
  facet normal 0 0.923268 -0.384157
    outer loop
      vertex 1064.69 1099.75 2192.87
      vertex -1064.69 1099.75 2192.87
      vertex -1064.58 1100.94 2195.73
    endloop
  endfacet
  facet normal 0 0.92502 -0.379919
    outer loop
      vertex 1064.86 1099.29 2191.75
      vertex -1064.69 1099.75 2192.87
      vertex 1064.69 1099.75 2192.87
    endloop
  endfacet
  facet normal 0 0.92502 -0.379919
    outer loop
      vertex -1064.69 1099.75 2192.87
      vertex 1064.86 1099.29 2191.75
      vertex -1064.86 1099.29 2191.75
    endloop
  endfacet
  facet normal 0 -0.989949 0.141421
    outer loop
      vertex -1064.53 1069.04 2204.13
      vertex 1064.58 1069.06 2204.27
      vertex -1064.58 1069.06 2204.27
    endloop
  endfacet
  facet normal 0 -0.989949 0.141421
    outer loop
      vertex -1064.53 1069.04 2204.13
      vertex 1064.53 1069.04 2204.13
      vertex 1064.58 1069.06 2204.27
    endloop
  endfacet
  facet normal 0 -0.99156 0.129647
    outer loop
      vertex -1065.08 1068.5 2200
      vertex 1064.53 1069.04 2204.13
      vertex -1064.53 1069.04 2204.13
    endloop
  endfacet
  facet normal 0 -0.99156 0.129647
    outer loop
      vertex 1064.53 1069.04 2204.13
      vertex -1065.08 1068.5 2200
      vertex 1065.08 1068.5 2200
    endloop
  endfacet
  facet normal 0 -0.99156 -0.129647
    outer loop
      vertex -1064.53 1069.04 2195.87
      vertex 1065.08 1068.5 2200
      vertex -1065.08 1068.5 2200
    endloop
  endfacet
  facet normal 0 -0.99156 -0.129647
    outer loop
      vertex -1064.53 1069.04 2195.87
      vertex 1064.53 1069.04 2195.87
      vertex 1065.08 1068.5 2200
    endloop
  endfacet
  facet normal 0 -0.989949 -0.141421
    outer loop
      vertex -1064.58 1069.06 2195.73
      vertex 1064.53 1069.04 2195.87
      vertex -1064.53 1069.04 2195.87
    endloop
  endfacet
  facet normal 0 -0.989949 -0.141421
    outer loop
      vertex 1064.53 1069.04 2195.87
      vertex -1064.58 1069.06 2195.73
      vertex 1064.58 1069.06 2195.73
    endloop
  endfacet
  facet normal 0 0.381032 0.924562
    outer loop
      vertex 1064.98 1093.25 2214.29
      vertex -1064.69 1091.6 2214.97
      vertex 1064.69 1091.6 2214.97
    endloop
  endfacet
  facet normal 0 0.381032 0.924562
    outer loop
      vertex -1064.69 1091.6 2214.97
      vertex 1064.98 1093.25 2214.29
      vertex -1064.98 1093.25 2214.29
    endloop
  endfacet
  facet normal -0 0.384334 0.923194
    outer loop
      vertex -1064.69 1091.6 2214.97
      vertex 1065.03 1089.27 2215.94
      vertex 1064.69 1091.6 2214.97
    endloop
  endfacet
  facet normal 0 0.384334 0.923194
    outer loop
      vertex 1065.03 1089.27 2215.94
      vertex -1064.69 1091.6 2214.97
      vertex -1065.03 1089.27 2215.94
    endloop
  endfacet
  facet normal 0 -0.92502 0.379919
    outer loop
      vertex -1064.69 1070.25 2207.13
      vertex 1064.86 1070.71 2208.25
      vertex -1064.86 1070.71 2208.25
    endloop
  endfacet
  facet normal 0 -0.92502 0.379919
    outer loop
      vertex -1064.69 1070.25 2207.13
      vertex 1064.69 1070.25 2207.13
      vertex 1064.86 1070.71 2208.25
    endloop
  endfacet
  facet normal 0 -0.923268 0.384157
    outer loop
      vertex -1064.58 1069.06 2204.27
      vertex 1064.69 1070.25 2207.13
      vertex -1064.69 1070.25 2207.13
    endloop
  endfacet
  facet normal 0 -0.923268 0.384157
    outer loop
      vertex 1064.69 1070.25 2207.13
      vertex -1064.58 1069.06 2204.27
      vertex 1064.58 1069.06 2204.27
    endloop
  endfacet
  facet normal 0.59397 0.141421 -0.79196
    outer loop
      vertex 1064.76 1085 2216.5
      vertex 1065.03 1080.73 2215.94
      vertex 1064.98 1081.5 2216.04
    endloop
  endfacet
  facet normal 0 -0.130034 0.99151
    outer loop
      vertex -1064.76 1085 2216.5
      vertex 1065.03 1080.73 2215.94
      vertex 1064.76 1085 2216.5
    endloop
  endfacet
  facet normal -5.58561e-07 -0.130308 0.991474
    outer loop
      vertex -1064.98 1081.5 2216.04
      vertex 1065.03 1080.73 2215.94
      vertex -1064.76 1085 2216.5
    endloop
  endfacet
  facet normal 0 -0.128789 0.991672
    outer loop
      vertex 1065.03 1080.73 2215.94
      vertex -1064.98 1081.5 2216.04
      vertex -1065.03 1080.73 2215.94
    endloop
  endfacet
  facet normal 0.128789 0 -0.991672
    outer loop
      vertex -1081.5 -1064.98 2183.96
      vertex -1080.73 1065.03 2184.06
      vertex -1080.73 -1065.03 2184.06
    endloop
  endfacet
  facet normal 0.128789 0 -0.991672
    outer loop
      vertex -1081.5 -1064.98 2183.96
      vertex -1081.5 1064.98 2183.96
      vertex -1080.73 1065.03 2184.06
    endloop
  endfacet
  facet normal 0.130308 0 -0.991474
    outer loop
      vertex -1085 -1064.76 2183.5
      vertex -1081.5 1064.98 2183.96
      vertex -1081.5 -1064.98 2183.96
    endloop
  endfacet
  facet normal 0.130308 0 -0.991474
    outer loop
      vertex -1081.5 1064.98 2183.96
      vertex -1085 -1064.76 2183.5
      vertex -1085 1064.76 2183.5
    endloop
  endfacet
  facet normal 0.794006 -0 0.607911
    outer loop
      vertex -1073.33 -1064.76 2211.67
      vertex -1072.35 1064.79 2210.39
      vertex -1073.33 1064.76 2211.67
    endloop
  endfacet
  facet normal 0.793726 3.48343e-07 0.608276
    outer loop
      vertex -1073.33 -1064.76 2211.67
      vertex -1070.71 1064.86 2208.25
      vertex -1072.35 1064.79 2210.39
    endloop
  endfacet
  facet normal 0.794006 -5.82539e-07 0.607911
    outer loop
      vertex -1072.35 -1064.79 2210.39
      vertex -1070.71 1064.86 2208.25
      vertex -1073.33 -1064.76 2211.67
    endloop
  endfacet
  facet normal 0.793726 0 0.608276
    outer loop
      vertex -1070.71 1064.86 2208.25
      vertex -1072.35 -1064.79 2210.39
      vertex -1070.71 -1064.86 2208.25
    endloop
  endfacet
  facet normal -0.130308 0 -0.991474
    outer loop
      vertex -1088.5 -1064.98 2183.96
      vertex -1085 1064.76 2183.5
      vertex -1085 -1064.76 2183.5
    endloop
  endfacet
  facet normal -0.130308 0 -0.991474
    outer loop
      vertex -1088.5 -1064.98 2183.96
      vertex -1088.5 1064.98 2183.96
      vertex -1085 1064.76 2183.5
    endloop
  endfacet
  facet normal -0.128789 0 -0.991672
    outer loop
      vertex -1089.27 -1065.03 2184.06
      vertex -1088.5 1064.98 2183.96
      vertex -1088.5 -1064.98 2183.96
    endloop
  endfacet
  facet normal -0.128789 0 -0.991672
    outer loop
      vertex -1088.5 1064.98 2183.96
      vertex -1089.27 -1065.03 2184.06
      vertex -1089.27 1065.03 2184.06
    endloop
  endfacet
  facet normal -0.384334 0 -0.923194
    outer loop
      vertex -1091.6 -1064.69 2185.03
      vertex -1089.27 1065.03 2184.06
      vertex -1089.27 -1065.03 2184.06
    endloop
  endfacet
  facet normal -0.384334 0 -0.923194
    outer loop
      vertex -1091.6 -1064.69 2185.03
      vertex -1091.6 1064.69 2185.03
      vertex -1089.27 1065.03 2184.06
    endloop
  endfacet
  facet normal -0.381032 0 -0.924562
    outer loop
      vertex -1093.25 -1064.98 2185.71
      vertex -1091.6 1064.69 2185.03
      vertex -1091.6 -1064.69 2185.03
    endloop
  endfacet
  facet normal -0.381032 0 -0.924562
    outer loop
      vertex -1091.6 1064.69 2185.03
      vertex -1093.25 -1064.98 2185.71
      vertex -1093.25 1064.98 2185.71
    endloop
  endfacet
  facet normal -0.923268 0 0.384157
    outer loop
      vertex -1100.94 -1064.58 2204.27
      vertex -1099.75 1064.69 2207.13
      vertex -1100.94 1064.58 2204.27
    endloop
  endfacet
  facet normal -0.923268 0 0.384157
    outer loop
      vertex -1099.75 -1064.69 2207.13
      vertex -1099.75 1064.69 2207.13
      vertex -1100.94 -1064.58 2204.27
    endloop
  endfacet
  facet normal -0.92502 0 0.379919
    outer loop
      vertex -1099.75 1064.69 2207.13
      vertex -1099.75 -1064.69 2207.13
      vertex -1099.29 1064.86 2208.25
    endloop
  endfacet
  facet normal -0.92502 0 0.379919
    outer loop
      vertex -1099.29 1064.86 2208.25
      vertex -1099.75 -1064.69 2207.13
      vertex -1099.29 -1064.86 2208.25
    endloop
  endfacet
  facet normal -0.608432 0 0.793606
    outer loop
      vertex -1096.25 1064.66 2211.99
      vertex -1093.25 -1064.98 2214.29
      vertex -1093.25 1064.98 2214.29
    endloop
  endfacet
  facet normal -0.608432 0 0.793606
    outer loop
      vertex -1096.25 1064.66 2211.99
      vertex -1096.25 -1064.66 2211.99
      vertex -1093.25 -1064.98 2214.29
    endloop
  endfacet
  facet normal -0.606043 0 0.795432
    outer loop
      vertex -1096.67 1064.76 2211.67
      vertex -1096.25 -1064.66 2211.99
      vertex -1096.25 1064.66 2211.99
    endloop
  endfacet
  facet normal -0.606043 0 0.795432
    outer loop
      vertex -1096.25 -1064.66 2211.99
      vertex -1096.67 1064.76 2211.67
      vertex -1096.67 -1064.76 2211.67
    endloop
  endfacet
  facet normal -0.608432 0 -0.793606
    outer loop
      vertex -1096.25 -1064.66 2188.01
      vertex -1093.25 1064.98 2185.71
      vertex -1093.25 -1064.98 2185.71
    endloop
  endfacet
  facet normal -0.608432 0 -0.793606
    outer loop
      vertex -1096.25 -1064.66 2188.01
      vertex -1096.25 1064.66 2188.01
      vertex -1093.25 1064.98 2185.71
    endloop
  endfacet
  facet normal -0.606043 0 -0.795432
    outer loop
      vertex -1096.67 -1064.76 2188.33
      vertex -1096.25 1064.66 2188.01
      vertex -1096.25 -1064.66 2188.01
    endloop
  endfacet
  facet normal -0.606043 0 -0.795432
    outer loop
      vertex -1096.25 1064.66 2188.01
      vertex -1096.67 -1064.76 2188.33
      vertex -1096.67 1064.76 2188.33
    endloop
  endfacet
  facet normal -0.989949 0 -0.141421
    outer loop
      vertex -1100.94 1064.58 2195.73
      vertex -1100.96 -1064.53 2195.87
      vertex -1100.96 1064.53 2195.87
    endloop
  endfacet
  facet normal -0.989949 0 -0.141421
    outer loop
      vertex -1100.96 -1064.53 2195.87
      vertex -1100.94 1064.58 2195.73
      vertex -1100.94 -1064.58 2195.73
    endloop
  endfacet
  facet normal -0.99156 0 -0.129647
    outer loop
      vertex -1100.96 -1064.53 2195.87
      vertex -1101.5 1065.08 2200
      vertex -1100.96 1064.53 2195.87
    endloop
  endfacet
  facet normal -0.99156 -0 -0.129647
    outer loop
      vertex -1101.5 1065.08 2200
      vertex -1100.96 -1064.53 2195.87
      vertex -1101.5 -1065.08 2200
    endloop
  endfacet
  facet normal -0.923268 0 -0.384157
    outer loop
      vertex -1099.75 1064.69 2192.87
      vertex -1100.94 -1064.58 2195.73
      vertex -1100.94 1064.58 2195.73
    endloop
  endfacet
  facet normal -0.92502 0 -0.379919
    outer loop
      vertex -1099.75 -1064.69 2192.87
      vertex -1099.75 1064.69 2192.87
      vertex -1099.29 1064.86 2191.75
    endloop
  endfacet
  facet normal -0.923268 -0 -0.384157
    outer loop
      vertex -1099.75 1064.69 2192.87
      vertex -1099.75 -1064.69 2192.87
      vertex -1100.94 -1064.58 2195.73
    endloop
  endfacet
  facet normal -0.92502 0 -0.379919
    outer loop
      vertex -1099.75 -1064.69 2192.87
      vertex -1099.29 1064.86 2191.75
      vertex -1099.29 -1064.86 2191.75
    endloop
  endfacet
  facet normal -0.384334 0 0.923194
    outer loop
      vertex -1091.6 1064.69 2214.97
      vertex -1089.27 -1065.03 2215.94
      vertex -1089.27 1065.03 2215.94
    endloop
  endfacet
  facet normal -0.384334 0 0.923194
    outer loop
      vertex -1091.6 1064.69 2214.97
      vertex -1091.6 -1064.69 2214.97
      vertex -1089.27 -1065.03 2215.94
    endloop
  endfacet
  facet normal -0.381032 0 0.924562
    outer loop
      vertex -1093.25 1064.98 2214.29
      vertex -1091.6 -1064.69 2214.97
      vertex -1091.6 1064.69 2214.97
    endloop
  endfacet
  facet normal -0.381032 0 0.924562
    outer loop
      vertex -1091.6 -1064.69 2214.97
      vertex -1093.25 1064.98 2214.29
      vertex -1093.25 -1064.98 2214.29
    endloop
  endfacet
  facet normal 0.99156 0 -0.129647
    outer loop
      vertex -1068.5 1065.08 2200
      vertex -1069.04 -1064.53 2195.87
      vertex -1069.04 1064.53 2195.87
    endloop
  endfacet
  facet normal 0.99156 0 -0.129647
    outer loop
      vertex -1069.04 -1064.53 2195.87
      vertex -1068.5 1065.08 2200
      vertex -1068.5 -1065.08 2200
    endloop
  endfacet
  facet normal 0.989949 0 -0.141421
    outer loop
      vertex -1069.04 -1064.53 2195.87
      vertex -1069.06 1064.58 2195.73
      vertex -1069.04 1064.53 2195.87
    endloop
  endfacet
  facet normal 0.989949 0 -0.141421
    outer loop
      vertex -1069.06 1064.58 2195.73
      vertex -1069.04 -1064.53 2195.87
      vertex -1069.06 -1064.58 2195.73
    endloop
  endfacet
  facet normal -0.99156 0 0.129647
    outer loop
      vertex -1101.5 1065.08 2200
      vertex -1100.96 -1064.53 2204.13
      vertex -1100.96 1064.53 2204.13
    endloop
  endfacet
  facet normal -0.99156 0 0.129647
    outer loop
      vertex -1100.96 -1064.53 2204.13
      vertex -1101.5 1065.08 2200
      vertex -1101.5 -1065.08 2200
    endloop
  endfacet
  facet normal -0.989949 0 0.141421
    outer loop
      vertex -1100.96 -1064.53 2204.13
      vertex -1100.94 1064.58 2204.27
      vertex -1100.96 1064.53 2204.13
    endloop
  endfacet
  facet normal -0.989949 0 0.141421
    outer loop
      vertex -1100.94 1064.58 2204.27
      vertex -1100.96 -1064.53 2204.13
      vertex -1100.94 -1064.58 2204.27
    endloop
  endfacet
  facet normal -0.794006 0 0.607911
    outer loop
      vertex -1097.65 1064.79 2210.39
      vertex -1096.67 -1064.76 2211.67
      vertex -1096.67 1064.76 2211.67
    endloop
  endfacet
  facet normal -0.793726 3.48343e-07 0.608276
    outer loop
      vertex -1099.29 1064.86 2208.25
      vertex -1096.67 -1064.76 2211.67
      vertex -1097.65 1064.79 2210.39
    endloop
  endfacet
  facet normal -0.794006 -5.82539e-07 0.607911
    outer loop
      vertex -1099.29 1064.86 2208.25
      vertex -1097.65 -1064.79 2210.39
      vertex -1096.67 -1064.76 2211.67
    endloop
  endfacet
  facet normal -0.793726 0 0.608276
    outer loop
      vertex -1097.65 -1064.79 2210.39
      vertex -1099.29 1064.86 2208.25
      vertex -1099.29 -1064.86 2208.25
    endloop
  endfacet
  facet normal 0.923268 0 0.384157
    outer loop
      vertex -1070.25 1064.69 2207.13
      vertex -1069.06 -1064.58 2204.27
      vertex -1069.06 1064.58 2204.27
    endloop
  endfacet
  facet normal 0.92502 -0 0.379919
    outer loop
      vertex -1070.25 -1064.69 2207.13
      vertex -1070.25 1064.69 2207.13
      vertex -1070.71 1064.86 2208.25
    endloop
  endfacet
  facet normal 0.923268 0 0.384157
    outer loop
      vertex -1070.25 1064.69 2207.13
      vertex -1070.25 -1064.69 2207.13
      vertex -1069.06 -1064.58 2204.27
    endloop
  endfacet
  facet normal 0.92502 0 0.379919
    outer loop
      vertex -1070.25 -1064.69 2207.13
      vertex -1070.71 1064.86 2208.25
      vertex -1070.71 -1064.86 2208.25
    endloop
  endfacet
  facet normal 0.923268 0 -0.384157
    outer loop
      vertex -1069.06 -1064.58 2195.73
      vertex -1070.25 1064.69 2192.87
      vertex -1069.06 1064.58 2195.73
    endloop
  endfacet
  facet normal 0.923268 0 -0.384157
    outer loop
      vertex -1070.25 -1064.69 2192.87
      vertex -1070.25 1064.69 2192.87
      vertex -1069.06 -1064.58 2195.73
    endloop
  endfacet
  facet normal 0.92502 0 -0.379919
    outer loop
      vertex -1070.25 1064.69 2192.87
      vertex -1070.25 -1064.69 2192.87
      vertex -1070.71 1064.86 2191.75
    endloop
  endfacet
  facet normal 0.92502 0 -0.379919
    outer loop
      vertex -1070.71 1064.86 2191.75
      vertex -1070.25 -1064.69 2192.87
      vertex -1070.71 -1064.86 2191.75
    endloop
  endfacet
  facet normal 0.128789 0 0.991672
    outer loop
      vertex -1081.5 1064.98 2216.04
      vertex -1080.73 -1065.03 2215.94
      vertex -1080.73 1065.03 2215.94
    endloop
  endfacet
  facet normal 0.128789 0 0.991672
    outer loop
      vertex -1081.5 1064.98 2216.04
      vertex -1081.5 -1064.98 2216.04
      vertex -1080.73 -1065.03 2215.94
    endloop
  endfacet
  facet normal 0.130308 0 0.991474
    outer loop
      vertex -1085 1064.76 2216.5
      vertex -1081.5 -1064.98 2216.04
      vertex -1081.5 1064.98 2216.04
    endloop
  endfacet
  facet normal 0.130308 0 0.991474
    outer loop
      vertex -1081.5 -1064.98 2216.04
      vertex -1085 1064.76 2216.5
      vertex -1085 -1064.76 2216.5
    endloop
  endfacet
  facet normal 0.989949 0 0.141421
    outer loop
      vertex -1069.06 1064.58 2204.27
      vertex -1069.04 -1064.53 2204.13
      vertex -1069.04 1064.53 2204.13
    endloop
  endfacet
  facet normal 0.989949 0 0.141421
    outer loop
      vertex -1069.04 -1064.53 2204.13
      vertex -1069.06 1064.58 2204.27
      vertex -1069.06 -1064.58 2204.27
    endloop
  endfacet
  facet normal 0.99156 -0 0.129647
    outer loop
      vertex -1069.04 -1064.53 2204.13
      vertex -1068.5 1065.08 2200
      vertex -1069.04 1064.53 2204.13
    endloop
  endfacet
  facet normal 0.99156 0 0.129647
    outer loop
      vertex -1068.5 1065.08 2200
      vertex -1069.04 -1064.53 2204.13
      vertex -1068.5 -1065.08 2200
    endloop
  endfacet
  facet normal -0.130308 0 0.991474
    outer loop
      vertex -1088.5 1064.98 2216.04
      vertex -1085 -1064.76 2216.5
      vertex -1085 1064.76 2216.5
    endloop
  endfacet
  facet normal -0.130308 0 0.991474
    outer loop
      vertex -1088.5 1064.98 2216.04
      vertex -1088.5 -1064.98 2216.04
      vertex -1085 -1064.76 2216.5
    endloop
  endfacet
  facet normal -0.128789 0 0.991672
    outer loop
      vertex -1089.27 1065.03 2215.94
      vertex -1088.5 -1064.98 2216.04
      vertex -1088.5 1064.98 2216.04
    endloop
  endfacet
  facet normal -0.128789 0 0.991672
    outer loop
      vertex -1088.5 -1064.98 2216.04
      vertex -1089.27 1065.03 2215.94
      vertex -1089.27 -1065.03 2215.94
    endloop
  endfacet
  facet normal -0.794006 0 -0.607911
    outer loop
      vertex -1096.67 -1064.76 2188.33
      vertex -1097.65 1064.79 2189.61
      vertex -1096.67 1064.76 2188.33
    endloop
  endfacet
  facet normal -0.793726 3.48343e-07 -0.608276
    outer loop
      vertex -1096.67 -1064.76 2188.33
      vertex -1099.29 1064.86 2191.75
      vertex -1097.65 1064.79 2189.61
    endloop
  endfacet
  facet normal -0.794006 -5.82539e-07 -0.607911
    outer loop
      vertex -1097.65 -1064.79 2189.61
      vertex -1099.29 1064.86 2191.75
      vertex -1096.67 -1064.76 2188.33
    endloop
  endfacet
  facet normal -0.793726 -0 -0.608276
    outer loop
      vertex -1099.29 1064.86 2191.75
      vertex -1097.65 -1064.79 2189.61
      vertex -1099.29 -1064.86 2191.75
    endloop
  endfacet
  facet normal 0.606043 0 -0.795432
    outer loop
      vertex -1073.75 -1064.66 2188.01
      vertex -1073.33 1064.76 2188.33
      vertex -1073.33 -1064.76 2188.33
    endloop
  endfacet
  facet normal 0.606043 0 -0.795432
    outer loop
      vertex -1073.75 -1064.66 2188.01
      vertex -1073.75 1064.66 2188.01
      vertex -1073.33 1064.76 2188.33
    endloop
  endfacet
  facet normal 0.608432 0 -0.793606
    outer loop
      vertex -1076.75 -1064.98 2185.71
      vertex -1073.75 1064.66 2188.01
      vertex -1073.75 -1064.66 2188.01
    endloop
  endfacet
  facet normal 0.608432 0 -0.793606
    outer loop
      vertex -1073.75 1064.66 2188.01
      vertex -1076.75 -1064.98 2185.71
      vertex -1076.75 1064.98 2185.71
    endloop
  endfacet
  facet normal 0.381032 0 -0.924562
    outer loop
      vertex -1078.4 -1064.69 2185.03
      vertex -1076.75 1064.98 2185.71
      vertex -1076.75 -1064.98 2185.71
    endloop
  endfacet
  facet normal 0.381032 0 -0.924562
    outer loop
      vertex -1078.4 -1064.69 2185.03
      vertex -1078.4 1064.69 2185.03
      vertex -1076.75 1064.98 2185.71
    endloop
  endfacet
  facet normal 0.384334 0 -0.923194
    outer loop
      vertex -1080.73 -1065.03 2184.06
      vertex -1078.4 1064.69 2185.03
      vertex -1078.4 -1064.69 2185.03
    endloop
  endfacet
  facet normal 0.384334 0 -0.923194
    outer loop
      vertex -1078.4 1064.69 2185.03
      vertex -1080.73 -1065.03 2184.06
      vertex -1080.73 1065.03 2184.06
    endloop
  endfacet
  facet normal 0.381032 0 0.924562
    outer loop
      vertex -1078.4 1064.69 2214.97
      vertex -1076.75 -1064.98 2214.29
      vertex -1076.75 1064.98 2214.29
    endloop
  endfacet
  facet normal 0.381032 0 0.924562
    outer loop
      vertex -1078.4 1064.69 2214.97
      vertex -1078.4 -1064.69 2214.97
      vertex -1076.75 -1064.98 2214.29
    endloop
  endfacet
  facet normal 0.384334 0 0.923194
    outer loop
      vertex -1080.73 1065.03 2215.94
      vertex -1078.4 -1064.69 2214.97
      vertex -1078.4 1064.69 2214.97
    endloop
  endfacet
  facet normal 0.384334 0 0.923194
    outer loop
      vertex -1078.4 -1064.69 2214.97
      vertex -1080.73 1065.03 2215.94
      vertex -1080.73 -1065.03 2215.94
    endloop
  endfacet
  facet normal 0.794006 0 -0.607911
    outer loop
      vertex -1072.35 1064.79 2189.61
      vertex -1073.33 -1064.76 2188.33
      vertex -1073.33 1064.76 2188.33
    endloop
  endfacet
  facet normal 0.793726 3.48343e-07 -0.608276
    outer loop
      vertex -1070.71 1064.86 2191.75
      vertex -1073.33 -1064.76 2188.33
      vertex -1072.35 1064.79 2189.61
    endloop
  endfacet
  facet normal 0.794006 -5.82539e-07 -0.607911
    outer loop
      vertex -1070.71 1064.86 2191.75
      vertex -1072.35 -1064.79 2189.61
      vertex -1073.33 -1064.76 2188.33
    endloop
  endfacet
  facet normal 0.793726 0 -0.608276
    outer loop
      vertex -1072.35 -1064.79 2189.61
      vertex -1070.71 1064.86 2191.75
      vertex -1070.71 -1064.86 2191.75
    endloop
  endfacet
  facet normal 0.606043 0 0.795432
    outer loop
      vertex -1073.75 1064.66 2211.99
      vertex -1073.33 -1064.76 2211.67
      vertex -1073.33 1064.76 2211.67
    endloop
  endfacet
  facet normal 0.606043 0 0.795432
    outer loop
      vertex -1073.75 1064.66 2211.99
      vertex -1073.75 -1064.66 2211.99
      vertex -1073.33 -1064.76 2211.67
    endloop
  endfacet
  facet normal 0.608432 0 0.793606
    outer loop
      vertex -1076.75 1064.98 2214.29
      vertex -1073.75 -1064.66 2211.99
      vertex -1073.75 1064.66 2211.99
    endloop
  endfacet
  facet normal 0.608432 0 0.793606
    outer loop
      vertex -1073.75 -1064.66 2211.99
      vertex -1076.75 1064.98 2214.29
      vertex -1076.75 -1064.98 2214.29
    endloop
  endfacet
  facet normal 0.59397 -0.141421 0.79196
    outer loop
      vertex 1064.76 -1085 2183.5
      vertex 1065.03 -1080.73 2184.06
      vertex 1064.98 -1081.5 2183.96
    endloop
  endfacet
  facet normal 0 0.130034 -0.99151
    outer loop
      vertex -1064.76 -1085 2183.5
      vertex 1065.03 -1080.73 2184.06
      vertex 1064.76 -1085 2183.5
    endloop
  endfacet
  facet normal -5.58561e-07 0.130308 -0.991474
    outer loop
      vertex -1064.98 -1081.5 2183.96
      vertex 1065.03 -1080.73 2184.06
      vertex -1064.76 -1085 2183.5
    endloop
  endfacet
  facet normal 0 0.128789 -0.991672
    outer loop
      vertex 1065.03 -1080.73 2184.06
      vertex -1064.98 -1081.5 2183.96
      vertex -1065.03 -1080.73 2184.06
    endloop
  endfacet
  facet normal 0 -0.606043 -0.795432
    outer loop
      vertex 1064.76 -1096.67 2188.33
      vertex -1064.66 -1096.25 2188.01
      vertex 1064.66 -1096.25 2188.01
    endloop
  endfacet
  facet normal 0 -0.606043 -0.795432
    outer loop
      vertex -1064.66 -1096.25 2188.01
      vertex 1064.76 -1096.67 2188.33
      vertex -1064.76 -1096.67 2188.33
    endloop
  endfacet
  facet normal 0 -0.608432 -0.793606
    outer loop
      vertex -1064.66 -1096.25 2188.01
      vertex 1064.98 -1093.25 2185.71
      vertex 1064.66 -1096.25 2188.01
    endloop
  endfacet
  facet normal -0 -0.608432 -0.793606
    outer loop
      vertex 1064.98 -1093.25 2185.71
      vertex -1064.66 -1096.25 2188.01
      vertex -1064.98 -1093.25 2185.71
    endloop
  endfacet
  facet normal 0 0.794006 0.607911
    outer loop
      vertex 1064.79 -1072.35 2210.39
      vertex -1064.76 -1073.33 2211.67
      vertex 1064.76 -1073.33 2211.67
    endloop
  endfacet
  facet normal 0 0.794006 0.607911
    outer loop
      vertex 1064.79 -1072.35 2210.39
      vertex -1064.79 -1072.35 2210.39
      vertex -1064.76 -1073.33 2211.67
    endloop
  endfacet
  facet normal 0 0.793726 0.608276
    outer loop
      vertex 1064.86 -1070.71 2208.25
      vertex -1064.79 -1072.35 2210.39
      vertex 1064.79 -1072.35 2210.39
    endloop
  endfacet
  facet normal 0 0.793726 0.608276
    outer loop
      vertex -1064.79 -1072.35 2210.39
      vertex 1064.86 -1070.71 2208.25
      vertex -1064.86 -1070.71 2208.25
    endloop
  endfacet
  facet normal 0.59397 0.141421 0.79196
    outer loop
      vertex 1065.03 -1089.27 2184.06
      vertex 1064.76 -1085 2183.5
      vertex 1064.98 -1088.5 2183.96
    endloop
  endfacet
  facet normal 0 -0.130034 -0.99151
    outer loop
      vertex 1065.03 -1089.27 2184.06
      vertex -1064.76 -1085 2183.5
      vertex 1064.76 -1085 2183.5
    endloop
  endfacet
  facet normal -5.58561e-07 -0.130308 -0.991474
    outer loop
      vertex 1065.03 -1089.27 2184.06
      vertex -1064.98 -1088.5 2183.96
      vertex -1064.76 -1085 2183.5
    endloop
  endfacet
  facet normal 0 -0.128789 -0.991672
    outer loop
      vertex -1064.98 -1088.5 2183.96
      vertex 1065.03 -1089.27 2184.06
      vertex -1065.03 -1089.27 2184.06
    endloop
  endfacet
  facet normal 0 -0.381032 -0.924562
    outer loop
      vertex 1064.98 -1093.25 2185.71
      vertex -1064.69 -1091.6 2185.03
      vertex 1064.69 -1091.6 2185.03
    endloop
  endfacet
  facet normal 0 -0.381032 -0.924562
    outer loop
      vertex -1064.69 -1091.6 2185.03
      vertex 1064.98 -1093.25 2185.71
      vertex -1064.98 -1093.25 2185.71
    endloop
  endfacet
  facet normal 0 -0.384334 -0.923194
    outer loop
      vertex -1064.69 -1091.6 2185.03
      vertex 1065.03 -1089.27 2184.06
      vertex 1064.69 -1091.6 2185.03
    endloop
  endfacet
  facet normal -0 -0.384334 -0.923194
    outer loop
      vertex 1065.03 -1089.27 2184.06
      vertex -1064.69 -1091.6 2185.03
      vertex -1065.03 -1089.27 2184.06
    endloop
  endfacet
  facet normal 0 0.92502 0.379919
    outer loop
      vertex 1064.69 -1070.25 2207.13
      vertex -1064.86 -1070.71 2208.25
      vertex 1064.86 -1070.71 2208.25
    endloop
  endfacet
  facet normal 0 0.92502 0.379919
    outer loop
      vertex 1064.69 -1070.25 2207.13
      vertex -1064.69 -1070.25 2207.13
      vertex -1064.86 -1070.71 2208.25
    endloop
  endfacet
  facet normal 0 0.923268 0.384157
    outer loop
      vertex 1064.58 -1069.06 2204.27
      vertex -1064.69 -1070.25 2207.13
      vertex 1064.69 -1070.25 2207.13
    endloop
  endfacet
  facet normal 0 0.923268 0.384157
    outer loop
      vertex -1064.69 -1070.25 2207.13
      vertex 1064.58 -1069.06 2204.27
      vertex -1064.58 -1069.06 2204.27
    endloop
  endfacet
  facet normal 0 -0.92502 0.379919
    outer loop
      vertex -1064.69 -1099.75 2207.13
      vertex 1064.86 -1099.29 2208.25
      vertex -1064.86 -1099.29 2208.25
    endloop
  endfacet
  facet normal 0 -0.92502 0.379919
    outer loop
      vertex -1064.69 -1099.75 2207.13
      vertex 1064.69 -1099.75 2207.13
      vertex 1064.86 -1099.29 2208.25
    endloop
  endfacet
  facet normal 0 -0.923268 0.384157
    outer loop
      vertex -1064.58 -1100.94 2204.27
      vertex 1064.69 -1099.75 2207.13
      vertex -1064.69 -1099.75 2207.13
    endloop
  endfacet
  facet normal 0 -0.923268 0.384157
    outer loop
      vertex 1064.69 -1099.75 2207.13
      vertex -1064.58 -1100.94 2204.27
      vertex 1064.58 -1100.94 2204.27
    endloop
  endfacet
  facet normal 0 -0.608432 0.793606
    outer loop
      vertex 1064.98 -1093.25 2214.29
      vertex -1064.66 -1096.25 2211.99
      vertex 1064.66 -1096.25 2211.99
    endloop
  endfacet
  facet normal 0 -0.608432 0.793606
    outer loop
      vertex -1064.66 -1096.25 2211.99
      vertex 1064.98 -1093.25 2214.29
      vertex -1064.98 -1093.25 2214.29
    endloop
  endfacet
  facet normal 0 -0.606043 0.795432
    outer loop
      vertex -1064.66 -1096.25 2211.99
      vertex 1064.76 -1096.67 2211.67
      vertex 1064.66 -1096.25 2211.99
    endloop
  endfacet
  facet normal 0 -0.606043 0.795432
    outer loop
      vertex 1064.76 -1096.67 2211.67
      vertex -1064.66 -1096.25 2211.99
      vertex -1064.76 -1096.67 2211.67
    endloop
  endfacet
  facet normal 0 -0.99156 -0.129647
    outer loop
      vertex -1064.53 -1100.96 2195.87
      vertex 1065.08 -1101.5 2200
      vertex -1065.08 -1101.5 2200
    endloop
  endfacet
  facet normal 0 -0.99156 -0.129647
    outer loop
      vertex -1064.53 -1100.96 2195.87
      vertex 1064.53 -1100.96 2195.87
      vertex 1065.08 -1101.5 2200
    endloop
  endfacet
  facet normal 0 -0.989949 -0.141421
    outer loop
      vertex -1064.58 -1100.94 2195.73
      vertex 1064.53 -1100.96 2195.87
      vertex -1064.53 -1100.96 2195.87
    endloop
  endfacet
  facet normal 0 -0.989949 -0.141421
    outer loop
      vertex 1064.53 -1100.96 2195.87
      vertex -1064.58 -1100.94 2195.73
      vertex 1064.58 -1100.94 2195.73
    endloop
  endfacet
  facet normal 0 -0.923268 -0.384157
    outer loop
      vertex -1064.69 -1099.75 2192.87
      vertex 1064.58 -1100.94 2195.73
      vertex -1064.58 -1100.94 2195.73
    endloop
  endfacet
  facet normal 0 -0.923268 -0.384157
    outer loop
      vertex -1064.69 -1099.75 2192.87
      vertex 1064.69 -1099.75 2192.87
      vertex 1064.58 -1100.94 2195.73
    endloop
  endfacet
  facet normal 0 -0.92502 -0.379919
    outer loop
      vertex -1064.86 -1099.29 2191.75
      vertex 1064.69 -1099.75 2192.87
      vertex -1064.69 -1099.75 2192.87
    endloop
  endfacet
  facet normal 0 -0.92502 -0.379919
    outer loop
      vertex 1064.69 -1099.75 2192.87
      vertex -1064.86 -1099.29 2191.75
      vertex 1064.86 -1099.29 2191.75
    endloop
  endfacet
  facet normal 0 -0.384334 0.923194
    outer loop
      vertex 1065.03 -1089.27 2215.94
      vertex -1064.69 -1091.6 2214.97
      vertex 1064.69 -1091.6 2214.97
    endloop
  endfacet
  facet normal 0 -0.384334 0.923194
    outer loop
      vertex -1064.69 -1091.6 2214.97
      vertex 1065.03 -1089.27 2215.94
      vertex -1065.03 -1089.27 2215.94
    endloop
  endfacet
  facet normal 0 -0.381032 0.924562
    outer loop
      vertex -1064.69 -1091.6 2214.97
      vertex 1064.98 -1093.25 2214.29
      vertex 1064.69 -1091.6 2214.97
    endloop
  endfacet
  facet normal 0 -0.381032 0.924562
    outer loop
      vertex 1064.98 -1093.25 2214.29
      vertex -1064.69 -1091.6 2214.97
      vertex -1064.98 -1093.25 2214.29
    endloop
  endfacet
  facet normal 0 0.99156 -0.129647
    outer loop
      vertex 1064.53 -1069.04 2195.87
      vertex -1065.08 -1068.5 2200
      vertex 1065.08 -1068.5 2200
    endloop
  endfacet
  facet normal 0 0.99156 -0.129647
    outer loop
      vertex 1064.53 -1069.04 2195.87
      vertex -1064.53 -1069.04 2195.87
      vertex -1065.08 -1068.5 2200
    endloop
  endfacet
  facet normal 0 0.989949 -0.141421
    outer loop
      vertex 1064.58 -1069.06 2195.73
      vertex -1064.53 -1069.04 2195.87
      vertex 1064.53 -1069.04 2195.87
    endloop
  endfacet
  facet normal 0 0.989949 -0.141421
    outer loop
      vertex -1064.53 -1069.04 2195.87
      vertex 1064.58 -1069.06 2195.73
      vertex -1064.58 -1069.06 2195.73
    endloop
  endfacet
  facet normal 0 0.384334 -0.923194
    outer loop
      vertex 1065.03 -1080.73 2184.06
      vertex -1064.69 -1078.4 2185.03
      vertex 1064.69 -1078.4 2185.03
    endloop
  endfacet
  facet normal 0 0.384334 -0.923194
    outer loop
      vertex -1064.69 -1078.4 2185.03
      vertex 1065.03 -1080.73 2184.06
      vertex -1065.03 -1080.73 2184.06
    endloop
  endfacet
  facet normal 0 0.381032 -0.924562
    outer loop
      vertex -1064.69 -1078.4 2185.03
      vertex 1064.98 -1076.75 2185.71
      vertex 1064.69 -1078.4 2185.03
    endloop
  endfacet
  facet normal 0 0.381032 -0.924562
    outer loop
      vertex 1064.98 -1076.75 2185.71
      vertex -1064.69 -1078.4 2185.03
      vertex -1064.98 -1076.75 2185.71
    endloop
  endfacet
  facet normal 0 0.923268 -0.384157
    outer loop
      vertex 1064.69 -1070.25 2192.87
      vertex -1064.58 -1069.06 2195.73
      vertex 1064.58 -1069.06 2195.73
    endloop
  endfacet
  facet normal 0 0.923268 -0.384157
    outer loop
      vertex 1064.69 -1070.25 2192.87
      vertex -1064.69 -1070.25 2192.87
      vertex -1064.58 -1069.06 2195.73
    endloop
  endfacet
  facet normal 0 0.92502 -0.379919
    outer loop
      vertex 1064.86 -1070.71 2191.75
      vertex -1064.69 -1070.25 2192.87
      vertex 1064.69 -1070.25 2192.87
    endloop
  endfacet
  facet normal 0 0.92502 -0.379919
    outer loop
      vertex -1064.69 -1070.25 2192.87
      vertex 1064.86 -1070.71 2191.75
      vertex -1064.86 -1070.71 2191.75
    endloop
  endfacet
  facet normal 0 0.793726 -0.608276
    outer loop
      vertex 1064.79 -1072.35 2189.61
      vertex -1064.86 -1070.71 2191.75
      vertex 1064.86 -1070.71 2191.75
    endloop
  endfacet
  facet normal 0 0.793726 -0.608276
    outer loop
      vertex 1064.79 -1072.35 2189.61
      vertex -1064.79 -1072.35 2189.61
      vertex -1064.86 -1070.71 2191.75
    endloop
  endfacet
  facet normal 0 0.794006 -0.607911
    outer loop
      vertex 1064.76 -1073.33 2188.33
      vertex -1064.79 -1072.35 2189.61
      vertex 1064.79 -1072.35 2189.61
    endloop
  endfacet
  facet normal 0 0.794006 -0.607911
    outer loop
      vertex -1064.79 -1072.35 2189.61
      vertex 1064.76 -1073.33 2188.33
      vertex -1064.76 -1073.33 2188.33
    endloop
  endfacet
  facet normal 0.59397 -0.141421 -0.79196
    outer loop
      vertex 1065.03 -1080.73 2215.94
      vertex 1064.76 -1085 2216.5
      vertex 1064.98 -1081.5 2216.04
    endloop
  endfacet
  facet normal 0 0.130034 0.99151
    outer loop
      vertex 1065.03 -1080.73 2215.94
      vertex -1064.76 -1085 2216.5
      vertex 1064.76 -1085 2216.5
    endloop
  endfacet
  facet normal -5.58561e-07 0.130308 0.991474
    outer loop
      vertex 1065.03 -1080.73 2215.94
      vertex -1064.98 -1081.5 2216.04
      vertex -1064.76 -1085 2216.5
    endloop
  endfacet
  facet normal 0 0.128789 0.991672
    outer loop
      vertex -1064.98 -1081.5 2216.04
      vertex 1065.03 -1080.73 2215.94
      vertex -1065.03 -1080.73 2215.94
    endloop
  endfacet
  facet normal 0 -0.794006 0.607911
    outer loop
      vertex -1064.79 -1097.65 2210.39
      vertex 1064.76 -1096.67 2211.67
      vertex -1064.76 -1096.67 2211.67
    endloop
  endfacet
  facet normal 0 -0.794006 0.607911
    outer loop
      vertex -1064.79 -1097.65 2210.39
      vertex 1064.79 -1097.65 2210.39
      vertex 1064.76 -1096.67 2211.67
    endloop
  endfacet
  facet normal 0 -0.793726 0.608276
    outer loop
      vertex -1064.86 -1099.29 2208.25
      vertex 1064.79 -1097.65 2210.39
      vertex -1064.79 -1097.65 2210.39
    endloop
  endfacet
  facet normal 0 -0.793726 0.608276
    outer loop
      vertex 1064.79 -1097.65 2210.39
      vertex -1064.86 -1099.29 2208.25
      vertex 1064.86 -1099.29 2208.25
    endloop
  endfacet
  facet normal 0 0.989949 0.141421
    outer loop
      vertex 1064.53 -1069.04 2204.13
      vertex -1064.58 -1069.06 2204.27
      vertex 1064.58 -1069.06 2204.27
    endloop
  endfacet
  facet normal 0 0.989949 0.141421
    outer loop
      vertex 1064.53 -1069.04 2204.13
      vertex -1064.53 -1069.04 2204.13
      vertex -1064.58 -1069.06 2204.27
    endloop
  endfacet
  facet normal 0 0.99156 0.129647
    outer loop
      vertex 1065.08 -1068.5 2200
      vertex -1064.53 -1069.04 2204.13
      vertex 1064.53 -1069.04 2204.13
    endloop
  endfacet
  facet normal 0 0.99156 0.129647
    outer loop
      vertex -1064.53 -1069.04 2204.13
      vertex 1065.08 -1068.5 2200
      vertex -1065.08 -1068.5 2200
    endloop
  endfacet
  facet normal 0.59397 0.141421 -0.79196
    outer loop
      vertex 1064.76 -1085 2216.5
      vertex 1065.03 -1089.27 2215.94
      vertex 1064.98 -1088.5 2216.04
    endloop
  endfacet
  facet normal 0 -0.130034 0.99151
    outer loop
      vertex -1064.76 -1085 2216.5
      vertex 1065.03 -1089.27 2215.94
      vertex 1064.76 -1085 2216.5
    endloop
  endfacet
  facet normal -5.58561e-07 -0.130308 0.991474
    outer loop
      vertex -1064.98 -1088.5 2216.04
      vertex 1065.03 -1089.27 2215.94
      vertex -1064.76 -1085 2216.5
    endloop
  endfacet
  facet normal 0 -0.128789 0.991672
    outer loop
      vertex 1065.03 -1089.27 2215.94
      vertex -1064.98 -1088.5 2216.04
      vertex -1065.03 -1089.27 2215.94
    endloop
  endfacet
  facet normal 0 -0.793726 -0.608276
    outer loop
      vertex -1064.79 -1097.65 2189.61
      vertex 1064.86 -1099.29 2191.75
      vertex -1064.86 -1099.29 2191.75
    endloop
  endfacet
  facet normal 0 -0.793726 -0.608276
    outer loop
      vertex -1064.79 -1097.65 2189.61
      vertex 1064.79 -1097.65 2189.61
      vertex 1064.86 -1099.29 2191.75
    endloop
  endfacet
  facet normal 0 -0.794006 -0.607911
    outer loop
      vertex -1064.76 -1096.67 2188.33
      vertex 1064.79 -1097.65 2189.61
      vertex -1064.79 -1097.65 2189.61
    endloop
  endfacet
  facet normal 0 -0.794006 -0.607911
    outer loop
      vertex 1064.79 -1097.65 2189.61
      vertex -1064.76 -1096.67 2188.33
      vertex 1064.76 -1096.67 2188.33
    endloop
  endfacet
  facet normal 0 0.608432 -0.793606
    outer loop
      vertex 1064.98 -1076.75 2185.71
      vertex -1064.66 -1073.75 2188.01
      vertex 1064.66 -1073.75 2188.01
    endloop
  endfacet
  facet normal 0 0.608432 -0.793606
    outer loop
      vertex -1064.66 -1073.75 2188.01
      vertex 1064.98 -1076.75 2185.71
      vertex -1064.98 -1076.75 2185.71
    endloop
  endfacet
  facet normal 0 0.606043 -0.795432
    outer loop
      vertex -1064.66 -1073.75 2188.01
      vertex 1064.76 -1073.33 2188.33
      vertex 1064.66 -1073.75 2188.01
    endloop
  endfacet
  facet normal 0 0.606043 -0.795432
    outer loop
      vertex 1064.76 -1073.33 2188.33
      vertex -1064.66 -1073.75 2188.01
      vertex -1064.76 -1073.33 2188.33
    endloop
  endfacet
  facet normal 0 -0.989949 0.141421
    outer loop
      vertex -1064.53 -1100.96 2204.13
      vertex 1064.58 -1100.94 2204.27
      vertex -1064.58 -1100.94 2204.27
    endloop
  endfacet
  facet normal 0 -0.989949 0.141421
    outer loop
      vertex -1064.53 -1100.96 2204.13
      vertex 1064.53 -1100.96 2204.13
      vertex 1064.58 -1100.94 2204.27
    endloop
  endfacet
  facet normal 0 -0.99156 0.129647
    outer loop
      vertex -1065.08 -1101.5 2200
      vertex 1064.53 -1100.96 2204.13
      vertex -1064.53 -1100.96 2204.13
    endloop
  endfacet
  facet normal 0 -0.99156 0.129647
    outer loop
      vertex 1064.53 -1100.96 2204.13
      vertex -1065.08 -1101.5 2200
      vertex 1065.08 -1101.5 2200
    endloop
  endfacet
  facet normal 0 0.381032 0.924562
    outer loop
      vertex 1064.98 -1076.75 2214.29
      vertex -1064.69 -1078.4 2214.97
      vertex 1064.69 -1078.4 2214.97
    endloop
  endfacet
  facet normal 0 0.381032 0.924562
    outer loop
      vertex -1064.69 -1078.4 2214.97
      vertex 1064.98 -1076.75 2214.29
      vertex -1064.98 -1076.75 2214.29
    endloop
  endfacet
  facet normal -0 0.384334 0.923194
    outer loop
      vertex -1064.69 -1078.4 2214.97
      vertex 1065.03 -1080.73 2215.94
      vertex 1064.69 -1078.4 2214.97
    endloop
  endfacet
  facet normal 0 0.384334 0.923194
    outer loop
      vertex 1065.03 -1080.73 2215.94
      vertex -1064.69 -1078.4 2214.97
      vertex -1065.03 -1080.73 2215.94
    endloop
  endfacet
  facet normal 0 0.606043 0.795432
    outer loop
      vertex 1064.76 -1073.33 2211.67
      vertex -1064.66 -1073.75 2211.99
      vertex 1064.66 -1073.75 2211.99
    endloop
  endfacet
  facet normal 0 0.606043 0.795432
    outer loop
      vertex -1064.66 -1073.75 2211.99
      vertex 1064.76 -1073.33 2211.67
      vertex -1064.76 -1073.33 2211.67
    endloop
  endfacet
  facet normal -0 0.608432 0.793606
    outer loop
      vertex -1064.66 -1073.75 2211.99
      vertex 1064.98 -1076.75 2214.29
      vertex 1064.66 -1073.75 2211.99
    endloop
  endfacet
  facet normal 0 0.608432 0.793606
    outer loop
      vertex 1064.98 -1076.75 2214.29
      vertex -1064.66 -1073.75 2211.99
      vertex -1064.98 -1076.75 2214.29
    endloop
  endfacet
  facet normal -0.130308 0 -0.991474
    outer loop
      vertex 1081.5 -1064.98 2183.96
      vertex 1085 1064.76 2183.5
      vertex 1085 -1064.76 2183.5
    endloop
  endfacet
  facet normal -0.130308 0 -0.991474
    outer loop
      vertex 1081.5 -1064.98 2183.96
      vertex 1081.5 1064.98 2183.96
      vertex 1085 1064.76 2183.5
    endloop
  endfacet
  facet normal -0.128789 0 -0.991672
    outer loop
      vertex 1080.73 -1065.03 2184.06
      vertex 1081.5 1064.98 2183.96
      vertex 1081.5 -1064.98 2183.96
    endloop
  endfacet
  facet normal -0.128789 0 -0.991672
    outer loop
      vertex 1081.5 1064.98 2183.96
      vertex 1080.73 -1065.03 2184.06
      vertex 1080.73 1065.03 2184.06
    endloop
  endfacet
  facet normal 0.606043 0 -0.795432
    outer loop
      vertex 1096.25 -1064.66 2188.01
      vertex 1096.67 1064.76 2188.33
      vertex 1096.67 -1064.76 2188.33
    endloop
  endfacet
  facet normal 0.606043 0 -0.795432
    outer loop
      vertex 1096.25 -1064.66 2188.01
      vertex 1096.25 1064.66 2188.01
      vertex 1096.67 1064.76 2188.33
    endloop
  endfacet
  facet normal 0.608432 0 -0.793606
    outer loop
      vertex 1093.25 -1064.98 2185.71
      vertex 1096.25 1064.66 2188.01
      vertex 1096.25 -1064.66 2188.01
    endloop
  endfacet
  facet normal 0.608432 0 -0.793606
    outer loop
      vertex 1096.25 1064.66 2188.01
      vertex 1093.25 -1064.98 2185.71
      vertex 1093.25 1064.98 2185.71
    endloop
  endfacet
  facet normal -0.99156 0 0.129647
    outer loop
      vertex 1068.5 1065.08 2200
      vertex 1069.04 -1064.53 2204.13
      vertex 1069.04 1064.53 2204.13
    endloop
  endfacet
  facet normal -0.99156 0 0.129647
    outer loop
      vertex 1069.04 -1064.53 2204.13
      vertex 1068.5 1065.08 2200
      vertex 1068.5 -1065.08 2200
    endloop
  endfacet
  facet normal -0.989949 0 0.141421
    outer loop
      vertex 1069.04 -1064.53 2204.13
      vertex 1069.06 1064.58 2204.27
      vertex 1069.04 1064.53 2204.13
    endloop
  endfacet
  facet normal -0.989949 0 0.141421
    outer loop
      vertex 1069.06 1064.58 2204.27
      vertex 1069.04 -1064.53 2204.13
      vertex 1069.06 -1064.58 2204.27
    endloop
  endfacet
  facet normal 0.923268 0 -0.384157
    outer loop
      vertex 1100.94 -1064.58 2195.73
      vertex 1099.75 1064.69 2192.87
      vertex 1100.94 1064.58 2195.73
    endloop
  endfacet
  facet normal 0.923268 0 -0.384157
    outer loop
      vertex 1099.75 -1064.69 2192.87
      vertex 1099.75 1064.69 2192.87
      vertex 1100.94 -1064.58 2195.73
    endloop
  endfacet
  facet normal 0.92502 0 -0.379919
    outer loop
      vertex 1099.75 1064.69 2192.87
      vertex 1099.75 -1064.69 2192.87
      vertex 1099.29 1064.86 2191.75
    endloop
  endfacet
  facet normal 0.92502 0 -0.379919
    outer loop
      vertex 1099.29 1064.86 2191.75
      vertex 1099.75 -1064.69 2192.87
      vertex 1099.29 -1064.86 2191.75
    endloop
  endfacet
  facet normal 0.381032 0 -0.924562
    outer loop
      vertex 1091.6 -1064.69 2185.03
      vertex 1093.25 1064.98 2185.71
      vertex 1093.25 -1064.98 2185.71
    endloop
  endfacet
  facet normal 0.381032 0 -0.924562
    outer loop
      vertex 1091.6 -1064.69 2185.03
      vertex 1091.6 1064.69 2185.03
      vertex 1093.25 1064.98 2185.71
    endloop
  endfacet
  facet normal 0.384334 0 -0.923194
    outer loop
      vertex 1089.27 -1065.03 2184.06
      vertex 1091.6 1064.69 2185.03
      vertex 1091.6 -1064.69 2185.03
    endloop
  endfacet
  facet normal 0.384334 0 -0.923194
    outer loop
      vertex 1091.6 1064.69 2185.03
      vertex 1089.27 -1065.03 2184.06
      vertex 1089.27 1065.03 2184.06
    endloop
  endfacet
  facet normal 0.606043 0 0.795432
    outer loop
      vertex 1096.25 1064.66 2211.99
      vertex 1096.67 -1064.76 2211.67
      vertex 1096.67 1064.76 2211.67
    endloop
  endfacet
  facet normal 0.606043 0 0.795432
    outer loop
      vertex 1096.25 1064.66 2211.99
      vertex 1096.25 -1064.66 2211.99
      vertex 1096.67 -1064.76 2211.67
    endloop
  endfacet
  facet normal 0.608432 0 0.793606
    outer loop
      vertex 1093.25 1064.98 2214.29
      vertex 1096.25 -1064.66 2211.99
      vertex 1096.25 1064.66 2211.99
    endloop
  endfacet
  facet normal 0.608432 0 0.793606
    outer loop
      vertex 1096.25 -1064.66 2211.99
      vertex 1093.25 1064.98 2214.29
      vertex 1093.25 -1064.98 2214.29
    endloop
  endfacet
  facet normal 0.923268 0 0.384157
    outer loop
      vertex 1099.75 1064.69 2207.13
      vertex 1100.94 -1064.58 2204.27
      vertex 1100.94 1064.58 2204.27
    endloop
  endfacet
  facet normal 0.92502 -0 0.379919
    outer loop
      vertex 1099.75 -1064.69 2207.13
      vertex 1099.75 1064.69 2207.13
      vertex 1099.29 1064.86 2208.25
    endloop
  endfacet
  facet normal 0.923268 0 0.384157
    outer loop
      vertex 1099.75 1064.69 2207.13
      vertex 1099.75 -1064.69 2207.13
      vertex 1100.94 -1064.58 2204.27
    endloop
  endfacet
  facet normal 0.92502 0 0.379919
    outer loop
      vertex 1099.75 -1064.69 2207.13
      vertex 1099.29 1064.86 2208.25
      vertex 1099.29 -1064.86 2208.25
    endloop
  endfacet
  facet normal -0.794006 0 0.607911
    outer loop
      vertex 1072.35 1064.79 2210.39
      vertex 1073.33 -1064.76 2211.67
      vertex 1073.33 1064.76 2211.67
    endloop
  endfacet
  facet normal -0.793726 3.48343e-07 0.608276
    outer loop
      vertex 1070.71 1064.86 2208.25
      vertex 1073.33 -1064.76 2211.67
      vertex 1072.35 1064.79 2210.39
    endloop
  endfacet
  facet normal -0.794006 -5.82539e-07 0.607911
    outer loop
      vertex 1070.71 1064.86 2208.25
      vertex 1072.35 -1064.79 2210.39
      vertex 1073.33 -1064.76 2211.67
    endloop
  endfacet
  facet normal -0.793726 0 0.608276
    outer loop
      vertex 1072.35 -1064.79 2210.39
      vertex 1070.71 1064.86 2208.25
      vertex 1070.71 -1064.86 2208.25
    endloop
  endfacet
  facet normal 0.381032 0 0.924562
    outer loop
      vertex 1091.6 1064.69 2214.97
      vertex 1093.25 -1064.98 2214.29
      vertex 1093.25 1064.98 2214.29
    endloop
  endfacet
  facet normal 0.381032 0 0.924562
    outer loop
      vertex 1091.6 1064.69 2214.97
      vertex 1091.6 -1064.69 2214.97
      vertex 1093.25 -1064.98 2214.29
    endloop
  endfacet
  facet normal 0.384334 0 0.923194
    outer loop
      vertex 1089.27 1065.03 2215.94
      vertex 1091.6 -1064.69 2214.97
      vertex 1091.6 1064.69 2214.97
    endloop
  endfacet
  facet normal 0.384334 0 0.923194
    outer loop
      vertex 1091.6 -1064.69 2214.97
      vertex 1089.27 1065.03 2215.94
      vertex 1089.27 -1065.03 2215.94
    endloop
  endfacet
  facet normal -0.923268 0 0.384157
    outer loop
      vertex 1069.06 -1064.58 2204.27
      vertex 1070.25 1064.69 2207.13
      vertex 1069.06 1064.58 2204.27
    endloop
  endfacet
  facet normal -0.923268 0 0.384157
    outer loop
      vertex 1070.25 -1064.69 2207.13
      vertex 1070.25 1064.69 2207.13
      vertex 1069.06 -1064.58 2204.27
    endloop
  endfacet
  facet normal -0.92502 0 0.379919
    outer loop
      vertex 1070.25 1064.69 2207.13
      vertex 1070.25 -1064.69 2207.13
      vertex 1070.71 1064.86 2208.25
    endloop
  endfacet
  facet normal -0.92502 0 0.379919
    outer loop
      vertex 1070.71 1064.86 2208.25
      vertex 1070.25 -1064.69 2207.13
      vertex 1070.71 -1064.86 2208.25
    endloop
  endfacet
  facet normal 0.128789 0 -0.991672
    outer loop
      vertex 1088.5 -1064.98 2183.96
      vertex 1089.27 1065.03 2184.06
      vertex 1089.27 -1065.03 2184.06
    endloop
  endfacet
  facet normal 0.128789 0 -0.991672
    outer loop
      vertex 1088.5 -1064.98 2183.96
      vertex 1088.5 1064.98 2183.96
      vertex 1089.27 1065.03 2184.06
    endloop
  endfacet
  facet normal 0.130308 0 -0.991474
    outer loop
      vertex 1085 -1064.76 2183.5
      vertex 1088.5 1064.98 2183.96
      vertex 1088.5 -1064.98 2183.96
    endloop
  endfacet
  facet normal 0.130308 0 -0.991474
    outer loop
      vertex 1088.5 1064.98 2183.96
      vertex 1085 -1064.76 2183.5
      vertex 1085 1064.76 2183.5
    endloop
  endfacet
  facet normal -0.608432 0 -0.793606
    outer loop
      vertex 1073.75 -1064.66 2188.01
      vertex 1076.75 1064.98 2185.71
      vertex 1076.75 -1064.98 2185.71
    endloop
  endfacet
  facet normal -0.608432 0 -0.793606
    outer loop
      vertex 1073.75 -1064.66 2188.01
      vertex 1073.75 1064.66 2188.01
      vertex 1076.75 1064.98 2185.71
    endloop
  endfacet
  facet normal -0.606043 0 -0.795432
    outer loop
      vertex 1073.33 -1064.76 2188.33
      vertex 1073.75 1064.66 2188.01
      vertex 1073.75 -1064.66 2188.01
    endloop
  endfacet
  facet normal -0.606043 0 -0.795432
    outer loop
      vertex 1073.75 1064.66 2188.01
      vertex 1073.33 -1064.76 2188.33
      vertex 1073.33 1064.76 2188.33
    endloop
  endfacet
  facet normal -0.384334 0 -0.923194
    outer loop
      vertex 1078.4 -1064.69 2185.03
      vertex 1080.73 1065.03 2184.06
      vertex 1080.73 -1065.03 2184.06
    endloop
  endfacet
  facet normal -0.384334 0 -0.923194
    outer loop
      vertex 1078.4 -1064.69 2185.03
      vertex 1078.4 1064.69 2185.03
      vertex 1080.73 1065.03 2184.06
    endloop
  endfacet
  facet normal -0.381032 0 -0.924562
    outer loop
      vertex 1076.75 -1064.98 2185.71
      vertex 1078.4 1064.69 2185.03
      vertex 1078.4 -1064.69 2185.03
    endloop
  endfacet
  facet normal -0.381032 0 -0.924562
    outer loop
      vertex 1078.4 1064.69 2185.03
      vertex 1076.75 -1064.98 2185.71
      vertex 1076.75 1064.98 2185.71
    endloop
  endfacet
  facet normal 0.99156 0 -0.129647
    outer loop
      vertex 1101.5 1065.08 2200
      vertex 1100.96 -1064.53 2195.87
      vertex 1100.96 1064.53 2195.87
    endloop
  endfacet
  facet normal 0.99156 0 -0.129647
    outer loop
      vertex 1100.96 -1064.53 2195.87
      vertex 1101.5 1065.08 2200
      vertex 1101.5 -1065.08 2200
    endloop
  endfacet
  facet normal 0.989949 0 -0.141421
    outer loop
      vertex 1100.96 -1064.53 2195.87
      vertex 1100.94 1064.58 2195.73
      vertex 1100.96 1064.53 2195.87
    endloop
  endfacet
  facet normal 0.989949 0 -0.141421
    outer loop
      vertex 1100.94 1064.58 2195.73
      vertex 1100.96 -1064.53 2195.87
      vertex 1100.94 -1064.58 2195.73
    endloop
  endfacet
  facet normal -0.794006 0 -0.607911
    outer loop
      vertex 1073.33 -1064.76 2188.33
      vertex 1072.35 1064.79 2189.61
      vertex 1073.33 1064.76 2188.33
    endloop
  endfacet
  facet normal -0.793726 3.48343e-07 -0.608276
    outer loop
      vertex 1073.33 -1064.76 2188.33
      vertex 1070.71 1064.86 2191.75
      vertex 1072.35 1064.79 2189.61
    endloop
  endfacet
  facet normal -0.794006 -5.82539e-07 -0.607911
    outer loop
      vertex 1072.35 -1064.79 2189.61
      vertex 1070.71 1064.86 2191.75
      vertex 1073.33 -1064.76 2188.33
    endloop
  endfacet
  facet normal -0.793726 -0 -0.608276
    outer loop
      vertex 1070.71 1064.86 2191.75
      vertex 1072.35 -1064.79 2189.61
      vertex 1070.71 -1064.86 2191.75
    endloop
  endfacet
  facet normal 0.128789 0 0.991672
    outer loop
      vertex 1088.5 1064.98 2216.04
      vertex 1089.27 -1065.03 2215.94
      vertex 1089.27 1065.03 2215.94
    endloop
  endfacet
  facet normal 0.128789 0 0.991672
    outer loop
      vertex 1088.5 1064.98 2216.04
      vertex 1088.5 -1064.98 2216.04
      vertex 1089.27 -1065.03 2215.94
    endloop
  endfacet
  facet normal 0.130308 0 0.991474
    outer loop
      vertex 1085 1064.76 2216.5
      vertex 1088.5 -1064.98 2216.04
      vertex 1088.5 1064.98 2216.04
    endloop
  endfacet
  facet normal 0.130308 0 0.991474
    outer loop
      vertex 1088.5 -1064.98 2216.04
      vertex 1085 1064.76 2216.5
      vertex 1085 -1064.76 2216.5
    endloop
  endfacet
  facet normal -0.130308 0 0.991474
    outer loop
      vertex 1081.5 1064.98 2216.04
      vertex 1085 -1064.76 2216.5
      vertex 1085 1064.76 2216.5
    endloop
  endfacet
  facet normal -0.130308 0 0.991474
    outer loop
      vertex 1081.5 1064.98 2216.04
      vertex 1081.5 -1064.98 2216.04
      vertex 1085 -1064.76 2216.5
    endloop
  endfacet
  facet normal -0.128789 0 0.991672
    outer loop
      vertex 1080.73 1065.03 2215.94
      vertex 1081.5 -1064.98 2216.04
      vertex 1081.5 1064.98 2216.04
    endloop
  endfacet
  facet normal -0.128789 0 0.991672
    outer loop
      vertex 1081.5 -1064.98 2216.04
      vertex 1080.73 1065.03 2215.94
      vertex 1080.73 -1065.03 2215.94
    endloop
  endfacet
  facet normal 0.794006 -0 0.607911
    outer loop
      vertex 1096.67 -1064.76 2211.67
      vertex 1097.65 1064.79 2210.39
      vertex 1096.67 1064.76 2211.67
    endloop
  endfacet
  facet normal 0.793726 3.48343e-07 0.608276
    outer loop
      vertex 1096.67 -1064.76 2211.67
      vertex 1099.29 1064.86 2208.25
      vertex 1097.65 1064.79 2210.39
    endloop
  endfacet
  facet normal 0.794006 -5.82539e-07 0.607911
    outer loop
      vertex 1097.65 -1064.79 2210.39
      vertex 1099.29 1064.86 2208.25
      vertex 1096.67 -1064.76 2211.67
    endloop
  endfacet
  facet normal 0.793726 0 0.608276
    outer loop
      vertex 1099.29 1064.86 2208.25
      vertex 1097.65 -1064.79 2210.39
      vertex 1099.29 -1064.86 2208.25
    endloop
  endfacet
  facet normal 0.794006 0 -0.607911
    outer loop
      vertex 1097.65 1064.79 2189.61
      vertex 1096.67 -1064.76 2188.33
      vertex 1096.67 1064.76 2188.33
    endloop
  endfacet
  facet normal 0.793726 3.48343e-07 -0.608276
    outer loop
      vertex 1099.29 1064.86 2191.75
      vertex 1096.67 -1064.76 2188.33
      vertex 1097.65 1064.79 2189.61
    endloop
  endfacet
  facet normal 0.794006 -5.82539e-07 -0.607911
    outer loop
      vertex 1099.29 1064.86 2191.75
      vertex 1097.65 -1064.79 2189.61
      vertex 1096.67 -1064.76 2188.33
    endloop
  endfacet
  facet normal 0.793726 0 -0.608276
    outer loop
      vertex 1097.65 -1064.79 2189.61
      vertex 1099.29 1064.86 2191.75
      vertex 1099.29 -1064.86 2191.75
    endloop
  endfacet
  facet normal 0.989949 0 0.141421
    outer loop
      vertex 1100.94 1064.58 2204.27
      vertex 1100.96 -1064.53 2204.13
      vertex 1100.96 1064.53 2204.13
    endloop
  endfacet
  facet normal 0.989949 0 0.141421
    outer loop
      vertex 1100.96 -1064.53 2204.13
      vertex 1100.94 1064.58 2204.27
      vertex 1100.94 -1064.58 2204.27
    endloop
  endfacet
  facet normal 0.99156 -0 0.129647
    outer loop
      vertex 1100.96 -1064.53 2204.13
      vertex 1101.5 1065.08 2200
      vertex 1100.96 1064.53 2204.13
    endloop
  endfacet
  facet normal 0.99156 0 0.129647
    outer loop
      vertex 1101.5 1065.08 2200
      vertex 1100.96 -1064.53 2204.13
      vertex 1101.5 -1065.08 2200
    endloop
  endfacet
  facet normal -0.989949 0 -0.141421
    outer loop
      vertex 1069.06 1064.58 2195.73
      vertex 1069.04 -1064.53 2195.87
      vertex 1069.04 1064.53 2195.87
    endloop
  endfacet
  facet normal -0.989949 0 -0.141421
    outer loop
      vertex 1069.04 -1064.53 2195.87
      vertex 1069.06 1064.58 2195.73
      vertex 1069.06 -1064.58 2195.73
    endloop
  endfacet
  facet normal -0.99156 0 -0.129647
    outer loop
      vertex 1069.04 -1064.53 2195.87
      vertex 1068.5 1065.08 2200
      vertex 1069.04 1064.53 2195.87
    endloop
  endfacet
  facet normal -0.99156 -0 -0.129647
    outer loop
      vertex 1068.5 1065.08 2200
      vertex 1069.04 -1064.53 2195.87
      vertex 1068.5 -1065.08 2200
    endloop
  endfacet
  facet normal -0.384334 0 0.923194
    outer loop
      vertex 1078.4 1064.69 2214.97
      vertex 1080.73 -1065.03 2215.94
      vertex 1080.73 1065.03 2215.94
    endloop
  endfacet
  facet normal -0.384334 0 0.923194
    outer loop
      vertex 1078.4 1064.69 2214.97
      vertex 1078.4 -1064.69 2214.97
      vertex 1080.73 -1065.03 2215.94
    endloop
  endfacet
  facet normal -0.381032 0 0.924562
    outer loop
      vertex 1076.75 1064.98 2214.29
      vertex 1078.4 -1064.69 2214.97
      vertex 1078.4 1064.69 2214.97
    endloop
  endfacet
  facet normal -0.381032 0 0.924562
    outer loop
      vertex 1078.4 -1064.69 2214.97
      vertex 1076.75 1064.98 2214.29
      vertex 1076.75 -1064.98 2214.29
    endloop
  endfacet
  facet normal -0.923268 0 -0.384157
    outer loop
      vertex 1070.25 1064.69 2192.87
      vertex 1069.06 -1064.58 2195.73
      vertex 1069.06 1064.58 2195.73
    endloop
  endfacet
  facet normal -0.92502 0 -0.379919
    outer loop
      vertex 1070.25 -1064.69 2192.87
      vertex 1070.25 1064.69 2192.87
      vertex 1070.71 1064.86 2191.75
    endloop
  endfacet
  facet normal -0.923268 -0 -0.384157
    outer loop
      vertex 1070.25 1064.69 2192.87
      vertex 1070.25 -1064.69 2192.87
      vertex 1069.06 -1064.58 2195.73
    endloop
  endfacet
  facet normal -0.92502 0 -0.379919
    outer loop
      vertex 1070.25 -1064.69 2192.87
      vertex 1070.71 1064.86 2191.75
      vertex 1070.71 -1064.86 2191.75
    endloop
  endfacet
  facet normal -0.608432 0 0.793606
    outer loop
      vertex 1073.75 1064.66 2211.99
      vertex 1076.75 -1064.98 2214.29
      vertex 1076.75 1064.98 2214.29
    endloop
  endfacet
  facet normal -0.608432 0 0.793606
    outer loop
      vertex 1073.75 1064.66 2211.99
      vertex 1073.75 -1064.66 2211.99
      vertex 1076.75 -1064.98 2214.29
    endloop
  endfacet
  facet normal -0.606043 0 0.795432
    outer loop
      vertex 1073.33 1064.76 2211.67
      vertex 1073.75 -1064.66 2211.99
      vertex 1073.75 1064.66 2211.99
    endloop
  endfacet
  facet normal -0.606043 0 0.795432
    outer loop
      vertex 1073.75 -1064.66 2211.99
      vertex 1073.33 1064.76 2211.67
      vertex 1073.33 -1064.76 2211.67
    endloop
  endfacet
  facet normal -0.428596 0.850419 -0.305112
    outer loop
      vertex -1099.29 -1064.86 2191.75
      vertex -1098.83 -1065.97 2188.01
      vertex -1099.75 -1064.69 2192.87
    endloop
  endfacet
  facet normal -0.434133 0.847656 -0.304973
    outer loop
      vertex -1098.83 -1065.97 2188.01
      vertex -1099.29 -1064.86 2191.75
      vertex -1097.65 -1064.79 2189.61
    endloop
  endfacet
  facet normal 0.368523 -0.723806 -0.583349
    outer loop
      vertex -1077.73 -1107.37 2188.01
      vertex -1079.23 -1102.75 2181.33
      vertex -1071.17 -1104.03 2188.01
    endloop
  endfacet
  facet normal 0.584962 -0.0932695 -0.80568
    outer loop
      vertex -1067.25 -1090.77 2181.33
      vertex -1073.01 -1085 2176.48
      vertex -1066.33 -1085 2181.33
    endloop
  endfacet
  facet normal -0.848473 0.431997 0.305734
    outer loop
      vertex -1104.03 -1071.17 2211.99
      vertex -1109.8 -1076.94 2204.13
      vertex -1107.37 -1077.73 2211.99
    endloop
  endfacet
  facet normal -0.940606 -0.148789 -0.305159
    outer loop
      vertex -1107.37 -1092.27 2188.01
      vertex -1111.07 -1085 2195.87
      vertex -1108.52 -1085 2188.01
    endloop
  endfacet
  facet normal 0.268985 0.527821 0.805638
    outer loop
      vertex -1074.03 -1069.9 2218.67
      vertex -1079.23 -1067.25 2218.67
      vertex -1077.96 -1075.3 2223.52
    endloop
  endfacet
  facet normal 0.127777 0.802698 -0.582536
    outer loop
      vertex -1080.73 -1065.03 2184.06
      vertex -1079.23 -1067.25 2181.33
      vertex -1081.5 -1064.98 2183.96
    endloop
  endfacet
  facet normal 0.125781 0.802396 -0.583387
    outer loop
      vertex -1079.23 -1067.25 2181.33
      vertex -1080.73 -1065.03 2184.06
      vertex -1078.4 -1064.69 2185.03
    endloop
  endfacet
  facet normal 0.308366 0.0491719 0.949996
    outer loop
      vertex -1073.6 -1081.3 2223.52
      vertex -1081.07 -1083.72 2226.07
      vertex -1073.01 -1085 2223.52
    endloop
  endfacet
  facet normal -0.148789 -0.940606 0.305159
    outer loop
      vertex -1085 -1108.52 2211.99
      vertex -1092.27 -1107.37 2211.99
      vertex -1085 -1111.07 2204.13
    endloop
  endfacet
  facet normal -0.940533 -0.148198 -0.305671
    outer loop
      vertex -1109.8 -1093.06 2195.87
      vertex -1111.07 -1085 2195.87
      vertex -1107.37 -1092.27 2188.01
    endloop
  endfacet
  facet normal -0.0932695 0.584962 -0.80568
    outer loop
      vertex -1085 -1073.01 2176.48
      vertex -1090.77 -1067.25 2181.33
      vertex -1085 -1066.33 2181.33
    endloop
  endfacet
  facet normal -0.126903 -0.802249 -0.583345
    outer loop
      vertex -1085 -1108.52 2188.01
      vertex -1092.27 -1107.37 2188.01
      vertex -1090.77 -1102.75 2181.33
    endloop
  endfacet
  facet normal -0.940533 -0.148198 0.305671
    outer loop
      vertex -1107.37 -1092.27 2211.99
      vertex -1111.07 -1085 2204.13
      vertex -1109.8 -1093.06 2204.13
    endloop
  endfacet
  facet normal -0.141691 -0.278382 -0.949962
    outer loop
      vertex -1088.7 -1096.4 2176.48
      vertex -1092.04 -1094.7 2176.48
      vertex -1086.28 -1088.93 2173.93
    endloop
  endfacet
  facet normal -0.368728 0.723543 0.583546
    outer loop
      vertex -1090.77 -1067.25 2218.67
      vertex -1098.83 -1065.97 2211.99
      vertex -1095.97 -1069.9 2218.67
    endloop
  endfacet
  facet normal -0.220826 0.220826 0.949985
    outer loop
      vertex -1092.04 -1075.3 2223.52
      vertex -1088.34 -1082.57 2226.07
      vertex -1087.43 -1081.66 2226.07
    endloop
  endfacet
  facet normal -0.220826 0.220826 0.949985
    outer loop
      vertex -1088.34 -1082.57 2226.07
      vertex -1092.04 -1075.3 2223.52
      vertex -1094.7 -1077.96 2223.52
    endloop
  endfacet
  facet normal -0.673448 0.673448 0.304853
    outer loop
      vertex -1099.75 -1064.69 2207.13
      vertex -1104.03 -1071.17 2211.99
      vertex -1098.83 -1065.97 2211.99
    endloop
  endfacet
  facet normal -0.672801 0.673642 0.305851
    outer loop
      vertex -1106.1 -1069.67 2204.13
      vertex -1099.75 -1064.69 2207.13
      vertex -1100.94 -1064.58 2204.27
    endloop
  endfacet
  facet normal -0.666667 0.666667 0.333333
    outer loop
      vertex -1106.1 -1069.67 2204.13
      vertex -1100.94 -1064.58 2204.27
      vertex -1100.96 -1064.53 2204.13
    endloop
  endfacet
  facet normal -0.672795 0.673692 0.305754
    outer loop
      vertex -1099.75 -1064.69 2207.13
      vertex -1106.1 -1069.67 2204.13
      vertex -1104.03 -1071.17 2211.99
    endloop
  endfacet
  facet normal -0.584957 -0.0932769 0.805683
    outer loop
      vertex -1096.99 -1085 2223.52
      vertex -1102.75 -1090.77 2218.67
      vertex -1096.4 -1088.7 2223.52
    endloop
  endfacet
  facet normal 0.584962 -0.0932695 0.80568
    outer loop
      vertex -1066.33 -1085 2218.67
      vertex -1073.01 -1085 2223.52
      vertex -1067.25 -1090.77 2218.67
    endloop
  endfacet
  facet normal 0.368728 0.723543 0.583546
    outer loop
      vertex -1071.17 -1065.97 2211.99
      vertex -1079.23 -1067.25 2218.67
      vertex -1074.03 -1069.9 2218.67
    endloop
  endfacet
  facet normal 0.308235 0.0481618 0.95009
    outer loop
      vertex -1073.01 -1085 2223.52
      vertex -1081.07 -1083.72 2226.07
      vertex -1080.87 -1085 2226.07
    endloop
  endfacet
  facet normal 0.84853 0.429558 -0.308993
    outer loop
      vertex -1064.76 -1073.33 2188.33
      vertex -1065.97 -1071.17 2188.01
      vertex -1064.79 -1072.35 2189.61
    endloop
  endfacet
  facet normal 0.85031 0.431746 -0.300945
    outer loop
      vertex -1065.97 -1071.17 2188.01
      vertex -1064.76 -1073.33 2188.33
      vertex -1064.66 -1073.75 2188.01
    endloop
  endfacet
  facet normal 0.724096 -0.367733 0.583488
    outer loop
      vertex -1067.25 -1090.77 2218.67
      vertex -1064.98 -1093.25 2214.29
      vertex -1064.69 -1091.6 2214.97
    endloop
  endfacet
  facet normal 0.723278 -0.368935 0.583744
    outer loop
      vertex -1065.97 -1098.83 2211.99
      vertex -1064.98 -1093.25 2214.29
      vertex -1067.25 -1090.77 2218.67
    endloop
  endfacet
  facet normal 0.725461 -0.368354 0.581396
    outer loop
      vertex -1064.98 -1093.25 2214.29
      vertex -1065.97 -1098.83 2211.99
      vertex -1064.66 -1096.25 2211.99
    endloop
  endfacet
  facet normal 0.802761 0.127997 0.582401
    outer loop
      vertex -1066.33 -1085 2218.67
      vertex -1064.98 -1081.5 2216.04
      vertex -1067.25 -1079.23 2218.67
    endloop
  endfacet
  facet normal 0.803634 0.126931 0.581431
    outer loop
      vertex -1064.98 -1081.5 2216.04
      vertex -1066.33 -1085 2218.67
      vertex -1064.76 -1085 2216.5
    endloop
  endfacet
  facet normal -0.723543 0.368728 -0.583546
    outer loop
      vertex -1102.75 -1079.23 2181.33
      vertex -1104.03 -1071.17 2188.01
      vertex -1100.1 -1074.03 2181.33
    endloop
  endfacet
  facet normal -0.418829 -0.418829 -0.805707
    outer loop
      vertex -1095.97 -1100.1 2181.33
      vertex -1094.7 -1092.04 2176.48
      vertex -1092.04 -1094.7 2176.48
    endloop
  endfacet
  facet normal -0.418829 -0.418829 -0.805707
    outer loop
      vertex -1094.7 -1092.04 2176.48
      vertex -1095.97 -1100.1 2181.33
      vertex -1100.1 -1095.97 2181.33
    endloop
  endfacet
  facet normal -0.707107 -0.707107 0
    outer loop
      vertex -1100.33 -1106.1 2195.87
      vertex -1106.1 -1100.33 2204.13
      vertex -1106.1 -1100.33 2195.87
    endloop
  endfacet
  facet normal -0.707107 -0.707107 0
    outer loop
      vertex -1106.1 -1100.33 2204.13
      vertex -1100.33 -1106.1 2195.87
      vertex -1100.33 -1106.1 2204.13
    endloop
  endfacet
  facet normal 0.418829 0.418829 0.805707
    outer loop
      vertex -1074.03 -1069.9 2218.67
      vertex -1075.3 -1077.96 2223.52
      vertex -1069.9 -1074.03 2218.67
    endloop
  endfacet
  facet normal 0.418829 0.418829 0.805707
    outer loop
      vertex -1075.3 -1077.96 2223.52
      vertex -1074.03 -1069.9 2218.67
      vertex -1077.96 -1075.3 2223.52
    endloop
  endfacet
  facet normal -0.148198 -0.940533 0.305671
    outer loop
      vertex -1092.27 -1107.37 2211.99
      vertex -1093.06 -1109.8 2204.13
      vertex -1085 -1111.07 2204.13
    endloop
  endfacet
  facet normal 0.0932695 -0.584962 -0.80568
    outer loop
      vertex -1079.23 -1102.75 2181.33
      vertex -1085 -1103.67 2181.33
      vertex -1085 -1096.99 2176.48
    endloop
  endfacet
  facet normal -0.723543 -0.368728 0.583546
    outer loop
      vertex -1102.75 -1090.77 2218.67
      vertex -1104.03 -1098.83 2211.99
      vertex -1100.1 -1095.97 2218.67
    endloop
  endfacet
  facet normal 0.308221 -0.0491487 -0.950044
    outer loop
      vertex -1073.6 -1088.7 2176.48
      vertex -1080.87 -1085 2173.93
      vertex -1073.01 -1085 2176.48
    endloop
  endfacet
  facet normal 0.308235 0.0481618 -0.95009
    outer loop
      vertex -1080.87 -1085 2173.93
      vertex -1081.07 -1083.72 2173.93
      vertex -1073.01 -1085 2176.48
    endloop
  endfacet
  facet normal 0.527831 0.268656 -0.805741
    outer loop
      vertex -1073.6 -1081.3 2176.48
      vertex -1075.3 -1077.96 2176.48
      vertex -1067.25 -1079.23 2181.33
    endloop
  endfacet
  facet normal -0.673448 0.673448 -0.304853
    outer loop
      vertex -1104.03 -1071.17 2188.01
      vertex -1099.75 -1064.69 2192.87
      vertex -1098.83 -1065.97 2188.01
    endloop
  endfacet
  facet normal -0.666667 0.666667 -0.333333
    outer loop
      vertex -1100.94 -1064.58 2195.73
      vertex -1106.1 -1069.67 2195.87
      vertex -1100.96 -1064.53 2195.87
    endloop
  endfacet
  facet normal -0.672801 0.673642 -0.305851
    outer loop
      vertex -1099.75 -1064.69 2192.87
      vertex -1106.1 -1069.67 2195.87
      vertex -1100.94 -1064.58 2195.73
    endloop
  endfacet
  facet normal -0.672795 0.673692 -0.305754
    outer loop
      vertex -1099.75 -1064.69 2192.87
      vertex -1104.03 -1071.17 2188.01
      vertex -1106.1 -1069.67 2195.87
    endloop
  endfacet
  facet normal 0.803634 0.126931 -0.581431
    outer loop
      vertex -1066.33 -1085 2181.33
      vertex -1064.98 -1081.5 2183.96
      vertex -1064.76 -1085 2183.5
    endloop
  endfacet
  facet normal 0.802761 0.127997 -0.582401
    outer loop
      vertex -1064.98 -1081.5 2183.96
      vertex -1066.33 -1085 2181.33
      vertex -1067.25 -1079.23 2181.33
    endloop
  endfacet
  facet normal 0.418829 0.418829 -0.805707
    outer loop
      vertex -1075.3 -1077.96 2176.48
      vertex -1074.03 -1069.9 2181.33
      vertex -1069.9 -1074.03 2181.33
    endloop
  endfacet
  facet normal 0.418829 0.418829 -0.805707
    outer loop
      vertex -1074.03 -1069.9 2181.33
      vertex -1075.3 -1077.96 2176.48
      vertex -1077.96 -1075.3 2176.48
    endloop
  endfacet
  facet normal -0.125781 0.802396 -0.583387
    outer loop
      vertex -1089.27 -1065.03 2184.06
      vertex -1090.77 -1067.25 2181.33
      vertex -1091.6 -1064.69 2185.03
    endloop
  endfacet
  facet normal -0.127777 0.802698 -0.582536
    outer loop
      vertex -1090.77 -1067.25 2181.33
      vertex -1089.27 -1065.03 2184.06
      vertex -1088.5 -1064.98 2183.96
    endloop
  endfacet
  facet normal 0.574181 0.574181 0.583636
    outer loop
      vertex -1071.17 -1065.97 2211.99
      vertex -1069.9 -1074.03 2218.67
      vertex -1065.97 -1071.17 2211.99
    endloop
  endfacet
  facet normal 0.574181 0.574181 0.583636
    outer loop
      vertex -1069.9 -1074.03 2218.67
      vertex -1071.17 -1065.97 2211.99
      vertex -1074.03 -1069.9 2218.67
    endloop
  endfacet
  facet normal 0.723543 0.368728 0.583546
    outer loop
      vertex -1065.97 -1071.17 2211.99
      vertex -1069.9 -1074.03 2218.67
      vertex -1067.25 -1079.23 2218.67
    endloop
  endfacet
  facet normal 0.0491719 0.308366 0.949996
    outer loop
      vertex -1081.3 -1073.6 2223.52
      vertex -1085 -1073.01 2223.52
      vertex -1083.72 -1081.07 2226.07
    endloop
  endfacet
  facet normal 0.673448 0.673448 0.304853
    outer loop
      vertex -1064.69 -1070.25 2207.13
      vertex -1070.25 -1064.69 2207.13
      vertex -1071.17 -1065.97 2211.99
    endloop
  endfacet
  facet normal 0.666667 0.666667 0.333333
    outer loop
      vertex -1069.06 -1064.58 2204.27
      vertex -1064.53 -1069.04 2204.13
      vertex -1069.04 -1064.53 2204.13
    endloop
  endfacet
  facet normal 0.673189 0.673189 0.305995
    outer loop
      vertex -1064.58 -1069.06 2204.27
      vertex -1070.25 -1064.69 2207.13
      vertex -1064.69 -1070.25 2207.13
    endloop
  endfacet
  facet normal 0.666667 0.666667 0.333333
    outer loop
      vertex -1069.06 -1064.58 2204.27
      vertex -1064.58 -1069.06 2204.27
      vertex -1064.53 -1069.04 2204.13
    endloop
  endfacet
  facet normal 0.673189 0.673189 0.305995
    outer loop
      vertex -1070.25 -1064.69 2207.13
      vertex -1064.58 -1069.06 2204.27
      vertex -1069.06 -1064.58 2204.27
    endloop
  endfacet
  facet normal 0.673448 0.673448 0.304853
    outer loop
      vertex -1064.69 -1070.25 2207.13
      vertex -1071.17 -1065.97 2211.99
      vertex -1065.97 -1071.17 2211.99
    endloop
  endfacet
  facet normal 0.431746 0.85031 0.300945
    outer loop
      vertex -1071.17 -1065.97 2211.99
      vertex -1073.33 -1064.76 2211.67
      vertex -1073.75 -1064.66 2211.99
    endloop
  endfacet
  facet normal 0.429558 0.84853 0.308993
    outer loop
      vertex -1073.33 -1064.76 2211.67
      vertex -1071.17 -1065.97 2211.99
      vertex -1072.35 -1064.79 2210.39
    endloop
  endfacet
  facet normal 0.802396 0.125781 0.583387
    outer loop
      vertex -1067.25 -1079.23 2218.67
      vertex -1065.03 -1080.73 2215.94
      vertex -1064.69 -1078.4 2214.97
    endloop
  endfacet
  facet normal 0.802698 0.127777 0.582536
    outer loop
      vertex -1065.03 -1080.73 2215.94
      vertex -1067.25 -1079.23 2218.67
      vertex -1064.98 -1081.5 2216.04
    endloop
  endfacet
  facet normal -0.0932695 -0.584962 -0.80568
    outer loop
      vertex -1085 -1103.67 2181.33
      vertex -1090.77 -1102.75 2181.33
      vertex -1085 -1096.99 2176.48
    endloop
  endfacet
  facet normal 0.148789 -0.940606 0.305159
    outer loop
      vertex -1085 -1108.52 2211.99
      vertex -1085 -1111.07 2204.13
      vertex -1077.73 -1107.37 2211.99
    endloop
  endfacet
  facet normal -0.527821 0.268985 -0.805638
    outer loop
      vertex -1094.7 -1077.96 2176.48
      vertex -1102.75 -1079.23 2181.33
      vertex -1100.1 -1074.03 2181.33
    endloop
  endfacet
  facet normal -0.848503 0.431838 0.305873
    outer loop
      vertex -1106.1 -1069.67 2204.13
      vertex -1109.8 -1076.94 2204.13
      vertex -1104.03 -1071.17 2211.99
    endloop
  endfacet
  facet normal -0.574181 0.574181 0.583636
    outer loop
      vertex -1098.83 -1065.97 2211.99
      vertex -1100.1 -1074.03 2218.67
      vertex -1095.97 -1069.9 2218.67
    endloop
  endfacet
  facet normal -0.574181 0.574181 0.583636
    outer loop
      vertex -1100.1 -1074.03 2218.67
      vertex -1098.83 -1065.97 2211.99
      vertex -1104.03 -1071.17 2211.99
    endloop
  endfacet
  facet normal -0.278382 0.141691 0.949962
    outer loop
      vertex -1094.7 -1077.96 2223.52
      vertex -1096.4 -1081.3 2223.52
      vertex -1088.93 -1083.72 2226.07
    endloop
  endfacet
  facet normal 0.0481618 -0.308235 0.95009
    outer loop
      vertex -1085 -1089.13 2226.07
      vertex -1085 -1096.99 2223.52
      vertex -1083.72 -1088.93 2226.07
    endloop
  endfacet
  facet normal -0.308235 0.0481618 0.95009
    outer loop
      vertex -1088.93 -1083.72 2226.07
      vertex -1096.99 -1085 2223.52
      vertex -1089.13 -1085 2226.07
    endloop
  endfacet
  facet normal -0.723806 -0.368523 0.583349
    outer loop
      vertex -1102.75 -1090.77 2218.67
      vertex -1107.37 -1092.27 2211.99
      vertex -1104.03 -1098.83 2211.99
    endloop
  endfacet
  facet normal -0.848473 -0.431997 0.305734
    outer loop
      vertex -1107.37 -1092.27 2211.99
      vertex -1109.8 -1093.06 2204.13
      vertex -1104.03 -1098.83 2211.99
    endloop
  endfacet
  facet normal 0.584962 0.0932695 -0.80568
    outer loop
      vertex -1066.33 -1085 2181.33
      vertex -1073.01 -1085 2176.48
      vertex -1067.25 -1079.23 2181.33
    endloop
  endfacet
  facet normal 0.673189 0.673189 -0.305995
    outer loop
      vertex -1064.58 -1069.06 2195.73
      vertex -1070.25 -1064.69 2192.87
      vertex -1069.06 -1064.58 2195.73
    endloop
  endfacet
  facet normal 0.666667 0.666667 -0.333333
    outer loop
      vertex -1064.53 -1069.04 2195.87
      vertex -1069.06 -1064.58 2195.73
      vertex -1069.04 -1064.53 2195.87
    endloop
  endfacet
  facet normal 0.666667 0.666667 -0.333333
    outer loop
      vertex -1064.58 -1069.06 2195.73
      vertex -1069.06 -1064.58 2195.73
      vertex -1064.53 -1069.04 2195.87
    endloop
  endfacet
  facet normal 0.673189 0.673189 -0.305995
    outer loop
      vertex -1070.25 -1064.69 2192.87
      vertex -1064.58 -1069.06 2195.73
      vertex -1064.69 -1070.25 2192.87
    endloop
  endfacet
  facet normal 0.673448 0.673448 -0.304853
    outer loop
      vertex -1070.25 -1064.69 2192.87
      vertex -1064.69 -1070.25 2192.87
      vertex -1071.17 -1065.97 2188.01
    endloop
  endfacet
  facet normal 0.673448 0.673448 -0.304853
    outer loop
      vertex -1071.17 -1065.97 2188.01
      vertex -1064.69 -1070.25 2192.87
      vertex -1065.97 -1071.17 2188.01
    endloop
  endfacet
  facet normal 0.847656 -0.434133 0.304973
    outer loop
      vertex -1065.97 -1098.83 2211.99
      vertex -1064.86 -1099.29 2208.25
      vertex -1064.79 -1097.65 2210.39
    endloop
  endfacet
  facet normal 0.850419 -0.428596 0.305112
    outer loop
      vertex -1064.86 -1099.29 2208.25
      vertex -1065.97 -1098.83 2211.99
      vertex -1064.69 -1099.75 2207.13
    endloop
  endfacet
  facet normal -0.848503 -0.431838 -0.305873
    outer loop
      vertex -1106.1 -1100.33 2195.87
      vertex -1109.8 -1093.06 2195.87
      vertex -1104.03 -1098.83 2188.01
    endloop
  endfacet
  facet normal 0.847656 -0.434133 -0.304973
    outer loop
      vertex -1064.86 -1099.29 2191.75
      vertex -1065.97 -1098.83 2188.01
      vertex -1064.79 -1097.65 2189.61
    endloop
  endfacet
  facet normal 0.850419 -0.428596 -0.305112
    outer loop
      vertex -1065.97 -1098.83 2188.01
      vertex -1064.86 -1099.29 2191.75
      vertex -1064.69 -1099.75 2192.87
    endloop
  endfacet
  facet normal 0.368728 -0.723543 -0.583546
    outer loop
      vertex -1071.17 -1104.03 2188.01
      vertex -1079.23 -1102.75 2181.33
      vertex -1074.03 -1100.1 2181.33
    endloop
  endfacet
  facet normal -0.268985 -0.527821 -0.805638
    outer loop
      vertex -1090.77 -1102.75 2181.33
      vertex -1095.97 -1100.1 2181.33
      vertex -1092.04 -1094.7 2176.48
    endloop
  endfacet
  facet normal -0.940606 0.148789 -0.305159
    outer loop
      vertex -1108.52 -1085 2188.01
      vertex -1111.07 -1085 2195.87
      vertex -1107.37 -1077.73 2188.01
    endloop
  endfacet
  facet normal -0.268656 -0.527831 -0.805741
    outer loop
      vertex -1090.77 -1102.75 2181.33
      vertex -1092.04 -1094.7 2176.48
      vertex -1088.7 -1096.4 2176.48
    endloop
  endfacet
  facet normal -0.802249 -0.126903 -0.583345
    outer loop
      vertex -1107.37 -1092.27 2188.01
      vertex -1108.52 -1085 2188.01
      vertex -1102.75 -1090.77 2181.33
    endloop
  endfacet
  facet normal 0.268985 0.527821 -0.805638
    outer loop
      vertex -1077.96 -1075.3 2176.48
      vertex -1079.23 -1067.25 2181.33
      vertex -1074.03 -1069.9 2181.33
    endloop
  endfacet
  facet normal 0.0932695 0.584962 0.80568
    outer loop
      vertex -1085 -1066.33 2218.67
      vertex -1085 -1073.01 2223.52
      vertex -1079.23 -1067.25 2218.67
    endloop
  endfacet
  facet normal 0.127997 0.802761 0.582401
    outer loop
      vertex -1081.5 -1064.98 2216.04
      vertex -1085 -1066.33 2218.67
      vertex -1079.23 -1067.25 2218.67
    endloop
  endfacet
  facet normal 0.126931 0.803634 0.581431
    outer loop
      vertex -1085 -1066.33 2218.67
      vertex -1081.5 -1064.98 2216.04
      vertex -1085 -1064.76 2216.5
    endloop
  endfacet
  facet normal -0.0482275 0.308656 0.94995
    outer loop
      vertex -1085 -1080.87 2226.07
      vertex -1088.7 -1073.6 2223.52
      vertex -1086.28 -1081.07 2226.07
    endloop
  endfacet
  facet normal 0.277663 0.142453 0.950058
    outer loop
      vertex -1075.3 -1077.96 2223.52
      vertex -1081.66 -1082.57 2226.07
      vertex -1081.07 -1083.72 2226.07
    endloop
  endfacet
  facet normal 0.527821 0.268985 0.805638
    outer loop
      vertex -1069.9 -1074.03 2218.67
      vertex -1075.3 -1077.96 2223.52
      vertex -1067.25 -1079.23 2218.67
    endloop
  endfacet
  facet normal -0.431838 -0.848503 0.305873
    outer loop
      vertex -1098.83 -1104.03 2211.99
      vertex -1100.33 -1106.1 2204.13
      vertex -1093.06 -1109.8 2204.13
    endloop
  endfacet
  facet normal -0.155648 -0.987813 0
    outer loop
      vertex -1093.06 -1109.8 2195.87
      vertex -1085 -1111.07 2204.13
      vertex -1093.06 -1109.8 2204.13
    endloop
  endfacet
  facet normal -0.155648 -0.987813 -0
    outer loop
      vertex -1085 -1111.07 2204.13
      vertex -1093.06 -1109.8 2195.87
      vertex -1085 -1111.07 2195.87
    endloop
  endfacet
  facet normal -0.527821 0.268985 0.805638
    outer loop
      vertex -1100.1 -1074.03 2218.67
      vertex -1102.75 -1079.23 2218.67
      vertex -1094.7 -1077.96 2223.52
    endloop
  endfacet
  facet normal -0.940533 0.148198 -0.305671
    outer loop
      vertex -1107.37 -1077.73 2188.01
      vertex -1111.07 -1085 2195.87
      vertex -1109.8 -1076.94 2195.87
    endloop
  endfacet
  facet normal -0.891217 0.453577 0
    outer loop
      vertex -1109.8 -1076.94 2195.87
      vertex -1106.1 -1069.67 2204.13
      vertex -1106.1 -1069.67 2195.87
    endloop
  endfacet
  facet normal -0.891217 0.453577 0
    outer loop
      vertex -1106.1 -1069.67 2204.13
      vertex -1109.8 -1076.94 2195.87
      vertex -1109.8 -1076.94 2204.13
    endloop
  endfacet
  facet normal -0.431746 0.85031 0.300945
    outer loop
      vertex -1096.67 -1064.76 2211.67
      vertex -1098.83 -1065.97 2211.99
      vertex -1096.25 -1064.66 2211.99
    endloop
  endfacet
  facet normal -0.429558 0.84853 0.308993
    outer loop
      vertex -1098.83 -1065.97 2211.99
      vertex -1096.67 -1064.76 2211.67
      vertex -1097.65 -1064.79 2210.39
    endloop
  endfacet
  facet normal -0.802555 0.127964 -0.582693
    outer loop
      vertex -1103.67 -1085 2181.33
      vertex -1108.52 -1085 2188.01
      vertex -1102.75 -1079.23 2181.33
    endloop
  endfacet
  facet normal -0.723543 0.368728 0.583546
    outer loop
      vertex -1100.1 -1074.03 2218.67
      vertex -1104.03 -1071.17 2211.99
      vertex -1102.75 -1079.23 2218.67
    endloop
  endfacet
  facet normal -0.0482275 -0.308656 0.94995
    outer loop
      vertex -1086.28 -1088.93 2226.07
      vertex -1088.7 -1096.4 2223.52
      vertex -1085 -1089.13 2226.07
    endloop
  endfacet
  facet normal -0.268985 0.527821 0.805638
    outer loop
      vertex -1090.77 -1067.25 2218.67
      vertex -1095.97 -1069.9 2218.67
      vertex -1092.04 -1075.3 2223.52
    endloop
  endfacet
  facet normal 0.127964 -0.802555 0.582693
    outer loop
      vertex -1085 -1103.67 2218.67
      vertex -1085 -1108.52 2211.99
      vertex -1079.23 -1102.75 2218.67
    endloop
  endfacet
  facet normal -0.141691 0.278382 0.949962
    outer loop
      vertex -1088.7 -1073.6 2223.52
      vertex -1092.04 -1075.3 2223.52
      vertex -1086.28 -1081.07 2226.07
    endloop
  endfacet
  facet normal 0.0491719 0.308366 -0.949996
    outer loop
      vertex -1083.72 -1081.07 2173.93
      vertex -1085 -1073.01 2176.48
      vertex -1081.3 -1073.6 2176.48
    endloop
  endfacet
  facet normal 0.268656 0.527831 -0.805741
    outer loop
      vertex -1077.96 -1075.3 2176.48
      vertex -1081.3 -1073.6 2176.48
      vertex -1079.23 -1067.25 2181.33
    endloop
  endfacet
  facet normal 0.574181 0.574181 -0.583636
    outer loop
      vertex -1069.9 -1074.03 2181.33
      vertex -1071.17 -1065.97 2188.01
      vertex -1065.97 -1071.17 2188.01
    endloop
  endfacet
  facet normal 0.574181 0.574181 -0.583636
    outer loop
      vertex -1071.17 -1065.97 2188.01
      vertex -1069.9 -1074.03 2181.33
      vertex -1074.03 -1069.9 2181.33
    endloop
  endfacet
  facet normal 0.368354 0.725461 -0.581396
    outer loop
      vertex -1071.17 -1065.97 2188.01
      vertex -1076.75 -1064.98 2185.71
      vertex -1073.75 -1064.66 2188.01
    endloop
  endfacet
  facet normal 0.368935 0.723278 -0.583744
    outer loop
      vertex -1079.23 -1067.25 2181.33
      vertex -1076.75 -1064.98 2185.71
      vertex -1071.17 -1065.97 2188.01
    endloop
  endfacet
  facet normal 0.367733 0.724096 -0.583488
    outer loop
      vertex -1076.75 -1064.98 2185.71
      vertex -1079.23 -1067.25 2181.33
      vertex -1078.4 -1064.69 2185.03
    endloop
  endfacet
  facet normal 0.724096 -0.367733 -0.583488
    outer loop
      vertex -1064.98 -1093.25 2185.71
      vertex -1067.25 -1090.77 2181.33
      vertex -1064.69 -1091.6 2185.03
    endloop
  endfacet
  facet normal 0.725461 -0.368354 -0.581396
    outer loop
      vertex -1065.97 -1098.83 2188.01
      vertex -1064.98 -1093.25 2185.71
      vertex -1064.66 -1096.25 2188.01
    endloop
  endfacet
  facet normal 0.723278 -0.368935 -0.583744
    outer loop
      vertex -1064.98 -1093.25 2185.71
      vertex -1065.97 -1098.83 2188.01
      vertex -1067.25 -1090.77 2181.33
    endloop
  endfacet
  facet normal 0.725461 0.368354 -0.581396
    outer loop
      vertex -1064.98 -1076.75 2185.71
      vertex -1065.97 -1071.17 2188.01
      vertex -1064.66 -1073.75 2188.01
    endloop
  endfacet
  facet normal 0.724096 0.367733 -0.583488
    outer loop
      vertex -1067.25 -1079.23 2181.33
      vertex -1064.98 -1076.75 2185.71
      vertex -1064.69 -1078.4 2185.03
    endloop
  endfacet
  facet normal 0.723278 0.368935 -0.583744
    outer loop
      vertex -1064.98 -1076.75 2185.71
      vertex -1067.25 -1079.23 2181.33
      vertex -1065.97 -1071.17 2188.01
    endloop
  endfacet
  facet normal 0.84853 -0.429558 0.308993
    outer loop
      vertex -1064.76 -1096.67 2211.67
      vertex -1065.97 -1098.83 2211.99
      vertex -1064.79 -1097.65 2210.39
    endloop
  endfacet
  facet normal 0.85031 -0.431746 0.300945
    outer loop
      vertex -1065.97 -1098.83 2211.99
      vertex -1064.76 -1096.67 2211.67
      vertex -1064.66 -1096.25 2211.99
    endloop
  endfacet
  facet normal 0.803634 -0.126931 0.581431
    outer loop
      vertex -1066.33 -1085 2218.67
      vertex -1064.98 -1088.5 2216.04
      vertex -1064.76 -1085 2216.5
    endloop
  endfacet
  facet normal 0.802761 -0.127997 0.582401
    outer loop
      vertex -1064.98 -1088.5 2216.04
      vertex -1066.33 -1085 2218.67
      vertex -1067.25 -1090.77 2218.67
    endloop
  endfacet
  facet normal 0.431838 -0.848503 0.305873
    outer loop
      vertex -1071.17 -1104.03 2211.99
      vertex -1076.94 -1109.8 2204.13
      vertex -1069.67 -1106.1 2204.13
    endloop
  endfacet
  facet normal -0.126903 -0.802249 0.583345
    outer loop
      vertex -1090.77 -1102.75 2218.67
      vertex -1092.27 -1107.37 2211.99
      vertex -1085 -1108.52 2211.99
    endloop
  endfacet
  facet normal -0.142453 0.277663 0.950058
    outer loop
      vertex -1086.28 -1081.07 2226.07
      vertex -1092.04 -1075.3 2223.52
      vertex -1087.43 -1081.66 2226.07
    endloop
  endfacet
  facet normal 0.673448 -0.673448 0.304853
    outer loop
      vertex -1071.17 -1104.03 2211.99
      vertex -1064.69 -1099.75 2207.13
      vertex -1065.97 -1098.83 2211.99
    endloop
  endfacet
  facet normal 0.673692 -0.672795 0.305754
    outer loop
      vertex -1069.67 -1106.1 2204.13
      vertex -1064.69 -1099.75 2207.13
      vertex -1071.17 -1104.03 2211.99
    endloop
  endfacet
  facet normal 0.673642 -0.672801 0.305851
    outer loop
      vertex -1064.69 -1099.75 2207.13
      vertex -1069.67 -1106.1 2204.13
      vertex -1064.58 -1100.94 2204.27
    endloop
  endfacet
  facet normal 0.666667 -0.666667 0.333333
    outer loop
      vertex -1064.58 -1100.94 2204.27
      vertex -1069.67 -1106.1 2204.13
      vertex -1064.53 -1100.96 2204.13
    endloop
  endfacet
  facet normal 0.574181 -0.574181 -0.583636
    outer loop
      vertex -1071.17 -1104.03 2188.01
      vertex -1069.9 -1095.97 2181.33
      vertex -1065.97 -1098.83 2188.01
    endloop
  endfacet
  facet normal 0.574181 -0.574181 -0.583636
    outer loop
      vertex -1069.9 -1095.97 2181.33
      vertex -1071.17 -1104.03 2188.01
      vertex -1074.03 -1100.1 2181.33
    endloop
  endfacet
  facet normal 0.584957 -0.0932769 -0.805683
    outer loop
      vertex -1067.25 -1090.77 2181.33
      vertex -1073.6 -1088.7 2176.48
      vertex -1073.01 -1085 2176.48
    endloop
  endfacet
  facet normal 0.803634 -0.126931 -0.581431
    outer loop
      vertex -1064.98 -1088.5 2183.96
      vertex -1066.33 -1085 2181.33
      vertex -1064.76 -1085 2183.5
    endloop
  endfacet
  facet normal 0.802761 -0.127997 -0.582401
    outer loop
      vertex -1066.33 -1085 2181.33
      vertex -1064.98 -1088.5 2183.96
      vertex -1067.25 -1090.77 2181.33
    endloop
  endfacet
  facet normal 0.802396 0.125781 -0.583387
    outer loop
      vertex -1065.03 -1080.73 2184.06
      vertex -1067.25 -1079.23 2181.33
      vertex -1064.69 -1078.4 2185.03
    endloop
  endfacet
  facet normal 0.802698 0.127777 -0.582536
    outer loop
      vertex -1067.25 -1079.23 2181.33
      vertex -1065.03 -1080.73 2184.06
      vertex -1064.98 -1081.5 2183.96
    endloop
  endfacet
  facet normal -0.527821 -0.268985 -0.805638
    outer loop
      vertex -1100.1 -1095.97 2181.33
      vertex -1102.75 -1090.77 2181.33
      vertex -1094.7 -1092.04 2176.48
    endloop
  endfacet
  facet normal 0.268985 -0.527821 -0.805638
    outer loop
      vertex -1074.03 -1100.1 2181.33
      vertex -1079.23 -1102.75 2181.33
      vertex -1077.96 -1094.7 2176.48
    endloop
  endfacet
  facet normal 0.431997 -0.848473 -0.305734
    outer loop
      vertex -1076.94 -1109.8 2195.87
      vertex -1077.73 -1107.37 2188.01
      vertex -1071.17 -1104.03 2188.01
    endloop
  endfacet
  facet normal 0.148198 -0.940533 -0.305671
    outer loop
      vertex -1076.94 -1109.8 2195.87
      vertex -1085 -1111.07 2195.87
      vertex -1077.73 -1107.37 2188.01
    endloop
  endfacet
  facet normal -0.431997 -0.848473 0.305734
    outer loop
      vertex -1092.27 -1107.37 2211.99
      vertex -1098.83 -1104.03 2211.99
      vertex -1093.06 -1109.8 2204.13
    endloop
  endfacet
  facet normal -0.268985 -0.527821 0.805638
    outer loop
      vertex -1092.04 -1094.7 2223.52
      vertex -1095.97 -1100.1 2218.67
      vertex -1090.77 -1102.75 2218.67
    endloop
  endfacet
  facet normal -0.0932769 0.584957 -0.805683
    outer loop
      vertex -1088.7 -1073.6 2176.48
      vertex -1090.77 -1067.25 2181.33
      vertex -1085 -1073.01 2176.48
    endloop
  endfacet
  facet normal -0.368728 0.723543 -0.583546
    outer loop
      vertex -1095.97 -1069.9 2181.33
      vertex -1098.83 -1065.97 2188.01
      vertex -1090.77 -1067.25 2181.33
    endloop
  endfacet
  facet normal 0.434133 0.847656 -0.304973
    outer loop
      vertex -1070.71 -1064.86 2191.75
      vertex -1071.17 -1065.97 2188.01
      vertex -1072.35 -1064.79 2189.61
    endloop
  endfacet
  facet normal 0.428596 0.850419 -0.305112
    outer loop
      vertex -1071.17 -1065.97 2188.01
      vertex -1070.71 -1064.86 2191.75
      vertex -1070.25 -1064.69 2192.87
    endloop
  endfacet
  facet normal 0.707106 0.707106 -0.00171212
    outer loop
      vertex -1069.04 -1064.53 2204.13
      vertex -1065.08 -1068.5 2200
      vertex -1068.5 -1065.08 2200
    endloop
  endfacet
  facet normal 0.707106 0.707106 -0.00171212
    outer loop
      vertex -1065.08 -1068.5 2200
      vertex -1069.04 -1064.53 2204.13
      vertex -1064.53 -1069.04 2204.13
    endloop
  endfacet
  facet normal 0.707106 0.707106 0.00171212
    outer loop
      vertex -1065.08 -1068.5 2200
      vertex -1069.04 -1064.53 2195.87
      vertex -1068.5 -1065.08 2200
    endloop
  endfacet
  facet normal 0.707106 0.707106 0.00171212
    outer loop
      vertex -1069.04 -1064.53 2195.87
      vertex -1065.08 -1068.5 2200
      vertex -1064.53 -1069.04 2195.87
    endloop
  endfacet
  facet normal 0.127777 0.802698 0.582536
    outer loop
      vertex -1079.23 -1067.25 2218.67
      vertex -1080.73 -1065.03 2215.94
      vertex -1081.5 -1064.98 2216.04
    endloop
  endfacet
  facet normal 0.125781 0.802396 0.583387
    outer loop
      vertex -1080.73 -1065.03 2215.94
      vertex -1079.23 -1067.25 2218.67
      vertex -1078.4 -1064.69 2214.97
    endloop
  endfacet
  facet normal 0.367733 0.724096 0.583488
    outer loop
      vertex -1079.23 -1067.25 2218.67
      vertex -1076.75 -1064.98 2214.29
      vertex -1078.4 -1064.69 2214.97
    endloop
  endfacet
  facet normal 0.368935 0.723278 0.583744
    outer loop
      vertex -1071.17 -1065.97 2211.99
      vertex -1076.75 -1064.98 2214.29
      vertex -1079.23 -1067.25 2218.67
    endloop
  endfacet
  facet normal 0.368354 0.725461 0.581396
    outer loop
      vertex -1076.75 -1064.98 2214.29
      vertex -1071.17 -1065.97 2211.99
      vertex -1073.75 -1064.66 2211.99
    endloop
  endfacet
  facet normal -0.418829 0.418829 0.805707
    outer loop
      vertex -1095.97 -1069.9 2218.67
      vertex -1094.7 -1077.96 2223.52
      vertex -1092.04 -1075.3 2223.52
    endloop
  endfacet
  facet normal -0.418829 0.418829 0.805707
    outer loop
      vertex -1094.7 -1077.96 2223.52
      vertex -1095.97 -1069.9 2218.67
      vertex -1100.1 -1074.03 2218.67
    endloop
  endfacet
  facet normal -0.0932769 0.584957 0.805683
    outer loop
      vertex -1085 -1073.01 2223.52
      vertex -1090.77 -1067.25 2218.67
      vertex -1088.7 -1073.6 2223.52
    endloop
  endfacet
  facet normal 0.725461 0.368354 0.581396
    outer loop
      vertex -1065.97 -1071.17 2211.99
      vertex -1064.98 -1076.75 2214.29
      vertex -1064.66 -1073.75 2211.99
    endloop
  endfacet
  facet normal 0.723278 0.368935 0.583744
    outer loop
      vertex -1067.25 -1079.23 2218.67
      vertex -1064.98 -1076.75 2214.29
      vertex -1065.97 -1071.17 2211.99
    endloop
  endfacet
  facet normal 0.724096 0.367733 0.583488
    outer loop
      vertex -1064.98 -1076.75 2214.29
      vertex -1067.25 -1079.23 2218.67
      vertex -1064.69 -1078.4 2214.97
    endloop
  endfacet
  facet normal 0.278382 0.141691 0.949962
    outer loop
      vertex -1075.3 -1077.96 2223.52
      vertex -1081.07 -1083.72 2226.07
      vertex -1073.6 -1081.3 2223.52
    endloop
  endfacet
  facet normal 0.141691 0.278382 0.949962
    outer loop
      vertex -1081.3 -1073.6 2223.52
      vertex -1083.72 -1081.07 2226.07
      vertex -1077.96 -1075.3 2223.52
    endloop
  endfacet
  facet normal 0.527831 0.268656 0.805741
    outer loop
      vertex -1067.25 -1079.23 2218.67
      vertex -1075.3 -1077.96 2223.52
      vertex -1073.6 -1081.3 2223.52
    endloop
  endfacet
  facet normal 0.268656 0.527831 0.805741
    outer loop
      vertex -1079.23 -1067.25 2218.67
      vertex -1081.3 -1073.6 2223.52
      vertex -1077.96 -1075.3 2223.52
    endloop
  endfacet
  facet normal 0.0932769 0.584957 0.805683
    outer loop
      vertex -1079.23 -1067.25 2218.67
      vertex -1085 -1073.01 2223.52
      vertex -1081.3 -1073.6 2223.52
    endloop
  endfacet
  facet normal 0.850419 0.428596 0.305112
    outer loop
      vertex -1065.97 -1071.17 2211.99
      vertex -1064.86 -1070.71 2208.25
      vertex -1064.69 -1070.25 2207.13
    endloop
  endfacet
  facet normal 0.847656 0.434133 0.304973
    outer loop
      vertex -1064.86 -1070.71 2208.25
      vertex -1065.97 -1071.17 2211.99
      vertex -1064.79 -1072.35 2210.39
    endloop
  endfacet
  facet normal 0.802698 -0.127777 0.582536
    outer loop
      vertex -1067.25 -1090.77 2218.67
      vertex -1065.03 -1089.27 2215.94
      vertex -1064.98 -1088.5 2216.04
    endloop
  endfacet
  facet normal 0.802396 -0.125781 0.583387
    outer loop
      vertex -1065.03 -1089.27 2215.94
      vertex -1067.25 -1090.77 2218.67
      vertex -1064.69 -1091.6 2214.97
    endloop
  endfacet
  facet normal -0.802249 0.126903 0.583345
    outer loop
      vertex -1107.37 -1077.73 2211.99
      vertex -1108.52 -1085 2211.99
      vertex -1102.75 -1079.23 2218.67
    endloop
  endfacet
  facet normal -0.940606 0.148789 0.305159
    outer loop
      vertex -1107.37 -1077.73 2211.99
      vertex -1111.07 -1085 2204.13
      vertex -1108.52 -1085 2211.99
    endloop
  endfacet
  facet normal -0.940533 0.148198 0.305671
    outer loop
      vertex -1109.8 -1076.94 2204.13
      vertex -1111.07 -1085 2204.13
      vertex -1107.37 -1077.73 2211.99
    endloop
  endfacet
  facet normal -0.723806 0.368523 0.583349
    outer loop
      vertex -1104.03 -1071.17 2211.99
      vertex -1107.37 -1077.73 2211.99
      vertex -1102.75 -1079.23 2218.67
    endloop
  endfacet
  facet normal -0.940606 -0.148789 0.305159
    outer loop
      vertex -1108.52 -1085 2211.99
      vertex -1111.07 -1085 2204.13
      vertex -1107.37 -1092.27 2211.99
    endloop
  endfacet
  facet normal -0.802249 -0.126903 0.583345
    outer loop
      vertex -1102.75 -1090.77 2218.67
      vertex -1108.52 -1085 2211.99
      vertex -1107.37 -1092.27 2211.99
    endloop
  endfacet
  facet normal -0.802555 -0.127964 -0.582693
    outer loop
      vertex -1102.75 -1090.77 2181.33
      vertex -1108.52 -1085 2188.01
      vertex -1103.67 -1085 2181.33
    endloop
  endfacet
  facet normal -0.987813 0.155648 0
    outer loop
      vertex -1111.07 -1085 2195.87
      vertex -1109.8 -1076.94 2204.13
      vertex -1109.8 -1076.94 2195.87
    endloop
  endfacet
  facet normal -0.987813 0.155648 0
    outer loop
      vertex -1109.8 -1076.94 2204.13
      vertex -1111.07 -1085 2195.87
      vertex -1111.07 -1085 2204.13
    endloop
  endfacet
  facet normal -0.429558 0.84853 -0.308993
    outer loop
      vertex -1096.67 -1064.76 2188.33
      vertex -1098.83 -1065.97 2188.01
      vertex -1097.65 -1064.79 2189.61
    endloop
  endfacet
  facet normal -0.431746 0.85031 -0.300945
    outer loop
      vertex -1098.83 -1065.97 2188.01
      vertex -1096.67 -1064.76 2188.33
      vertex -1096.25 -1064.66 2188.01
    endloop
  endfacet
  facet normal -0.268656 0.527831 0.805741
    outer loop
      vertex -1090.77 -1067.25 2218.67
      vertex -1092.04 -1075.3 2223.52
      vertex -1088.7 -1073.6 2223.52
    endloop
  endfacet
  facet normal 0.0932695 0.584962 -0.80568
    outer loop
      vertex -1079.23 -1067.25 2181.33
      vertex -1085 -1073.01 2176.48
      vertex -1085 -1066.33 2181.33
    endloop
  endfacet
  facet normal -0.308366 0.0491719 -0.949996
    outer loop
      vertex -1088.93 -1083.72 2173.93
      vertex -1096.99 -1085 2176.48
      vertex -1096.4 -1081.3 2176.48
    endloop
  endfacet
  facet normal -0.268985 0.527821 -0.805638
    outer loop
      vertex -1092.04 -1075.3 2176.48
      vertex -1095.97 -1069.9 2181.33
      vertex -1090.77 -1067.25 2181.33
    endloop
  endfacet
  facet normal -0.368354 0.725461 -0.581396
    outer loop
      vertex -1093.25 -1064.98 2185.71
      vertex -1098.83 -1065.97 2188.01
      vertex -1096.25 -1064.66 2188.01
    endloop
  endfacet
  facet normal -0.367733 0.724096 -0.583488
    outer loop
      vertex -1090.77 -1067.25 2181.33
      vertex -1093.25 -1064.98 2185.71
      vertex -1091.6 -1064.69 2185.03
    endloop
  endfacet
  facet normal -0.368935 0.723278 -0.583744
    outer loop
      vertex -1093.25 -1064.98 2185.71
      vertex -1090.77 -1067.25 2181.33
      vertex -1098.83 -1065.97 2188.01
    endloop
  endfacet
  facet normal -0.434133 0.847656 0.304973
    outer loop
      vertex -1099.29 -1064.86 2208.25
      vertex -1098.83 -1065.97 2211.99
      vertex -1097.65 -1064.79 2210.39
    endloop
  endfacet
  facet normal -0.428596 0.850419 0.305112
    outer loop
      vertex -1098.83 -1065.97 2211.99
      vertex -1099.29 -1064.86 2208.25
      vertex -1099.75 -1064.69 2207.13
    endloop
  endfacet
  facet normal 0.0481618 0.308235 0.95009
    outer loop
      vertex -1085 -1073.01 2223.52
      vertex -1085 -1080.87 2226.07
      vertex -1083.72 -1081.07 2226.07
    endloop
  endfacet
  facet normal -0.0491487 0.308221 0.950044
    outer loop
      vertex -1085 -1073.01 2223.52
      vertex -1088.7 -1073.6 2223.52
      vertex -1085 -1080.87 2226.07
    endloop
  endfacet
  facet normal 0.141691 -0.278382 0.949962
    outer loop
      vertex -1077.96 -1094.7 2223.52
      vertex -1083.72 -1088.93 2226.07
      vertex -1081.3 -1096.4 2223.52
    endloop
  endfacet
  facet normal -0.141691 -0.278382 0.949962
    outer loop
      vertex -1086.28 -1088.93 2226.07
      vertex -1092.04 -1094.7 2223.52
      vertex -1088.7 -1096.4 2223.52
    endloop
  endfacet
  facet normal -0.308656 -0.0482275 0.94995
    outer loop
      vertex -1089.13 -1085 2226.07
      vertex -1096.4 -1088.7 2223.52
      vertex -1088.93 -1086.28 2226.07
    endloop
  endfacet
  facet normal 0.0932695 -0.584962 0.80568
    outer loop
      vertex -1085 -1096.99 2223.52
      vertex -1085 -1103.67 2218.67
      vertex -1079.23 -1102.75 2218.67
    endloop
  endfacet
  facet normal 0.368523 -0.723806 0.583349
    outer loop
      vertex -1071.17 -1104.03 2211.99
      vertex -1079.23 -1102.75 2218.67
      vertex -1077.73 -1107.37 2211.99
    endloop
  endfacet
  facet normal -0.527821 -0.268985 0.805638
    outer loop
      vertex -1094.7 -1092.04 2223.52
      vertex -1102.75 -1090.77 2218.67
      vertex -1100.1 -1095.97 2218.67
    endloop
  endfacet
  facet normal -0.418829 -0.418829 0.805707
    outer loop
      vertex -1094.7 -1092.04 2223.52
      vertex -1095.97 -1100.1 2218.67
      vertex -1092.04 -1094.7 2223.52
    endloop
  endfacet
  facet normal -0.418829 -0.418829 0.805707
    outer loop
      vertex -1095.97 -1100.1 2218.67
      vertex -1094.7 -1092.04 2223.52
      vertex -1100.1 -1095.97 2218.67
    endloop
  endfacet
  facet normal -0.574181 -0.574181 0.583636
    outer loop
      vertex -1100.1 -1095.97 2218.67
      vertex -1098.83 -1104.03 2211.99
      vertex -1095.97 -1100.1 2218.67
    endloop
  endfacet
  facet normal -0.574181 -0.574181 0.583636
    outer loop
      vertex -1098.83 -1104.03 2211.99
      vertex -1100.1 -1095.97 2218.67
      vertex -1104.03 -1098.83 2211.99
    endloop
  endfacet
  facet normal -0.127964 -0.802555 0.582693
    outer loop
      vertex -1085 -1103.67 2218.67
      vertex -1090.77 -1102.75 2218.67
      vertex -1085 -1108.52 2211.99
    endloop
  endfacet
  facet normal -0.0932695 -0.584962 0.80568
    outer loop
      vertex -1085 -1096.99 2223.52
      vertex -1090.77 -1102.75 2218.67
      vertex -1085 -1103.67 2218.67
    endloop
  endfacet
  facet normal 0.0932769 0.584957 -0.805683
    outer loop
      vertex -1081.3 -1073.6 2176.48
      vertex -1085 -1073.01 2176.48
      vertex -1079.23 -1067.25 2181.33
    endloop
  endfacet
  facet normal 0.0481618 -0.308235 -0.95009
    outer loop
      vertex -1083.72 -1088.93 2173.93
      vertex -1085 -1096.99 2176.48
      vertex -1085 -1089.13 2173.93
    endloop
  endfacet
  facet normal 0.308366 0.0491719 -0.949996
    outer loop
      vertex -1073.01 -1085 2176.48
      vertex -1081.07 -1083.72 2173.93
      vertex -1073.6 -1081.3 2176.48
    endloop
  endfacet
  facet normal 0.527821 0.268985 -0.805638
    outer loop
      vertex -1067.25 -1079.23 2181.33
      vertex -1075.3 -1077.96 2176.48
      vertex -1069.9 -1074.03 2181.33
    endloop
  endfacet
  facet normal 0.723543 0.368728 -0.583546
    outer loop
      vertex -1067.25 -1079.23 2181.33
      vertex -1069.9 -1074.03 2181.33
      vertex -1065.97 -1071.17 2188.01
    endloop
  endfacet
  facet normal 0.308656 -0.0482275 0.94995
    outer loop
      vertex -1080.87 -1085 2226.07
      vertex -1081.07 -1086.28 2226.07
      vertex -1073.6 -1088.7 2223.52
    endloop
  endfacet
  facet normal -0.277663 -0.142453 0.950058
    outer loop
      vertex -1088.93 -1086.28 2226.07
      vertex -1094.7 -1092.04 2223.52
      vertex -1088.34 -1087.43 2226.07
    endloop
  endfacet
  facet normal 0.368728 -0.723543 0.583546
    outer loop
      vertex -1074.03 -1100.1 2218.67
      vertex -1079.23 -1102.75 2218.67
      vertex -1071.17 -1104.03 2211.99
    endloop
  endfacet
  facet normal -0.0491487 -0.308221 0.950044
    outer loop
      vertex -1085 -1089.13 2226.07
      vertex -1088.7 -1096.4 2223.52
      vertex -1085 -1096.99 2223.52
    endloop
  endfacet
  facet normal 0.148198 -0.940533 0.305671
    outer loop
      vertex -1077.73 -1107.37 2211.99
      vertex -1085 -1111.07 2204.13
      vertex -1076.94 -1109.8 2204.13
    endloop
  endfacet
  facet normal 0.155648 -0.987813 0
    outer loop
      vertex -1085 -1111.07 2195.87
      vertex -1076.94 -1109.8 2204.13
      vertex -1085 -1111.07 2204.13
    endloop
  endfacet
  facet normal 0.155648 -0.987813 0
    outer loop
      vertex -1076.94 -1109.8 2204.13
      vertex -1085 -1111.07 2195.87
      vertex -1076.94 -1109.8 2195.87
    endloop
  endfacet
  facet normal 0.126903 -0.802249 0.583345
    outer loop
      vertex -1079.23 -1102.75 2218.67
      vertex -1085 -1108.52 2211.99
      vertex -1077.73 -1107.37 2211.99
    endloop
  endfacet
  facet normal 0.268985 -0.527821 0.805638
    outer loop
      vertex -1077.96 -1094.7 2223.52
      vertex -1079.23 -1102.75 2218.67
      vertex -1074.03 -1100.1 2218.67
    endloop
  endfacet
  facet normal 0.584957 0.0932769 -0.805683
    outer loop
      vertex -1073.01 -1085 2176.48
      vertex -1073.6 -1081.3 2176.48
      vertex -1067.25 -1079.23 2181.33
    endloop
  endfacet
  facet normal 0.527821 -0.268985 -0.805638
    outer loop
      vertex -1069.9 -1095.97 2181.33
      vertex -1075.3 -1092.04 2176.48
      vertex -1067.25 -1090.77 2181.33
    endloop
  endfacet
  facet normal 0.723543 -0.368728 -0.583546
    outer loop
      vertex -1065.97 -1098.83 2188.01
      vertex -1069.9 -1095.97 2181.33
      vertex -1067.25 -1090.77 2181.33
    endloop
  endfacet
  facet normal 0.527831 -0.268656 -0.805741
    outer loop
      vertex -1067.25 -1090.77 2181.33
      vertex -1075.3 -1092.04 2176.48
      vertex -1073.6 -1088.7 2176.48
    endloop
  endfacet
  facet normal 0.308656 -0.0482275 -0.94995
    outer loop
      vertex -1073.6 -1088.7 2176.48
      vertex -1081.07 -1086.28 2173.93
      vertex -1080.87 -1085 2173.93
    endloop
  endfacet
  facet normal 0.802698 -0.127777 -0.582536
    outer loop
      vertex -1065.03 -1089.27 2184.06
      vertex -1067.25 -1090.77 2181.33
      vertex -1064.98 -1088.5 2183.96
    endloop
  endfacet
  facet normal 0.802396 -0.125781 -0.583387
    outer loop
      vertex -1067.25 -1090.77 2181.33
      vertex -1065.03 -1089.27 2184.06
      vertex -1064.69 -1091.6 2185.03
    endloop
  endfacet
  facet normal 0.278382 -0.141691 -0.949962
    outer loop
      vertex -1075.3 -1092.04 2176.48
      vertex -1081.07 -1086.28 2173.93
      vertex -1073.6 -1088.7 2176.48
    endloop
  endfacet
  facet normal 0.277663 -0.142453 -0.950058
    outer loop
      vertex -1075.3 -1092.04 2176.48
      vertex -1081.66 -1087.43 2173.93
      vertex -1081.07 -1086.28 2173.93
    endloop
  endfacet
  facet normal 0.0932769 -0.584957 -0.805683
    outer loop
      vertex -1079.23 -1102.75 2181.33
      vertex -1085 -1096.99 2176.48
      vertex -1081.3 -1096.4 2176.48
    endloop
  endfacet
  facet normal 0.142453 -0.277663 -0.950058
    outer loop
      vertex -1077.96 -1094.7 2176.48
      vertex -1083.72 -1088.93 2173.93
      vertex -1082.57 -1088.34 2173.93
    endloop
  endfacet
  facet normal -0.368728 -0.723543 -0.583546
    outer loop
      vertex -1090.77 -1102.75 2181.33
      vertex -1098.83 -1104.03 2188.01
      vertex -1095.97 -1100.1 2181.33
    endloop
  endfacet
  facet normal 0.126903 -0.802249 -0.583345
    outer loop
      vertex -1077.73 -1107.37 2188.01
      vertex -1085 -1108.52 2188.01
      vertex -1079.23 -1102.75 2181.33
    endloop
  endfacet
  facet normal 0.148789 -0.940606 -0.305159
    outer loop
      vertex -1077.73 -1107.37 2188.01
      vertex -1085 -1111.07 2195.87
      vertex -1085 -1108.52 2188.01
    endloop
  endfacet
  facet normal -0.574181 -0.574181 -0.583636
    outer loop
      vertex -1098.83 -1104.03 2188.01
      vertex -1100.1 -1095.97 2181.33
      vertex -1095.97 -1100.1 2181.33
    endloop
  endfacet
  facet normal -0.574181 -0.574181 -0.583636
    outer loop
      vertex -1100.1 -1095.97 2181.33
      vertex -1098.83 -1104.03 2188.01
      vertex -1104.03 -1098.83 2188.01
    endloop
  endfacet
  facet normal 0.434133 0.847656 0.304973
    outer loop
      vertex -1071.17 -1065.97 2211.99
      vertex -1070.71 -1064.86 2208.25
      vertex -1072.35 -1064.79 2210.39
    endloop
  endfacet
  facet normal 0.428596 0.850419 0.305112
    outer loop
      vertex -1070.71 -1064.86 2208.25
      vertex -1071.17 -1065.97 2211.99
      vertex -1070.25 -1064.69 2207.13
    endloop
  endfacet
  facet normal 0.429558 0.84853 -0.308993
    outer loop
      vertex -1071.17 -1065.97 2188.01
      vertex -1073.33 -1064.76 2188.33
      vertex -1072.35 -1064.79 2189.61
    endloop
  endfacet
  facet normal 0.431746 0.85031 -0.300945
    outer loop
      vertex -1073.33 -1064.76 2188.33
      vertex -1071.17 -1065.97 2188.01
      vertex -1073.75 -1064.66 2188.01
    endloop
  endfacet
  facet normal -0.126931 0.803634 0.581431
    outer loop
      vertex -1088.5 -1064.98 2216.04
      vertex -1085 -1066.33 2218.67
      vertex -1085 -1064.76 2216.5
    endloop
  endfacet
  facet normal -0.127997 0.802761 0.582401
    outer loop
      vertex -1085 -1066.33 2218.67
      vertex -1088.5 -1064.98 2216.04
      vertex -1090.77 -1067.25 2218.67
    endloop
  endfacet
  facet normal -0.0932695 0.584962 0.80568
    outer loop
      vertex -1085 -1066.33 2218.67
      vertex -1090.77 -1067.25 2218.67
      vertex -1085 -1073.01 2223.52
    endloop
  endfacet
  facet normal 0.584957 0.0932769 0.805683
    outer loop
      vertex -1067.25 -1079.23 2218.67
      vertex -1073.6 -1081.3 2223.52
      vertex -1073.01 -1085 2223.52
    endloop
  endfacet
  facet normal 0.584962 0.0932695 0.80568
    outer loop
      vertex -1067.25 -1079.23 2218.67
      vertex -1073.01 -1085 2223.52
      vertex -1066.33 -1085 2218.67
    endloop
  endfacet
  facet normal -0.802555 0.127964 0.582693
    outer loop
      vertex -1102.75 -1079.23 2218.67
      vertex -1108.52 -1085 2211.99
      vertex -1103.67 -1085 2218.67
    endloop
  endfacet
  facet normal -0.802555 -0.127964 0.582693
    outer loop
      vertex -1103.67 -1085 2218.67
      vertex -1108.52 -1085 2211.99
      vertex -1102.75 -1090.77 2218.67
    endloop
  endfacet
  facet normal -0.987813 -0.155648 0
    outer loop
      vertex -1109.8 -1093.06 2195.87
      vertex -1111.07 -1085 2204.13
      vertex -1111.07 -1085 2195.87
    endloop
  endfacet
  facet normal -0.987813 -0.155648 0
    outer loop
      vertex -1111.07 -1085 2204.13
      vertex -1109.8 -1093.06 2195.87
      vertex -1109.8 -1093.06 2204.13
    endloop
  endfacet
  facet normal -0.848473 0.431997 -0.305734
    outer loop
      vertex -1107.37 -1077.73 2188.01
      vertex -1109.8 -1076.94 2195.87
      vertex -1104.03 -1071.17 2188.01
    endloop
  endfacet
  facet normal -0.848503 0.431838 -0.305873
    outer loop
      vertex -1104.03 -1071.17 2188.01
      vertex -1109.8 -1076.94 2195.87
      vertex -1106.1 -1069.67 2195.87
    endloop
  endfacet
  facet normal -0.584962 0.0932695 -0.80568
    outer loop
      vertex -1096.99 -1085 2176.48
      vertex -1103.67 -1085 2181.33
      vertex -1102.75 -1079.23 2181.33
    endloop
  endfacet
  facet normal -0.584957 0.0932769 -0.805683
    outer loop
      vertex -1096.99 -1085 2176.48
      vertex -1102.75 -1079.23 2181.33
      vertex -1096.4 -1081.3 2176.48
    endloop
  endfacet
  facet normal -0.707106 0.707106 0.00171212
    outer loop
      vertex -1100.96 -1064.53 2195.87
      vertex -1106.1 -1069.67 2195.87
      vertex -1101.5 -1065.08 2200
    endloop
  endfacet
  facet normal -0.706337 0.707876 0
    outer loop
      vertex -1106.1 -1069.67 2204.13
      vertex -1101.5 -1065.08 2200
      vertex -1106.1 -1069.67 2195.87
    endloop
  endfacet
  facet normal -0.707106 0.707106 -0.00171212
    outer loop
      vertex -1101.5 -1065.08 2200
      vertex -1106.1 -1069.67 2204.13
      vertex -1100.96 -1064.53 2204.13
    endloop
  endfacet
  facet normal -0.367733 0.724096 0.583488
    outer loop
      vertex -1093.25 -1064.98 2214.29
      vertex -1090.77 -1067.25 2218.67
      vertex -1091.6 -1064.69 2214.97
    endloop
  endfacet
  facet normal -0.368354 0.725461 0.581396
    outer loop
      vertex -1098.83 -1065.97 2211.99
      vertex -1093.25 -1064.98 2214.29
      vertex -1096.25 -1064.66 2211.99
    endloop
  endfacet
  facet normal -0.368935 0.723278 0.583744
    outer loop
      vertex -1093.25 -1064.98 2214.29
      vertex -1098.83 -1065.97 2211.99
      vertex -1090.77 -1067.25 2218.67
    endloop
  endfacet
  facet normal -0.127777 0.802698 0.582536
    outer loop
      vertex -1089.27 -1065.03 2215.94
      vertex -1090.77 -1067.25 2218.67
      vertex -1088.5 -1064.98 2216.04
    endloop
  endfacet
  facet normal -0.125781 0.802396 0.583387
    outer loop
      vertex -1090.77 -1067.25 2218.67
      vertex -1089.27 -1065.03 2215.94
      vertex -1091.6 -1064.69 2214.97
    endloop
  endfacet
  facet normal -0.126931 0.803634 -0.581431
    outer loop
      vertex -1085 -1066.33 2181.33
      vertex -1088.5 -1064.98 2183.96
      vertex -1085 -1064.76 2183.5
    endloop
  endfacet
  facet normal -0.127997 0.802761 -0.582401
    outer loop
      vertex -1088.5 -1064.98 2183.96
      vertex -1085 -1066.33 2181.33
      vertex -1090.77 -1067.25 2181.33
    endloop
  endfacet
  facet normal 0.127997 0.802761 -0.582401
    outer loop
      vertex -1085 -1066.33 2181.33
      vertex -1081.5 -1064.98 2183.96
      vertex -1079.23 -1067.25 2181.33
    endloop
  endfacet
  facet normal 0.126931 0.803634 -0.581431
    outer loop
      vertex -1081.5 -1064.98 2183.96
      vertex -1085 -1066.33 2181.33
      vertex -1085 -1064.76 2183.5
    endloop
  endfacet
  facet normal -0.268656 0.527831 -0.805741
    outer loop
      vertex -1088.7 -1073.6 2176.48
      vertex -1092.04 -1075.3 2176.48
      vertex -1090.77 -1067.25 2181.33
    endloop
  endfacet
  facet normal -0.277663 0.142453 -0.950058
    outer loop
      vertex -1088.93 -1083.72 2173.93
      vertex -1094.7 -1077.96 2176.48
      vertex -1088.34 -1082.57 2173.93
    endloop
  endfacet
  facet normal -0.418829 0.418829 -0.805707
    outer loop
      vertex -1094.7 -1077.96 2176.48
      vertex -1095.97 -1069.9 2181.33
      vertex -1092.04 -1075.3 2176.48
    endloop
  endfacet
  facet normal -0.418829 0.418829 -0.805707
    outer loop
      vertex -1095.97 -1069.9 2181.33
      vertex -1094.7 -1077.96 2176.48
      vertex -1100.1 -1074.03 2181.33
    endloop
  endfacet
  facet normal 0.142453 0.277663 0.950058
    outer loop
      vertex -1077.96 -1075.3 2223.52
      vertex -1083.72 -1081.07 2226.07
      vertex -1082.57 -1081.66 2226.07
    endloop
  endfacet
  facet normal 0.220826 0.220826 0.949985
    outer loop
      vertex -1077.96 -1075.3 2223.52
      vertex -1081.66 -1082.57 2226.07
      vertex -1075.3 -1077.96 2223.52
    endloop
  endfacet
  facet normal 0.220826 0.220826 0.949985
    outer loop
      vertex -1081.66 -1082.57 2226.07
      vertex -1077.96 -1075.3 2223.52
      vertex -1082.57 -1081.66 2226.07
    endloop
  endfacet
  facet normal -0.308366 0.0491719 0.949996
    outer loop
      vertex -1096.4 -1081.3 2223.52
      vertex -1096.99 -1085 2223.52
      vertex -1088.93 -1083.72 2226.07
    endloop
  endfacet
  facet normal -0.308221 -0.0491487 0.950044
    outer loop
      vertex -1089.13 -1085 2226.07
      vertex -1096.99 -1085 2223.52
      vertex -1096.4 -1088.7 2223.52
    endloop
  endfacet
  facet normal 0.220826 -0.220826 0.949985
    outer loop
      vertex -1081.66 -1087.43 2226.07
      vertex -1077.96 -1094.7 2223.52
      vertex -1075.3 -1092.04 2223.52
    endloop
  endfacet
  facet normal 0.220826 -0.220826 0.949985
    outer loop
      vertex -1077.96 -1094.7 2223.52
      vertex -1081.66 -1087.43 2226.07
      vertex -1082.57 -1088.34 2226.07
    endloop
  endfacet
  facet normal -0.220826 -0.220826 0.949985
    outer loop
      vertex -1088.34 -1087.43 2226.07
      vertex -1092.04 -1094.7 2223.52
      vertex -1087.43 -1088.34 2226.07
    endloop
  endfacet
  facet normal -0.220826 -0.220826 0.949985
    outer loop
      vertex -1092.04 -1094.7 2223.52
      vertex -1088.34 -1087.43 2226.07
      vertex -1094.7 -1092.04 2223.52
    endloop
  endfacet
  facet normal 0.277663 -0.142453 0.950058
    outer loop
      vertex -1081.07 -1086.28 2226.07
      vertex -1081.66 -1087.43 2226.07
      vertex -1075.3 -1092.04 2223.52
    endloop
  endfacet
  facet normal 0 0 1
    outer loop
      vertex -1081.07 -1083.72 2226.07
      vertex -1081.07 -1086.28 2226.07
      vertex -1080.87 -1085 2226.07
    endloop
  endfacet
  facet normal 0 0 1
    outer loop
      vertex -1081.66 -1082.57 2226.07
      vertex -1081.07 -1086.28 2226.07
      vertex -1081.07 -1083.72 2226.07
    endloop
  endfacet
  facet normal 0 0 1
    outer loop
      vertex -1081.66 -1082.57 2226.07
      vertex -1081.66 -1087.43 2226.07
      vertex -1081.07 -1086.28 2226.07
    endloop
  endfacet
  facet normal 0 0 1
    outer loop
      vertex -1082.57 -1081.66 2226.07
      vertex -1081.66 -1087.43 2226.07
      vertex -1081.66 -1082.57 2226.07
    endloop
  endfacet
  facet normal 0 0 1
    outer loop
      vertex -1082.57 -1081.66 2226.07
      vertex -1082.57 -1088.34 2226.07
      vertex -1081.66 -1087.43 2226.07
    endloop
  endfacet
  facet normal 0 0 1
    outer loop
      vertex -1083.72 -1081.07 2226.07
      vertex -1082.57 -1088.34 2226.07
      vertex -1082.57 -1081.66 2226.07
    endloop
  endfacet
  facet normal 0 0 1
    outer loop
      vertex -1083.72 -1081.07 2226.07
      vertex -1083.72 -1088.93 2226.07
      vertex -1082.57 -1088.34 2226.07
    endloop
  endfacet
  facet normal 0 0 1
    outer loop
      vertex -1085 -1080.87 2226.07
      vertex -1083.72 -1088.93 2226.07
      vertex -1083.72 -1081.07 2226.07
    endloop
  endfacet
  facet normal 0 0 1
    outer loop
      vertex -1085 -1080.87 2226.07
      vertex -1085 -1089.13 2226.07
      vertex -1083.72 -1088.93 2226.07
    endloop
  endfacet
  facet normal -0 0 1
    outer loop
      vertex -1086.28 -1081.07 2226.07
      vertex -1085 -1089.13 2226.07
      vertex -1085 -1080.87 2226.07
    endloop
  endfacet
  facet normal 0 0 1
    outer loop
      vertex -1086.28 -1081.07 2226.07
      vertex -1086.28 -1088.93 2226.07
      vertex -1085 -1089.13 2226.07
    endloop
  endfacet
  facet normal -0 0 1
    outer loop
      vertex -1087.43 -1081.66 2226.07
      vertex -1086.28 -1088.93 2226.07
      vertex -1086.28 -1081.07 2226.07
    endloop
  endfacet
  facet normal 0 0 1
    outer loop
      vertex -1087.43 -1081.66 2226.07
      vertex -1087.43 -1088.34 2226.07
      vertex -1086.28 -1088.93 2226.07
    endloop
  endfacet
  facet normal -0 0 1
    outer loop
      vertex -1088.34 -1082.57 2226.07
      vertex -1087.43 -1088.34 2226.07
      vertex -1087.43 -1081.66 2226.07
    endloop
  endfacet
  facet normal 0 0 1
    outer loop
      vertex -1088.34 -1082.57 2226.07
      vertex -1088.34 -1087.43 2226.07
      vertex -1087.43 -1088.34 2226.07
    endloop
  endfacet
  facet normal -0 0 1
    outer loop
      vertex -1088.93 -1083.72 2226.07
      vertex -1088.34 -1087.43 2226.07
      vertex -1088.34 -1082.57 2226.07
    endloop
  endfacet
  facet normal 0 0 1
    outer loop
      vertex -1088.93 -1083.72 2226.07
      vertex -1088.93 -1086.28 2226.07
      vertex -1088.34 -1087.43 2226.07
    endloop
  endfacet
  facet normal 0 -0 1
    outer loop
      vertex -1088.93 -1086.28 2226.07
      vertex -1088.93 -1083.72 2226.07
      vertex -1089.13 -1085 2226.07
    endloop
  endfacet
  facet normal -0.278382 -0.141691 0.949962
    outer loop
      vertex -1088.93 -1086.28 2226.07
      vertex -1096.4 -1088.7 2223.52
      vertex -1094.7 -1092.04 2223.52
    endloop
  endfacet
  facet normal -0.527831 -0.268656 0.805741
    outer loop
      vertex -1096.4 -1088.7 2223.52
      vertex -1102.75 -1090.77 2218.67
      vertex -1094.7 -1092.04 2223.52
    endloop
  endfacet
  facet normal -0.673237 -0.673237 0.305783
    outer loop
      vertex -1106.1 -1100.33 2204.13
      vertex -1098.83 -1104.03 2211.99
      vertex -1104.03 -1098.83 2211.99
    endloop
  endfacet
  facet normal -0.673237 -0.673237 0.305783
    outer loop
      vertex -1098.83 -1104.03 2211.99
      vertex -1106.1 -1100.33 2204.13
      vertex -1100.33 -1106.1 2204.13
    endloop
  endfacet
  facet normal -0.368728 -0.723543 0.583546
    outer loop
      vertex -1095.97 -1100.1 2218.67
      vertex -1098.83 -1104.03 2211.99
      vertex -1090.77 -1102.75 2218.67
    endloop
  endfacet
  facet normal -0.368523 -0.723806 0.583349
    outer loop
      vertex -1090.77 -1102.75 2218.67
      vertex -1098.83 -1104.03 2211.99
      vertex -1092.27 -1107.37 2211.99
    endloop
  endfacet
  facet normal 0.368728 0.723543 -0.583546
    outer loop
      vertex -1074.03 -1069.9 2181.33
      vertex -1079.23 -1067.25 2181.33
      vertex -1071.17 -1065.97 2188.01
    endloop
  endfacet
  facet normal 0.850419 0.428596 -0.305112
    outer loop
      vertex -1064.86 -1070.71 2191.75
      vertex -1065.97 -1071.17 2188.01
      vertex -1064.69 -1070.25 2192.87
    endloop
  endfacet
  facet normal 0.847656 0.434133 -0.304973
    outer loop
      vertex -1065.97 -1071.17 2188.01
      vertex -1064.86 -1070.71 2191.75
      vertex -1064.79 -1072.35 2189.61
    endloop
  endfacet
  facet normal 0.84853 0.429558 0.308993
    outer loop
      vertex -1065.97 -1071.17 2211.99
      vertex -1064.76 -1073.33 2211.67
      vertex -1064.79 -1072.35 2210.39
    endloop
  endfacet
  facet normal 0.85031 0.431746 0.300945
    outer loop
      vertex -1064.76 -1073.33 2211.67
      vertex -1065.97 -1071.17 2211.99
      vertex -1064.66 -1073.75 2211.99
    endloop
  endfacet
  facet normal 0.278382 -0.141691 0.949962
    outer loop
      vertex -1073.6 -1088.7 2223.52
      vertex -1081.07 -1086.28 2226.07
      vertex -1075.3 -1092.04 2223.52
    endloop
  endfacet
  facet normal 0.527831 -0.268656 0.805741
    outer loop
      vertex -1073.6 -1088.7 2223.52
      vertex -1075.3 -1092.04 2223.52
      vertex -1067.25 -1090.77 2218.67
    endloop
  endfacet
  facet normal 0.584957 -0.0932769 0.805683
    outer loop
      vertex -1073.01 -1085 2223.52
      vertex -1073.6 -1088.7 2223.52
      vertex -1067.25 -1090.77 2218.67
    endloop
  endfacet
  facet normal 0.308221 -0.0491487 0.950044
    outer loop
      vertex -1073.01 -1085 2223.52
      vertex -1080.87 -1085 2226.07
      vertex -1073.6 -1088.7 2223.52
    endloop
  endfacet
  facet normal 0.431838 -0.848503 -0.305873
    outer loop
      vertex -1069.67 -1106.1 2195.87
      vertex -1076.94 -1109.8 2195.87
      vertex -1071.17 -1104.03 2188.01
    endloop
  endfacet
  facet normal 0.673642 -0.672801 -0.305851
    outer loop
      vertex -1069.67 -1106.1 2195.87
      vertex -1064.69 -1099.75 2192.87
      vertex -1064.58 -1100.94 2195.73
    endloop
  endfacet
  facet normal 0.673448 -0.673448 -0.304853
    outer loop
      vertex -1064.69 -1099.75 2192.87
      vertex -1071.17 -1104.03 2188.01
      vertex -1065.97 -1098.83 2188.01
    endloop
  endfacet
  facet normal 0.666667 -0.666667 -0.333333
    outer loop
      vertex -1069.67 -1106.1 2195.87
      vertex -1064.58 -1100.94 2195.73
      vertex -1064.53 -1100.96 2195.87
    endloop
  endfacet
  facet normal 0.673692 -0.672795 -0.305754
    outer loop
      vertex -1064.69 -1099.75 2192.87
      vertex -1069.67 -1106.1 2195.87
      vertex -1071.17 -1104.03 2188.01
    endloop
  endfacet
  facet normal 0.431997 -0.848473 0.305734
    outer loop
      vertex -1071.17 -1104.03 2211.99
      vertex -1077.73 -1107.37 2211.99
      vertex -1076.94 -1109.8 2204.13
    endloop
  endfacet
  facet normal 0.453577 -0.891217 0
    outer loop
      vertex -1076.94 -1109.8 2195.87
      vertex -1069.67 -1106.1 2204.13
      vertex -1076.94 -1109.8 2204.13
    endloop
  endfacet
  facet normal 0.453577 -0.891217 0
    outer loop
      vertex -1069.67 -1106.1 2204.13
      vertex -1076.94 -1109.8 2195.87
      vertex -1069.67 -1106.1 2195.87
    endloop
  endfacet
  facet normal 0.85031 -0.431746 -0.300945
    outer loop
      vertex -1064.76 -1096.67 2188.33
      vertex -1065.97 -1098.83 2188.01
      vertex -1064.66 -1096.25 2188.01
    endloop
  endfacet
  facet normal 0.84853 -0.429558 -0.308993
    outer loop
      vertex -1065.97 -1098.83 2188.01
      vertex -1064.76 -1096.67 2188.33
      vertex -1064.79 -1097.65 2189.61
    endloop
  endfacet
  facet normal 0.268656 -0.527831 -0.805741
    outer loop
      vertex -1079.23 -1102.75 2181.33
      vertex -1081.3 -1096.4 2176.48
      vertex -1077.96 -1094.7 2176.48
    endloop
  endfacet
  facet normal -0.0482275 -0.308656 -0.94995
    outer loop
      vertex -1085 -1089.13 2173.93
      vertex -1088.7 -1096.4 2176.48
      vertex -1086.28 -1088.93 2173.93
    endloop
  endfacet
  facet normal 0.418829 -0.418829 -0.805707
    outer loop
      vertex -1074.03 -1100.1 2181.33
      vertex -1075.3 -1092.04 2176.48
      vertex -1069.9 -1095.97 2181.33
    endloop
  endfacet
  facet normal 0.418829 -0.418829 -0.805707
    outer loop
      vertex -1075.3 -1092.04 2176.48
      vertex -1074.03 -1100.1 2181.33
      vertex -1077.96 -1094.7 2176.48
    endloop
  endfacet
  facet normal -0.277663 -0.142453 -0.950058
    outer loop
      vertex -1088.34 -1087.43 2173.93
      vertex -1094.7 -1092.04 2176.48
      vertex -1088.93 -1086.28 2173.93
    endloop
  endfacet
  facet normal -0.723543 -0.368728 -0.583546
    outer loop
      vertex -1100.1 -1095.97 2181.33
      vertex -1104.03 -1098.83 2188.01
      vertex -1102.75 -1090.77 2181.33
    endloop
  endfacet
  facet normal -0.0482275 0.308656 -0.94995
    outer loop
      vertex -1086.28 -1081.07 2173.93
      vertex -1088.7 -1073.6 2176.48
      vertex -1085 -1080.87 2173.93
    endloop
  endfacet
  facet normal -0.0491487 -0.308221 -0.950044
    outer loop
      vertex -1085 -1096.99 2176.48
      vertex -1088.7 -1096.4 2176.48
      vertex -1085 -1089.13 2173.93
    endloop
  endfacet
  facet normal -0.0932769 -0.584957 -0.805683
    outer loop
      vertex -1085 -1096.99 2176.48
      vertex -1090.77 -1102.75 2181.33
      vertex -1088.7 -1096.4 2176.48
    endloop
  endfacet
  facet normal -0.431997 -0.848473 -0.305734
    outer loop
      vertex -1093.06 -1109.8 2195.87
      vertex -1098.83 -1104.03 2188.01
      vertex -1092.27 -1107.37 2188.01
    endloop
  endfacet
  facet normal -0.368523 -0.723806 -0.583349
    outer loop
      vertex -1092.27 -1107.37 2188.01
      vertex -1098.83 -1104.03 2188.01
      vertex -1090.77 -1102.75 2181.33
    endloop
  endfacet
  facet normal 0.127964 -0.802555 -0.582693
    outer loop
      vertex -1079.23 -1102.75 2181.33
      vertex -1085 -1108.52 2188.01
      vertex -1085 -1103.67 2181.33
    endloop
  endfacet
  facet normal -0.127964 -0.802555 -0.582693
    outer loop
      vertex -1085 -1108.52 2188.01
      vertex -1090.77 -1102.75 2181.33
      vertex -1085 -1103.67 2181.33
    endloop
  endfacet
  facet normal -0.584962 0.0932695 0.80568
    outer loop
      vertex -1102.75 -1079.23 2218.67
      vertex -1103.67 -1085 2218.67
      vertex -1096.99 -1085 2223.52
    endloop
  endfacet
  facet normal -0.584962 -0.0932695 0.80568
    outer loop
      vertex -1096.99 -1085 2223.52
      vertex -1103.67 -1085 2218.67
      vertex -1102.75 -1090.77 2218.67
    endloop
  endfacet
  facet normal -0.891217 -0.453577 0
    outer loop
      vertex -1106.1 -1100.33 2195.87
      vertex -1109.8 -1093.06 2204.13
      vertex -1109.8 -1093.06 2195.87
    endloop
  endfacet
  facet normal -0.891217 -0.453577 0
    outer loop
      vertex -1109.8 -1093.06 2204.13
      vertex -1106.1 -1100.33 2195.87
      vertex -1106.1 -1100.33 2204.13
    endloop
  endfacet
  facet normal -0.574181 0.574181 -0.583636
    outer loop
      vertex -1100.1 -1074.03 2181.33
      vertex -1098.83 -1065.97 2188.01
      vertex -1095.97 -1069.9 2181.33
    endloop
  endfacet
  facet normal -0.574181 0.574181 -0.583636
    outer loop
      vertex -1098.83 -1065.97 2188.01
      vertex -1100.1 -1074.03 2181.33
      vertex -1104.03 -1071.17 2188.01
    endloop
  endfacet
  facet normal -0.802249 0.126903 -0.583345
    outer loop
      vertex -1102.75 -1079.23 2181.33
      vertex -1108.52 -1085 2188.01
      vertex -1107.37 -1077.73 2188.01
    endloop
  endfacet
  facet normal -0.723806 0.368523 -0.583349
    outer loop
      vertex -1102.75 -1079.23 2181.33
      vertex -1107.37 -1077.73 2188.01
      vertex -1104.03 -1071.17 2188.01
    endloop
  endfacet
  facet normal -0.142453 -0.277663 0.950058
    outer loop
      vertex -1087.43 -1088.34 2226.07
      vertex -1092.04 -1094.7 2223.52
      vertex -1086.28 -1088.93 2226.07
    endloop
  endfacet
  facet normal 0.142453 -0.277663 0.950058
    outer loop
      vertex -1082.57 -1088.34 2226.07
      vertex -1083.72 -1088.93 2226.07
      vertex -1077.96 -1094.7 2223.52
    endloop
  endfacet
  facet normal 0.0491719 -0.308366 0.949996
    outer loop
      vertex -1083.72 -1088.93 2226.07
      vertex -1085 -1096.99 2223.52
      vertex -1081.3 -1096.4 2223.52
    endloop
  endfacet
  facet normal -0.268656 -0.527831 0.805741
    outer loop
      vertex -1088.7 -1096.4 2223.52
      vertex -1092.04 -1094.7 2223.52
      vertex -1090.77 -1102.75 2218.67
    endloop
  endfacet
  facet normal -0.0932769 -0.584957 0.805683
    outer loop
      vertex -1088.7 -1096.4 2223.52
      vertex -1090.77 -1102.75 2218.67
      vertex -1085 -1096.99 2223.52
    endloop
  endfacet
  facet normal 0.707106 -0.707106 -0.00171212
    outer loop
      vertex -1064.53 -1100.96 2204.13
      vertex -1069.67 -1106.1 2204.13
      vertex -1065.08 -1101.5 2200
    endloop
  endfacet
  facet normal 0.707876 -0.706337 0
    outer loop
      vertex -1069.67 -1106.1 2195.87
      vertex -1065.08 -1101.5 2200
      vertex -1069.67 -1106.1 2204.13
    endloop
  endfacet
  facet normal 0.707106 -0.707106 0.00171212
    outer loop
      vertex -1065.08 -1101.5 2200
      vertex -1069.67 -1106.1 2195.87
      vertex -1064.53 -1100.96 2195.87
    endloop
  endfacet
  facet normal 0.574181 -0.574181 0.583636
    outer loop
      vertex -1069.9 -1095.97 2218.67
      vertex -1071.17 -1104.03 2211.99
      vertex -1065.97 -1098.83 2211.99
    endloop
  endfacet
  facet normal 0.574181 -0.574181 0.583636
    outer loop
      vertex -1071.17 -1104.03 2211.99
      vertex -1069.9 -1095.97 2218.67
      vertex -1074.03 -1100.1 2218.67
    endloop
  endfacet
  facet normal 0.723543 -0.368728 0.583546
    outer loop
      vertex -1067.25 -1090.77 2218.67
      vertex -1069.9 -1095.97 2218.67
      vertex -1065.97 -1098.83 2211.99
    endloop
  endfacet
  facet normal -0.141691 0.278382 -0.949962
    outer loop
      vertex -1086.28 -1081.07 2173.93
      vertex -1092.04 -1075.3 2176.48
      vertex -1088.7 -1073.6 2176.48
    endloop
  endfacet
  facet normal 0.0491719 -0.308366 -0.949996
    outer loop
      vertex -1081.3 -1096.4 2176.48
      vertex -1085 -1096.99 2176.48
      vertex -1083.72 -1088.93 2173.93
    endloop
  endfacet
  facet normal 0.141691 -0.278382 -0.949962
    outer loop
      vertex -1081.3 -1096.4 2176.48
      vertex -1083.72 -1088.93 2173.93
      vertex -1077.96 -1094.7 2176.48
    endloop
  endfacet
  facet normal 0.220826 -0.220826 -0.949985
    outer loop
      vertex -1077.96 -1094.7 2176.48
      vertex -1081.66 -1087.43 2173.93
      vertex -1075.3 -1092.04 2176.48
    endloop
  endfacet
  facet normal 0.220826 -0.220826 -0.949985
    outer loop
      vertex -1081.66 -1087.43 2173.93
      vertex -1077.96 -1094.7 2176.48
      vertex -1082.57 -1088.34 2173.93
    endloop
  endfacet
  facet normal -0.527831 0.268656 -0.805741
    outer loop
      vertex -1096.4 -1081.3 2176.48
      vertex -1102.75 -1079.23 2181.33
      vertex -1094.7 -1077.96 2176.48
    endloop
  endfacet
  facet normal -0.278382 0.141691 -0.949962
    outer loop
      vertex -1088.93 -1083.72 2173.93
      vertex -1096.4 -1081.3 2176.48
      vertex -1094.7 -1077.96 2176.48
    endloop
  endfacet
  facet normal -0.142453 -0.277663 -0.950058
    outer loop
      vertex -1086.28 -1088.93 2173.93
      vertex -1092.04 -1094.7 2176.48
      vertex -1087.43 -1088.34 2173.93
    endloop
  endfacet
  facet normal -0.0491487 0.308221 -0.950044
    outer loop
      vertex -1085 -1080.87 2173.93
      vertex -1088.7 -1073.6 2176.48
      vertex -1085 -1073.01 2176.48
    endloop
  endfacet
  facet normal -0.220826 0.220826 -0.949985
    outer loop
      vertex -1088.34 -1082.57 2173.93
      vertex -1092.04 -1075.3 2176.48
      vertex -1087.43 -1081.66 2173.93
    endloop
  endfacet
  facet normal -0.220826 0.220826 -0.949985
    outer loop
      vertex -1092.04 -1075.3 2176.48
      vertex -1088.34 -1082.57 2173.93
      vertex -1094.7 -1077.96 2176.48
    endloop
  endfacet
  facet normal -0.584962 -0.0932695 -0.80568
    outer loop
      vertex -1102.75 -1090.77 2181.33
      vertex -1103.67 -1085 2181.33
      vertex -1096.99 -1085 2176.48
    endloop
  endfacet
  facet normal -0.527831 -0.268656 -0.805741
    outer loop
      vertex -1094.7 -1092.04 2176.48
      vertex -1102.75 -1090.77 2181.33
      vertex -1096.4 -1088.7 2176.48
    endloop
  endfacet
  facet normal -0.148789 -0.940606 -0.305159
    outer loop
      vertex -1085 -1111.07 2195.87
      vertex -1092.27 -1107.37 2188.01
      vertex -1085 -1108.52 2188.01
    endloop
  endfacet
  facet normal -0.148198 -0.940533 -0.305671
    outer loop
      vertex -1085 -1111.07 2195.87
      vertex -1093.06 -1109.8 2195.87
      vertex -1092.27 -1107.37 2188.01
    endloop
  endfacet
  facet normal -0.527831 0.268656 0.805741
    outer loop
      vertex -1094.7 -1077.96 2223.52
      vertex -1102.75 -1079.23 2218.67
      vertex -1096.4 -1081.3 2223.52
    endloop
  endfacet
  facet normal -0.584957 0.0932769 0.805683
    outer loop
      vertex -1096.4 -1081.3 2223.52
      vertex -1102.75 -1079.23 2218.67
      vertex -1096.99 -1085 2223.52
    endloop
  endfacet
  facet normal -0.723806 -0.368523 -0.583349
    outer loop
      vertex -1104.03 -1098.83 2188.01
      vertex -1107.37 -1092.27 2188.01
      vertex -1102.75 -1090.77 2181.33
    endloop
  endfacet
  facet normal -0.848473 -0.431997 -0.305734
    outer loop
      vertex -1104.03 -1098.83 2188.01
      vertex -1109.8 -1093.06 2195.87
      vertex -1107.37 -1092.27 2188.01
    endloop
  endfacet
  facet normal -0.673237 -0.673237 -0.305783
    outer loop
      vertex -1098.83 -1104.03 2188.01
      vertex -1106.1 -1100.33 2195.87
      vertex -1104.03 -1098.83 2188.01
    endloop
  endfacet
  facet normal -0.673237 -0.673237 -0.305783
    outer loop
      vertex -1106.1 -1100.33 2195.87
      vertex -1098.83 -1104.03 2188.01
      vertex -1100.33 -1106.1 2195.87
    endloop
  endfacet
  facet normal -0.453577 -0.891217 0
    outer loop
      vertex -1100.33 -1106.1 2195.87
      vertex -1093.06 -1109.8 2204.13
      vertex -1100.33 -1106.1 2204.13
    endloop
  endfacet
  facet normal -0.453577 -0.891217 -0
    outer loop
      vertex -1093.06 -1109.8 2204.13
      vertex -1100.33 -1106.1 2195.87
      vertex -1093.06 -1109.8 2195.87
    endloop
  endfacet
  facet normal -0.277663 0.142453 0.950058
    outer loop
      vertex -1088.34 -1082.57 2226.07
      vertex -1094.7 -1077.96 2223.52
      vertex -1088.93 -1083.72 2226.07
    endloop
  endfacet
  facet normal 0.0932769 -0.584957 0.805683
    outer loop
      vertex -1081.3 -1096.4 2223.52
      vertex -1085 -1096.99 2223.52
      vertex -1079.23 -1102.75 2218.67
    endloop
  endfacet
  facet normal 0.268656 -0.527831 0.805741
    outer loop
      vertex -1077.96 -1094.7 2223.52
      vertex -1081.3 -1096.4 2223.52
      vertex -1079.23 -1102.75 2218.67
    endloop
  endfacet
  facet normal 0.527821 -0.268985 0.805638
    outer loop
      vertex -1067.25 -1090.77 2218.67
      vertex -1075.3 -1092.04 2223.52
      vertex -1069.9 -1095.97 2218.67
    endloop
  endfacet
  facet normal 0.418829 -0.418829 0.805707
    outer loop
      vertex -1075.3 -1092.04 2223.52
      vertex -1074.03 -1100.1 2218.67
      vertex -1069.9 -1095.97 2218.67
    endloop
  endfacet
  facet normal 0.418829 -0.418829 0.805707
    outer loop
      vertex -1074.03 -1100.1 2218.67
      vertex -1075.3 -1092.04 2223.52
      vertex -1077.96 -1094.7 2223.52
    endloop
  endfacet
  facet normal 0.141691 0.278382 -0.949962
    outer loop
      vertex -1077.96 -1075.3 2176.48
      vertex -1083.72 -1081.07 2173.93
      vertex -1081.3 -1073.6 2176.48
    endloop
  endfacet
  facet normal -0.142453 0.277663 -0.950058
    outer loop
      vertex -1087.43 -1081.66 2173.93
      vertex -1092.04 -1075.3 2176.48
      vertex -1086.28 -1081.07 2173.93
    endloop
  endfacet
  facet normal -0.584957 -0.0932769 -0.805683
    outer loop
      vertex -1096.4 -1088.7 2176.48
      vertex -1102.75 -1090.77 2181.33
      vertex -1096.99 -1085 2176.48
    endloop
  endfacet
  facet normal 0.142453 0.277663 -0.950058
    outer loop
      vertex -1082.57 -1081.66 2173.93
      vertex -1083.72 -1081.07 2173.93
      vertex -1077.96 -1075.3 2176.48
    endloop
  endfacet
  facet normal -0.278382 -0.141691 -0.949962
    outer loop
      vertex -1094.7 -1092.04 2176.48
      vertex -1096.4 -1088.7 2176.48
      vertex -1088.93 -1086.28 2173.93
    endloop
  endfacet
  facet normal -0.431838 -0.848503 -0.305873
    outer loop
      vertex -1093.06 -1109.8 2195.87
      vertex -1100.33 -1106.1 2195.87
      vertex -1098.83 -1104.03 2188.01
    endloop
  endfacet
  facet normal -0.848503 -0.431838 0.305873
    outer loop
      vertex -1104.03 -1098.83 2211.99
      vertex -1109.8 -1093.06 2204.13
      vertex -1106.1 -1100.33 2204.13
    endloop
  endfacet
  facet normal 0.220826 0.220826 -0.949985
    outer loop
      vertex -1081.66 -1082.57 2173.93
      vertex -1077.96 -1075.3 2176.48
      vertex -1075.3 -1077.96 2176.48
    endloop
  endfacet
  facet normal 0.220826 0.220826 -0.949985
    outer loop
      vertex -1077.96 -1075.3 2176.48
      vertex -1081.66 -1082.57 2173.93
      vertex -1082.57 -1081.66 2173.93
    endloop
  endfacet
  facet normal -0.308656 -0.0482275 -0.94995
    outer loop
      vertex -1088.93 -1086.28 2173.93
      vertex -1096.4 -1088.7 2176.48
      vertex -1089.13 -1085 2173.93
    endloop
  endfacet
  facet normal -0.220826 -0.220826 -0.949985
    outer loop
      vertex -1092.04 -1094.7 2176.48
      vertex -1088.34 -1087.43 2173.93
      vertex -1087.43 -1088.34 2173.93
    endloop
  endfacet
  facet normal -0.220826 -0.220826 -0.949985
    outer loop
      vertex -1088.34 -1087.43 2173.93
      vertex -1092.04 -1094.7 2176.48
      vertex -1094.7 -1092.04 2176.48
    endloop
  endfacet
  facet normal 0.0481618 0.308235 -0.95009
    outer loop
      vertex -1083.72 -1081.07 2173.93
      vertex -1085 -1080.87 2173.93
      vertex -1085 -1073.01 2176.48
    endloop
  endfacet
  facet normal -0.308221 -0.0491487 -0.950044
    outer loop
      vertex -1096.4 -1088.7 2176.48
      vertex -1096.99 -1085 2176.48
      vertex -1089.13 -1085 2173.93
    endloop
  endfacet
  facet normal -0.308235 0.0481618 -0.95009
    outer loop
      vertex -1089.13 -1085 2173.93
      vertex -1096.99 -1085 2176.48
      vertex -1088.93 -1083.72 2173.93
    endloop
  endfacet
  facet normal 0.278382 0.141691 -0.949962
    outer loop
      vertex -1073.6 -1081.3 2176.48
      vertex -1081.07 -1083.72 2173.93
      vertex -1075.3 -1077.96 2176.48
    endloop
  endfacet
  facet normal 0.277663 0.142453 -0.950058
    outer loop
      vertex -1081.07 -1083.72 2173.93
      vertex -1081.66 -1082.57 2173.93
      vertex -1075.3 -1077.96 2176.48
    endloop
  endfacet
  facet normal 0 0 -1
    outer loop
      vertex -1081.07 -1086.28 2173.93
      vertex -1081.07 -1083.72 2173.93
      vertex -1080.87 -1085 2173.93
    endloop
  endfacet
  facet normal 0 0 -1
    outer loop
      vertex -1081.66 -1087.43 2173.93
      vertex -1081.07 -1083.72 2173.93
      vertex -1081.07 -1086.28 2173.93
    endloop
  endfacet
  facet normal 0 0 -1
    outer loop
      vertex -1081.66 -1087.43 2173.93
      vertex -1081.66 -1082.57 2173.93
      vertex -1081.07 -1083.72 2173.93
    endloop
  endfacet
  facet normal 0 0 -1
    outer loop
      vertex -1082.57 -1088.34 2173.93
      vertex -1081.66 -1082.57 2173.93
      vertex -1081.66 -1087.43 2173.93
    endloop
  endfacet
  facet normal 0 0 -1
    outer loop
      vertex -1082.57 -1088.34 2173.93
      vertex -1082.57 -1081.66 2173.93
      vertex -1081.66 -1082.57 2173.93
    endloop
  endfacet
  facet normal 0 0 -1
    outer loop
      vertex -1083.72 -1088.93 2173.93
      vertex -1082.57 -1081.66 2173.93
      vertex -1082.57 -1088.34 2173.93
    endloop
  endfacet
  facet normal 0 0 -1
    outer loop
      vertex -1083.72 -1088.93 2173.93
      vertex -1083.72 -1081.07 2173.93
      vertex -1082.57 -1081.66 2173.93
    endloop
  endfacet
  facet normal 0 0 -1
    outer loop
      vertex -1085 -1089.13 2173.93
      vertex -1083.72 -1081.07 2173.93
      vertex -1083.72 -1088.93 2173.93
    endloop
  endfacet
  facet normal 0 0 -1
    outer loop
      vertex -1085 -1089.13 2173.93
      vertex -1085 -1080.87 2173.93
      vertex -1083.72 -1081.07 2173.93
    endloop
  endfacet
  facet normal 0 0 -1
    outer loop
      vertex -1086.28 -1088.93 2173.93
      vertex -1085 -1080.87 2173.93
      vertex -1085 -1089.13 2173.93
    endloop
  endfacet
  facet normal 0 0 -1
    outer loop
      vertex -1086.28 -1088.93 2173.93
      vertex -1086.28 -1081.07 2173.93
      vertex -1085 -1080.87 2173.93
    endloop
  endfacet
  facet normal 0 0 -1
    outer loop
      vertex -1087.43 -1088.34 2173.93
      vertex -1086.28 -1081.07 2173.93
      vertex -1086.28 -1088.93 2173.93
    endloop
  endfacet
  facet normal 0 0 -1
    outer loop
      vertex -1087.43 -1088.34 2173.93
      vertex -1087.43 -1081.66 2173.93
      vertex -1086.28 -1081.07 2173.93
    endloop
  endfacet
  facet normal 0 0 -1
    outer loop
      vertex -1088.34 -1087.43 2173.93
      vertex -1087.43 -1081.66 2173.93
      vertex -1087.43 -1088.34 2173.93
    endloop
  endfacet
  facet normal 0 0 -1
    outer loop
      vertex -1088.34 -1087.43 2173.93
      vertex -1088.34 -1082.57 2173.93
      vertex -1087.43 -1081.66 2173.93
    endloop
  endfacet
  facet normal 0 0 -1
    outer loop
      vertex -1088.93 -1086.28 2173.93
      vertex -1088.34 -1082.57 2173.93
      vertex -1088.34 -1087.43 2173.93
    endloop
  endfacet
  facet normal 0 0 -1
    outer loop
      vertex -1088.93 -1086.28 2173.93
      vertex -1088.93 -1083.72 2173.93
      vertex -1088.34 -1082.57 2173.93
    endloop
  endfacet
  facet normal 0 -0 -1
    outer loop
      vertex -1088.93 -1083.72 2173.93
      vertex -1088.93 -1086.28 2173.93
      vertex -1089.13 -1085 2173.93
    endloop
  endfacet
  facet normal -0.148198 0.940533 0.305671
    outer loop
      vertex -1085 1111.07 2204.13
      vertex -1093.06 1109.8 2204.13
      vertex -1092.27 1107.37 2211.99
    endloop
  endfacet
  facet normal -0.431838 0.848503 0.305873
    outer loop
      vertex -1093.06 1109.8 2204.13
      vertex -1100.33 1106.1 2204.13
      vertex -1098.83 1104.03 2211.99
    endloop
  endfacet
  facet normal 0.308221 0.0491487 0.950044
    outer loop
      vertex -1073.6 1088.7 2223.52
      vertex -1080.87 1085 2226.07
      vertex -1073.01 1085 2223.52
    endloop
  endfacet
  facet normal -0.308235 -0.0481618 0.95009
    outer loop
      vertex -1089.13 1085 2226.07
      vertex -1096.99 1085 2223.52
      vertex -1088.93 1083.72 2226.07
    endloop
  endfacet
  facet normal 0.434133 -0.847656 0.304973
    outer loop
      vertex -1070.71 1064.86 2208.25
      vertex -1071.17 1065.97 2211.99
      vertex -1072.35 1064.79 2210.39
    endloop
  endfacet
  facet normal 0.428596 -0.850419 0.305112
    outer loop
      vertex -1071.17 1065.97 2211.99
      vertex -1070.71 1064.86 2208.25
      vertex -1070.25 1064.69 2207.13
    endloop
  endfacet
  facet normal 0.584962 0.0932695 0.80568
    outer loop
      vertex -1067.25 1090.77 2218.67
      vertex -1073.01 1085 2223.52
      vertex -1066.33 1085 2218.67
    endloop
  endfacet
  facet normal -0.848503 -0.431838 -0.305873
    outer loop
      vertex -1106.1 1069.67 2195.87
      vertex -1109.8 1076.94 2195.87
      vertex -1104.03 1071.17 2188.01
    endloop
  endfacet
  facet normal 0.584957 0.0932769 0.805683
    outer loop
      vertex -1067.25 1090.77 2218.67
      vertex -1073.6 1088.7 2223.52
      vertex -1073.01 1085 2223.52
    endloop
  endfacet
  facet normal 0.584962 -0.0932695 0.80568
    outer loop
      vertex -1066.33 1085 2218.67
      vertex -1073.01 1085 2223.52
      vertex -1067.25 1079.23 2218.67
    endloop
  endfacet
  facet normal 0.723543 0.368728 0.583546
    outer loop
      vertex -1065.97 1098.83 2211.99
      vertex -1069.9 1095.97 2218.67
      vertex -1067.25 1090.77 2218.67
    endloop
  endfacet
  facet normal -0.584957 -0.0932769 0.805683
    outer loop
      vertex -1096.99 1085 2223.52
      vertex -1102.75 1079.23 2218.67
      vertex -1096.4 1081.3 2223.52
    endloop
  endfacet
  facet normal -0.940533 -0.148198 -0.305671
    outer loop
      vertex -1109.8 1076.94 2195.87
      vertex -1111.07 1085 2195.87
      vertex -1107.37 1077.73 2188.01
    endloop
  endfacet
  facet normal -0.723543 -0.368728 0.583546
    outer loop
      vertex -1102.75 1079.23 2218.67
      vertex -1104.03 1071.17 2211.99
      vertex -1100.1 1074.03 2218.67
    endloop
  endfacet
  facet normal 0.368728 0.723543 -0.583546
    outer loop
      vertex -1074.03 1100.1 2181.33
      vertex -1079.23 1102.75 2181.33
      vertex -1071.17 1104.03 2188.01
    endloop
  endfacet
  facet normal -0.368728 -0.723543 -0.583546
    outer loop
      vertex -1090.77 1067.25 2181.33
      vertex -1098.83 1065.97 2188.01
      vertex -1095.97 1069.9 2181.33
    endloop
  endfacet
  facet normal 0.368523 0.723806 0.583349
    outer loop
      vertex -1077.73 1107.37 2211.99
      vertex -1079.23 1102.75 2218.67
      vertex -1071.17 1104.03 2211.99
    endloop
  endfacet
  facet normal -0.141691 0.278382 -0.949962
    outer loop
      vertex -1086.28 1088.93 2173.93
      vertex -1092.04 1094.7 2176.48
      vertex -1088.7 1096.4 2176.48
    endloop
  endfacet
  facet normal -0.127777 -0.802698 0.582536
    outer loop
      vertex -1090.77 1067.25 2218.67
      vertex -1089.27 1065.03 2215.94
      vertex -1088.5 1064.98 2216.04
    endloop
  endfacet
  facet normal -0.125781 -0.802396 0.583387
    outer loop
      vertex -1089.27 1065.03 2215.94
      vertex -1090.77 1067.25 2218.67
      vertex -1091.6 1064.69 2214.97
    endloop
  endfacet
  facet normal -0.574181 0.574181 0.583636
    outer loop
      vertex -1098.83 1104.03 2211.99
      vertex -1100.1 1095.97 2218.67
      vertex -1095.97 1100.1 2218.67
    endloop
  endfacet
  facet normal -0.574181 0.574181 0.583636
    outer loop
      vertex -1100.1 1095.97 2218.67
      vertex -1098.83 1104.03 2211.99
      vertex -1104.03 1098.83 2211.99
    endloop
  endfacet
  facet normal -0.940606 0.148789 0.305159
    outer loop
      vertex -1107.37 1092.27 2211.99
      vertex -1111.07 1085 2204.13
      vertex -1108.52 1085 2211.99
    endloop
  endfacet
  facet normal -0.278382 -0.141691 0.949962
    outer loop
      vertex -1088.93 1083.72 2226.07
      vertex -1096.4 1081.3 2223.52
      vertex -1094.7 1077.96 2223.52
    endloop
  endfacet
  facet normal 0.308235 -0.0481618 0.95009
    outer loop
      vertex -1080.87 1085 2226.07
      vertex -1081.07 1083.72 2226.07
      vertex -1073.01 1085 2223.52
    endloop
  endfacet
  facet normal 0.268985 -0.527821 0.805638
    outer loop
      vertex -1077.96 1075.3 2223.52
      vertex -1079.23 1067.25 2218.67
      vertex -1074.03 1069.9 2218.67
    endloop
  endfacet
  facet normal -0.891217 -0.453577 0
    outer loop
      vertex -1106.1 1069.67 2195.87
      vertex -1109.8 1076.94 2204.13
      vertex -1109.8 1076.94 2195.87
    endloop
  endfacet
  facet normal -0.891217 -0.453577 0
    outer loop
      vertex -1109.8 1076.94 2204.13
      vertex -1106.1 1069.67 2195.87
      vertex -1106.1 1069.67 2204.13
    endloop
  endfacet
  facet normal -0.431997 0.848473 -0.305734
    outer loop
      vertex -1092.27 1107.37 2188.01
      vertex -1098.83 1104.03 2188.01
      vertex -1093.06 1109.8 2195.87
    endloop
  endfacet
  facet normal 0.141691 0.278382 -0.949962
    outer loop
      vertex -1077.96 1094.7 2176.48
      vertex -1083.72 1088.93 2173.93
      vertex -1081.3 1096.4 2176.48
    endloop
  endfacet
  facet normal -0.429558 -0.84853 -0.308993
    outer loop
      vertex -1098.83 1065.97 2188.01
      vertex -1096.67 1064.76 2188.33
      vertex -1097.65 1064.79 2189.61
    endloop
  endfacet
  facet normal -0.431746 -0.85031 -0.300945
    outer loop
      vertex -1096.67 1064.76 2188.33
      vertex -1098.83 1065.97 2188.01
      vertex -1096.25 1064.66 2188.01
    endloop
  endfacet
  facet normal -0.268985 -0.527821 -0.805638
    outer loop
      vertex -1090.77 1067.25 2181.33
      vertex -1095.97 1069.9 2181.33
      vertex -1092.04 1075.3 2176.48
    endloop
  endfacet
  facet normal -0.126903 0.802249 0.583345
    outer loop
      vertex -1085 1108.52 2211.99
      vertex -1092.27 1107.37 2211.99
      vertex -1090.77 1102.75 2218.67
    endloop
  endfacet
  facet normal 0.666667 0.666667 -0.333333
    outer loop
      vertex -1064.58 1100.94 2195.73
      vertex -1069.67 1106.1 2195.87
      vertex -1064.53 1100.96 2195.87
    endloop
  endfacet
  facet normal 0.673642 0.672801 -0.305851
    outer loop
      vertex -1064.69 1099.75 2192.87
      vertex -1069.67 1106.1 2195.87
      vertex -1064.58 1100.94 2195.73
    endloop
  endfacet
  facet normal 0.673692 0.672795 -0.305754
    outer loop
      vertex -1069.67 1106.1 2195.87
      vertex -1064.69 1099.75 2192.87
      vertex -1071.17 1104.03 2188.01
    endloop
  endfacet
  facet normal 0.673448 0.673448 -0.304853
    outer loop
      vertex -1071.17 1104.03 2188.01
      vertex -1064.69 1099.75 2192.87
      vertex -1065.97 1098.83 2188.01
    endloop
  endfacet
  facet normal 0.368728 0.723543 0.583546
    outer loop
      vertex -1071.17 1104.03 2211.99
      vertex -1079.23 1102.75 2218.67
      vertex -1074.03 1100.1 2218.67
    endloop
  endfacet
  facet normal 0.527831 0.268656 0.805741
    outer loop
      vertex -1067.25 1090.77 2218.67
      vertex -1075.3 1092.04 2223.52
      vertex -1073.6 1088.7 2223.52
    endloop
  endfacet
  facet normal -0.0482275 -0.308656 0.94995
    outer loop
      vertex -1086.28 1081.07 2226.07
      vertex -1088.7 1073.6 2223.52
      vertex -1085 1080.87 2226.07
    endloop
  endfacet
  facet normal 0.429558 -0.84853 -0.308993
    outer loop
      vertex -1073.33 1064.76 2188.33
      vertex -1071.17 1065.97 2188.01
      vertex -1072.35 1064.79 2189.61
    endloop
  endfacet
  facet normal 0.431746 -0.85031 -0.300945
    outer loop
      vertex -1071.17 1065.97 2188.01
      vertex -1073.33 1064.76 2188.33
      vertex -1073.75 1064.66 2188.01
    endloop
  endfacet
  facet normal -0.527821 -0.268985 0.805638
    outer loop
      vertex -1094.7 1077.96 2223.52
      vertex -1102.75 1079.23 2218.67
      vertex -1100.1 1074.03 2218.67
    endloop
  endfacet
  facet normal 0.126931 -0.803634 0.581431
    outer loop
      vertex -1081.5 1064.98 2216.04
      vertex -1085 1066.33 2218.67
      vertex -1085 1064.76 2216.5
    endloop
  endfacet
  facet normal 0.127997 -0.802761 0.582401
    outer loop
      vertex -1085 1066.33 2218.67
      vertex -1081.5 1064.98 2216.04
      vertex -1079.23 1067.25 2218.67
    endloop
  endfacet
  facet normal -0.268656 -0.527831 0.805741
    outer loop
      vertex -1088.7 1073.6 2223.52
      vertex -1092.04 1075.3 2223.52
      vertex -1090.77 1067.25 2218.67
    endloop
  endfacet
  facet normal 0.308656 0.0482275 -0.94995
    outer loop
      vertex -1080.87 1085 2173.93
      vertex -1081.07 1086.28 2173.93
      vertex -1073.6 1088.7 2176.48
    endloop
  endfacet
  facet normal -0.127997 -0.802761 -0.582401
    outer loop
      vertex -1085 1066.33 2181.33
      vertex -1088.5 1064.98 2183.96
      vertex -1090.77 1067.25 2181.33
    endloop
  endfacet
  facet normal -0.126931 -0.803634 -0.581431
    outer loop
      vertex -1088.5 1064.98 2183.96
      vertex -1085 1066.33 2181.33
      vertex -1085 1064.76 2183.5
    endloop
  endfacet
  facet normal 0.574181 -0.574181 -0.583636
    outer loop
      vertex -1071.17 1065.97 2188.01
      vertex -1069.9 1074.03 2181.33
      vertex -1065.97 1071.17 2188.01
    endloop
  endfacet
  facet normal 0.574181 -0.574181 -0.583636
    outer loop
      vertex -1069.9 1074.03 2181.33
      vertex -1071.17 1065.97 2188.01
      vertex -1074.03 1069.9 2181.33
    endloop
  endfacet
  facet normal -0.368728 0.723543 -0.583546
    outer loop
      vertex -1095.97 1100.1 2181.33
      vertex -1098.83 1104.03 2188.01
      vertex -1090.77 1102.75 2181.33
    endloop
  endfacet
  facet normal -0.584962 -0.0932695 0.80568
    outer loop
      vertex -1096.99 1085 2223.52
      vertex -1103.67 1085 2218.67
      vertex -1102.75 1079.23 2218.67
    endloop
  endfacet
  facet normal 0.126903 0.802249 -0.583345
    outer loop
      vertex -1079.23 1102.75 2181.33
      vertex -1085 1108.52 2188.01
      vertex -1077.73 1107.37 2188.01
    endloop
  endfacet
  facet normal 0.431997 0.848473 0.305734
    outer loop
      vertex -1076.94 1109.8 2204.13
      vertex -1077.73 1107.37 2211.99
      vertex -1071.17 1104.03 2211.99
    endloop
  endfacet
  facet normal 0.148789 0.940606 -0.305159
    outer loop
      vertex -1077.73 1107.37 2188.01
      vertex -1085 1108.52 2188.01
      vertex -1085 1111.07 2195.87
    endloop
  endfacet
  facet normal -0.220826 0.220826 -0.949985
    outer loop
      vertex -1088.34 1087.43 2173.93
      vertex -1092.04 1094.7 2176.48
      vertex -1087.43 1088.34 2173.93
    endloop
  endfacet
  facet normal -0.220826 0.220826 -0.949985
    outer loop
      vertex -1092.04 1094.7 2176.48
      vertex -1088.34 1087.43 2173.93
      vertex -1094.7 1092.04 2176.48
    endloop
  endfacet
  facet normal 0.723543 0.368728 -0.583546
    outer loop
      vertex -1067.25 1090.77 2181.33
      vertex -1069.9 1095.97 2181.33
      vertex -1065.97 1098.83 2188.01
    endloop
  endfacet
  facet normal 0.84853 0.429558 -0.308993
    outer loop
      vertex -1064.76 1096.67 2188.33
      vertex -1065.97 1098.83 2188.01
      vertex -1064.79 1097.65 2189.61
    endloop
  endfacet
  facet normal 0.85031 0.431746 -0.300945
    outer loop
      vertex -1065.97 1098.83 2188.01
      vertex -1064.76 1096.67 2188.33
      vertex -1064.66 1096.25 2188.01
    endloop
  endfacet
  facet normal -0.431838 0.848503 -0.305873
    outer loop
      vertex -1098.83 1104.03 2188.01
      vertex -1100.33 1106.1 2195.87
      vertex -1093.06 1109.8 2195.87
    endloop
  endfacet
  facet normal -0.802249 -0.126903 0.583345
    outer loop
      vertex -1102.75 1079.23 2218.67
      vertex -1108.52 1085 2211.99
      vertex -1107.37 1077.73 2211.99
    endloop
  endfacet
  facet normal -0.584962 -0.0932695 -0.80568
    outer loop
      vertex -1102.75 1079.23 2181.33
      vertex -1103.67 1085 2181.33
      vertex -1096.99 1085 2176.48
    endloop
  endfacet
  facet normal -0.527821 0.268985 0.805638
    outer loop
      vertex -1100.1 1095.97 2218.67
      vertex -1102.75 1090.77 2218.67
      vertex -1094.7 1092.04 2223.52
    endloop
  endfacet
  facet normal -0.0932769 0.584957 -0.805683
    outer loop
      vertex -1088.7 1096.4 2176.48
      vertex -1090.77 1102.75 2181.33
      vertex -1085 1096.99 2176.48
    endloop
  endfacet
  facet normal -0.148198 0.940533 -0.305671
    outer loop
      vertex -1092.27 1107.37 2188.01
      vertex -1093.06 1109.8 2195.87
      vertex -1085 1111.07 2195.87
    endloop
  endfacet
  facet normal 0 0 1
    outer loop
      vertex -1081.07 1086.28 2226.07
      vertex -1081.07 1083.72 2226.07
      vertex -1080.87 1085 2226.07
    endloop
  endfacet
  facet normal 0 0 1
    outer loop
      vertex -1081.66 1087.43 2226.07
      vertex -1081.07 1083.72 2226.07
      vertex -1081.07 1086.28 2226.07
    endloop
  endfacet
  facet normal 0 0 1
    outer loop
      vertex -1081.66 1087.43 2226.07
      vertex -1081.66 1082.57 2226.07
      vertex -1081.07 1083.72 2226.07
    endloop
  endfacet
  facet normal 0 0 1
    outer loop
      vertex -1082.57 1088.34 2226.07
      vertex -1081.66 1082.57 2226.07
      vertex -1081.66 1087.43 2226.07
    endloop
  endfacet
  facet normal 0 0 1
    outer loop
      vertex -1082.57 1088.34 2226.07
      vertex -1082.57 1081.66 2226.07
      vertex -1081.66 1082.57 2226.07
    endloop
  endfacet
  facet normal 0 0 1
    outer loop
      vertex -1083.72 1088.93 2226.07
      vertex -1082.57 1081.66 2226.07
      vertex -1082.57 1088.34 2226.07
    endloop
  endfacet
  facet normal 0 0 1
    outer loop
      vertex -1083.72 1088.93 2226.07
      vertex -1083.72 1081.07 2226.07
      vertex -1082.57 1081.66 2226.07
    endloop
  endfacet
  facet normal 0 0 1
    outer loop
      vertex -1085 1089.13 2226.07
      vertex -1083.72 1081.07 2226.07
      vertex -1083.72 1088.93 2226.07
    endloop
  endfacet
  facet normal 0 0 1
    outer loop
      vertex -1085 1089.13 2226.07
      vertex -1085 1080.87 2226.07
      vertex -1083.72 1081.07 2226.07
    endloop
  endfacet
  facet normal -0 0 1
    outer loop
      vertex -1086.28 1088.93 2226.07
      vertex -1085 1080.87 2226.07
      vertex -1085 1089.13 2226.07
    endloop
  endfacet
  facet normal 0 0 1
    outer loop
      vertex -1086.28 1088.93 2226.07
      vertex -1086.28 1081.07 2226.07
      vertex -1085 1080.87 2226.07
    endloop
  endfacet
  facet normal -0 0 1
    outer loop
      vertex -1087.43 1088.34 2226.07
      vertex -1086.28 1081.07 2226.07
      vertex -1086.28 1088.93 2226.07
    endloop
  endfacet
  facet normal 0 0 1
    outer loop
      vertex -1087.43 1088.34 2226.07
      vertex -1087.43 1081.66 2226.07
      vertex -1086.28 1081.07 2226.07
    endloop
  endfacet
  facet normal -0 0 1
    outer loop
      vertex -1088.34 1087.43 2226.07
      vertex -1087.43 1081.66 2226.07
      vertex -1087.43 1088.34 2226.07
    endloop
  endfacet
  facet normal 0 0 1
    outer loop
      vertex -1088.34 1087.43 2226.07
      vertex -1088.34 1082.57 2226.07
      vertex -1087.43 1081.66 2226.07
    endloop
  endfacet
  facet normal -0 0 1
    outer loop
      vertex -1088.93 1086.28 2226.07
      vertex -1088.34 1082.57 2226.07
      vertex -1088.34 1087.43 2226.07
    endloop
  endfacet
  facet normal 0 0 1
    outer loop
      vertex -1088.93 1086.28 2226.07
      vertex -1088.93 1083.72 2226.07
      vertex -1088.34 1082.57 2226.07
    endloop
  endfacet
  facet normal 0 -0 1
    outer loop
      vertex -1088.93 1083.72 2226.07
      vertex -1088.93 1086.28 2226.07
      vertex -1089.13 1085 2226.07
    endloop
  endfacet
  facet normal -0.848473 -0.431997 0.305734
    outer loop
      vertex -1107.37 1077.73 2211.99
      vertex -1109.8 1076.94 2204.13
      vertex -1104.03 1071.17 2211.99
    endloop
  endfacet
  facet normal -0.723806 -0.368523 0.583349
    outer loop
      vertex -1102.75 1079.23 2218.67
      vertex -1107.37 1077.73 2211.99
      vertex -1104.03 1071.17 2211.99
    endloop
  endfacet
  facet normal -0.142453 0.277663 0.950058
    outer loop
      vertex -1086.28 1088.93 2226.07
      vertex -1092.04 1094.7 2223.52
      vertex -1087.43 1088.34 2226.07
    endloop
  endfacet
  facet normal -0.527821 -0.268985 -0.805638
    outer loop
      vertex -1100.1 1074.03 2181.33
      vertex -1102.75 1079.23 2181.33
      vertex -1094.7 1077.96 2176.48
    endloop
  endfacet
  facet normal 0.802698 -0.127777 0.582536
    outer loop
      vertex -1067.25 1079.23 2218.67
      vertex -1065.03 1080.73 2215.94
      vertex -1064.98 1081.5 2216.04
    endloop
  endfacet
  facet normal 0.802396 -0.125781 0.583387
    outer loop
      vertex -1065.03 1080.73 2215.94
      vertex -1067.25 1079.23 2218.67
      vertex -1064.69 1078.4 2214.97
    endloop
  endfacet
  facet normal 0.724096 -0.367733 0.583488
    outer loop
      vertex -1067.25 1079.23 2218.67
      vertex -1064.98 1076.75 2214.29
      vertex -1064.69 1078.4 2214.97
    endloop
  endfacet
  facet normal 0.723278 -0.368935 0.583744
    outer loop
      vertex -1065.97 1071.17 2211.99
      vertex -1064.98 1076.75 2214.29
      vertex -1067.25 1079.23 2218.67
    endloop
  endfacet
  facet normal 0.725461 -0.368354 0.581396
    outer loop
      vertex -1064.98 1076.75 2214.29
      vertex -1065.97 1071.17 2211.99
      vertex -1064.66 1073.75 2211.99
    endloop
  endfacet
  facet normal 0.802396 0.125781 0.583387
    outer loop
      vertex -1067.25 1090.77 2218.67
      vertex -1065.03 1089.27 2215.94
      vertex -1064.69 1091.6 2214.97
    endloop
  endfacet
  facet normal 0.802698 0.127777 0.582536
    outer loop
      vertex -1065.03 1089.27 2215.94
      vertex -1067.25 1090.77 2218.67
      vertex -1064.98 1088.5 2216.04
    endloop
  endfacet
  facet normal 0.803634 -0.126931 0.581431
    outer loop
      vertex -1066.33 1085 2218.67
      vertex -1064.98 1081.5 2216.04
      vertex -1064.76 1085 2216.5
    endloop
  endfacet
  facet normal 0.802761 -0.127997 0.582401
    outer loop
      vertex -1064.98 1081.5 2216.04
      vertex -1066.33 1085 2218.67
      vertex -1067.25 1079.23 2218.67
    endloop
  endfacet
  facet normal 0.802761 0.127997 0.582401
    outer loop
      vertex -1066.33 1085 2218.67
      vertex -1064.98 1088.5 2216.04
      vertex -1067.25 1090.77 2218.67
    endloop
  endfacet
  facet normal 0.803634 0.126931 0.581431
    outer loop
      vertex -1064.98 1088.5 2216.04
      vertex -1066.33 1085 2218.67
      vertex -1064.76 1085 2216.5
    endloop
  endfacet
  facet normal 0.84853 -0.429558 0.308993
    outer loop
      vertex -1064.76 1073.33 2211.67
      vertex -1065.97 1071.17 2211.99
      vertex -1064.79 1072.35 2210.39
    endloop
  endfacet
  facet normal 0.85031 -0.431746 0.300945
    outer loop
      vertex -1065.97 1071.17 2211.99
      vertex -1064.76 1073.33 2211.67
      vertex -1064.66 1073.75 2211.99
    endloop
  endfacet
  facet normal 0.847656 -0.434133 0.304973
    outer loop
      vertex -1065.97 1071.17 2211.99
      vertex -1064.86 1070.71 2208.25
      vertex -1064.79 1072.35 2210.39
    endloop
  endfacet
  facet normal 0.850419 -0.428596 0.305112
    outer loop
      vertex -1064.86 1070.71 2208.25
      vertex -1065.97 1071.17 2211.99
      vertex -1064.69 1070.25 2207.13
    endloop
  endfacet
  facet normal 0.707106 -0.707106 -0.00171212
    outer loop
      vertex -1064.53 1069.04 2204.13
      vertex -1068.5 1065.08 2200
      vertex -1065.08 1068.5 2200
    endloop
  endfacet
  facet normal 0.707106 -0.707106 -0.00171212
    outer loop
      vertex -1068.5 1065.08 2200
      vertex -1064.53 1069.04 2204.13
      vertex -1069.04 1064.53 2204.13
    endloop
  endfacet
  facet normal 0.707106 -0.707106 0.00171212
    outer loop
      vertex -1068.5 1065.08 2200
      vertex -1064.53 1069.04 2195.87
      vertex -1065.08 1068.5 2200
    endloop
  endfacet
  facet normal 0.707106 -0.707106 0.00171212
    outer loop
      vertex -1064.53 1069.04 2195.87
      vertex -1068.5 1065.08 2200
      vertex -1069.04 1064.53 2195.87
    endloop
  endfacet
  facet normal 0.418829 -0.418829 -0.805707
    outer loop
      vertex -1074.03 1069.9 2181.33
      vertex -1075.3 1077.96 2176.48
      vertex -1069.9 1074.03 2181.33
    endloop
  endfacet
  facet normal 0.418829 -0.418829 -0.805707
    outer loop
      vertex -1075.3 1077.96 2176.48
      vertex -1074.03 1069.9 2181.33
      vertex -1077.96 1075.3 2176.48
    endloop
  endfacet
  facet normal -0.584957 0.0932769 -0.805683
    outer loop
      vertex -1096.99 1085 2176.48
      vertex -1102.75 1090.77 2181.33
      vertex -1096.4 1088.7 2176.48
    endloop
  endfacet
  facet normal 0.126931 -0.803634 -0.581431
    outer loop
      vertex -1085 1066.33 2181.33
      vertex -1081.5 1064.98 2183.96
      vertex -1085 1064.76 2183.5
    endloop
  endfacet
  facet normal 0.127997 -0.802761 -0.582401
    outer loop
      vertex -1081.5 1064.98 2183.96
      vertex -1085 1066.33 2181.33
      vertex -1079.23 1067.25 2181.33
    endloop
  endfacet
  facet normal 0.527831 -0.268656 -0.805741
    outer loop
      vertex -1067.25 1079.23 2181.33
      vertex -1075.3 1077.96 2176.48
      vertex -1073.6 1081.3 2176.48
    endloop
  endfacet
  facet normal 0.368354 -0.725461 -0.581396
    outer loop
      vertex -1076.75 1064.98 2185.71
      vertex -1071.17 1065.97 2188.01
      vertex -1073.75 1064.66 2188.01
    endloop
  endfacet
  facet normal 0.367733 -0.724096 -0.583488
    outer loop
      vertex -1079.23 1067.25 2181.33
      vertex -1076.75 1064.98 2185.71
      vertex -1078.4 1064.69 2185.03
    endloop
  endfacet
  facet normal 0.368935 -0.723278 -0.583744
    outer loop
      vertex -1076.75 1064.98 2185.71
      vertex -1079.23 1067.25 2181.33
      vertex -1071.17 1065.97 2188.01
    endloop
  endfacet
  facet normal 0.125781 -0.802396 -0.583387
    outer loop
      vertex -1080.73 1065.03 2184.06
      vertex -1079.23 1067.25 2181.33
      vertex -1078.4 1064.69 2185.03
    endloop
  endfacet
  facet normal 0.127777 -0.802698 -0.582536
    outer loop
      vertex -1079.23 1067.25 2181.33
      vertex -1080.73 1065.03 2184.06
      vertex -1081.5 1064.98 2183.96
    endloop
  endfacet
  facet normal -0.0932695 -0.584962 -0.80568
    outer loop
      vertex -1085 1066.33 2181.33
      vertex -1090.77 1067.25 2181.33
      vertex -1085 1073.01 2176.48
    endloop
  endfacet
  facet normal -0.0932695 0.584962 0.80568
    outer loop
      vertex -1085 1103.67 2218.67
      vertex -1090.77 1102.75 2218.67
      vertex -1085 1096.99 2223.52
    endloop
  endfacet
  facet normal 0.277663 0.142453 0.950058
    outer loop
      vertex -1075.3 1092.04 2223.52
      vertex -1081.66 1087.43 2226.07
      vertex -1081.07 1086.28 2226.07
    endloop
  endfacet
  facet normal 0.126903 0.802249 0.583345
    outer loop
      vertex -1077.73 1107.37 2211.99
      vertex -1085 1108.52 2211.99
      vertex -1079.23 1102.75 2218.67
    endloop
  endfacet
  facet normal -0.848473 0.431997 0.305734
    outer loop
      vertex -1104.03 1098.83 2211.99
      vertex -1109.8 1093.06 2204.13
      vertex -1107.37 1092.27 2211.99
    endloop
  endfacet
  facet normal -0.127964 0.802555 0.582693
    outer loop
      vertex -1085 1108.52 2211.99
      vertex -1090.77 1102.75 2218.67
      vertex -1085 1103.67 2218.67
    endloop
  endfacet
  facet normal 0.725461 0.368354 -0.581396
    outer loop
      vertex -1064.98 1093.25 2185.71
      vertex -1065.97 1098.83 2188.01
      vertex -1064.66 1096.25 2188.01
    endloop
  endfacet
  facet normal 0.724096 0.367733 -0.583488
    outer loop
      vertex -1067.25 1090.77 2181.33
      vertex -1064.98 1093.25 2185.71
      vertex -1064.69 1091.6 2185.03
    endloop
  endfacet
  facet normal 0.723278 0.368935 -0.583744
    outer loop
      vertex -1064.98 1093.25 2185.71
      vertex -1067.25 1090.77 2181.33
      vertex -1065.97 1098.83 2188.01
    endloop
  endfacet
  facet normal 0.724096 -0.367733 -0.583488
    outer loop
      vertex -1064.98 1076.75 2185.71
      vertex -1067.25 1079.23 2181.33
      vertex -1064.69 1078.4 2185.03
    endloop
  endfacet
  facet normal 0.725461 -0.368354 -0.581396
    outer loop
      vertex -1065.97 1071.17 2188.01
      vertex -1064.98 1076.75 2185.71
      vertex -1064.66 1073.75 2188.01
    endloop
  endfacet
  facet normal 0.723278 -0.368935 -0.583744
    outer loop
      vertex -1064.98 1076.75 2185.71
      vertex -1065.97 1071.17 2188.01
      vertex -1067.25 1079.23 2181.33
    endloop
  endfacet
  facet normal 0.802396 0.125781 -0.583387
    outer loop
      vertex -1065.03 1089.27 2184.06
      vertex -1067.25 1090.77 2181.33
      vertex -1064.69 1091.6 2185.03
    endloop
  endfacet
  facet normal 0.802698 0.127777 -0.582536
    outer loop
      vertex -1067.25 1090.77 2181.33
      vertex -1065.03 1089.27 2184.06
      vertex -1064.98 1088.5 2183.96
    endloop
  endfacet
  facet normal 0.574181 0.574181 -0.583636
    outer loop
      vertex -1069.9 1095.97 2181.33
      vertex -1071.17 1104.03 2188.01
      vertex -1065.97 1098.83 2188.01
    endloop
  endfacet
  facet normal 0.574181 0.574181 -0.583636
    outer loop
      vertex -1071.17 1104.03 2188.01
      vertex -1069.9 1095.97 2181.33
      vertex -1074.03 1100.1 2181.33
    endloop
  endfacet
  facet normal 0.723543 -0.368728 -0.583546
    outer loop
      vertex -1065.97 1071.17 2188.01
      vertex -1069.9 1074.03 2181.33
      vertex -1067.25 1079.23 2181.33
    endloop
  endfacet
  facet normal 0.527831 0.268656 -0.805741
    outer loop
      vertex -1073.6 1088.7 2176.48
      vertex -1075.3 1092.04 2176.48
      vertex -1067.25 1090.77 2181.33
    endloop
  endfacet
  facet normal 0.847656 -0.434133 -0.304973
    outer loop
      vertex -1064.86 1070.71 2191.75
      vertex -1065.97 1071.17 2188.01
      vertex -1064.79 1072.35 2189.61
    endloop
  endfacet
  facet normal 0.850419 -0.428596 -0.305112
    outer loop
      vertex -1065.97 1071.17 2188.01
      vertex -1064.86 1070.71 2191.75
      vertex -1064.69 1070.25 2192.87
    endloop
  endfacet
  facet normal 0.85031 -0.431746 -0.300945
    outer loop
      vertex -1064.76 1073.33 2188.33
      vertex -1065.97 1071.17 2188.01
      vertex -1064.66 1073.75 2188.01
    endloop
  endfacet
  facet normal 0.84853 -0.429558 -0.308993
    outer loop
      vertex -1065.97 1071.17 2188.01
      vertex -1064.76 1073.33 2188.33
      vertex -1064.79 1072.35 2189.61
    endloop
  endfacet
  facet normal 0.220826 0.220826 -0.949985
    outer loop
      vertex -1081.66 1087.43 2173.93
      vertex -1077.96 1094.7 2176.48
      vertex -1075.3 1092.04 2176.48
    endloop
  endfacet
  facet normal 0.220826 0.220826 -0.949985
    outer loop
      vertex -1077.96 1094.7 2176.48
      vertex -1081.66 1087.43 2173.93
      vertex -1082.57 1088.34 2173.93
    endloop
  endfacet
  facet normal -0.142453 0.277663 -0.950058
    outer loop
      vertex -1087.43 1088.34 2173.93
      vertex -1092.04 1094.7 2176.48
      vertex -1086.28 1088.93 2173.93
    endloop
  endfacet
  facet normal -0.848503 0.431838 -0.305873
    outer loop
      vertex -1104.03 1098.83 2188.01
      vertex -1109.8 1093.06 2195.87
      vertex -1106.1 1100.33 2195.87
    endloop
  endfacet
  facet normal -0.148789 0.940606 -0.305159
    outer loop
      vertex -1085 1108.52 2188.01
      vertex -1092.27 1107.37 2188.01
      vertex -1085 1111.07 2195.87
    endloop
  endfacet
  facet normal -0.848503 0.431838 0.305873
    outer loop
      vertex -1106.1 1100.33 2204.13
      vertex -1109.8 1093.06 2204.13
      vertex -1104.03 1098.83 2211.99
    endloop
  endfacet
  facet normal -0.308366 -0.0491719 0.949996
    outer loop
      vertex -1088.93 1083.72 2226.07
      vertex -1096.99 1085 2223.52
      vertex -1096.4 1081.3 2223.52
    endloop
  endfacet
  facet normal -0.308221 0.0491487 0.950044
    outer loop
      vertex -1096.4 1088.7 2223.52
      vertex -1096.99 1085 2223.52
      vertex -1089.13 1085 2226.07
    endloop
  endfacet
  facet normal 0.220826 0.220826 0.949985
    outer loop
      vertex -1077.96 1094.7 2223.52
      vertex -1081.66 1087.43 2226.07
      vertex -1075.3 1092.04 2223.52
    endloop
  endfacet
  facet normal 0.220826 0.220826 0.949985
    outer loop
      vertex -1081.66 1087.43 2226.07
      vertex -1077.96 1094.7 2223.52
      vertex -1082.57 1088.34 2226.07
    endloop
  endfacet
  facet normal -0.431746 -0.85031 0.300945
    outer loop
      vertex -1098.83 1065.97 2211.99
      vertex -1096.67 1064.76 2211.67
      vertex -1096.25 1064.66 2211.99
    endloop
  endfacet
  facet normal -0.429558 -0.84853 0.308993
    outer loop
      vertex -1096.67 1064.76 2211.67
      vertex -1098.83 1065.97 2211.99
      vertex -1097.65 1064.79 2210.39
    endloop
  endfacet
  facet normal -0.848503 -0.431838 0.305873
    outer loop
      vertex -1104.03 1071.17 2211.99
      vertex -1109.8 1076.94 2204.13
      vertex -1106.1 1069.67 2204.13
    endloop
  endfacet
  facet normal -0.940606 -0.148789 0.305159
    outer loop
      vertex -1108.52 1085 2211.99
      vertex -1111.07 1085 2204.13
      vertex -1107.37 1077.73 2211.99
    endloop
  endfacet
  facet normal -0.940533 -0.148198 0.305671
    outer loop
      vertex -1107.37 1077.73 2211.99
      vertex -1111.07 1085 2204.13
      vertex -1109.8 1076.94 2204.13
    endloop
  endfacet
  facet normal -0.141691 -0.278382 0.949962
    outer loop
      vertex -1086.28 1081.07 2226.07
      vertex -1092.04 1075.3 2223.52
      vertex -1088.7 1073.6 2223.52
    endloop
  endfacet
  facet normal -0.527831 -0.268656 0.805741
    outer loop
      vertex -1096.4 1081.3 2223.52
      vertex -1102.75 1079.23 2218.67
      vertex -1094.7 1077.96 2223.52
    endloop
  endfacet
  facet normal -0.418829 -0.418829 0.805707
    outer loop
      vertex -1094.7 1077.96 2223.52
      vertex -1095.97 1069.9 2218.67
      vertex -1092.04 1075.3 2223.52
    endloop
  endfacet
  facet normal -0.418829 -0.418829 0.805707
    outer loop
      vertex -1095.97 1069.9 2218.67
      vertex -1094.7 1077.96 2223.52
      vertex -1100.1 1074.03 2218.67
    endloop
  endfacet
  facet normal 0.142453 -0.277663 0.950058
    outer loop
      vertex -1082.57 1081.66 2226.07
      vertex -1083.72 1081.07 2226.07
      vertex -1077.96 1075.3 2223.52
    endloop
  endfacet
  facet normal 0.141691 -0.278382 0.949962
    outer loop
      vertex -1077.96 1075.3 2223.52
      vertex -1083.72 1081.07 2226.07
      vertex -1081.3 1073.6 2223.52
    endloop
  endfacet
  facet normal -0.527831 0.268656 -0.805741
    outer loop
      vertex -1096.4 1088.7 2176.48
      vertex -1102.75 1090.77 2181.33
      vertex -1094.7 1092.04 2176.48
    endloop
  endfacet
  facet normal 0.368728 -0.723543 0.583546
    outer loop
      vertex -1074.03 1069.9 2218.67
      vertex -1079.23 1067.25 2218.67
      vertex -1071.17 1065.97 2211.99
    endloop
  endfacet
  facet normal 0.673448 -0.673448 0.304853
    outer loop
      vertex -1071.17 1065.97 2211.99
      vertex -1064.69 1070.25 2207.13
      vertex -1065.97 1071.17 2211.99
    endloop
  endfacet
  facet normal 0.673448 -0.673448 0.304853
    outer loop
      vertex -1064.69 1070.25 2207.13
      vertex -1071.17 1065.97 2211.99
      vertex -1070.25 1064.69 2207.13
    endloop
  endfacet
  facet normal 0.673189 -0.673189 0.305995
    outer loop
      vertex -1064.69 1070.25 2207.13
      vertex -1070.25 1064.69 2207.13
      vertex -1064.58 1069.06 2204.27
    endloop
  endfacet
  facet normal 0.673189 -0.673189 0.305995
    outer loop
      vertex -1069.06 1064.58 2204.27
      vertex -1064.58 1069.06 2204.27
      vertex -1070.25 1064.69 2207.13
    endloop
  endfacet
  facet normal 0.666667 -0.666667 0.333333
    outer loop
      vertex -1064.58 1069.06 2204.27
      vertex -1069.06 1064.58 2204.27
      vertex -1064.53 1069.04 2204.13
    endloop
  endfacet
  facet normal 0.666667 -0.666667 0.333333
    outer loop
      vertex -1064.53 1069.04 2204.13
      vertex -1069.06 1064.58 2204.27
      vertex -1069.04 1064.53 2204.13
    endloop
  endfacet
  facet normal 0.673189 -0.673189 -0.305995
    outer loop
      vertex -1070.25 1064.69 2192.87
      vertex -1064.69 1070.25 2192.87
      vertex -1064.58 1069.06 2195.73
    endloop
  endfacet
  facet normal 0.673448 -0.673448 -0.304853
    outer loop
      vertex -1071.17 1065.97 2188.01
      vertex -1064.69 1070.25 2192.87
      vertex -1070.25 1064.69 2192.87
    endloop
  endfacet
  facet normal 0.666667 -0.666667 -0.333333
    outer loop
      vertex -1069.06 1064.58 2195.73
      vertex -1064.58 1069.06 2195.73
      vertex -1064.53 1069.04 2195.87
    endloop
  endfacet
  facet normal 0.673448 -0.673448 -0.304853
    outer loop
      vertex -1064.69 1070.25 2192.87
      vertex -1071.17 1065.97 2188.01
      vertex -1065.97 1071.17 2188.01
    endloop
  endfacet
  facet normal 0.673189 -0.673189 -0.305995
    outer loop
      vertex -1064.58 1069.06 2195.73
      vertex -1069.06 1064.58 2195.73
      vertex -1070.25 1064.69 2192.87
    endloop
  endfacet
  facet normal 0.666667 -0.666667 -0.333333
    outer loop
      vertex -1069.06 1064.58 2195.73
      vertex -1064.53 1069.04 2195.87
      vertex -1069.04 1064.53 2195.87
    endloop
  endfacet
  facet normal 0.368728 -0.723543 -0.583546
    outer loop
      vertex -1071.17 1065.97 2188.01
      vertex -1079.23 1067.25 2181.33
      vertex -1074.03 1069.9 2181.33
    endloop
  endfacet
  facet normal 0.0481618 -0.308235 -0.95009
    outer loop
      vertex -1083.72 1081.07 2173.93
      vertex -1085 1073.01 2176.48
      vertex -1085 1080.87 2173.93
    endloop
  endfacet
  facet normal 0.277663 -0.142453 -0.950058
    outer loop
      vertex -1075.3 1077.96 2176.48
      vertex -1081.66 1082.57 2173.93
      vertex -1081.07 1083.72 2173.93
    endloop
  endfacet
  facet normal -0.434133 -0.847656 0.304973
    outer loop
      vertex -1098.83 1065.97 2211.99
      vertex -1099.29 1064.86 2208.25
      vertex -1097.65 1064.79 2210.39
    endloop
  endfacet
  facet normal -0.428596 -0.850419 0.305112
    outer loop
      vertex -1099.29 1064.86 2208.25
      vertex -1098.83 1065.97 2211.99
      vertex -1099.75 1064.69 2207.13
    endloop
  endfacet
  facet normal -0.723543 -0.368728 -0.583546
    outer loop
      vertex -1100.1 1074.03 2181.33
      vertex -1104.03 1071.17 2188.01
      vertex -1102.75 1079.23 2181.33
    endloop
  endfacet
  facet normal 0.428596 -0.850419 -0.305112
    outer loop
      vertex -1070.71 1064.86 2191.75
      vertex -1071.17 1065.97 2188.01
      vertex -1070.25 1064.69 2192.87
    endloop
  endfacet
  facet normal 0.434133 -0.847656 -0.304973
    outer loop
      vertex -1071.17 1065.97 2188.01
      vertex -1070.71 1064.86 2191.75
      vertex -1072.35 1064.79 2189.61
    endloop
  endfacet
  facet normal 0.278382 0.141691 0.949962
    outer loop
      vertex -1075.3 1092.04 2223.52
      vertex -1081.07 1086.28 2226.07
      vertex -1073.6 1088.7 2223.52
    endloop
  endfacet
  facet normal 0.308656 0.0482275 0.94995
    outer loop
      vertex -1073.6 1088.7 2223.52
      vertex -1081.07 1086.28 2226.07
      vertex -1080.87 1085 2226.07
    endloop
  endfacet
  facet normal 0.418829 0.418829 0.805707
    outer loop
      vertex -1074.03 1100.1 2218.67
      vertex -1075.3 1092.04 2223.52
      vertex -1069.9 1095.97 2218.67
    endloop
  endfacet
  facet normal 0.418829 0.418829 0.805707
    outer loop
      vertex -1075.3 1092.04 2223.52
      vertex -1074.03 1100.1 2218.67
      vertex -1077.96 1094.7 2223.52
    endloop
  endfacet
  facet normal 0.527821 0.268985 0.805638
    outer loop
      vertex -1069.9 1095.97 2218.67
      vertex -1075.3 1092.04 2223.52
      vertex -1067.25 1090.77 2218.67
    endloop
  endfacet
  facet normal 0.850419 0.428596 -0.305112
    outer loop
      vertex -1064.86 1099.29 2191.75
      vertex -1065.97 1098.83 2188.01
      vertex -1064.69 1099.75 2192.87
    endloop
  endfacet
  facet normal 0.847656 0.434133 -0.304973
    outer loop
      vertex -1065.97 1098.83 2188.01
      vertex -1064.86 1099.29 2191.75
      vertex -1064.79 1097.65 2189.61
    endloop
  endfacet
  facet normal 0.148198 0.940533 0.305671
    outer loop
      vertex -1076.94 1109.8 2204.13
      vertex -1085 1111.07 2204.13
      vertex -1077.73 1107.37 2211.99
    endloop
  endfacet
  facet normal 0.673692 0.672795 0.305754
    outer loop
      vertex -1064.69 1099.75 2207.13
      vertex -1069.67 1106.1 2204.13
      vertex -1071.17 1104.03 2211.99
    endloop
  endfacet
  facet normal 0.666667 0.666667 0.333333
    outer loop
      vertex -1069.67 1106.1 2204.13
      vertex -1064.58 1100.94 2204.27
      vertex -1064.53 1100.96 2204.13
    endloop
  endfacet
  facet normal 0.673642 0.672801 0.305851
    outer loop
      vertex -1069.67 1106.1 2204.13
      vertex -1064.69 1099.75 2207.13
      vertex -1064.58 1100.94 2204.27
    endloop
  endfacet
  facet normal 0.673448 0.673448 0.304853
    outer loop
      vertex -1064.69 1099.75 2207.13
      vertex -1071.17 1104.03 2211.99
      vertex -1065.97 1098.83 2211.99
    endloop
  endfacet
  facet normal 0.84853 0.429558 0.308993
    outer loop
      vertex -1065.97 1098.83 2211.99
      vertex -1064.76 1096.67 2211.67
      vertex -1064.79 1097.65 2210.39
    endloop
  endfacet
  facet normal 0.85031 0.431746 0.300945
    outer loop
      vertex -1064.76 1096.67 2211.67
      vertex -1065.97 1098.83 2211.99
      vertex -1064.66 1096.25 2211.99
    endloop
  endfacet
  facet normal -0.673237 0.673237 -0.305783
    outer loop
      vertex -1098.83 1104.03 2188.01
      vertex -1106.1 1100.33 2195.87
      vertex -1100.33 1106.1 2195.87
    endloop
  endfacet
  facet normal -0.673237 0.673237 -0.305783
    outer loop
      vertex -1106.1 1100.33 2195.87
      vertex -1098.83 1104.03 2188.01
      vertex -1104.03 1098.83 2188.01
    endloop
  endfacet
  facet normal -0.368728 0.723543 0.583546
    outer loop
      vertex -1090.77 1102.75 2218.67
      vertex -1098.83 1104.03 2211.99
      vertex -1095.97 1100.1 2218.67
    endloop
  endfacet
  facet normal 0.155648 0.987813 -0
    outer loop
      vertex -1076.94 1109.8 2195.87
      vertex -1085 1111.07 2204.13
      vertex -1076.94 1109.8 2204.13
    endloop
  endfacet
  facet normal 0.155648 0.987813 0
    outer loop
      vertex -1085 1111.07 2204.13
      vertex -1076.94 1109.8 2195.87
      vertex -1085 1111.07 2195.87
    endloop
  endfacet
  facet normal -0.453577 0.891217 0
    outer loop
      vertex -1093.06 1109.8 2195.87
      vertex -1100.33 1106.1 2204.13
      vertex -1093.06 1109.8 2204.13
    endloop
  endfacet
  facet normal -0.453577 0.891217 0
    outer loop
      vertex -1100.33 1106.1 2204.13
      vertex -1093.06 1109.8 2195.87
      vertex -1100.33 1106.1 2195.87
    endloop
  endfacet
  facet normal 0.148789 0.940606 0.305159
    outer loop
      vertex -1085 1111.07 2204.13
      vertex -1085 1108.52 2211.99
      vertex -1077.73 1107.37 2211.99
    endloop
  endfacet
  facet normal -0.148789 0.940606 0.305159
    outer loop
      vertex -1085 1111.07 2204.13
      vertex -1092.27 1107.37 2211.99
      vertex -1085 1108.52 2211.99
    endloop
  endfacet
  facet normal -0.0932769 0.584957 0.805683
    outer loop
      vertex -1085 1096.99 2223.52
      vertex -1090.77 1102.75 2218.67
      vertex -1088.7 1096.4 2223.52
    endloop
  endfacet
  facet normal -0.268985 0.527821 0.805638
    outer loop
      vertex -1090.77 1102.75 2218.67
      vertex -1095.97 1100.1 2218.67
      vertex -1092.04 1094.7 2223.52
    endloop
  endfacet
  facet normal 0.268656 0.527831 -0.805741
    outer loop
      vertex -1077.96 1094.7 2176.48
      vertex -1081.3 1096.4 2176.48
      vertex -1079.23 1102.75 2181.33
    endloop
  endfacet
  facet normal 0.148198 0.940533 -0.305671
    outer loop
      vertex -1077.73 1107.37 2188.01
      vertex -1085 1111.07 2195.87
      vertex -1076.94 1109.8 2195.87
    endloop
  endfacet
  facet normal 0.584957 0.0932769 -0.805683
    outer loop
      vertex -1073.01 1085 2176.48
      vertex -1073.6 1088.7 2176.48
      vertex -1067.25 1090.77 2181.33
    endloop
  endfacet
  facet normal 0.584962 0.0932695 -0.80568
    outer loop
      vertex -1066.33 1085 2181.33
      vertex -1073.01 1085 2176.48
      vertex -1067.25 1090.77 2181.33
    endloop
  endfacet
  facet normal 0.803634 -0.126931 -0.581431
    outer loop
      vertex -1064.98 1081.5 2183.96
      vertex -1066.33 1085 2181.33
      vertex -1064.76 1085 2183.5
    endloop
  endfacet
  facet normal 0.802761 -0.127997 -0.582401
    outer loop
      vertex -1066.33 1085 2181.33
      vertex -1064.98 1081.5 2183.96
      vertex -1067.25 1079.23 2181.33
    endloop
  endfacet
  facet normal 0.802698 -0.127777 -0.582536
    outer loop
      vertex -1065.03 1080.73 2184.06
      vertex -1067.25 1079.23 2181.33
      vertex -1064.98 1081.5 2183.96
    endloop
  endfacet
  facet normal 0.802396 -0.125781 -0.583387
    outer loop
      vertex -1067.25 1079.23 2181.33
      vertex -1065.03 1080.73 2184.06
      vertex -1064.69 1078.4 2185.03
    endloop
  endfacet
  facet normal 0.308366 -0.0491719 -0.949996
    outer loop
      vertex -1073.6 1081.3 2176.48
      vertex -1081.07 1083.72 2173.93
      vertex -1073.01 1085 2176.48
    endloop
  endfacet
  facet normal -0.802555 -0.127964 -0.582693
    outer loop
      vertex -1102.75 1079.23 2181.33
      vertex -1108.52 1085 2188.01
      vertex -1103.67 1085 2181.33
    endloop
  endfacet
  facet normal 0.0481618 0.308235 -0.95009
    outer loop
      vertex -1083.72 1088.93 2173.93
      vertex -1085 1089.13 2173.93
      vertex -1085 1096.99 2176.48
    endloop
  endfacet
  facet normal -0.527821 0.268985 -0.805638
    outer loop
      vertex -1094.7 1092.04 2176.48
      vertex -1102.75 1090.77 2181.33
      vertex -1100.1 1095.97 2181.33
    endloop
  endfacet
  facet normal -0.987813 0.155648 0
    outer loop
      vertex -1111.07 1085 2195.87
      vertex -1109.8 1093.06 2204.13
      vertex -1109.8 1093.06 2195.87
    endloop
  endfacet
  facet normal -0.987813 0.155648 0
    outer loop
      vertex -1109.8 1093.06 2204.13
      vertex -1111.07 1085 2195.87
      vertex -1111.07 1085 2204.13
    endloop
  endfacet
  facet normal -0.723543 0.368728 -0.583546
    outer loop
      vertex -1102.75 1090.77 2181.33
      vertex -1104.03 1098.83 2188.01
      vertex -1100.1 1095.97 2181.33
    endloop
  endfacet
  facet normal -0.574181 0.574181 -0.583636
    outer loop
      vertex -1100.1 1095.97 2181.33
      vertex -1098.83 1104.03 2188.01
      vertex -1095.97 1100.1 2181.33
    endloop
  endfacet
  facet normal -0.574181 0.574181 -0.583636
    outer loop
      vertex -1098.83 1104.03 2188.01
      vertex -1100.1 1095.97 2181.33
      vertex -1104.03 1098.83 2188.01
    endloop
  endfacet
  facet normal -0.802555 0.127964 -0.582693
    outer loop
      vertex -1103.67 1085 2181.33
      vertex -1108.52 1085 2188.01
      vertex -1102.75 1090.77 2181.33
    endloop
  endfacet
  facet normal -0.848473 -0.431997 -0.305734
    outer loop
      vertex -1104.03 1071.17 2188.01
      vertex -1109.8 1076.94 2195.87
      vertex -1107.37 1077.73 2188.01
    endloop
  endfacet
  facet normal 0.431838 0.848503 -0.305873
    outer loop
      vertex -1071.17 1104.03 2188.01
      vertex -1076.94 1109.8 2195.87
      vertex -1069.67 1106.1 2195.87
    endloop
  endfacet
  facet normal -0.802555 0.127964 0.582693
    outer loop
      vertex -1102.75 1090.77 2218.67
      vertex -1108.52 1085 2211.99
      vertex -1103.67 1085 2218.67
    endloop
  endfacet
  facet normal -0.802555 -0.127964 0.582693
    outer loop
      vertex -1103.67 1085 2218.67
      vertex -1108.52 1085 2211.99
      vertex -1102.75 1079.23 2218.67
    endloop
  endfacet
  facet normal -0.418829 0.418829 0.805707
    outer loop
      vertex -1095.97 1100.1 2218.67
      vertex -1094.7 1092.04 2223.52
      vertex -1092.04 1094.7 2223.52
    endloop
  endfacet
  facet normal -0.418829 0.418829 0.805707
    outer loop
      vertex -1094.7 1092.04 2223.52
      vertex -1095.97 1100.1 2218.67
      vertex -1100.1 1095.97 2218.67
    endloop
  endfacet
  facet normal -0.673237 0.673237 0.305783
    outer loop
      vertex -1106.1 1100.33 2204.13
      vertex -1098.83 1104.03 2211.99
      vertex -1100.33 1106.1 2204.13
    endloop
  endfacet
  facet normal -0.673237 0.673237 0.305783
    outer loop
      vertex -1098.83 1104.03 2211.99
      vertex -1106.1 1100.33 2204.13
      vertex -1104.03 1098.83 2211.99
    endloop
  endfacet
  facet normal -0.574181 -0.574181 -0.583636
    outer loop
      vertex -1098.83 1065.97 2188.01
      vertex -1100.1 1074.03 2181.33
      vertex -1095.97 1069.9 2181.33
    endloop
  endfacet
  facet normal -0.574181 -0.574181 -0.583636
    outer loop
      vertex -1100.1 1074.03 2181.33
      vertex -1098.83 1065.97 2188.01
      vertex -1104.03 1071.17 2188.01
    endloop
  endfacet
  facet normal -0.367733 -0.724096 0.583488
    outer loop
      vertex -1090.77 1067.25 2218.67
      vertex -1093.25 1064.98 2214.29
      vertex -1091.6 1064.69 2214.97
    endloop
  endfacet
  facet normal -0.368935 -0.723278 0.583744
    outer loop
      vertex -1098.83 1065.97 2211.99
      vertex -1093.25 1064.98 2214.29
      vertex -1090.77 1067.25 2218.67
    endloop
  endfacet
  facet normal -0.368354 -0.725461 0.581396
    outer loop
      vertex -1093.25 1064.98 2214.29
      vertex -1098.83 1065.97 2211.99
      vertex -1096.25 1064.66 2211.99
    endloop
  endfacet
  facet normal -0.706337 -0.707876 0
    outer loop
      vertex -1106.1 1069.67 2195.87
      vertex -1101.5 1065.08 2200
      vertex -1106.1 1069.67 2204.13
    endloop
  endfacet
  facet normal -0.707106 -0.707106 0.00171212
    outer loop
      vertex -1101.5 1065.08 2200
      vertex -1106.1 1069.67 2195.87
      vertex -1100.96 1064.53 2195.87
    endloop
  endfacet
  facet normal -0.707106 -0.707106 -0.00171212
    outer loop
      vertex -1106.1 1069.67 2204.13
      vertex -1101.5 1065.08 2200
      vertex -1100.96 1064.53 2204.13
    endloop
  endfacet
  facet normal 0.0491719 -0.308366 0.949996
    outer loop
      vertex -1083.72 1081.07 2226.07
      vertex -1085 1073.01 2223.52
      vertex -1081.3 1073.6 2223.52
    endloop
  endfacet
  facet normal -0.142453 -0.277663 0.950058
    outer loop
      vertex -1087.43 1081.66 2226.07
      vertex -1092.04 1075.3 2223.52
      vertex -1086.28 1081.07 2226.07
    endloop
  endfacet
  facet normal -0.0491487 -0.308221 0.950044
    outer loop
      vertex -1085 1080.87 2226.07
      vertex -1088.7 1073.6 2223.52
      vertex -1085 1073.01 2223.52
    endloop
  endfacet
  facet normal -0.368728 -0.723543 0.583546
    outer loop
      vertex -1095.97 1069.9 2218.67
      vertex -1098.83 1065.97 2211.99
      vertex -1090.77 1067.25 2218.67
    endloop
  endfacet
  facet normal 0.278382 -0.141691 0.949962
    outer loop
      vertex -1073.6 1081.3 2223.52
      vertex -1081.07 1083.72 2226.07
      vertex -1075.3 1077.96 2223.52
    endloop
  endfacet
  facet normal -0.574181 -0.574181 0.583636
    outer loop
      vertex -1100.1 1074.03 2218.67
      vertex -1098.83 1065.97 2211.99
      vertex -1095.97 1069.9 2218.67
    endloop
  endfacet
  facet normal -0.574181 -0.574181 0.583636
    outer loop
      vertex -1098.83 1065.97 2211.99
      vertex -1100.1 1074.03 2218.67
      vertex -1104.03 1071.17 2211.99
    endloop
  endfacet
  facet normal 0.431746 -0.85031 0.300945
    outer loop
      vertex -1073.33 1064.76 2211.67
      vertex -1071.17 1065.97 2211.99
      vertex -1073.75 1064.66 2211.99
    endloop
  endfacet
  facet normal 0.429558 -0.84853 0.308993
    outer loop
      vertex -1071.17 1065.97 2211.99
      vertex -1073.33 1064.76 2211.67
      vertex -1072.35 1064.79 2210.39
    endloop
  endfacet
  facet normal -0.127997 -0.802761 0.582401
    outer loop
      vertex -1088.5 1064.98 2216.04
      vertex -1085 1066.33 2218.67
      vertex -1090.77 1067.25 2218.67
    endloop
  endfacet
  facet normal -0.126931 -0.803634 0.581431
    outer loop
      vertex -1085 1066.33 2218.67
      vertex -1088.5 1064.98 2216.04
      vertex -1085 1064.76 2216.5
    endloop
  endfacet
  facet normal 0.723543 -0.368728 0.583546
    outer loop
      vertex -1067.25 1079.23 2218.67
      vertex -1069.9 1074.03 2218.67
      vertex -1065.97 1071.17 2211.99
    endloop
  endfacet
  facet normal 0.527831 -0.268656 0.805741
    outer loop
      vertex -1073.6 1081.3 2223.52
      vertex -1075.3 1077.96 2223.52
      vertex -1067.25 1079.23 2218.67
    endloop
  endfacet
  facet normal -0.723806 0.368523 -0.583349
    outer loop
      vertex -1102.75 1090.77 2181.33
      vertex -1107.37 1092.27 2188.01
      vertex -1104.03 1098.83 2188.01
    endloop
  endfacet
  facet normal -0.584962 0.0932695 -0.80568
    outer loop
      vertex -1096.99 1085 2176.48
      vertex -1103.67 1085 2181.33
      vertex -1102.75 1090.77 2181.33
    endloop
  endfacet
  facet normal 0.418829 -0.418829 0.805707
    outer loop
      vertex -1075.3 1077.96 2223.52
      vertex -1074.03 1069.9 2218.67
      vertex -1069.9 1074.03 2218.67
    endloop
  endfacet
  facet normal 0.418829 -0.418829 0.805707
    outer loop
      vertex -1074.03 1069.9 2218.67
      vertex -1075.3 1077.96 2223.52
      vertex -1077.96 1075.3 2223.52
    endloop
  endfacet
  facet normal 0.574181 -0.574181 0.583636
    outer loop
      vertex -1069.9 1074.03 2218.67
      vertex -1071.17 1065.97 2211.99
      vertex -1065.97 1071.17 2211.99
    endloop
  endfacet
  facet normal 0.574181 -0.574181 0.583636
    outer loop
      vertex -1071.17 1065.97 2211.99
      vertex -1069.9 1074.03 2218.67
      vertex -1074.03 1069.9 2218.67
    endloop
  endfacet
  facet normal -0.434133 -0.847656 -0.304973
    outer loop
      vertex -1099.29 1064.86 2191.75
      vertex -1098.83 1065.97 2188.01
      vertex -1097.65 1064.79 2189.61
    endloop
  endfacet
  facet normal -0.428596 -0.850419 -0.305112
    outer loop
      vertex -1098.83 1065.97 2188.01
      vertex -1099.29 1064.86 2191.75
      vertex -1099.75 1064.69 2192.87
    endloop
  endfacet
  facet normal -0.723806 -0.368523 -0.583349
    outer loop
      vertex -1104.03 1071.17 2188.01
      vertex -1107.37 1077.73 2188.01
      vertex -1102.75 1079.23 2181.33
    endloop
  endfacet
  facet normal 0.0932695 -0.584962 -0.80568
    outer loop
      vertex -1079.23 1067.25 2181.33
      vertex -1085 1066.33 2181.33
      vertex -1085 1073.01 2176.48
    endloop
  endfacet
  facet normal -0.127777 -0.802698 -0.582536
    outer loop
      vertex -1089.27 1065.03 2184.06
      vertex -1090.77 1067.25 2181.33
      vertex -1088.5 1064.98 2183.96
    endloop
  endfacet
  facet normal -0.125781 -0.802396 -0.583387
    outer loop
      vertex -1090.77 1067.25 2181.33
      vertex -1089.27 1065.03 2184.06
      vertex -1091.6 1064.69 2185.03
    endloop
  endfacet
  facet normal -0.368354 -0.725461 -0.581396
    outer loop
      vertex -1098.83 1065.97 2188.01
      vertex -1093.25 1064.98 2185.71
      vertex -1096.25 1064.66 2188.01
    endloop
  endfacet
  facet normal -0.368935 -0.723278 -0.583744
    outer loop
      vertex -1090.77 1067.25 2181.33
      vertex -1093.25 1064.98 2185.71
      vertex -1098.83 1065.97 2188.01
    endloop
  endfacet
  facet normal -0.367733 -0.724096 -0.583488
    outer loop
      vertex -1093.25 1064.98 2185.71
      vertex -1090.77 1067.25 2181.33
      vertex -1091.6 1064.69 2185.03
    endloop
  endfacet
  facet normal 0.707876 0.706337 0
    outer loop
      vertex -1069.67 1106.1 2204.13
      vertex -1065.08 1101.5 2200
      vertex -1069.67 1106.1 2195.87
    endloop
  endfacet
  facet normal 0.707106 0.707106 -0.00171212
    outer loop
      vertex -1065.08 1101.5 2200
      vertex -1069.67 1106.1 2204.13
      vertex -1064.53 1100.96 2204.13
    endloop
  endfacet
  facet normal 0.707106 0.707106 0.00171212
    outer loop
      vertex -1069.67 1106.1 2195.87
      vertex -1065.08 1101.5 2200
      vertex -1064.53 1100.96 2195.87
    endloop
  endfacet
  facet normal 0.431838 0.848503 0.305873
    outer loop
      vertex -1069.67 1106.1 2204.13
      vertex -1076.94 1109.8 2204.13
      vertex -1071.17 1104.03 2211.99
    endloop
  endfacet
  facet normal -0.707107 0.707107 0
    outer loop
      vertex -1106.1 1100.33 2195.87
      vertex -1100.33 1106.1 2204.13
      vertex -1100.33 1106.1 2195.87
    endloop
  endfacet
  facet normal -0.707107 0.707107 0
    outer loop
      vertex -1100.33 1106.1 2204.13
      vertex -1106.1 1100.33 2195.87
      vertex -1106.1 1100.33 2204.13
    endloop
  endfacet
  facet normal -0.891217 0.453577 0
    outer loop
      vertex -1109.8 1093.06 2195.87
      vertex -1106.1 1100.33 2204.13
      vertex -1106.1 1100.33 2195.87
    endloop
  endfacet
  facet normal -0.891217 0.453577 0
    outer loop
      vertex -1106.1 1100.33 2204.13
      vertex -1109.8 1093.06 2195.87
      vertex -1109.8 1093.06 2204.13
    endloop
  endfacet
  facet normal 0.141691 0.278382 0.949962
    outer loop
      vertex -1081.3 1096.4 2223.52
      vertex -1083.72 1088.93 2226.07
      vertex -1077.96 1094.7 2223.52
    endloop
  endfacet
  facet normal 0.268985 0.527821 0.805638
    outer loop
      vertex -1074.03 1100.1 2218.67
      vertex -1079.23 1102.75 2218.67
      vertex -1077.96 1094.7 2223.52
    endloop
  endfacet
  facet normal -0.0491487 0.308221 0.950044
    outer loop
      vertex -1085 1096.99 2223.52
      vertex -1088.7 1096.4 2223.52
      vertex -1085 1089.13 2226.07
    endloop
  endfacet
  facet normal -0.277663 -0.142453 0.950058
    outer loop
      vertex -1088.93 1083.72 2226.07
      vertex -1094.7 1077.96 2223.52
      vertex -1088.34 1082.57 2226.07
    endloop
  endfacet
  facet normal -0.155648 0.987813 0
    outer loop
      vertex -1085 1111.07 2195.87
      vertex -1093.06 1109.8 2204.13
      vertex -1085 1111.07 2204.13
    endloop
  endfacet
  facet normal -0.155648 0.987813 0
    outer loop
      vertex -1093.06 1109.8 2204.13
      vertex -1085 1111.07 2195.87
      vertex -1093.06 1109.8 2195.87
    endloop
  endfacet
  facet normal -0.0482275 0.308656 0.94995
    outer loop
      vertex -1085 1089.13 2226.07
      vertex -1088.7 1096.4 2223.52
      vertex -1086.28 1088.93 2226.07
    endloop
  endfacet
  facet normal -0.268656 0.527831 0.805741
    outer loop
      vertex -1090.77 1102.75 2218.67
      vertex -1092.04 1094.7 2223.52
      vertex -1088.7 1096.4 2223.52
    endloop
  endfacet
  facet normal 0.418829 0.418829 -0.805707
    outer loop
      vertex -1075.3 1092.04 2176.48
      vertex -1074.03 1100.1 2181.33
      vertex -1069.9 1095.97 2181.33
    endloop
  endfacet
  facet normal 0.418829 0.418829 -0.805707
    outer loop
      vertex -1074.03 1100.1 2181.33
      vertex -1075.3 1092.04 2176.48
      vertex -1077.96 1094.7 2176.48
    endloop
  endfacet
  facet normal 0.268985 0.527821 -0.805638
    outer loop
      vertex -1077.96 1094.7 2176.48
      vertex -1079.23 1102.75 2181.33
      vertex -1074.03 1100.1 2181.33
    endloop
  endfacet
  facet normal -0.127964 0.802555 -0.582693
    outer loop
      vertex -1085 1103.67 2181.33
      vertex -1090.77 1102.75 2181.33
      vertex -1085 1108.52 2188.01
    endloop
  endfacet
  facet normal 0.127964 0.802555 -0.582693
    outer loop
      vertex -1079.23 1102.75 2181.33
      vertex -1085 1103.67 2181.33
      vertex -1085 1108.52 2188.01
    endloop
  endfacet
  facet normal 0.527821 0.268985 -0.805638
    outer loop
      vertex -1067.25 1090.77 2181.33
      vertex -1075.3 1092.04 2176.48
      vertex -1069.9 1095.97 2181.33
    endloop
  endfacet
  facet normal 0.803634 0.126931 -0.581431
    outer loop
      vertex -1066.33 1085 2181.33
      vertex -1064.98 1088.5 2183.96
      vertex -1064.76 1085 2183.5
    endloop
  endfacet
  facet normal 0.802761 0.127997 -0.582401
    outer loop
      vertex -1064.98 1088.5 2183.96
      vertex -1066.33 1085 2181.33
      vertex -1067.25 1090.77 2181.33
    endloop
  endfacet
  facet normal 0.584962 -0.0932695 -0.80568
    outer loop
      vertex -1067.25 1079.23 2181.33
      vertex -1073.01 1085 2176.48
      vertex -1066.33 1085 2181.33
    endloop
  endfacet
  facet normal 0.308221 0.0491487 -0.950044
    outer loop
      vertex -1073.01 1085 2176.48
      vertex -1080.87 1085 2173.93
      vertex -1073.6 1088.7 2176.48
    endloop
  endfacet
  facet normal 0.268985 -0.527821 -0.805638
    outer loop
      vertex -1074.03 1069.9 2181.33
      vertex -1079.23 1067.25 2181.33
      vertex -1077.96 1075.3 2176.48
    endloop
  endfacet
  facet normal 0.527821 -0.268985 -0.805638
    outer loop
      vertex -1069.9 1074.03 2181.33
      vertex -1075.3 1077.96 2176.48
      vertex -1067.25 1079.23 2181.33
    endloop
  endfacet
  facet normal 0.220826 -0.220826 -0.949985
    outer loop
      vertex -1077.96 1075.3 2176.48
      vertex -1081.66 1082.57 2173.93
      vertex -1075.3 1077.96 2176.48
    endloop
  endfacet
  facet normal 0.220826 -0.220826 -0.949985
    outer loop
      vertex -1081.66 1082.57 2173.93
      vertex -1077.96 1075.3 2176.48
      vertex -1082.57 1081.66 2173.93
    endloop
  endfacet
  facet normal -0.308221 0.0491487 -0.950044
    outer loop
      vertex -1089.13 1085 2173.93
      vertex -1096.99 1085 2176.48
      vertex -1096.4 1088.7 2176.48
    endloop
  endfacet
  facet normal -0.527831 -0.268656 -0.805741
    outer loop
      vertex -1094.7 1077.96 2176.48
      vertex -1102.75 1079.23 2181.33
      vertex -1096.4 1081.3 2176.48
    endloop
  endfacet
  facet normal -0.584957 -0.0932769 -0.805683
    outer loop
      vertex -1096.4 1081.3 2176.48
      vertex -1102.75 1079.23 2181.33
      vertex -1096.99 1085 2176.48
    endloop
  endfacet
  facet normal -0.277663 0.142453 -0.950058
    outer loop
      vertex -1088.93 1086.28 2173.93
      vertex -1094.7 1092.04 2176.48
      vertex -1088.34 1087.43 2173.93
    endloop
  endfacet
  facet normal -0.268985 0.527821 -0.805638
    outer loop
      vertex -1092.04 1094.7 2176.48
      vertex -1095.97 1100.1 2181.33
      vertex -1090.77 1102.75 2181.33
    endloop
  endfacet
  facet normal 0.142453 0.277663 -0.950058
    outer loop
      vertex -1082.57 1088.34 2173.93
      vertex -1083.72 1088.93 2173.93
      vertex -1077.96 1094.7 2176.48
    endloop
  endfacet
  facet normal -0.0491487 0.308221 -0.950044
    outer loop
      vertex -1085 1089.13 2173.93
      vertex -1088.7 1096.4 2176.48
      vertex -1085 1096.99 2176.48
    endloop
  endfacet
  facet normal -0.0482275 -0.308656 -0.94995
    outer loop
      vertex -1085 1080.87 2173.93
      vertex -1088.7 1073.6 2176.48
      vertex -1086.28 1081.07 2173.93
    endloop
  endfacet
  facet normal -0.308656 0.0482275 -0.94995
    outer loop
      vertex -1089.13 1085 2173.93
      vertex -1096.4 1088.7 2176.48
      vertex -1088.93 1086.28 2173.93
    endloop
  endfacet
  facet normal -0.126903 0.802249 -0.583345
    outer loop
      vertex -1090.77 1102.75 2181.33
      vertex -1092.27 1107.37 2188.01
      vertex -1085 1108.52 2188.01
    endloop
  endfacet
  facet normal -0.368523 0.723806 -0.583349
    outer loop
      vertex -1090.77 1102.75 2181.33
      vertex -1098.83 1104.03 2188.01
      vertex -1092.27 1107.37 2188.01
    endloop
  endfacet
  facet normal -0.802249 -0.126903 -0.583345
    outer loop
      vertex -1107.37 1077.73 2188.01
      vertex -1108.52 1085 2188.01
      vertex -1102.75 1079.23 2181.33
    endloop
  endfacet
  facet normal -0.940606 -0.148789 -0.305159
    outer loop
      vertex -1107.37 1077.73 2188.01
      vertex -1111.07 1085 2195.87
      vertex -1108.52 1085 2188.01
    endloop
  endfacet
  facet normal 0.431997 0.848473 -0.305734
    outer loop
      vertex -1071.17 1104.03 2188.01
      vertex -1077.73 1107.37 2188.01
      vertex -1076.94 1109.8 2195.87
    endloop
  endfacet
  facet normal 0.368523 0.723806 -0.583349
    outer loop
      vertex -1071.17 1104.03 2188.01
      vertex -1079.23 1102.75 2181.33
      vertex -1077.73 1107.37 2188.01
    endloop
  endfacet
  facet normal -0.584962 0.0932695 0.80568
    outer loop
      vertex -1102.75 1090.77 2218.67
      vertex -1103.67 1085 2218.67
      vertex -1096.99 1085 2223.52
    endloop
  endfacet
  facet normal -0.940533 0.148198 0.305671
    outer loop
      vertex -1109.8 1093.06 2204.13
      vertex -1111.07 1085 2204.13
      vertex -1107.37 1092.27 2211.99
    endloop
  endfacet
  facet normal -0.723543 0.368728 0.583546
    outer loop
      vertex -1100.1 1095.97 2218.67
      vertex -1104.03 1098.83 2211.99
      vertex -1102.75 1090.77 2218.67
    endloop
  endfacet
  facet normal -0.987813 -0.155648 0
    outer loop
      vertex -1109.8 1076.94 2195.87
      vertex -1111.07 1085 2204.13
      vertex -1111.07 1085 2195.87
    endloop
  endfacet
  facet normal -0.987813 -0.155648 0
    outer loop
      vertex -1111.07 1085 2204.13
      vertex -1109.8 1076.94 2195.87
      vertex -1109.8 1076.94 2204.13
    endloop
  endfacet
  facet normal -0.672795 -0.673692 0.305754
    outer loop
      vertex -1099.75 1064.69 2207.13
      vertex -1104.03 1071.17 2211.99
      vertex -1106.1 1069.67 2204.13
    endloop
  endfacet
  facet normal -0.673448 -0.673448 0.304853
    outer loop
      vertex -1104.03 1071.17 2211.99
      vertex -1099.75 1064.69 2207.13
      vertex -1098.83 1065.97 2211.99
    endloop
  endfacet
  facet normal -0.672801 -0.673642 0.305851
    outer loop
      vertex -1106.1 1069.67 2204.13
      vertex -1100.94 1064.58 2204.27
      vertex -1099.75 1064.69 2207.13
    endloop
  endfacet
  facet normal -0.666667 -0.666667 0.333333
    outer loop
      vertex -1100.94 1064.58 2204.27
      vertex -1106.1 1069.67 2204.13
      vertex -1100.96 1064.53 2204.13
    endloop
  endfacet
  facet normal -0.0932769 -0.584957 0.805683
    outer loop
      vertex -1088.7 1073.6 2223.52
      vertex -1090.77 1067.25 2218.67
      vertex -1085 1073.01 2223.52
    endloop
  endfacet
  facet normal 0.277663 -0.142453 0.950058
    outer loop
      vertex -1081.07 1083.72 2226.07
      vertex -1081.66 1082.57 2226.07
      vertex -1075.3 1077.96 2223.52
    endloop
  endfacet
  facet normal 0.0481618 -0.308235 0.95009
    outer loop
      vertex -1085 1080.87 2226.07
      vertex -1085 1073.01 2223.52
      vertex -1083.72 1081.07 2226.07
    endloop
  endfacet
  facet normal -0.220826 -0.220826 0.949985
    outer loop
      vertex -1088.34 1082.57 2226.07
      vertex -1092.04 1075.3 2223.52
      vertex -1087.43 1081.66 2226.07
    endloop
  endfacet
  facet normal -0.220826 -0.220826 0.949985
    outer loop
      vertex -1092.04 1075.3 2223.52
      vertex -1088.34 1082.57 2226.07
      vertex -1094.7 1077.96 2223.52
    endloop
  endfacet
  facet normal -0.220826 0.220826 0.949985
    outer loop
      vertex -1092.04 1094.7 2223.52
      vertex -1088.34 1087.43 2226.07
      vertex -1087.43 1088.34 2226.07
    endloop
  endfacet
  facet normal -0.220826 0.220826 0.949985
    outer loop
      vertex -1088.34 1087.43 2226.07
      vertex -1092.04 1094.7 2223.52
      vertex -1094.7 1092.04 2223.52
    endloop
  endfacet
  facet normal 0.367733 -0.724096 0.583488
    outer loop
      vertex -1076.75 1064.98 2214.29
      vertex -1079.23 1067.25 2218.67
      vertex -1078.4 1064.69 2214.97
    endloop
  endfacet
  facet normal 0.368354 -0.725461 0.581396
    outer loop
      vertex -1071.17 1065.97 2211.99
      vertex -1076.75 1064.98 2214.29
      vertex -1073.75 1064.66 2211.99
    endloop
  endfacet
  facet normal 0.368935 -0.723278 0.583744
    outer loop
      vertex -1076.75 1064.98 2214.29
      vertex -1071.17 1065.97 2211.99
      vertex -1079.23 1067.25 2218.67
    endloop
  endfacet
  facet normal 0.127777 -0.802698 0.582536
    outer loop
      vertex -1080.73 1065.03 2215.94
      vertex -1079.23 1067.25 2218.67
      vertex -1081.5 1064.98 2216.04
    endloop
  endfacet
  facet normal 0.125781 -0.802396 0.583387
    outer loop
      vertex -1079.23 1067.25 2218.67
      vertex -1080.73 1065.03 2215.94
      vertex -1078.4 1064.69 2214.97
    endloop
  endfacet
  facet normal 0.0932695 -0.584962 0.80568
    outer loop
      vertex -1085 1073.01 2223.52
      vertex -1085 1066.33 2218.67
      vertex -1079.23 1067.25 2218.67
    endloop
  endfacet
  facet normal -0.0932695 -0.584962 0.80568
    outer loop
      vertex -1085 1073.01 2223.52
      vertex -1090.77 1067.25 2218.67
      vertex -1085 1066.33 2218.67
    endloop
  endfacet
  facet normal 0.0932769 -0.584957 0.805683
    outer loop
      vertex -1081.3 1073.6 2223.52
      vertex -1085 1073.01 2223.52
      vertex -1079.23 1067.25 2218.67
    endloop
  endfacet
  facet normal 0.268656 -0.527831 0.805741
    outer loop
      vertex -1077.96 1075.3 2223.52
      vertex -1081.3 1073.6 2223.52
      vertex -1079.23 1067.25 2218.67
    endloop
  endfacet
  facet normal 0.584957 -0.0932769 0.805683
    outer loop
      vertex -1073.01 1085 2223.52
      vertex -1073.6 1081.3 2223.52
      vertex -1067.25 1079.23 2218.67
    endloop
  endfacet
  facet normal 0.220826 -0.220826 0.949985
    outer loop
      vertex -1081.66 1082.57 2226.07
      vertex -1077.96 1075.3 2223.52
      vertex -1075.3 1077.96 2223.52
    endloop
  endfacet
  facet normal 0.220826 -0.220826 0.949985
    outer loop
      vertex -1077.96 1075.3 2223.52
      vertex -1081.66 1082.57 2226.07
      vertex -1082.57 1081.66 2226.07
    endloop
  endfacet
  facet normal 0.527821 -0.268985 0.805638
    outer loop
      vertex -1067.25 1079.23 2218.67
      vertex -1075.3 1077.96 2223.52
      vertex -1069.9 1074.03 2218.67
    endloop
  endfacet
  facet normal -0.666667 -0.666667 -0.333333
    outer loop
      vertex -1106.1 1069.67 2195.87
      vertex -1100.94 1064.58 2195.73
      vertex -1100.96 1064.53 2195.87
    endloop
  endfacet
  facet normal -0.672801 -0.673642 -0.305851
    outer loop
      vertex -1106.1 1069.67 2195.87
      vertex -1099.75 1064.69 2192.87
      vertex -1100.94 1064.58 2195.73
    endloop
  endfacet
  facet normal -0.672795 -0.673692 -0.305754
    outer loop
      vertex -1104.03 1071.17 2188.01
      vertex -1099.75 1064.69 2192.87
      vertex -1106.1 1069.67 2195.87
    endloop
  endfacet
  facet normal -0.673448 -0.673448 -0.304853
    outer loop
      vertex -1099.75 1064.69 2192.87
      vertex -1104.03 1071.17 2188.01
      vertex -1098.83 1065.97 2188.01
    endloop
  endfacet
  facet normal -0.278382 0.141691 -0.949962
    outer loop
      vertex -1088.93 1086.28 2173.93
      vertex -1096.4 1088.7 2176.48
      vertex -1094.7 1092.04 2176.48
    endloop
  endfacet
  facet normal 0.141691 -0.278382 -0.949962
    outer loop
      vertex -1081.3 1073.6 2176.48
      vertex -1083.72 1081.07 2173.93
      vertex -1077.96 1075.3 2176.48
    endloop
  endfacet
  facet normal 0.268656 -0.527831 -0.805741
    outer loop
      vertex -1079.23 1067.25 2181.33
      vertex -1081.3 1073.6 2176.48
      vertex -1077.96 1075.3 2176.48
    endloop
  endfacet
  facet normal 0.142453 -0.277663 -0.950058
    outer loop
      vertex -1077.96 1075.3 2176.48
      vertex -1083.72 1081.07 2173.93
      vertex -1082.57 1081.66 2173.93
    endloop
  endfacet
  facet normal -0.268656 -0.527831 -0.805741
    outer loop
      vertex -1090.77 1067.25 2181.33
      vertex -1092.04 1075.3 2176.48
      vertex -1088.7 1073.6 2176.48
    endloop
  endfacet
  facet normal -0.141691 -0.278382 -0.949962
    outer loop
      vertex -1088.7 1073.6 2176.48
      vertex -1092.04 1075.3 2176.48
      vertex -1086.28 1081.07 2173.93
    endloop
  endfacet
  facet normal 0.574181 0.574181 0.583636
    outer loop
      vertex -1071.17 1104.03 2211.99
      vertex -1069.9 1095.97 2218.67
      vertex -1065.97 1098.83 2211.99
    endloop
  endfacet
  facet normal 0.574181 0.574181 0.583636
    outer loop
      vertex -1069.9 1095.97 2218.67
      vertex -1071.17 1104.03 2211.99
      vertex -1074.03 1100.1 2218.67
    endloop
  endfacet
  facet normal 0.725461 0.368354 0.581396
    outer loop
      vertex -1065.97 1098.83 2211.99
      vertex -1064.98 1093.25 2214.29
      vertex -1064.66 1096.25 2211.99
    endloop
  endfacet
  facet normal 0.723278 0.368935 0.583744
    outer loop
      vertex -1067.25 1090.77 2218.67
      vertex -1064.98 1093.25 2214.29
      vertex -1065.97 1098.83 2211.99
    endloop
  endfacet
  facet normal 0.724096 0.367733 0.583488
    outer loop
      vertex -1064.98 1093.25 2214.29
      vertex -1067.25 1090.77 2218.67
      vertex -1064.69 1091.6 2214.97
    endloop
  endfacet
  facet normal -0.940533 0.148198 -0.305671
    outer loop
      vertex -1107.37 1092.27 2188.01
      vertex -1111.07 1085 2195.87
      vertex -1109.8 1093.06 2195.87
    endloop
  endfacet
  facet normal -0.848473 0.431997 -0.305734
    outer loop
      vertex -1107.37 1092.27 2188.01
      vertex -1109.8 1093.06 2195.87
      vertex -1104.03 1098.83 2188.01
    endloop
  endfacet
  facet normal 0.127964 0.802555 0.582693
    outer loop
      vertex -1085 1108.52 2211.99
      vertex -1085 1103.67 2218.67
      vertex -1079.23 1102.75 2218.67
    endloop
  endfacet
  facet normal 0.0932695 0.584962 0.80568
    outer loop
      vertex -1085 1103.67 2218.67
      vertex -1085 1096.99 2223.52
      vertex -1079.23 1102.75 2218.67
    endloop
  endfacet
  facet normal 0.142453 0.277663 0.950058
    outer loop
      vertex -1077.96 1094.7 2223.52
      vertex -1083.72 1088.93 2226.07
      vertex -1082.57 1088.34 2226.07
    endloop
  endfacet
  facet normal 0.0491719 0.308366 0.949996
    outer loop
      vertex -1081.3 1096.4 2223.52
      vertex -1085 1096.99 2223.52
      vertex -1083.72 1088.93 2226.07
    endloop
  endfacet
  facet normal 0.453577 0.891217 -0
    outer loop
      vertex -1069.67 1106.1 2195.87
      vertex -1076.94 1109.8 2204.13
      vertex -1069.67 1106.1 2204.13
    endloop
  endfacet
  facet normal 0.453577 0.891217 0
    outer loop
      vertex -1076.94 1109.8 2204.13
      vertex -1069.67 1106.1 2195.87
      vertex -1076.94 1109.8 2195.87
    endloop
  endfacet
  facet normal -0.141691 0.278382 0.949962
    outer loop
      vertex -1088.7 1096.4 2223.52
      vertex -1092.04 1094.7 2223.52
      vertex -1086.28 1088.93 2226.07
    endloop
  endfacet
  facet normal -0.278382 0.141691 0.949962
    outer loop
      vertex -1094.7 1092.04 2223.52
      vertex -1096.4 1088.7 2223.52
      vertex -1088.93 1086.28 2226.07
    endloop
  endfacet
  facet normal 0.584957 -0.0932769 -0.805683
    outer loop
      vertex -1067.25 1079.23 2181.33
      vertex -1073.6 1081.3 2176.48
      vertex -1073.01 1085 2176.48
    endloop
  endfacet
  facet normal 0.308235 -0.0481618 -0.95009
    outer loop
      vertex -1073.01 1085 2176.48
      vertex -1081.07 1083.72 2173.93
      vertex -1080.87 1085 2173.93
    endloop
  endfacet
  facet normal -0.268656 0.527831 -0.805741
    outer loop
      vertex -1088.7 1096.4 2176.48
      vertex -1092.04 1094.7 2176.48
      vertex -1090.77 1102.75 2181.33
    endloop
  endfacet
  facet normal -0.0482275 0.308656 -0.94995
    outer loop
      vertex -1086.28 1088.93 2173.93
      vertex -1088.7 1096.4 2176.48
      vertex -1085 1089.13 2173.93
    endloop
  endfacet
  facet normal -0.418829 0.418829 -0.805707
    outer loop
      vertex -1094.7 1092.04 2176.48
      vertex -1095.97 1100.1 2181.33
      vertex -1092.04 1094.7 2176.48
    endloop
  endfacet
  facet normal -0.418829 0.418829 -0.805707
    outer loop
      vertex -1095.97 1100.1 2181.33
      vertex -1094.7 1092.04 2176.48
      vertex -1100.1 1095.97 2181.33
    endloop
  endfacet
  facet normal -0.0932695 0.584962 -0.80568
    outer loop
      vertex -1085 1096.99 2176.48
      vertex -1090.77 1102.75 2181.33
      vertex -1085 1103.67 2181.33
    endloop
  endfacet
  facet normal 0.0932695 0.584962 -0.80568
    outer loop
      vertex -1079.23 1102.75 2181.33
      vertex -1085 1096.99 2176.48
      vertex -1085 1103.67 2181.33
    endloop
  endfacet
  facet normal -0.308235 -0.0481618 -0.95009
    outer loop
      vertex -1088.93 1083.72 2173.93
      vertex -1096.99 1085 2176.48
      vertex -1089.13 1085 2173.93
    endloop
  endfacet
  facet normal 0 0 -1
    outer loop
      vertex -1081.07 1083.72 2173.93
      vertex -1081.07 1086.28 2173.93
      vertex -1080.87 1085 2173.93
    endloop
  endfacet
  facet normal 0 0 -1
    outer loop
      vertex -1081.66 1082.57 2173.93
      vertex -1081.07 1086.28 2173.93
      vertex -1081.07 1083.72 2173.93
    endloop
  endfacet
  facet normal 0 0 -1
    outer loop
      vertex -1081.66 1082.57 2173.93
      vertex -1081.66 1087.43 2173.93
      vertex -1081.07 1086.28 2173.93
    endloop
  endfacet
  facet normal 0 0 -1
    outer loop
      vertex -1082.57 1081.66 2173.93
      vertex -1081.66 1087.43 2173.93
      vertex -1081.66 1082.57 2173.93
    endloop
  endfacet
  facet normal 0 0 -1
    outer loop
      vertex -1082.57 1081.66 2173.93
      vertex -1082.57 1088.34 2173.93
      vertex -1081.66 1087.43 2173.93
    endloop
  endfacet
  facet normal 0 0 -1
    outer loop
      vertex -1083.72 1081.07 2173.93
      vertex -1082.57 1088.34 2173.93
      vertex -1082.57 1081.66 2173.93
    endloop
  endfacet
  facet normal 0 0 -1
    outer loop
      vertex -1083.72 1081.07 2173.93
      vertex -1083.72 1088.93 2173.93
      vertex -1082.57 1088.34 2173.93
    endloop
  endfacet
  facet normal 0 0 -1
    outer loop
      vertex -1085 1080.87 2173.93
      vertex -1083.72 1088.93 2173.93
      vertex -1083.72 1081.07 2173.93
    endloop
  endfacet
  facet normal 0 0 -1
    outer loop
      vertex -1085 1080.87 2173.93
      vertex -1085 1089.13 2173.93
      vertex -1083.72 1088.93 2173.93
    endloop
  endfacet
  facet normal 0 0 -1
    outer loop
      vertex -1086.28 1081.07 2173.93
      vertex -1085 1089.13 2173.93
      vertex -1085 1080.87 2173.93
    endloop
  endfacet
  facet normal 0 0 -1
    outer loop
      vertex -1086.28 1081.07 2173.93
      vertex -1086.28 1088.93 2173.93
      vertex -1085 1089.13 2173.93
    endloop
  endfacet
  facet normal 0 0 -1
    outer loop
      vertex -1087.43 1081.66 2173.93
      vertex -1086.28 1088.93 2173.93
      vertex -1086.28 1081.07 2173.93
    endloop
  endfacet
  facet normal 0 0 -1
    outer loop
      vertex -1087.43 1081.66 2173.93
      vertex -1087.43 1088.34 2173.93
      vertex -1086.28 1088.93 2173.93
    endloop
  endfacet
  facet normal 0 0 -1
    outer loop
      vertex -1088.34 1082.57 2173.93
      vertex -1087.43 1088.34 2173.93
      vertex -1087.43 1081.66 2173.93
    endloop
  endfacet
  facet normal 0 0 -1
    outer loop
      vertex -1088.34 1082.57 2173.93
      vertex -1088.34 1087.43 2173.93
      vertex -1087.43 1088.34 2173.93
    endloop
  endfacet
  facet normal 0 0 -1
    outer loop
      vertex -1088.93 1083.72 2173.93
      vertex -1088.34 1087.43 2173.93
      vertex -1088.34 1082.57 2173.93
    endloop
  endfacet
  facet normal 0 0 -1
    outer loop
      vertex -1088.93 1083.72 2173.93
      vertex -1088.93 1086.28 2173.93
      vertex -1088.34 1087.43 2173.93
    endloop
  endfacet
  facet normal 0 -0 -1
    outer loop
      vertex -1088.93 1086.28 2173.93
      vertex -1088.93 1083.72 2173.93
      vertex -1089.13 1085 2173.93
    endloop
  endfacet
  facet normal 0.278382 0.141691 -0.949962
    outer loop
      vertex -1073.6 1088.7 2176.48
      vertex -1081.07 1086.28 2173.93
      vertex -1075.3 1092.04 2176.48
    endloop
  endfacet
  facet normal -0.527831 0.268656 0.805741
    outer loop
      vertex -1094.7 1092.04 2223.52
      vertex -1102.75 1090.77 2218.67
      vertex -1096.4 1088.7 2223.52
    endloop
  endfacet
  facet normal -0.584957 0.0932769 0.805683
    outer loop
      vertex -1096.4 1088.7 2223.52
      vertex -1102.75 1090.77 2218.67
      vertex -1096.99 1085 2223.52
    endloop
  endfacet
  facet normal -0.368523 0.723806 0.583349
    outer loop
      vertex -1092.27 1107.37 2211.99
      vertex -1098.83 1104.03 2211.99
      vertex -1090.77 1102.75 2218.67
    endloop
  endfacet
  facet normal -0.431997 0.848473 0.305734
    outer loop
      vertex -1093.06 1109.8 2204.13
      vertex -1098.83 1104.03 2211.99
      vertex -1092.27 1107.37 2211.99
    endloop
  endfacet
  facet normal -0.802249 0.126903 0.583345
    outer loop
      vertex -1107.37 1092.27 2211.99
      vertex -1108.52 1085 2211.99
      vertex -1102.75 1090.77 2218.67
    endloop
  endfacet
  facet normal -0.723806 0.368523 0.583349
    outer loop
      vertex -1104.03 1098.83 2211.99
      vertex -1107.37 1092.27 2211.99
      vertex -1102.75 1090.77 2218.67
    endloop
  endfacet
  facet normal -0.268985 -0.527821 0.805638
    outer loop
      vertex -1092.04 1075.3 2223.52
      vertex -1095.97 1069.9 2218.67
      vertex -1090.77 1067.25 2218.67
    endloop
  endfacet
  facet normal 0.308366 -0.0491719 0.949996
    outer loop
      vertex -1073.01 1085 2223.52
      vertex -1081.07 1083.72 2226.07
      vertex -1073.6 1081.3 2223.52
    endloop
  endfacet
  facet normal -0.277663 0.142453 0.950058
    outer loop
      vertex -1088.34 1087.43 2226.07
      vertex -1094.7 1092.04 2223.52
      vertex -1088.93 1086.28 2226.07
    endloop
  endfacet
  facet normal -0.418829 -0.418829 -0.805707
    outer loop
      vertex -1095.97 1069.9 2181.33
      vertex -1094.7 1077.96 2176.48
      vertex -1092.04 1075.3 2176.48
    endloop
  endfacet
  facet normal -0.418829 -0.418829 -0.805707
    outer loop
      vertex -1094.7 1077.96 2176.48
      vertex -1095.97 1069.9 2181.33
      vertex -1100.1 1074.03 2181.33
    endloop
  endfacet
  facet normal 0.277663 0.142453 -0.950058
    outer loop
      vertex -1081.07 1086.28 2173.93
      vertex -1081.66 1087.43 2173.93
      vertex -1075.3 1092.04 2176.48
    endloop
  endfacet
  facet normal 0.0932769 -0.584957 -0.805683
    outer loop
      vertex -1079.23 1067.25 2181.33
      vertex -1085 1073.01 2176.48
      vertex -1081.3 1073.6 2176.48
    endloop
  endfacet
  facet normal 0.0491719 -0.308366 -0.949996
    outer loop
      vertex -1081.3 1073.6 2176.48
      vertex -1085 1073.01 2176.48
      vertex -1083.72 1081.07 2173.93
    endloop
  endfacet
  facet normal 0.278382 -0.141691 -0.949962
    outer loop
      vertex -1075.3 1077.96 2176.48
      vertex -1081.07 1083.72 2173.93
      vertex -1073.6 1081.3 2176.48
    endloop
  endfacet
  facet normal -0.0491487 -0.308221 -0.950044
    outer loop
      vertex -1085 1073.01 2176.48
      vertex -1088.7 1073.6 2176.48
      vertex -1085 1080.87 2173.93
    endloop
  endfacet
  facet normal -0.0932769 -0.584957 -0.805683
    outer loop
      vertex -1085 1073.01 2176.48
      vertex -1090.77 1067.25 2181.33
      vertex -1088.7 1073.6 2176.48
    endloop
  endfacet
  facet normal 0.850419 0.428596 0.305112
    outer loop
      vertex -1065.97 1098.83 2211.99
      vertex -1064.86 1099.29 2208.25
      vertex -1064.69 1099.75 2207.13
    endloop
  endfacet
  facet normal 0.847656 0.434133 0.304973
    outer loop
      vertex -1064.86 1099.29 2208.25
      vertex -1065.97 1098.83 2211.99
      vertex -1064.79 1097.65 2210.39
    endloop
  endfacet
  facet normal -0.802249 0.126903 -0.583345
    outer loop
      vertex -1102.75 1090.77 2181.33
      vertex -1108.52 1085 2188.01
      vertex -1107.37 1092.27 2188.01
    endloop
  endfacet
  facet normal -0.940606 0.148789 -0.305159
    outer loop
      vertex -1108.52 1085 2188.01
      vertex -1111.07 1085 2195.87
      vertex -1107.37 1092.27 2188.01
    endloop
  endfacet
  facet normal 0.0481618 0.308235 0.95009
    outer loop
      vertex -1085 1096.99 2223.52
      vertex -1085 1089.13 2226.07
      vertex -1083.72 1088.93 2226.07
    endloop
  endfacet
  facet normal -0.308656 0.0482275 0.94995
    outer loop
      vertex -1088.93 1086.28 2226.07
      vertex -1096.4 1088.7 2223.52
      vertex -1089.13 1085 2226.07
    endloop
  endfacet
  facet normal 0.268656 0.527831 0.805741
    outer loop
      vertex -1079.23 1102.75 2218.67
      vertex -1081.3 1096.4 2223.52
      vertex -1077.96 1094.7 2223.52
    endloop
  endfacet
  facet normal 0.0932769 0.584957 0.805683
    outer loop
      vertex -1079.23 1102.75 2218.67
      vertex -1085 1096.99 2223.52
      vertex -1081.3 1096.4 2223.52
    endloop
  endfacet
  facet normal -0.220826 -0.220826 -0.949985
    outer loop
      vertex -1092.04 1075.3 2176.48
      vertex -1088.34 1082.57 2173.93
      vertex -1087.43 1081.66 2173.93
    endloop
  endfacet
  facet normal -0.220826 -0.220826 -0.949985
    outer loop
      vertex -1088.34 1082.57 2173.93
      vertex -1092.04 1075.3 2176.48
      vertex -1094.7 1077.96 2176.48
    endloop
  endfacet
  facet normal -0.277663 -0.142453 -0.950058
    outer loop
      vertex -1088.34 1082.57 2173.93
      vertex -1094.7 1077.96 2176.48
      vertex -1088.93 1083.72 2173.93
    endloop
  endfacet
  facet normal 0.0491719 0.308366 -0.949996
    outer loop
      vertex -1083.72 1088.93 2173.93
      vertex -1085 1096.99 2176.48
      vertex -1081.3 1096.4 2176.48
    endloop
  endfacet
  facet normal 0.0932769 0.584957 -0.805683
    outer loop
      vertex -1081.3 1096.4 2176.48
      vertex -1085 1096.99 2176.48
      vertex -1079.23 1102.75 2181.33
    endloop
  endfacet
  facet normal -0.142453 -0.277663 -0.950058
    outer loop
      vertex -1086.28 1081.07 2173.93
      vertex -1092.04 1075.3 2176.48
      vertex -1087.43 1081.66 2173.93
    endloop
  endfacet
  facet normal -0.278382 -0.141691 -0.949962
    outer loop
      vertex -1094.7 1077.96 2176.48
      vertex -1096.4 1081.3 2176.48
      vertex -1088.93 1083.72 2173.93
    endloop
  endfacet
  facet normal -0.308366 -0.0491719 -0.949996
    outer loop
      vertex -1096.4 1081.3 2176.48
      vertex -1096.99 1085 2176.48
      vertex -1088.93 1083.72 2173.93
    endloop
  endfacet
  facet normal 0.141691 -0.278382 -0.949962
    outer loop
      vertex 1088.7 -1096.4 2176.48
      vertex 1086.28 -1088.93 2173.93
      vertex 1092.04 -1094.7 2176.48
    endloop
  endfacet
  facet normal 0.308221 -0.0491487 -0.950044
    outer loop
      vertex 1096.4 -1088.7 2176.48
      vertex 1089.13 -1085 2173.93
      vertex 1096.99 -1085 2176.48
    endloop
  endfacet
  facet normal 0.368728 -0.723543 0.583546
    outer loop
      vertex 1095.97 -1100.1 2218.67
      vertex 1090.77 -1102.75 2218.67
      vertex 1098.83 -1104.03 2211.99
    endloop
  endfacet
  facet normal -0.268985 -0.527821 -0.805638
    outer loop
      vertex 1079.23 -1102.75 2181.33
      vertex 1074.03 -1100.1 2181.33
      vertex 1077.96 -1094.7 2176.48
    endloop
  endfacet
  facet normal 0.268656 -0.527831 0.805741
    outer loop
      vertex 1092.04 -1094.7 2223.52
      vertex 1088.7 -1096.4 2223.52
      vertex 1090.77 -1102.75 2218.67
    endloop
  endfacet
  facet normal 0.268656 0.527831 0.805741
    outer loop
      vertex 1090.77 -1067.25 2218.67
      vertex 1088.7 -1073.6 2223.52
      vertex 1092.04 -1075.3 2223.52
    endloop
  endfacet
  facet normal 0.848473 0.431997 0.305734
    outer loop
      vertex 1109.8 -1076.94 2204.13
      vertex 1104.03 -1071.17 2211.99
      vertex 1107.37 -1077.73 2211.99
    endloop
  endfacet
  facet normal 0.574181 -0.574181 -0.583636
    outer loop
      vertex 1098.83 -1104.03 2188.01
      vertex 1100.1 -1095.97 2181.33
      vertex 1104.03 -1098.83 2188.01
    endloop
  endfacet
  facet normal 0.574181 -0.574181 -0.583636
    outer loop
      vertex 1100.1 -1095.97 2181.33
      vertex 1098.83 -1104.03 2188.01
      vertex 1095.97 -1100.1 2181.33
    endloop
  endfacet
  facet normal 0.127777 0.802698 -0.582536
    outer loop
      vertex 1089.27 -1065.03 2184.06
      vertex 1090.77 -1067.25 2181.33
      vertex 1088.5 -1064.98 2183.96
    endloop
  endfacet
  facet normal 0.125781 0.802396 -0.583387
    outer loop
      vertex 1090.77 -1067.25 2181.33
      vertex 1089.27 -1065.03 2184.06
      vertex 1091.6 -1064.69 2185.03
    endloop
  endfacet
  facet normal 0.308366 0.0491719 0.949996
    outer loop
      vertex 1096.4 -1081.3 2223.52
      vertex 1088.93 -1083.72 2226.07
      vertex 1096.99 -1085 2223.52
    endloop
  endfacet
  facet normal 0.148789 -0.940606 0.305159
    outer loop
      vertex 1085 -1108.52 2211.99
      vertex 1085 -1111.07 2204.13
      vertex 1092.27 -1107.37 2211.99
    endloop
  endfacet
  facet normal 0.127997 0.802761 -0.582401
    outer loop
      vertex 1085 -1066.33 2181.33
      vertex 1088.5 -1064.98 2183.96
      vertex 1090.77 -1067.25 2181.33
    endloop
  endfacet
  facet normal 0.126931 0.803634 -0.581431
    outer loop
      vertex 1088.5 -1064.98 2183.96
      vertex 1085 -1066.33 2181.33
      vertex 1085 -1064.76 2183.5
    endloop
  endfacet
  facet normal 0.0491487 0.308221 -0.950044
    outer loop
      vertex 1088.7 -1073.6 2176.48
      vertex 1085 -1080.87 2173.93
      vertex 1085 -1073.01 2176.48
    endloop
  endfacet
  facet normal 0.268656 -0.527831 -0.805741
    outer loop
      vertex 1090.77 -1102.75 2181.33
      vertex 1088.7 -1096.4 2176.48
      vertex 1092.04 -1094.7 2176.48
    endloop
  endfacet
  facet normal -0.367733 0.724096 0.583488
    outer loop
      vertex 1076.75 -1064.98 2214.29
      vertex 1079.23 -1067.25 2218.67
      vertex 1078.4 -1064.69 2214.97
    endloop
  endfacet
  facet normal -0.368354 0.725461 0.581396
    outer loop
      vertex 1071.17 -1065.97 2211.99
      vertex 1076.75 -1064.98 2214.29
      vertex 1073.75 -1064.66 2211.99
    endloop
  endfacet
  facet normal -0.368935 0.723278 0.583744
    outer loop
      vertex 1076.75 -1064.98 2214.29
      vertex 1071.17 -1065.97 2211.99
      vertex 1079.23 -1067.25 2218.67
    endloop
  endfacet
  facet normal 0.673448 0.673448 0.304853
    outer loop
      vertex 1104.03 -1071.17 2211.99
      vertex 1099.75 -1064.69 2207.13
      vertex 1098.83 -1065.97 2211.99
    endloop
  endfacet
  facet normal 0.666667 0.666667 0.333333
    outer loop
      vertex 1100.94 -1064.58 2204.27
      vertex 1106.1 -1069.67 2204.13
      vertex 1100.96 -1064.53 2204.13
    endloop
  endfacet
  facet normal 0.672801 0.673642 0.305851
    outer loop
      vertex 1099.75 -1064.69 2207.13
      vertex 1106.1 -1069.67 2204.13
      vertex 1100.94 -1064.58 2204.27
    endloop
  endfacet
  facet normal 0.672795 0.673692 0.305754
    outer loop
      vertex 1099.75 -1064.69 2207.13
      vertex 1104.03 -1071.17 2211.99
      vertex 1106.1 -1069.67 2204.13
    endloop
  endfacet
  facet normal 0.0482275 -0.308656 -0.94995
    outer loop
      vertex 1088.7 -1096.4 2176.48
      vertex 1085 -1089.13 2173.93
      vertex 1086.28 -1088.93 2173.93
    endloop
  endfacet
  facet normal -0.584962 -0.0932695 0.80568
    outer loop
      vertex 1073.01 -1085 2223.52
      vertex 1066.33 -1085 2218.67
      vertex 1067.25 -1090.77 2218.67
    endloop
  endfacet
  facet normal 0.220826 0.220826 0.949985
    outer loop
      vertex 1092.04 -1075.3 2223.52
      vertex 1088.34 -1082.57 2226.07
      vertex 1094.7 -1077.96 2223.52
    endloop
  endfacet
  facet normal 0.220826 0.220826 0.949985
    outer loop
      vertex 1088.34 -1082.57 2226.07
      vertex 1092.04 -1075.3 2223.52
      vertex 1087.43 -1081.66 2226.07
    endloop
  endfacet
  facet normal -0.0481618 0.308235 0.95009
    outer loop
      vertex 1085 -1073.01 2223.52
      vertex 1083.72 -1081.07 2226.07
      vertex 1085 -1080.87 2226.07
    endloop
  endfacet
  facet normal -0.308656 -0.0482275 0.94995
    outer loop
      vertex 1080.87 -1085 2226.07
      vertex 1073.6 -1088.7 2223.52
      vertex 1081.07 -1086.28 2226.07
    endloop
  endfacet
  facet normal -0.368728 0.723543 0.583546
    outer loop
      vertex 1079.23 -1067.25 2218.67
      vertex 1071.17 -1065.97 2211.99
      vertex 1074.03 -1069.9 2218.67
    endloop
  endfacet
  facet normal 0.584962 -0.0932695 0.80568
    outer loop
      vertex 1103.67 -1085 2218.67
      vertex 1096.99 -1085 2223.52
      vertex 1102.75 -1090.77 2218.67
    endloop
  endfacet
  facet normal 0.584957 0.0932769 -0.805683
    outer loop
      vertex 1096.99 -1085 2176.48
      vertex 1096.4 -1081.3 2176.48
      vertex 1102.75 -1079.23 2181.33
    endloop
  endfacet
  facet normal 0.418829 0.418829 0.805707
    outer loop
      vertex 1095.97 -1069.9 2218.67
      vertex 1094.7 -1077.96 2223.52
      vertex 1100.1 -1074.03 2218.67
    endloop
  endfacet
  facet normal 0.418829 0.418829 0.805707
    outer loop
      vertex 1094.7 -1077.96 2223.52
      vertex 1095.97 -1069.9 2218.67
      vertex 1092.04 -1075.3 2223.52
    endloop
  endfacet
  facet normal 0.308235 0.0481618 0.95009
    outer loop
      vertex 1096.99 -1085 2223.52
      vertex 1088.93 -1083.72 2226.07
      vertex 1089.13 -1085 2226.07
    endloop
  endfacet
  facet normal 0.848473 0.431997 -0.305734
    outer loop
      vertex 1107.37 -1077.73 2188.01
      vertex 1104.03 -1071.17 2188.01
      vertex 1109.8 -1076.94 2195.87
    endloop
  endfacet
  facet normal 0.848503 -0.431838 0.305873
    outer loop
      vertex 1109.8 -1093.06 2204.13
      vertex 1104.03 -1098.83 2211.99
      vertex 1106.1 -1100.33 2204.13
    endloop
  endfacet
  facet normal 0.802555 0.127964 0.582693
    outer loop
      vertex 1108.52 -1085 2211.99
      vertex 1102.75 -1079.23 2218.67
      vertex 1103.67 -1085 2218.67
    endloop
  endfacet
  facet normal 0.431746 0.85031 0.300945
    outer loop
      vertex 1098.83 -1065.97 2211.99
      vertex 1096.67 -1064.76 2211.67
      vertex 1096.25 -1064.66 2211.99
    endloop
  endfacet
  facet normal 0.429558 0.84853 0.308993
    outer loop
      vertex 1096.67 -1064.76 2211.67
      vertex 1098.83 -1065.97 2211.99
      vertex 1097.65 -1064.79 2210.39
    endloop
  endfacet
  facet normal -0.723543 0.368728 -0.583546
    outer loop
      vertex 1067.25 -1079.23 2181.33
      vertex 1065.97 -1071.17 2188.01
      vertex 1069.9 -1074.03 2181.33
    endloop
  endfacet
  facet normal -0.368728 -0.723543 0.583546
    outer loop
      vertex 1074.03 -1100.1 2218.67
      vertex 1071.17 -1104.03 2211.99
      vertex 1079.23 -1102.75 2218.67
    endloop
  endfacet
  facet normal -0.148198 -0.940533 0.305671
    outer loop
      vertex 1077.73 -1107.37 2211.99
      vertex 1076.94 -1109.8 2204.13
      vertex 1085 -1111.07 2204.13
    endloop
  endfacet
  facet normal 0.368728 -0.723543 -0.583546
    outer loop
      vertex 1098.83 -1104.03 2188.01
      vertex 1090.77 -1102.75 2181.33
      vertex 1095.97 -1100.1 2181.33
    endloop
  endfacet
  facet normal 0.431838 -0.848503 -0.305873
    outer loop
      vertex 1100.33 -1106.1 2195.87
      vertex 1093.06 -1109.8 2195.87
      vertex 1098.83 -1104.03 2188.01
    endloop
  endfacet
  facet normal 0.126903 -0.802249 -0.583345
    outer loop
      vertex 1092.27 -1107.37 2188.01
      vertex 1085 -1108.52 2188.01
      vertex 1090.77 -1102.75 2181.33
    endloop
  endfacet
  facet normal 0.142453 -0.277663 -0.950058
    outer loop
      vertex 1092.04 -1094.7 2176.48
      vertex 1086.28 -1088.93 2173.93
      vertex 1087.43 -1088.34 2173.93
    endloop
  endfacet
  facet normal 0.940606 0.148789 -0.305159
    outer loop
      vertex 1108.52 -1085 2188.01
      vertex 1107.37 -1077.73 2188.01
      vertex 1111.07 -1085 2195.87
    endloop
  endfacet
  facet normal -0.125781 0.802396 -0.583387
    outer loop
      vertex 1080.73 -1065.03 2184.06
      vertex 1079.23 -1067.25 2181.33
      vertex 1078.4 -1064.69 2185.03
    endloop
  endfacet
  facet normal -0.127777 0.802698 -0.582536
    outer loop
      vertex 1079.23 -1067.25 2181.33
      vertex 1080.73 -1065.03 2184.06
      vertex 1081.5 -1064.98 2183.96
    endloop
  endfacet
  facet normal 0.940533 0.148198 0.305671
    outer loop
      vertex 1109.8 -1076.94 2204.13
      vertex 1107.37 -1077.73 2211.99
      vertex 1111.07 -1085 2204.13
    endloop
  endfacet
  facet normal 0.723543 0.368728 0.583546
    outer loop
      vertex 1104.03 -1071.17 2211.99
      vertex 1100.1 -1074.03 2218.67
      vertex 1102.75 -1079.23 2218.67
    endloop
  endfacet
  facet normal 0.0491487 0.308221 0.950044
    outer loop
      vertex 1085 -1073.01 2223.52
      vertex 1085 -1080.87 2226.07
      vertex 1088.7 -1073.6 2223.52
    endloop
  endfacet
  facet normal 0.434133 0.847656 -0.304973
    outer loop
      vertex 1099.29 -1064.86 2191.75
      vertex 1098.83 -1065.97 2188.01
      vertex 1097.65 -1064.79 2189.61
    endloop
  endfacet
  facet normal 0.428596 0.850419 -0.305112
    outer loop
      vertex 1098.83 -1065.97 2188.01
      vertex 1099.29 -1064.86 2191.75
      vertex 1099.75 -1064.69 2192.87
    endloop
  endfacet
  facet normal 0.367733 0.724096 0.583488
    outer loop
      vertex 1090.77 -1067.25 2218.67
      vertex 1093.25 -1064.98 2214.29
      vertex 1091.6 -1064.69 2214.97
    endloop
  endfacet
  facet normal 0.368935 0.723278 0.583744
    outer loop
      vertex 1098.83 -1065.97 2211.99
      vertex 1093.25 -1064.98 2214.29
      vertex 1090.77 -1067.25 2218.67
    endloop
  endfacet
  facet normal 0.368354 0.725461 0.581396
    outer loop
      vertex 1093.25 -1064.98 2214.29
      vertex 1098.83 -1065.97 2211.99
      vertex 1096.25 -1064.66 2211.99
    endloop
  endfacet
  facet normal 0.802249 0.126903 0.583345
    outer loop
      vertex 1107.37 -1077.73 2211.99
      vertex 1102.75 -1079.23 2218.67
      vertex 1108.52 -1085 2211.99
    endloop
  endfacet
  facet normal -0.431997 -0.848473 -0.305734
    outer loop
      vertex 1076.94 -1109.8 2195.87
      vertex 1071.17 -1104.03 2188.01
      vertex 1077.73 -1107.37 2188.01
    endloop
  endfacet
  facet normal -0.527831 0.268656 0.805741
    outer loop
      vertex 1075.3 -1077.96 2223.52
      vertex 1067.25 -1079.23 2218.67
      vertex 1073.6 -1081.3 2223.52
    endloop
  endfacet
  facet normal -0.527821 0.268985 -0.805638
    outer loop
      vertex 1075.3 -1077.96 2176.48
      vertex 1067.25 -1079.23 2181.33
      vertex 1069.9 -1074.03 2181.33
    endloop
  endfacet
  facet normal -0.141691 0.278382 0.949962
    outer loop
      vertex 1081.3 -1073.6 2223.52
      vertex 1077.96 -1075.3 2223.52
      vertex 1083.72 -1081.07 2226.07
    endloop
  endfacet
  facet normal -0.725461 0.368354 0.581396
    outer loop
      vertex 1064.98 -1076.75 2214.29
      vertex 1065.97 -1071.17 2211.99
      vertex 1064.66 -1073.75 2211.99
    endloop
  endfacet
  facet normal -0.724096 0.367733 0.583488
    outer loop
      vertex 1067.25 -1079.23 2218.67
      vertex 1064.98 -1076.75 2214.29
      vertex 1064.69 -1078.4 2214.97
    endloop
  endfacet
  facet normal -0.723278 0.368935 0.583744
    outer loop
      vertex 1064.98 -1076.75 2214.29
      vertex 1067.25 -1079.23 2218.67
      vertex 1065.97 -1071.17 2211.99
    endloop
  endfacet
  facet normal -0.723543 0.368728 0.583546
    outer loop
      vertex 1069.9 -1074.03 2218.67
      vertex 1065.97 -1071.17 2211.99
      vertex 1067.25 -1079.23 2218.67
    endloop
  endfacet
  facet normal 0.527831 -0.268656 0.805741
    outer loop
      vertex 1096.4 -1088.7 2223.52
      vertex 1094.7 -1092.04 2223.52
      vertex 1102.75 -1090.77 2218.67
    endloop
  endfacet
  facet normal -0.724096 -0.367733 0.583488
    outer loop
      vertex 1064.98 -1093.25 2214.29
      vertex 1067.25 -1090.77 2218.67
      vertex 1064.69 -1091.6 2214.97
    endloop
  endfacet
  facet normal -0.725461 -0.368354 0.581396
    outer loop
      vertex 1065.97 -1098.83 2211.99
      vertex 1064.98 -1093.25 2214.29
      vertex 1064.66 -1096.25 2211.99
    endloop
  endfacet
  facet normal -0.723278 -0.368935 0.583744
    outer loop
      vertex 1064.98 -1093.25 2214.29
      vertex 1065.97 -1098.83 2211.99
      vertex 1067.25 -1090.77 2218.67
    endloop
  endfacet
  facet normal -0.85031 -0.431746 0.300945
    outer loop
      vertex 1064.76 -1096.67 2211.67
      vertex 1065.97 -1098.83 2211.99
      vertex 1064.66 -1096.25 2211.99
    endloop
  endfacet
  facet normal -0.84853 -0.429558 0.308993
    outer loop
      vertex 1065.97 -1098.83 2211.99
      vertex 1064.76 -1096.67 2211.67
      vertex 1064.79 -1097.65 2210.39
    endloop
  endfacet
  facet normal 0.584962 0.0932695 -0.80568
    outer loop
      vertex 1103.67 -1085 2181.33
      vertex 1096.99 -1085 2176.48
      vertex 1102.75 -1079.23 2181.33
    endloop
  endfacet
  facet normal 0.848473 -0.431997 -0.305734
    outer loop
      vertex 1109.8 -1093.06 2195.87
      vertex 1104.03 -1098.83 2188.01
      vertex 1107.37 -1092.27 2188.01
    endloop
  endfacet
  facet normal 0.940533 0.148198 -0.305671
    outer loop
      vertex 1111.07 -1085 2195.87
      vertex 1107.37 -1077.73 2188.01
      vertex 1109.8 -1076.94 2195.87
    endloop
  endfacet
  facet normal 0.848503 0.431838 -0.305873
    outer loop
      vertex 1109.8 -1076.94 2195.87
      vertex 1104.03 -1071.17 2188.01
      vertex 1106.1 -1069.67 2195.87
    endloop
  endfacet
  facet normal 0.148198 -0.940533 0.305671
    outer loop
      vertex 1092.27 -1107.37 2211.99
      vertex 1085 -1111.07 2204.13
      vertex 1093.06 -1109.8 2204.13
    endloop
  endfacet
  facet normal 0.940533 -0.148198 0.305671
    outer loop
      vertex 1111.07 -1085 2204.13
      vertex 1107.37 -1092.27 2211.99
      vertex 1109.8 -1093.06 2204.13
    endloop
  endfacet
  facet normal 0.0932695 -0.584962 0.80568
    outer loop
      vertex 1085 -1096.99 2223.52
      vertex 1085 -1103.67 2218.67
      vertex 1090.77 -1102.75 2218.67
    endloop
  endfacet
  facet normal 0.891217 -0.453577 0
    outer loop
      vertex 1106.1 -1100.33 2204.13
      vertex 1109.8 -1093.06 2195.87
      vertex 1109.8 -1093.06 2204.13
    endloop
  endfacet
  facet normal 0.891217 -0.453577 0
    outer loop
      vertex 1109.8 -1093.06 2195.87
      vertex 1106.1 -1100.33 2204.13
      vertex 1106.1 -1100.33 2195.87
    endloop
  endfacet
  facet normal 0.127964 -0.802555 -0.582693
    outer loop
      vertex 1090.77 -1102.75 2181.33
      vertex 1085 -1108.52 2188.01
      vertex 1085 -1103.67 2181.33
    endloop
  endfacet
  facet normal -0.368728 -0.723543 -0.583546
    outer loop
      vertex 1079.23 -1102.75 2181.33
      vertex 1071.17 -1104.03 2188.01
      vertex 1074.03 -1100.1 2181.33
    endloop
  endfacet
  facet normal -0.574181 -0.574181 -0.583636
    outer loop
      vertex 1071.17 -1104.03 2188.01
      vertex 1069.9 -1095.97 2181.33
      vertex 1074.03 -1100.1 2181.33
    endloop
  endfacet
  facet normal -0.574181 -0.574181 -0.583636
    outer loop
      vertex 1069.9 -1095.97 2181.33
      vertex 1071.17 -1104.03 2188.01
      vertex 1065.97 -1098.83 2188.01
    endloop
  endfacet
  facet normal -0.418829 -0.418829 -0.805707
    outer loop
      vertex 1074.03 -1100.1 2181.33
      vertex 1075.3 -1092.04 2176.48
      vertex 1077.96 -1094.7 2176.48
    endloop
  endfacet
  facet normal -0.418829 -0.418829 -0.805707
    outer loop
      vertex 1075.3 -1092.04 2176.48
      vertex 1074.03 -1100.1 2181.33
      vertex 1069.9 -1095.97 2181.33
    endloop
  endfacet
  facet normal 0.574181 0.574181 -0.583636
    outer loop
      vertex 1100.1 -1074.03 2181.33
      vertex 1098.83 -1065.97 2188.01
      vertex 1104.03 -1071.17 2188.01
    endloop
  endfacet
  facet normal 0.574181 0.574181 -0.583636
    outer loop
      vertex 1098.83 -1065.97 2188.01
      vertex 1100.1 -1074.03 2181.33
      vertex 1095.97 -1069.9 2181.33
    endloop
  endfacet
  facet normal 0.429558 0.84853 -0.308993
    outer loop
      vertex 1098.83 -1065.97 2188.01
      vertex 1096.67 -1064.76 2188.33
      vertex 1097.65 -1064.79 2189.61
    endloop
  endfacet
  facet normal 0.431746 0.85031 -0.300945
    outer loop
      vertex 1096.67 -1064.76 2188.33
      vertex 1098.83 -1065.97 2188.01
      vertex 1096.25 -1064.66 2188.01
    endloop
  endfacet
  facet normal 0.0932695 0.584962 0.80568
    outer loop
      vertex 1085 -1066.33 2218.67
      vertex 1085 -1073.01 2223.52
      vertex 1090.77 -1067.25 2218.67
    endloop
  endfacet
  facet normal 0.127997 0.802761 0.582401
    outer loop
      vertex 1088.5 -1064.98 2216.04
      vertex 1085 -1066.33 2218.67
      vertex 1090.77 -1067.25 2218.67
    endloop
  endfacet
  facet normal 0.126931 0.803634 0.581431
    outer loop
      vertex 1085 -1066.33 2218.67
      vertex 1088.5 -1064.98 2216.04
      vertex 1085 -1064.76 2216.5
    endloop
  endfacet
  facet normal -0.308221 -0.0491487 0.950044
    outer loop
      vertex 1080.87 -1085 2226.07
      vertex 1073.01 -1085 2223.52
      vertex 1073.6 -1088.7 2223.52
    endloop
  endfacet
  facet normal 0.277663 0.142453 0.950058
    outer loop
      vertex 1094.7 -1077.96 2223.52
      vertex 1088.34 -1082.57 2226.07
      vertex 1088.93 -1083.72 2226.07
    endloop
  endfacet
  facet normal 0.940606 0.148789 0.305159
    outer loop
      vertex 1111.07 -1085 2204.13
      vertex 1107.37 -1077.73 2211.99
      vertex 1108.52 -1085 2211.99
    endloop
  endfacet
  facet normal 0.527821 0.268985 0.805638
    outer loop
      vertex 1100.1 -1074.03 2218.67
      vertex 1094.7 -1077.96 2223.52
      vertex 1102.75 -1079.23 2218.67
    endloop
  endfacet
  facet normal -0.431838 -0.848503 0.305873
    outer loop
      vertex 1071.17 -1104.03 2211.99
      vertex 1069.67 -1106.1 2204.13
      vertex 1076.94 -1109.8 2204.13
    endloop
  endfacet
  facet normal -0.308235 0.0481618 0.95009
    outer loop
      vertex 1081.07 -1083.72 2226.07
      vertex 1073.01 -1085 2223.52
      vertex 1080.87 -1085 2226.07
    endloop
  endfacet
  facet normal -0.127777 0.802698 0.582536
    outer loop
      vertex 1080.73 -1065.03 2215.94
      vertex 1079.23 -1067.25 2218.67
      vertex 1081.5 -1064.98 2216.04
    endloop
  endfacet
  facet normal -0.125781 0.802396 0.583387
    outer loop
      vertex 1079.23 -1067.25 2218.67
      vertex 1080.73 -1065.03 2215.94
      vertex 1078.4 -1064.69 2214.97
    endloop
  endfacet
  facet normal -0.707106 0.707106 0.00171212
    outer loop
      vertex 1069.04 -1064.53 2195.87
      vertex 1065.08 -1068.5 2200
      vertex 1068.5 -1065.08 2200
    endloop
  endfacet
  facet normal -0.707106 0.707106 0.00171212
    outer loop
      vertex 1065.08 -1068.5 2200
      vertex 1069.04 -1064.53 2195.87
      vertex 1064.53 -1069.04 2195.87
    endloop
  endfacet
  facet normal -0.707106 0.707106 -0.00171212
    outer loop
      vertex 1065.08 -1068.5 2200
      vertex 1069.04 -1064.53 2204.13
      vertex 1068.5 -1065.08 2200
    endloop
  endfacet
  facet normal -0.707106 0.707106 -0.00171212
    outer loop
      vertex 1069.04 -1064.53 2204.13
      vertex 1065.08 -1068.5 2200
      vertex 1064.53 -1069.04 2204.13
    endloop
  endfacet
  facet normal -0.268985 0.527821 -0.805638
    outer loop
      vertex 1077.96 -1075.3 2176.48
      vertex 1074.03 -1069.9 2181.33
      vertex 1079.23 -1067.25 2181.33
    endloop
  endfacet
  facet normal -0.428596 0.850419 -0.305112
    outer loop
      vertex 1070.71 -1064.86 2191.75
      vertex 1071.17 -1065.97 2188.01
      vertex 1070.25 -1064.69 2192.87
    endloop
  endfacet
  facet normal -0.434133 0.847656 -0.304973
    outer loop
      vertex 1071.17 -1065.97 2188.01
      vertex 1070.71 -1064.86 2191.75
      vertex 1072.35 -1064.79 2189.61
    endloop
  endfacet
  facet normal 0.0482275 0.308656 0.94995
    outer loop
      vertex 1088.7 -1073.6 2223.52
      vertex 1085 -1080.87 2226.07
      vertex 1086.28 -1081.07 2226.07
    endloop
  endfacet
  facet normal -0.584962 0.0932695 0.80568
    outer loop
      vertex 1067.25 -1079.23 2218.67
      vertex 1066.33 -1085 2218.67
      vertex 1073.01 -1085 2223.52
    endloop
  endfacet
  facet normal -0.584957 -0.0932769 0.805683
    outer loop
      vertex 1073.01 -1085 2223.52
      vertex 1067.25 -1090.77 2218.67
      vertex 1073.6 -1088.7 2223.52
    endloop
  endfacet
  facet normal -0.0481618 -0.308235 0.95009
    outer loop
      vertex 1085 -1089.13 2226.07
      vertex 1083.72 -1088.93 2226.07
      vertex 1085 -1096.99 2223.52
    endloop
  endfacet
  facet normal -0.0491719 -0.308366 0.949996
    outer loop
      vertex 1083.72 -1088.93 2226.07
      vertex 1081.3 -1096.4 2223.52
      vertex 1085 -1096.99 2223.52
    endloop
  endfacet
  facet normal -0.527821 -0.268985 0.805638
    outer loop
      vertex 1075.3 -1092.04 2223.52
      vertex 1067.25 -1090.77 2218.67
      vertex 1069.9 -1095.97 2218.67
    endloop
  endfacet
  facet normal 0.0491487 -0.308221 -0.950044
    outer loop
      vertex 1088.7 -1096.4 2176.48
      vertex 1085 -1096.99 2176.48
      vertex 1085 -1089.13 2173.93
    endloop
  endfacet
  facet normal 0.268656 0.527831 -0.805741
    outer loop
      vertex 1092.04 -1075.3 2176.48
      vertex 1088.7 -1073.6 2176.48
      vertex 1090.77 -1067.25 2181.33
    endloop
  endfacet
  facet normal 0.268985 0.527821 -0.805638
    outer loop
      vertex 1092.04 -1075.3 2176.48
      vertex 1090.77 -1067.25 2181.33
      vertex 1095.97 -1069.9 2181.33
    endloop
  endfacet
  facet normal 0.368354 0.725461 -0.581396
    outer loop
      vertex 1098.83 -1065.97 2188.01
      vertex 1093.25 -1064.98 2185.71
      vertex 1096.25 -1064.66 2188.01
    endloop
  endfacet
  facet normal 0.368935 0.723278 -0.583744
    outer loop
      vertex 1090.77 -1067.25 2181.33
      vertex 1093.25 -1064.98 2185.71
      vertex 1098.83 -1065.97 2188.01
    endloop
  endfacet
  facet normal 0.367733 0.724096 -0.583488
    outer loop
      vertex 1093.25 -1064.98 2185.71
      vertex 1090.77 -1067.25 2181.33
      vertex 1091.6 -1064.69 2185.03
    endloop
  endfacet
  facet normal 0.584962 -0.0932695 -0.80568
    outer loop
      vertex 1102.75 -1090.77 2181.33
      vertex 1096.99 -1085 2176.48
      vertex 1103.67 -1085 2181.33
    endloop
  endfacet
  facet normal 0.673237 -0.673237 -0.305783
    outer loop
      vertex 1106.1 -1100.33 2195.87
      vertex 1098.83 -1104.03 2188.01
      vertex 1104.03 -1098.83 2188.01
    endloop
  endfacet
  facet normal 0.673237 -0.673237 -0.305783
    outer loop
      vertex 1098.83 -1104.03 2188.01
      vertex 1106.1 -1100.33 2195.87
      vertex 1100.33 -1106.1 2195.87
    endloop
  endfacet
  facet normal 0.723806 0.368523 -0.583349
    outer loop
      vertex 1107.37 -1077.73 2188.01
      vertex 1102.75 -1079.23 2181.33
      vertex 1104.03 -1071.17 2188.01
    endloop
  endfacet
  facet normal 0.802249 -0.126903 -0.583345
    outer loop
      vertex 1107.37 -1092.27 2188.01
      vertex 1102.75 -1090.77 2181.33
      vertex 1108.52 -1085 2188.01
    endloop
  endfacet
  facet normal 0.802555 -0.127964 0.582693
    outer loop
      vertex 1103.67 -1085 2218.67
      vertex 1102.75 -1090.77 2218.67
      vertex 1108.52 -1085 2211.99
    endloop
  endfacet
  facet normal 0.987813 -0.155648 0
    outer loop
      vertex 1109.8 -1093.06 2204.13
      vertex 1111.07 -1085 2195.87
      vertex 1111.07 -1085 2204.13
    endloop
  endfacet
  facet normal 0.987813 -0.155648 0
    outer loop
      vertex 1111.07 -1085 2195.87
      vertex 1109.8 -1093.06 2204.13
      vertex 1109.8 -1093.06 2195.87
    endloop
  endfacet
  facet normal 0.0932769 -0.584957 0.805683
    outer loop
      vertex 1088.7 -1096.4 2223.52
      vertex 1085 -1096.99 2223.52
      vertex 1090.77 -1102.75 2218.67
    endloop
  endfacet
  facet normal 0.707107 -0.707107 0
    outer loop
      vertex 1100.33 -1106.1 2204.13
      vertex 1106.1 -1100.33 2195.87
      vertex 1106.1 -1100.33 2204.13
    endloop
  endfacet
  facet normal 0.707107 -0.707107 0
    outer loop
      vertex 1106.1 -1100.33 2195.87
      vertex 1100.33 -1106.1 2204.13
      vertex 1100.33 -1106.1 2195.87
    endloop
  endfacet
  facet normal 0.848503 -0.431838 -0.305873
    outer loop
      vertex 1106.1 -1100.33 2195.87
      vertex 1104.03 -1098.83 2188.01
      vertex 1109.8 -1093.06 2195.87
    endloop
  endfacet
  facet normal 0.723543 -0.368728 -0.583546
    outer loop
      vertex 1104.03 -1098.83 2188.01
      vertex 1100.1 -1095.97 2181.33
      vertex 1102.75 -1090.77 2181.33
    endloop
  endfacet
  facet normal 0.584957 -0.0932769 -0.805683
    outer loop
      vertex 1102.75 -1090.77 2181.33
      vertex 1096.4 -1088.7 2176.48
      vertex 1096.99 -1085 2176.48
    endloop
  endfacet
  facet normal 0.802249 0.126903 -0.583345
    outer loop
      vertex 1108.52 -1085 2188.01
      vertex 1102.75 -1079.23 2181.33
      vertex 1107.37 -1077.73 2188.01
    endloop
  endfacet
  facet normal 0.723806 -0.368523 -0.583349
    outer loop
      vertex 1104.03 -1098.83 2188.01
      vertex 1102.75 -1090.77 2181.33
      vertex 1107.37 -1092.27 2188.01
    endloop
  endfacet
  facet normal -0.0932769 -0.584957 -0.805683
    outer loop
      vertex 1085 -1096.99 2176.48
      vertex 1079.23 -1102.75 2181.33
      vertex 1081.3 -1096.4 2176.48
    endloop
  endfacet
  facet normal 0.418829 -0.418829 -0.805707
    outer loop
      vertex 1095.97 -1100.1 2181.33
      vertex 1094.7 -1092.04 2176.48
      vertex 1100.1 -1095.97 2181.33
    endloop
  endfacet
  facet normal 0.418829 -0.418829 -0.805707
    outer loop
      vertex 1094.7 -1092.04 2176.48
      vertex 1095.97 -1100.1 2181.33
      vertex 1092.04 -1094.7 2176.48
    endloop
  endfacet
  facet normal 0.431997 -0.848473 -0.305734
    outer loop
      vertex 1093.06 -1109.8 2195.87
      vertex 1092.27 -1107.37 2188.01
      vertex 1098.83 -1104.03 2188.01
    endloop
  endfacet
  facet normal 0.148198 -0.940533 -0.305671
    outer loop
      vertex 1093.06 -1109.8 2195.87
      vertex 1085 -1111.07 2195.87
      vertex 1092.27 -1107.37 2188.01
    endloop
  endfacet
  facet normal -0.155648 -0.987813 0
    outer loop
      vertex 1076.94 -1109.8 2195.87
      vertex 1085 -1111.07 2204.13
      vertex 1076.94 -1109.8 2204.13
    endloop
  endfacet
  facet normal -0.155648 -0.987813 -0
    outer loop
      vertex 1085 -1111.07 2204.13
      vertex 1076.94 -1109.8 2195.87
      vertex 1085 -1111.07 2195.87
    endloop
  endfacet
  facet normal -0.707876 -0.706337 -0
    outer loop
      vertex 1069.67 -1106.1 2204.13
      vertex 1065.08 -1101.5 2200
      vertex 1069.67 -1106.1 2195.87
    endloop
  endfacet
  facet normal -0.707106 -0.707106 -0.00171212
    outer loop
      vertex 1065.08 -1101.5 2200
      vertex 1069.67 -1106.1 2204.13
      vertex 1064.53 -1100.96 2204.13
    endloop
  endfacet
  facet normal -0.707106 -0.707106 0.00171212
    outer loop
      vertex 1064.53 -1100.96 2195.87
      vertex 1069.67 -1106.1 2195.87
      vertex 1065.08 -1101.5 2200
    endloop
  endfacet
  facet normal 0.0932769 0.584957 -0.805683
    outer loop
      vertex 1088.7 -1073.6 2176.48
      vertex 1085 -1073.01 2176.48
      vertex 1090.77 -1067.25 2181.33
    endloop
  endfacet
  facet normal 0.141691 0.278382 -0.949962
    outer loop
      vertex 1092.04 -1075.3 2176.48
      vertex 1086.28 -1081.07 2173.93
      vertex 1088.7 -1073.6 2176.48
    endloop
  endfacet
  facet normal 0.434133 0.847656 0.304973
    outer loop
      vertex 1098.83 -1065.97 2211.99
      vertex 1099.29 -1064.86 2208.25
      vertex 1097.65 -1064.79 2210.39
    endloop
  endfacet
  facet normal 0.428596 0.850419 0.305112
    outer loop
      vertex 1099.29 -1064.86 2208.25
      vertex 1098.83 -1065.97 2211.99
      vertex 1099.75 -1064.69 2207.13
    endloop
  endfacet
  facet normal 0.127777 0.802698 0.582536
    outer loop
      vertex 1090.77 -1067.25 2218.67
      vertex 1089.27 -1065.03 2215.94
      vertex 1088.5 -1064.98 2216.04
    endloop
  endfacet
  facet normal 0.125781 0.802396 0.583387
    outer loop
      vertex 1089.27 -1065.03 2215.94
      vertex 1090.77 -1067.25 2218.67
      vertex 1091.6 -1064.69 2214.97
    endloop
  endfacet
  facet normal -0.574181 0.574181 0.583636
    outer loop
      vertex 1071.17 -1065.97 2211.99
      vertex 1069.9 -1074.03 2218.67
      vertex 1074.03 -1069.9 2218.67
    endloop
  endfacet
  facet normal -0.574181 0.574181 0.583636
    outer loop
      vertex 1069.9 -1074.03 2218.67
      vertex 1071.17 -1065.97 2211.99
      vertex 1065.97 -1071.17 2211.99
    endloop
  endfacet
  facet normal -0.268985 0.527821 0.805638
    outer loop
      vertex 1079.23 -1067.25 2218.67
      vertex 1074.03 -1069.9 2218.67
      vertex 1077.96 -1075.3 2223.52
    endloop
  endfacet
  facet normal 0.723806 0.368523 0.583349
    outer loop
      vertex 1104.03 -1071.17 2211.99
      vertex 1102.75 -1079.23 2218.67
      vertex 1107.37 -1077.73 2211.99
    endloop
  endfacet
  facet normal 0.278382 0.141691 0.949962
    outer loop
      vertex 1094.7 -1077.96 2223.52
      vertex 1088.93 -1083.72 2226.07
      vertex 1096.4 -1081.3 2223.52
    endloop
  endfacet
  facet normal 0.368728 0.723543 0.583546
    outer loop
      vertex 1098.83 -1065.97 2211.99
      vertex 1090.77 -1067.25 2218.67
      vertex 1095.97 -1069.9 2218.67
    endloop
  endfacet
  facet normal 0.268985 0.527821 0.805638
    outer loop
      vertex 1095.97 -1069.9 2218.67
      vertex 1090.77 -1067.25 2218.67
      vertex 1092.04 -1075.3 2223.52
    endloop
  endfacet
  facet normal 0.0932769 0.584957 0.805683
    outer loop
      vertex 1090.77 -1067.25 2218.67
      vertex 1085 -1073.01 2223.52
      vertex 1088.7 -1073.6 2223.52
    endloop
  endfacet
  facet normal 0.574181 0.574181 0.583636
    outer loop
      vertex 1098.83 -1065.97 2211.99
      vertex 1100.1 -1074.03 2218.67
      vertex 1104.03 -1071.17 2211.99
    endloop
  endfacet
  facet normal 0.574181 0.574181 0.583636
    outer loop
      vertex 1100.1 -1074.03 2218.67
      vertex 1098.83 -1065.97 2211.99
      vertex 1095.97 -1069.9 2218.67
    endloop
  endfacet
  facet normal 0.527831 0.268656 0.805741
    outer loop
      vertex 1102.75 -1079.23 2218.67
      vertex 1094.7 -1077.96 2223.52
      vertex 1096.4 -1081.3 2223.52
    endloop
  endfacet
  facet normal 0.802249 -0.126903 0.583345
    outer loop
      vertex 1108.52 -1085 2211.99
      vertex 1102.75 -1090.77 2218.67
      vertex 1107.37 -1092.27 2211.99
    endloop
  endfacet
  facet normal 0.940606 -0.148789 0.305159
    outer loop
      vertex 1108.52 -1085 2211.99
      vertex 1107.37 -1092.27 2211.99
      vertex 1111.07 -1085 2204.13
    endloop
  endfacet
  facet normal -0.802761 0.127997 -0.582401
    outer loop
      vertex 1066.33 -1085 2181.33
      vertex 1064.98 -1081.5 2183.96
      vertex 1067.25 -1079.23 2181.33
    endloop
  endfacet
  facet normal -0.803634 0.126931 -0.581431
    outer loop
      vertex 1064.98 -1081.5 2183.96
      vertex 1066.33 -1085 2181.33
      vertex 1064.76 -1085 2183.5
    endloop
  endfacet
  facet normal -0.802698 -0.127777 0.582536
    outer loop
      vertex 1065.03 -1089.27 2215.94
      vertex 1067.25 -1090.77 2218.67
      vertex 1064.98 -1088.5 2216.04
    endloop
  endfacet
  facet normal -0.802396 -0.125781 0.583387
    outer loop
      vertex 1067.25 -1090.77 2218.67
      vertex 1065.03 -1089.27 2215.94
      vertex 1064.69 -1091.6 2214.97
    endloop
  endfacet
  facet normal -0.802698 -0.127777 -0.582536
    outer loop
      vertex 1067.25 -1090.77 2181.33
      vertex 1065.03 -1089.27 2184.06
      vertex 1064.98 -1088.5 2183.96
    endloop
  endfacet
  facet normal -0.802396 -0.125781 -0.583387
    outer loop
      vertex 1065.03 -1089.27 2184.06
      vertex 1067.25 -1090.77 2181.33
      vertex 1064.69 -1091.6 2185.03
    endloop
  endfacet
  facet normal -0.673189 0.673189 0.305995
    outer loop
      vertex 1064.58 -1069.06 2204.27
      vertex 1070.25 -1064.69 2207.13
      vertex 1069.06 -1064.58 2204.27
    endloop
  endfacet
  facet normal -0.666667 0.666667 0.333333
    outer loop
      vertex 1064.53 -1069.04 2204.13
      vertex 1069.06 -1064.58 2204.27
      vertex 1069.04 -1064.53 2204.13
    endloop
  endfacet
  facet normal -0.666667 0.666667 0.333333
    outer loop
      vertex 1064.58 -1069.06 2204.27
      vertex 1069.06 -1064.58 2204.27
      vertex 1064.53 -1069.04 2204.13
    endloop
  endfacet
  facet normal -0.673189 0.673189 0.305995
    outer loop
      vertex 1070.25 -1064.69 2207.13
      vertex 1064.58 -1069.06 2204.27
      vertex 1064.69 -1070.25 2207.13
    endloop
  endfacet
  facet normal -0.673448 0.673448 0.304853
    outer loop
      vertex 1070.25 -1064.69 2207.13
      vertex 1064.69 -1070.25 2207.13
      vertex 1071.17 -1065.97 2211.99
    endloop
  endfacet
  facet normal -0.673448 0.673448 0.304853
    outer loop
      vertex 1071.17 -1065.97 2211.99
      vertex 1064.69 -1070.25 2207.13
      vertex 1065.97 -1071.17 2211.99
    endloop
  endfacet
  facet normal -0.850419 0.428596 -0.305112
    outer loop
      vertex 1065.97 -1071.17 2188.01
      vertex 1064.86 -1070.71 2191.75
      vertex 1064.69 -1070.25 2192.87
    endloop
  endfacet
  facet normal -0.847656 0.434133 -0.304973
    outer loop
      vertex 1064.86 -1070.71 2191.75
      vertex 1065.97 -1071.17 2188.01
      vertex 1064.79 -1072.35 2189.61
    endloop
  endfacet
  facet normal -0.850419 0.428596 0.305112
    outer loop
      vertex 1064.86 -1070.71 2208.25
      vertex 1065.97 -1071.17 2211.99
      vertex 1064.69 -1070.25 2207.13
    endloop
  endfacet
  facet normal -0.847656 0.434133 0.304973
    outer loop
      vertex 1065.97 -1071.17 2211.99
      vertex 1064.86 -1070.71 2208.25
      vertex 1064.79 -1072.35 2210.39
    endloop
  endfacet
  facet normal -0.84853 0.429558 0.308993
    outer loop
      vertex 1064.76 -1073.33 2211.67
      vertex 1065.97 -1071.17 2211.99
      vertex 1064.79 -1072.35 2210.39
    endloop
  endfacet
  facet normal -0.85031 0.431746 0.300945
    outer loop
      vertex 1065.97 -1071.17 2211.99
      vertex 1064.76 -1073.33 2211.67
      vertex 1064.66 -1073.75 2211.99
    endloop
  endfacet
  facet normal -0.126931 0.803634 -0.581431
    outer loop
      vertex 1085 -1066.33 2181.33
      vertex 1081.5 -1064.98 2183.96
      vertex 1085 -1064.76 2183.5
    endloop
  endfacet
  facet normal -0.127997 0.802761 -0.582401
    outer loop
      vertex 1081.5 -1064.98 2183.96
      vertex 1085 -1066.33 2181.33
      vertex 1079.23 -1067.25 2181.33
    endloop
  endfacet
  facet normal -0.268656 0.527831 -0.805741
    outer loop
      vertex 1081.3 -1073.6 2176.48
      vertex 1077.96 -1075.3 2176.48
      vertex 1079.23 -1067.25 2181.33
    endloop
  endfacet
  facet normal -0.308366 0.0491719 -0.949996
    outer loop
      vertex 1081.07 -1083.72 2173.93
      vertex 1073.01 -1085 2176.48
      vertex 1073.6 -1081.3 2176.48
    endloop
  endfacet
  facet normal -0.368354 0.725461 -0.581396
    outer loop
      vertex 1076.75 -1064.98 2185.71
      vertex 1071.17 -1065.97 2188.01
      vertex 1073.75 -1064.66 2188.01
    endloop
  endfacet
  facet normal -0.367733 0.724096 -0.583488
    outer loop
      vertex 1079.23 -1067.25 2181.33
      vertex 1076.75 -1064.98 2185.71
      vertex 1078.4 -1064.69 2185.03
    endloop
  endfacet
  facet normal -0.368935 0.723278 -0.583744
    outer loop
      vertex 1076.75 -1064.98 2185.71
      vertex 1079.23 -1067.25 2181.33
      vertex 1071.17 -1065.97 2188.01
    endloop
  endfacet
  facet normal -0.429558 0.84853 -0.308993
    outer loop
      vertex 1073.33 -1064.76 2188.33
      vertex 1071.17 -1065.97 2188.01
      vertex 1072.35 -1064.79 2189.61
    endloop
  endfacet
  facet normal -0.431746 0.85031 -0.300945
    outer loop
      vertex 1071.17 -1065.97 2188.01
      vertex 1073.33 -1064.76 2188.33
      vertex 1073.75 -1064.66 2188.01
    endloop
  endfacet
  facet normal 0.0491487 -0.308221 0.950044
    outer loop
      vertex 1085 -1089.13 2226.07
      vertex 1085 -1096.99 2223.52
      vertex 1088.7 -1096.4 2223.52
    endloop
  endfacet
  facet normal 0.278382 -0.141691 0.949962
    outer loop
      vertex 1096.4 -1088.7 2223.52
      vertex 1088.93 -1086.28 2226.07
      vertex 1094.7 -1092.04 2223.52
    endloop
  endfacet
  facet normal -0.803634 -0.126931 0.581431
    outer loop
      vertex 1064.98 -1088.5 2216.04
      vertex 1066.33 -1085 2218.67
      vertex 1064.76 -1085 2216.5
    endloop
  endfacet
  facet normal -0.802761 -0.127997 0.582401
    outer loop
      vertex 1066.33 -1085 2218.67
      vertex 1064.98 -1088.5 2216.04
      vertex 1067.25 -1090.77 2218.67
    endloop
  endfacet
  facet normal -0.220826 0.220826 0.949985
    outer loop
      vertex 1077.96 -1075.3 2223.52
      vertex 1081.66 -1082.57 2226.07
      vertex 1082.57 -1081.66 2226.07
    endloop
  endfacet
  facet normal -0.220826 0.220826 0.949985
    outer loop
      vertex 1081.66 -1082.57 2226.07
      vertex 1077.96 -1075.3 2223.52
      vertex 1075.3 -1077.96 2223.52
    endloop
  endfacet
  facet normal -0.0491719 0.308366 0.949996
    outer loop
      vertex 1085 -1073.01 2223.52
      vertex 1081.3 -1073.6 2223.52
      vertex 1083.72 -1081.07 2226.07
    endloop
  endfacet
  facet normal -0.277663 -0.142453 0.950058
    outer loop
      vertex 1081.07 -1086.28 2226.07
      vertex 1075.3 -1092.04 2223.52
      vertex 1081.66 -1087.43 2226.07
    endloop
  endfacet
  facet normal -0.126903 -0.802249 0.583345
    outer loop
      vertex 1079.23 -1102.75 2218.67
      vertex 1077.73 -1107.37 2211.99
      vertex 1085 -1108.52 2211.99
    endloop
  endfacet
  facet normal -0.278382 -0.141691 0.949962
    outer loop
      vertex 1081.07 -1086.28 2226.07
      vertex 1073.6 -1088.7 2223.52
      vertex 1075.3 -1092.04 2223.52
    endloop
  endfacet
  facet normal -0.527831 -0.268656 0.805741
    outer loop
      vertex 1073.6 -1088.7 2223.52
      vertex 1067.25 -1090.77 2218.67
      vertex 1075.3 -1092.04 2223.52
    endloop
  endfacet
  facet normal -0.418829 -0.418829 0.805707
    outer loop
      vertex 1075.3 -1092.04 2223.52
      vertex 1074.03 -1100.1 2218.67
      vertex 1077.96 -1094.7 2223.52
    endloop
  endfacet
  facet normal -0.418829 -0.418829 0.805707
    outer loop
      vertex 1074.03 -1100.1 2218.67
      vertex 1075.3 -1092.04 2223.52
      vertex 1069.9 -1095.97 2218.67
    endloop
  endfacet
  facet normal -0.0932769 0.584957 -0.805683
    outer loop
      vertex 1081.3 -1073.6 2176.48
      vertex 1079.23 -1067.25 2181.33
      vertex 1085 -1073.01 2176.48
    endloop
  endfacet
  facet normal 0.368728 0.723543 -0.583546
    outer loop
      vertex 1095.97 -1069.9 2181.33
      vertex 1090.77 -1067.25 2181.33
      vertex 1098.83 -1065.97 2188.01
    endloop
  endfacet
  facet normal -0.0491719 0.308366 -0.949996
    outer loop
      vertex 1083.72 -1081.07 2173.93
      vertex 1081.3 -1073.6 2176.48
      vertex 1085 -1073.01 2176.48
    endloop
  endfacet
  facet normal 0.672801 0.673642 -0.305851
    outer loop
      vertex 1106.1 -1069.67 2195.87
      vertex 1099.75 -1064.69 2192.87
      vertex 1100.94 -1064.58 2195.73
    endloop
  endfacet
  facet normal 0.666667 0.666667 -0.333333
    outer loop
      vertex 1106.1 -1069.67 2195.87
      vertex 1100.94 -1064.58 2195.73
      vertex 1100.96 -1064.53 2195.87
    endloop
  endfacet
  facet normal 0.672795 0.673692 -0.305754
    outer loop
      vertex 1104.03 -1071.17 2188.01
      vertex 1099.75 -1064.69 2192.87
      vertex 1106.1 -1069.67 2195.87
    endloop
  endfacet
  facet normal 0.673448 0.673448 -0.304853
    outer loop
      vertex 1099.75 -1064.69 2192.87
      vertex 1104.03 -1071.17 2188.01
      vertex 1098.83 -1065.97 2188.01
    endloop
  endfacet
  facet normal 0.891217 0.453577 0
    outer loop
      vertex 1109.8 -1076.94 2204.13
      vertex 1106.1 -1069.67 2195.87
      vertex 1106.1 -1069.67 2204.13
    endloop
  endfacet
  facet normal 0.891217 0.453577 0
    outer loop
      vertex 1106.1 -1069.67 2195.87
      vertex 1109.8 -1076.94 2204.13
      vertex 1109.8 -1076.94 2195.87
    endloop
  endfacet
  facet normal 0.527821 0.268985 -0.805638
    outer loop
      vertex 1102.75 -1079.23 2181.33
      vertex 1094.7 -1077.96 2176.48
      vertex 1100.1 -1074.03 2181.33
    endloop
  endfacet
  facet normal 0.723543 0.368728 -0.583546
    outer loop
      vertex 1102.75 -1079.23 2181.33
      vertex 1100.1 -1074.03 2181.33
      vertex 1104.03 -1071.17 2188.01
    endloop
  endfacet
  facet normal 0.584957 -0.0932769 0.805683
    outer loop
      vertex 1096.99 -1085 2223.52
      vertex 1096.4 -1088.7 2223.52
      vertex 1102.75 -1090.77 2218.67
    endloop
  endfacet
  facet normal -0.220826 -0.220826 0.949985
    outer loop
      vertex 1081.66 -1087.43 2226.07
      vertex 1077.96 -1094.7 2223.52
      vertex 1082.57 -1088.34 2226.07
    endloop
  endfacet
  facet normal -0.220826 -0.220826 0.949985
    outer loop
      vertex 1077.96 -1094.7 2223.52
      vertex 1081.66 -1087.43 2226.07
      vertex 1075.3 -1092.04 2223.52
    endloop
  endfacet
  facet normal 0.155648 -0.987813 0
    outer loop
      vertex 1085 -1111.07 2195.87
      vertex 1093.06 -1109.8 2204.13
      vertex 1085 -1111.07 2204.13
    endloop
  endfacet
  facet normal 0.155648 -0.987813 0
    outer loop
      vertex 1093.06 -1109.8 2204.13
      vertex 1085 -1111.07 2195.87
      vertex 1093.06 -1109.8 2195.87
    endloop
  endfacet
  facet normal 0.368523 -0.723806 0.583349
    outer loop
      vertex 1098.83 -1104.03 2211.99
      vertex 1090.77 -1102.75 2218.67
      vertex 1092.27 -1107.37 2211.99
    endloop
  endfacet
  facet normal 0.848473 -0.431997 0.305734
    outer loop
      vertex 1107.37 -1092.27 2211.99
      vertex 1104.03 -1098.83 2211.99
      vertex 1109.8 -1093.06 2204.13
    endloop
  endfacet
  facet normal 0.723806 -0.368523 0.583349
    outer loop
      vertex 1107.37 -1092.27 2211.99
      vertex 1102.75 -1090.77 2218.67
      vertex 1104.03 -1098.83 2211.99
    endloop
  endfacet
  facet normal 0.673237 -0.673237 0.305783
    outer loop
      vertex 1098.83 -1104.03 2211.99
      vertex 1106.1 -1100.33 2204.13
      vertex 1104.03 -1098.83 2211.99
    endloop
  endfacet
  facet normal 0.673237 -0.673237 0.305783
    outer loop
      vertex 1106.1 -1100.33 2204.13
      vertex 1098.83 -1104.03 2211.99
      vertex 1100.33 -1106.1 2204.13
    endloop
  endfacet
  facet normal 0.453577 -0.891217 0
    outer loop
      vertex 1093.06 -1109.8 2195.87
      vertex 1100.33 -1106.1 2204.13
      vertex 1093.06 -1109.8 2204.13
    endloop
  endfacet
  facet normal 0.453577 -0.891217 0
    outer loop
      vertex 1100.33 -1106.1 2204.13
      vertex 1093.06 -1109.8 2195.87
      vertex 1100.33 -1106.1 2195.87
    endloop
  endfacet
  facet normal 0.527831 0.268656 -0.805741
    outer loop
      vertex 1096.4 -1081.3 2176.48
      vertex 1094.7 -1077.96 2176.48
      vertex 1102.75 -1079.23 2181.33
    endloop
  endfacet
  facet normal 0.940606 -0.148789 -0.305159
    outer loop
      vertex 1111.07 -1085 2195.87
      vertex 1107.37 -1092.27 2188.01
      vertex 1108.52 -1085 2188.01
    endloop
  endfacet
  facet normal 0.940533 -0.148198 -0.305671
    outer loop
      vertex 1109.8 -1093.06 2195.87
      vertex 1107.37 -1092.27 2188.01
      vertex 1111.07 -1085 2195.87
    endloop
  endfacet
  facet normal -0.220826 0.220826 -0.949985
    outer loop
      vertex 1081.66 -1082.57 2173.93
      vertex 1077.96 -1075.3 2176.48
      vertex 1082.57 -1081.66 2173.93
    endloop
  endfacet
  facet normal -0.220826 0.220826 -0.949985
    outer loop
      vertex 1077.96 -1075.3 2176.48
      vertex 1081.66 -1082.57 2173.93
      vertex 1075.3 -1077.96 2176.48
    endloop
  endfacet
  facet normal 0.527821 -0.268985 -0.805638
    outer loop
      vertex 1100.1 -1095.97 2181.33
      vertex 1094.7 -1092.04 2176.48
      vertex 1102.75 -1090.77 2181.33
    endloop
  endfacet
  facet normal 0.527831 -0.268656 -0.805741
    outer loop
      vertex 1102.75 -1090.77 2181.33
      vertex 1094.7 -1092.04 2176.48
      vertex 1096.4 -1088.7 2176.48
    endloop
  endfacet
  facet normal 0.268985 -0.527821 -0.805638
    outer loop
      vertex 1095.97 -1100.1 2181.33
      vertex 1090.77 -1102.75 2181.33
      vertex 1092.04 -1094.7 2176.48
    endloop
  endfacet
  facet normal -0.277663 0.142453 -0.950058
    outer loop
      vertex 1081.07 -1083.72 2173.93
      vertex 1075.3 -1077.96 2176.48
      vertex 1081.66 -1082.57 2173.93
    endloop
  endfacet
  facet normal 0.368523 -0.723806 -0.583349
    outer loop
      vertex 1092.27 -1107.37 2188.01
      vertex 1090.77 -1102.75 2181.33
      vertex 1098.83 -1104.03 2188.01
    endloop
  endfacet
  facet normal 0.148789 -0.940606 -0.305159
    outer loop
      vertex 1092.27 -1107.37 2188.01
      vertex 1085 -1111.07 2195.87
      vertex 1085 -1108.52 2188.01
    endloop
  endfacet
  facet normal 0.278382 0.141691 -0.949962
    outer loop
      vertex 1096.4 -1081.3 2176.48
      vertex 1088.93 -1083.72 2173.93
      vertex 1094.7 -1077.96 2176.48
    endloop
  endfacet
  facet normal 0.277663 -0.142453 -0.950058
    outer loop
      vertex 1094.7 -1092.04 2176.48
      vertex 1088.34 -1087.43 2173.93
      vertex 1088.93 -1086.28 2173.93
    endloop
  endfacet
  facet normal -0.126903 -0.802249 -0.583345
    outer loop
      vertex 1085 -1108.52 2188.01
      vertex 1077.73 -1107.37 2188.01
      vertex 1079.23 -1102.75 2181.33
    endloop
  endfacet
  facet normal -0.127964 -0.802555 -0.582693
    outer loop
      vertex 1085 -1108.52 2188.01
      vertex 1079.23 -1102.75 2181.33
      vertex 1085 -1103.67 2181.33
    endloop
  endfacet
  facet normal -0.847656 -0.434133 0.304973
    outer loop
      vertex 1064.86 -1099.29 2208.25
      vertex 1065.97 -1098.83 2211.99
      vertex 1064.79 -1097.65 2210.39
    endloop
  endfacet
  facet normal -0.850419 -0.428596 0.305112
    outer loop
      vertex 1065.97 -1098.83 2211.99
      vertex 1064.86 -1099.29 2208.25
      vertex 1064.69 -1099.75 2207.13
    endloop
  endfacet
  facet normal -0.673642 -0.672801 0.305851
    outer loop
      vertex 1069.67 -1106.1 2204.13
      vertex 1064.69 -1099.75 2207.13
      vertex 1064.58 -1100.94 2204.27
    endloop
  endfacet
  facet normal -0.673448 -0.673448 0.304853
    outer loop
      vertex 1064.69 -1099.75 2207.13
      vertex 1071.17 -1104.03 2211.99
      vertex 1065.97 -1098.83 2211.99
    endloop
  endfacet
  facet normal -0.666667 -0.666667 0.333333
    outer loop
      vertex 1069.67 -1106.1 2204.13
      vertex 1064.58 -1100.94 2204.27
      vertex 1064.53 -1100.96 2204.13
    endloop
  endfacet
  facet normal -0.673692 -0.672795 0.305754
    outer loop
      vertex 1064.69 -1099.75 2207.13
      vertex 1069.67 -1106.1 2204.13
      vertex 1071.17 -1104.03 2211.99
    endloop
  endfacet
  facet normal 0.707106 0.707106 -0.00171212
    outer loop
      vertex 1100.96 -1064.53 2204.13
      vertex 1106.1 -1069.67 2204.13
      vertex 1101.5 -1065.08 2200
    endloop
  endfacet
  facet normal 0.706337 0.707876 -0
    outer loop
      vertex 1106.1 -1069.67 2195.87
      vertex 1101.5 -1065.08 2200
      vertex 1106.1 -1069.67 2204.13
    endloop
  endfacet
  facet normal 0.707106 0.707106 0.00171212
    outer loop
      vertex 1101.5 -1065.08 2200
      vertex 1106.1 -1069.67 2195.87
      vertex 1100.96 -1064.53 2195.87
    endloop
  endfacet
  facet normal -0.126931 0.803634 0.581431
    outer loop
      vertex 1081.5 -1064.98 2216.04
      vertex 1085 -1066.33 2218.67
      vertex 1085 -1064.76 2216.5
    endloop
  endfacet
  facet normal -0.127997 0.802761 0.582401
    outer loop
      vertex 1085 -1066.33 2218.67
      vertex 1081.5 -1064.98 2216.04
      vertex 1079.23 -1067.25 2218.67
    endloop
  endfacet
  facet normal -0.0932695 0.584962 0.80568
    outer loop
      vertex 1085 -1066.33 2218.67
      vertex 1079.23 -1067.25 2218.67
      vertex 1085 -1073.01 2223.52
    endloop
  endfacet
  facet normal 0.584957 0.0932769 0.805683
    outer loop
      vertex 1102.75 -1079.23 2218.67
      vertex 1096.4 -1081.3 2223.52
      vertex 1096.99 -1085 2223.52
    endloop
  endfacet
  facet normal 0.584962 0.0932695 0.80568
    outer loop
      vertex 1102.75 -1079.23 2218.67
      vertex 1096.99 -1085 2223.52
      vertex 1103.67 -1085 2218.67
    endloop
  endfacet
  facet normal -0.84853 0.429558 -0.308993
    outer loop
      vertex 1065.97 -1071.17 2188.01
      vertex 1064.76 -1073.33 2188.33
      vertex 1064.79 -1072.35 2189.61
    endloop
  endfacet
  facet normal -0.85031 0.431746 -0.300945
    outer loop
      vertex 1064.76 -1073.33 2188.33
      vertex 1065.97 -1071.17 2188.01
      vertex 1064.66 -1073.75 2188.01
    endloop
  endfacet
  facet normal -0.574181 0.574181 -0.583636
    outer loop
      vertex 1069.9 -1074.03 2181.33
      vertex 1071.17 -1065.97 2188.01
      vertex 1074.03 -1069.9 2181.33
    endloop
  endfacet
  facet normal -0.574181 0.574181 -0.583636
    outer loop
      vertex 1071.17 -1065.97 2188.01
      vertex 1069.9 -1074.03 2181.33
      vertex 1065.97 -1071.17 2188.01
    endloop
  endfacet
  facet normal -0.803634 -0.126931 -0.581431
    outer loop
      vertex 1066.33 -1085 2181.33
      vertex 1064.98 -1088.5 2183.96
      vertex 1064.76 -1085 2183.5
    endloop
  endfacet
  facet normal -0.802761 -0.127997 -0.582401
    outer loop
      vertex 1064.98 -1088.5 2183.96
      vertex 1066.33 -1085 2181.33
      vertex 1067.25 -1090.77 2181.33
    endloop
  endfacet
  facet normal -0.584957 0.0932769 -0.805683
    outer loop
      vertex 1073.01 -1085 2176.48
      vertex 1067.25 -1079.23 2181.33
      vertex 1073.6 -1081.3 2176.48
    endloop
  endfacet
  facet normal -0.434133 0.847656 0.304973
    outer loop
      vertex 1070.71 -1064.86 2208.25
      vertex 1071.17 -1065.97 2211.99
      vertex 1072.35 -1064.79 2210.39
    endloop
  endfacet
  facet normal -0.428596 0.850419 0.305112
    outer loop
      vertex 1071.17 -1065.97 2211.99
      vertex 1070.71 -1064.86 2208.25
      vertex 1070.25 -1064.69 2207.13
    endloop
  endfacet
  facet normal -0.431746 0.85031 0.300945
    outer loop
      vertex 1073.33 -1064.76 2211.67
      vertex 1071.17 -1065.97 2211.99
      vertex 1073.75 -1064.66 2211.99
    endloop
  endfacet
  facet normal -0.429558 0.84853 0.308993
    outer loop
      vertex 1071.17 -1065.97 2211.99
      vertex 1073.33 -1064.76 2211.67
      vertex 1072.35 -1064.79 2210.39
    endloop
  endfacet
  facet normal 0.0932695 0.584962 -0.80568
    outer loop
      vertex 1090.77 -1067.25 2181.33
      vertex 1085 -1073.01 2176.48
      vertex 1085 -1066.33 2181.33
    endloop
  endfacet
  facet normal -0.0932695 0.584962 -0.80568
    outer loop
      vertex 1085 -1073.01 2176.48
      vertex 1079.23 -1067.25 2181.33
      vertex 1085 -1066.33 2181.33
    endloop
  endfacet
  facet normal -0.418829 0.418829 -0.805707
    outer loop
      vertex 1075.3 -1077.96 2176.48
      vertex 1074.03 -1069.9 2181.33
      vertex 1077.96 -1075.3 2176.48
    endloop
  endfacet
  facet normal -0.418829 0.418829 -0.805707
    outer loop
      vertex 1074.03 -1069.9 2181.33
      vertex 1075.3 -1077.96 2176.48
      vertex 1069.9 -1074.03 2181.33
    endloop
  endfacet
  facet normal -0.584962 0.0932695 -0.80568
    outer loop
      vertex 1073.01 -1085 2176.48
      vertex 1066.33 -1085 2181.33
      vertex 1067.25 -1079.23 2181.33
    endloop
  endfacet
  facet normal -0.368728 0.723543 -0.583546
    outer loop
      vertex 1074.03 -1069.9 2181.33
      vertex 1071.17 -1065.97 2188.01
      vertex 1079.23 -1067.25 2181.33
    endloop
  endfacet
  facet normal 0.141691 0.278382 0.949962
    outer loop
      vertex 1088.7 -1073.6 2223.52
      vertex 1086.28 -1081.07 2226.07
      vertex 1092.04 -1075.3 2223.52
    endloop
  endfacet
  facet normal 0.142453 0.277663 0.950058
    outer loop
      vertex 1092.04 -1075.3 2223.52
      vertex 1086.28 -1081.07 2226.07
      vertex 1087.43 -1081.66 2226.07
    endloop
  endfacet
  facet normal -0.308366 0.0491719 0.949996
    outer loop
      vertex 1073.6 -1081.3 2223.52
      vertex 1073.01 -1085 2223.52
      vertex 1081.07 -1083.72 2226.07
    endloop
  endfacet
  facet normal -0.802396 0.125781 0.583387
    outer loop
      vertex 1065.03 -1080.73 2215.94
      vertex 1067.25 -1079.23 2218.67
      vertex 1064.69 -1078.4 2214.97
    endloop
  endfacet
  facet normal -0.802698 0.127777 0.582536
    outer loop
      vertex 1067.25 -1079.23 2218.67
      vertex 1065.03 -1080.73 2215.94
      vertex 1064.98 -1081.5 2216.04
    endloop
  endfacet
  facet normal -0.803634 0.126931 0.581431
    outer loop
      vertex 1066.33 -1085 2218.67
      vertex 1064.98 -1081.5 2216.04
      vertex 1064.76 -1085 2216.5
    endloop
  endfacet
  facet normal -0.802761 0.127997 0.582401
    outer loop
      vertex 1064.98 -1081.5 2216.04
      vertex 1066.33 -1085 2218.67
      vertex 1067.25 -1079.23 2218.67
    endloop
  endfacet
  facet normal 0.0482275 -0.308656 0.94995
    outer loop
      vertex 1086.28 -1088.93 2226.07
      vertex 1085 -1089.13 2226.07
      vertex 1088.7 -1096.4 2223.52
    endloop
  endfacet
  facet normal -0.0932769 0.584957 0.805683
    outer loop
      vertex 1085 -1073.01 2223.52
      vertex 1079.23 -1067.25 2218.67
      vertex 1081.3 -1073.6 2223.52
    endloop
  endfacet
  facet normal -0.268656 0.527831 0.805741
    outer loop
      vertex 1079.23 -1067.25 2218.67
      vertex 1077.96 -1075.3 2223.52
      vertex 1081.3 -1073.6 2223.52
    endloop
  endfacet
  facet normal -0.142453 0.277663 0.950058
    outer loop
      vertex 1083.72 -1081.07 2226.07
      vertex 1077.96 -1075.3 2223.52
      vertex 1082.57 -1081.66 2226.07
    endloop
  endfacet
  facet normal -0.142453 -0.277663 0.950058
    outer loop
      vertex 1082.57 -1088.34 2226.07
      vertex 1077.96 -1094.7 2223.52
      vertex 1083.72 -1088.93 2226.07
    endloop
  endfacet
  facet normal -0.723543 -0.368728 0.583546
    outer loop
      vertex 1067.25 -1090.77 2218.67
      vertex 1065.97 -1098.83 2211.99
      vertex 1069.9 -1095.97 2218.67
    endloop
  endfacet
  facet normal -0.574181 -0.574181 0.583636
    outer loop
      vertex 1069.9 -1095.97 2218.67
      vertex 1071.17 -1104.03 2211.99
      vertex 1074.03 -1100.1 2218.67
    endloop
  endfacet
  facet normal -0.574181 -0.574181 0.583636
    outer loop
      vertex 1071.17 -1104.03 2211.99
      vertex 1069.9 -1095.97 2218.67
      vertex 1065.97 -1098.83 2211.99
    endloop
  endfacet
  facet normal -0.431997 -0.848473 0.305734
    outer loop
      vertex 1077.73 -1107.37 2211.99
      vertex 1071.17 -1104.03 2211.99
      vertex 1076.94 -1109.8 2204.13
    endloop
  endfacet
  facet normal -0.148789 -0.940606 0.305159
    outer loop
      vertex 1085 -1108.52 2211.99
      vertex 1077.73 -1107.37 2211.99
      vertex 1085 -1111.07 2204.13
    endloop
  endfacet
  facet normal -0.0932695 -0.584962 0.80568
    outer loop
      vertex 1085 -1096.99 2223.52
      vertex 1079.23 -1102.75 2218.67
      vertex 1085 -1103.67 2218.67
    endloop
  endfacet
  facet normal -0.368523 -0.723806 0.583349
    outer loop
      vertex 1079.23 -1102.75 2218.67
      vertex 1071.17 -1104.03 2211.99
      vertex 1077.73 -1107.37 2211.99
    endloop
  endfacet
  facet normal 0.418829 0.418829 -0.805707
    outer loop
      vertex 1094.7 -1077.96 2176.48
      vertex 1095.97 -1069.9 2181.33
      vertex 1100.1 -1074.03 2181.33
    endloop
  endfacet
  facet normal 0.418829 0.418829 -0.805707
    outer loop
      vertex 1095.97 -1069.9 2181.33
      vertex 1094.7 -1077.96 2176.48
      vertex 1092.04 -1075.3 2176.48
    endloop
  endfacet
  facet normal 0.848503 0.431838 0.305873
    outer loop
      vertex 1106.1 -1069.67 2204.13
      vertex 1104.03 -1071.17 2211.99
      vertex 1109.8 -1076.94 2204.13
    endloop
  endfacet
  facet normal 0.987813 0.155648 0
    outer loop
      vertex 1111.07 -1085 2204.13
      vertex 1109.8 -1076.94 2195.87
      vertex 1109.8 -1076.94 2204.13
    endloop
  endfacet
  facet normal 0.987813 0.155648 0
    outer loop
      vertex 1109.8 -1076.94 2195.87
      vertex 1111.07 -1085 2204.13
      vertex 1111.07 -1085 2195.87
    endloop
  endfacet
  facet normal 0.308221 -0.0491487 0.950044
    outer loop
      vertex 1096.99 -1085 2223.52
      vertex 1089.13 -1085 2226.07
      vertex 1096.4 -1088.7 2223.52
    endloop
  endfacet
  facet normal 0.277663 -0.142453 0.950058
    outer loop
      vertex 1088.93 -1086.28 2226.07
      vertex 1088.34 -1087.43 2226.07
      vertex 1094.7 -1092.04 2223.52
    endloop
  endfacet
  facet normal 0.431838 -0.848503 0.305873
    outer loop
      vertex 1098.83 -1104.03 2211.99
      vertex 1093.06 -1109.8 2204.13
      vertex 1100.33 -1106.1 2204.13
    endloop
  endfacet
  facet normal 0.431997 -0.848473 0.305734
    outer loop
      vertex 1098.83 -1104.03 2211.99
      vertex 1092.27 -1107.37 2211.99
      vertex 1093.06 -1109.8 2204.13
    endloop
  endfacet
  facet normal 0.802555 -0.127964 -0.582693
    outer loop
      vertex 1108.52 -1085 2188.01
      vertex 1102.75 -1090.77 2181.33
      vertex 1103.67 -1085 2181.33
    endloop
  endfacet
  facet normal 0.802555 0.127964 -0.582693
    outer loop
      vertex 1103.67 -1085 2181.33
      vertex 1102.75 -1079.23 2181.33
      vertex 1108.52 -1085 2188.01
    endloop
  endfacet
  facet normal 0.278382 -0.141691 -0.949962
    outer loop
      vertex 1094.7 -1092.04 2176.48
      vertex 1088.93 -1086.28 2173.93
      vertex 1096.4 -1088.7 2176.48
    endloop
  endfacet
  facet normal 0.308656 -0.0482275 -0.94995
    outer loop
      vertex 1096.4 -1088.7 2176.48
      vertex 1088.93 -1086.28 2173.93
      vertex 1089.13 -1085 2173.93
    endloop
  endfacet
  facet normal 0.142453 0.277663 -0.950058
    outer loop
      vertex 1087.43 -1081.66 2173.93
      vertex 1086.28 -1081.07 2173.93
      vertex 1092.04 -1075.3 2176.48
    endloop
  endfacet
  facet normal 0.0482275 0.308656 -0.94995
    outer loop
      vertex 1086.28 -1081.07 2173.93
      vertex 1085 -1080.87 2173.93
      vertex 1088.7 -1073.6 2176.48
    endloop
  endfacet
  facet normal -0.141691 0.278382 -0.949962
    outer loop
      vertex 1083.72 -1081.07 2173.93
      vertex 1077.96 -1075.3 2176.48
      vertex 1081.3 -1073.6 2176.48
    endloop
  endfacet
  facet normal -0.0932695 -0.584962 -0.80568
    outer loop
      vertex 1085 -1103.67 2181.33
      vertex 1079.23 -1102.75 2181.33
      vertex 1085 -1096.99 2176.48
    endloop
  endfacet
  facet normal 0.0932695 -0.584962 -0.80568
    outer loop
      vertex 1090.77 -1102.75 2181.33
      vertex 1085 -1103.67 2181.33
      vertex 1085 -1096.99 2176.48
    endloop
  endfacet
  facet normal -0.0491719 -0.308366 -0.949996
    outer loop
      vertex 1085 -1096.99 2176.48
      vertex 1081.3 -1096.4 2176.48
      vertex 1083.72 -1088.93 2173.93
    endloop
  endfacet
  facet normal -0.527821 -0.268985 -0.805638
    outer loop
      vertex 1069.9 -1095.97 2181.33
      vertex 1067.25 -1090.77 2181.33
      vertex 1075.3 -1092.04 2176.48
    endloop
  endfacet
  facet normal -0.723543 -0.368728 -0.583546
    outer loop
      vertex 1069.9 -1095.97 2181.33
      vertex 1065.97 -1098.83 2188.01
      vertex 1067.25 -1090.77 2181.33
    endloop
  endfacet
  facet normal -0.368523 -0.723806 -0.583349
    outer loop
      vertex 1077.73 -1107.37 2188.01
      vertex 1071.17 -1104.03 2188.01
      vertex 1079.23 -1102.75 2181.33
    endloop
  endfacet
  facet normal -0.673448 -0.673448 -0.304853
    outer loop
      vertex 1071.17 -1104.03 2188.01
      vertex 1064.69 -1099.75 2192.87
      vertex 1065.97 -1098.83 2188.01
    endloop
  endfacet
  facet normal -0.673692 -0.672795 -0.305754
    outer loop
      vertex 1069.67 -1106.1 2195.87
      vertex 1064.69 -1099.75 2192.87
      vertex 1071.17 -1104.03 2188.01
    endloop
  endfacet
  facet normal -0.673642 -0.672801 -0.305851
    outer loop
      vertex 1064.69 -1099.75 2192.87
      vertex 1069.67 -1106.1 2195.87
      vertex 1064.58 -1100.94 2195.73
    endloop
  endfacet
  facet normal -0.666667 -0.666667 -0.333333
    outer loop
      vertex 1064.58 -1100.94 2195.73
      vertex 1069.67 -1106.1 2195.87
      vertex 1064.53 -1100.96 2195.87
    endloop
  endfacet
  facet normal -0.453577 -0.891217 0
    outer loop
      vertex 1069.67 -1106.1 2195.87
      vertex 1076.94 -1109.8 2204.13
      vertex 1069.67 -1106.1 2204.13
    endloop
  endfacet
  facet normal -0.453577 -0.891217 -0
    outer loop
      vertex 1076.94 -1109.8 2204.13
      vertex 1069.67 -1106.1 2195.87
      vertex 1076.94 -1109.8 2195.87
    endloop
  endfacet
  facet normal -0.847656 -0.434133 -0.304973
    outer loop
      vertex 1065.97 -1098.83 2188.01
      vertex 1064.86 -1099.29 2191.75
      vertex 1064.79 -1097.65 2189.61
    endloop
  endfacet
  facet normal -0.850419 -0.428596 -0.305112
    outer loop
      vertex 1064.86 -1099.29 2191.75
      vertex 1065.97 -1098.83 2188.01
      vertex 1064.69 -1099.75 2192.87
    endloop
  endfacet
  facet normal -0.673448 0.673448 -0.304853
    outer loop
      vertex 1064.69 -1070.25 2192.87
      vertex 1070.25 -1064.69 2192.87
      vertex 1071.17 -1065.97 2188.01
    endloop
  endfacet
  facet normal -0.666667 0.666667 -0.333333
    outer loop
      vertex 1069.06 -1064.58 2195.73
      vertex 1064.53 -1069.04 2195.87
      vertex 1069.04 -1064.53 2195.87
    endloop
  endfacet
  facet normal -0.673189 0.673189 -0.305995
    outer loop
      vertex 1064.58 -1069.06 2195.73
      vertex 1070.25 -1064.69 2192.87
      vertex 1064.69 -1070.25 2192.87
    endloop
  endfacet
  facet normal -0.666667 0.666667 -0.333333
    outer loop
      vertex 1069.06 -1064.58 2195.73
      vertex 1064.58 -1069.06 2195.73
      vertex 1064.53 -1069.04 2195.87
    endloop
  endfacet
  facet normal -0.673189 0.673189 -0.305995
    outer loop
      vertex 1070.25 -1064.69 2192.87
      vertex 1064.58 -1069.06 2195.73
      vertex 1069.06 -1064.58 2195.73
    endloop
  endfacet
  facet normal -0.673448 0.673448 -0.304853
    outer loop
      vertex 1064.69 -1070.25 2192.87
      vertex 1071.17 -1065.97 2188.01
      vertex 1065.97 -1071.17 2188.01
    endloop
  endfacet
  facet normal -0.802396 0.125781 -0.583387
    outer loop
      vertex 1067.25 -1079.23 2181.33
      vertex 1065.03 -1080.73 2184.06
      vertex 1064.69 -1078.4 2185.03
    endloop
  endfacet
  facet normal -0.802698 0.127777 -0.582536
    outer loop
      vertex 1065.03 -1080.73 2184.06
      vertex 1067.25 -1079.23 2181.33
      vertex 1064.98 -1081.5 2183.96
    endloop
  endfacet
  facet normal -0.725461 0.368354 -0.581396
    outer loop
      vertex 1065.97 -1071.17 2188.01
      vertex 1064.98 -1076.75 2185.71
      vertex 1064.66 -1073.75 2188.01
    endloop
  endfacet
  facet normal -0.723278 0.368935 -0.583744
    outer loop
      vertex 1067.25 -1079.23 2181.33
      vertex 1064.98 -1076.75 2185.71
      vertex 1065.97 -1071.17 2188.01
    endloop
  endfacet
  facet normal -0.724096 0.367733 -0.583488
    outer loop
      vertex 1064.98 -1076.75 2185.71
      vertex 1067.25 -1079.23 2181.33
      vertex 1064.69 -1078.4 2185.03
    endloop
  endfacet
  facet normal -0.584957 0.0932769 0.805683
    outer loop
      vertex 1073.6 -1081.3 2223.52
      vertex 1067.25 -1079.23 2218.67
      vertex 1073.01 -1085 2223.52
    endloop
  endfacet
  facet normal 0 0 1
    outer loop
      vertex 1088.93 -1083.72 2226.07
      vertex 1088.93 -1086.28 2226.07
      vertex 1089.13 -1085 2226.07
    endloop
  endfacet
  facet normal 0 0 1
    outer loop
      vertex 1088.34 -1082.57 2226.07
      vertex 1088.93 -1086.28 2226.07
      vertex 1088.93 -1083.72 2226.07
    endloop
  endfacet
  facet normal 0 0 1
    outer loop
      vertex 1088.34 -1082.57 2226.07
      vertex 1088.34 -1087.43 2226.07
      vertex 1088.93 -1086.28 2226.07
    endloop
  endfacet
  facet normal 0 0 1
    outer loop
      vertex 1087.43 -1081.66 2226.07
      vertex 1088.34 -1087.43 2226.07
      vertex 1088.34 -1082.57 2226.07
    endloop
  endfacet
  facet normal 0 0 1
    outer loop
      vertex 1087.43 -1081.66 2226.07
      vertex 1087.43 -1088.34 2226.07
      vertex 1088.34 -1087.43 2226.07
    endloop
  endfacet
  facet normal 0 0 1
    outer loop
      vertex 1086.28 -1081.07 2226.07
      vertex 1087.43 -1088.34 2226.07
      vertex 1087.43 -1081.66 2226.07
    endloop
  endfacet
  facet normal 0 0 1
    outer loop
      vertex 1086.28 -1081.07 2226.07
      vertex 1086.28 -1088.93 2226.07
      vertex 1087.43 -1088.34 2226.07
    endloop
  endfacet
  facet normal 0 0 1
    outer loop
      vertex 1085 -1080.87 2226.07
      vertex 1086.28 -1088.93 2226.07
      vertex 1086.28 -1081.07 2226.07
    endloop
  endfacet
  facet normal 0 0 1
    outer loop
      vertex 1085 -1080.87 2226.07
      vertex 1085 -1089.13 2226.07
      vertex 1086.28 -1088.93 2226.07
    endloop
  endfacet
  facet normal -0 0 1
    outer loop
      vertex 1083.72 -1081.07 2226.07
      vertex 1085 -1089.13 2226.07
      vertex 1085 -1080.87 2226.07
    endloop
  endfacet
  facet normal 0 0 1
    outer loop
      vertex 1083.72 -1081.07 2226.07
      vertex 1083.72 -1088.93 2226.07
      vertex 1085 -1089.13 2226.07
    endloop
  endfacet
  facet normal -0 0 1
    outer loop
      vertex 1082.57 -1081.66 2226.07
      vertex 1083.72 -1088.93 2226.07
      vertex 1083.72 -1081.07 2226.07
    endloop
  endfacet
  facet normal 0 0 1
    outer loop
      vertex 1082.57 -1081.66 2226.07
      vertex 1082.57 -1088.34 2226.07
      vertex 1083.72 -1088.93 2226.07
    endloop
  endfacet
  facet normal -0 0 1
    outer loop
      vertex 1081.66 -1082.57 2226.07
      vertex 1082.57 -1088.34 2226.07
      vertex 1082.57 -1081.66 2226.07
    endloop
  endfacet
  facet normal 0 0 1
    outer loop
      vertex 1081.66 -1082.57 2226.07
      vertex 1081.66 -1087.43 2226.07
      vertex 1082.57 -1088.34 2226.07
    endloop
  endfacet
  facet normal -0 0 1
    outer loop
      vertex 1081.07 -1083.72 2226.07
      vertex 1081.66 -1087.43 2226.07
      vertex 1081.66 -1082.57 2226.07
    endloop
  endfacet
  facet normal 0 0 1
    outer loop
      vertex 1081.07 -1083.72 2226.07
      vertex 1081.07 -1086.28 2226.07
      vertex 1081.66 -1087.43 2226.07
    endloop
  endfacet
  facet normal 0 -0 1
    outer loop
      vertex 1081.07 -1086.28 2226.07
      vertex 1081.07 -1083.72 2226.07
      vertex 1080.87 -1085 2226.07
    endloop
  endfacet
  facet normal -0.527821 0.268985 0.805638
    outer loop
      vertex 1069.9 -1074.03 2218.67
      vertex 1067.25 -1079.23 2218.67
      vertex 1075.3 -1077.96 2223.52
    endloop
  endfacet
  facet normal -0.418829 0.418829 0.805707
    outer loop
      vertex 1074.03 -1069.9 2218.67
      vertex 1075.3 -1077.96 2223.52
      vertex 1077.96 -1075.3 2223.52
    endloop
  endfacet
  facet normal -0.418829 0.418829 0.805707
    outer loop
      vertex 1075.3 -1077.96 2223.52
      vertex 1074.03 -1069.9 2218.67
      vertex 1069.9 -1074.03 2218.67
    endloop
  endfacet
  facet normal 0.126903 -0.802249 0.583345
    outer loop
      vertex 1090.77 -1102.75 2218.67
      vertex 1085 -1108.52 2211.99
      vertex 1092.27 -1107.37 2211.99
    endloop
  endfacet
  facet normal 0.418829 -0.418829 0.805707
    outer loop
      vertex 1094.7 -1092.04 2223.52
      vertex 1095.97 -1100.1 2218.67
      vertex 1100.1 -1095.97 2218.67
    endloop
  endfacet
  facet normal 0.418829 -0.418829 0.805707
    outer loop
      vertex 1095.97 -1100.1 2218.67
      vertex 1094.7 -1092.04 2223.52
      vertex 1092.04 -1094.7 2223.52
    endloop
  endfacet
  facet normal -0.0932769 -0.584957 0.805683
    outer loop
      vertex 1081.3 -1096.4 2223.52
      vertex 1079.23 -1102.75 2218.67
      vertex 1085 -1096.99 2223.52
    endloop
  endfacet
  facet normal -0.268985 -0.527821 0.805638
    outer loop
      vertex 1077.96 -1094.7 2223.52
      vertex 1074.03 -1100.1 2218.67
      vertex 1079.23 -1102.75 2218.67
    endloop
  endfacet
  facet normal 0.127964 -0.802555 0.582693
    outer loop
      vertex 1085 -1103.67 2218.67
      vertex 1085 -1108.52 2211.99
      vertex 1090.77 -1102.75 2218.67
    endloop
  endfacet
  facet normal -0.127964 -0.802555 0.582693
    outer loop
      vertex 1085 -1103.67 2218.67
      vertex 1079.23 -1102.75 2218.67
      vertex 1085 -1108.52 2211.99
    endloop
  endfacet
  facet normal 0.220826 -0.220826 0.949985
    outer loop
      vertex 1088.34 -1087.43 2226.07
      vertex 1092.04 -1094.7 2223.52
      vertex 1094.7 -1092.04 2223.52
    endloop
  endfacet
  facet normal 0.220826 -0.220826 0.949985
    outer loop
      vertex 1092.04 -1094.7 2223.52
      vertex 1088.34 -1087.43 2226.07
      vertex 1087.43 -1088.34 2226.07
    endloop
  endfacet
  facet normal 0.574181 -0.574181 0.583636
    outer loop
      vertex 1100.1 -1095.97 2218.67
      vertex 1098.83 -1104.03 2211.99
      vertex 1104.03 -1098.83 2211.99
    endloop
  endfacet
  facet normal 0.574181 -0.574181 0.583636
    outer loop
      vertex 1098.83 -1104.03 2211.99
      vertex 1100.1 -1095.97 2218.67
      vertex 1095.97 -1100.1 2218.67
    endloop
  endfacet
  facet normal 0.308656 -0.0482275 0.94995
    outer loop
      vertex 1089.13 -1085 2226.07
      vertex 1088.93 -1086.28 2226.07
      vertex 1096.4 -1088.7 2223.52
    endloop
  endfacet
  facet normal 0.220826 -0.220826 -0.949985
    outer loop
      vertex 1092.04 -1094.7 2176.48
      vertex 1088.34 -1087.43 2173.93
      vertex 1094.7 -1092.04 2176.48
    endloop
  endfacet
  facet normal 0.220826 -0.220826 -0.949985
    outer loop
      vertex 1088.34 -1087.43 2173.93
      vertex 1092.04 -1094.7 2176.48
      vertex 1087.43 -1088.34 2173.93
    endloop
  endfacet
  facet normal 0.0932769 -0.584957 -0.805683
    outer loop
      vertex 1090.77 -1102.75 2181.33
      vertex 1085 -1096.99 2176.48
      vertex 1088.7 -1096.4 2176.48
    endloop
  endfacet
  facet normal -0.0481618 0.308235 -0.95009
    outer loop
      vertex 1085 -1080.87 2173.93
      vertex 1083.72 -1081.07 2173.93
      vertex 1085 -1073.01 2176.48
    endloop
  endfacet
  facet normal -0.142453 -0.277663 -0.950058
    outer loop
      vertex 1083.72 -1088.93 2173.93
      vertex 1077.96 -1094.7 2176.48
      vertex 1082.57 -1088.34 2173.93
    endloop
  endfacet
  facet normal -0.277663 -0.142453 -0.950058
    outer loop
      vertex 1081.66 -1087.43 2173.93
      vertex 1075.3 -1092.04 2176.48
      vertex 1081.07 -1086.28 2173.93
    endloop
  endfacet
  facet normal -0.527831 0.268656 -0.805741
    outer loop
      vertex 1073.6 -1081.3 2176.48
      vertex 1067.25 -1079.23 2181.33
      vertex 1075.3 -1077.96 2176.48
    endloop
  endfacet
  facet normal -0.278382 0.141691 -0.949962
    outer loop
      vertex 1081.07 -1083.72 2173.93
      vertex 1073.6 -1081.3 2176.48
      vertex 1075.3 -1077.96 2176.48
    endloop
  endfacet
  facet normal -0.0481618 -0.308235 -0.95009
    outer loop
      vertex 1085 -1096.99 2176.48
      vertex 1083.72 -1088.93 2173.93
      vertex 1085 -1089.13 2173.93
    endloop
  endfacet
  facet normal 0.308366 0.0491719 -0.949996
    outer loop
      vertex 1096.99 -1085 2176.48
      vertex 1088.93 -1083.72 2173.93
      vertex 1096.4 -1081.3 2176.48
    endloop
  endfacet
  facet normal -0.268656 -0.527831 -0.805741
    outer loop
      vertex 1079.23 -1102.75 2181.33
      vertex 1077.96 -1094.7 2176.48
      vertex 1081.3 -1096.4 2176.48
    endloop
  endfacet
  facet normal -0.141691 -0.278382 -0.949962
    outer loop
      vertex 1081.3 -1096.4 2176.48
      vertex 1077.96 -1094.7 2176.48
      vertex 1083.72 -1088.93 2173.93
    endloop
  endfacet
  facet normal -0.584957 -0.0932769 -0.805683
    outer loop
      vertex 1073.6 -1088.7 2176.48
      vertex 1067.25 -1090.77 2181.33
      vertex 1073.01 -1085 2176.48
    endloop
  endfacet
  facet normal -0.584962 -0.0932695 -0.80568
    outer loop
      vertex 1067.25 -1090.77 2181.33
      vertex 1066.33 -1085 2181.33
      vertex 1073.01 -1085 2176.48
    endloop
  endfacet
  facet normal -0.527831 -0.268656 -0.805741
    outer loop
      vertex 1075.3 -1092.04 2176.48
      vertex 1067.25 -1090.77 2181.33
      vertex 1073.6 -1088.7 2176.48
    endloop
  endfacet
  facet normal -0.148789 -0.940606 -0.305159
    outer loop
      vertex 1085 -1111.07 2195.87
      vertex 1077.73 -1107.37 2188.01
      vertex 1085 -1108.52 2188.01
    endloop
  endfacet
  facet normal -0.148198 -0.940533 -0.305671
    outer loop
      vertex 1085 -1111.07 2195.87
      vertex 1076.94 -1109.8 2195.87
      vertex 1077.73 -1107.37 2188.01
    endloop
  endfacet
  facet normal -0.431838 -0.848503 -0.305873
    outer loop
      vertex 1076.94 -1109.8 2195.87
      vertex 1069.67 -1106.1 2195.87
      vertex 1071.17 -1104.03 2188.01
    endloop
  endfacet
  facet normal -0.724096 -0.367733 -0.583488
    outer loop
      vertex 1067.25 -1090.77 2181.33
      vertex 1064.98 -1093.25 2185.71
      vertex 1064.69 -1091.6 2185.03
    endloop
  endfacet
  facet normal -0.723278 -0.368935 -0.583744
    outer loop
      vertex 1065.97 -1098.83 2188.01
      vertex 1064.98 -1093.25 2185.71
      vertex 1067.25 -1090.77 2181.33
    endloop
  endfacet
  facet normal -0.725461 -0.368354 -0.581396
    outer loop
      vertex 1064.98 -1093.25 2185.71
      vertex 1065.97 -1098.83 2188.01
      vertex 1064.66 -1096.25 2188.01
    endloop
  endfacet
  facet normal -0.84853 -0.429558 -0.308993
    outer loop
      vertex 1064.76 -1096.67 2188.33
      vertex 1065.97 -1098.83 2188.01
      vertex 1064.79 -1097.65 2189.61
    endloop
  endfacet
  facet normal -0.85031 -0.431746 -0.300945
    outer loop
      vertex 1065.97 -1098.83 2188.01
      vertex 1064.76 -1096.67 2188.33
      vertex 1064.66 -1096.25 2188.01
    endloop
  endfacet
  facet normal -0.277663 0.142453 0.950058
    outer loop
      vertex 1081.66 -1082.57 2226.07
      vertex 1075.3 -1077.96 2223.52
      vertex 1081.07 -1083.72 2226.07
    endloop
  endfacet
  facet normal -0.278382 0.141691 0.949962
    outer loop
      vertex 1075.3 -1077.96 2223.52
      vertex 1073.6 -1081.3 2223.52
      vertex 1081.07 -1083.72 2226.07
    endloop
  endfacet
  facet normal 0.142453 -0.277663 0.950058
    outer loop
      vertex 1087.43 -1088.34 2226.07
      vertex 1086.28 -1088.93 2226.07
      vertex 1092.04 -1094.7 2223.52
    endloop
  endfacet
  facet normal 0.141691 -0.278382 0.949962
    outer loop
      vertex 1092.04 -1094.7 2223.52
      vertex 1086.28 -1088.93 2226.07
      vertex 1088.7 -1096.4 2223.52
    endloop
  endfacet
  facet normal -0.141691 -0.278382 0.949962
    outer loop
      vertex 1083.72 -1088.93 2226.07
      vertex 1077.96 -1094.7 2223.52
      vertex 1081.3 -1096.4 2223.52
    endloop
  endfacet
  facet normal -0.268656 -0.527831 0.805741
    outer loop
      vertex 1081.3 -1096.4 2223.52
      vertex 1077.96 -1094.7 2223.52
      vertex 1079.23 -1102.75 2218.67
    endloop
  endfacet
  facet normal 0.723543 -0.368728 0.583546
    outer loop
      vertex 1102.75 -1090.77 2218.67
      vertex 1100.1 -1095.97 2218.67
      vertex 1104.03 -1098.83 2211.99
    endloop
  endfacet
  facet normal 0.268985 -0.527821 0.805638
    outer loop
      vertex 1092.04 -1094.7 2223.52
      vertex 1090.77 -1102.75 2218.67
      vertex 1095.97 -1100.1 2218.67
    endloop
  endfacet
  facet normal -0.220826 -0.220826 -0.949985
    outer loop
      vertex 1077.96 -1094.7 2176.48
      vertex 1081.66 -1087.43 2173.93
      vertex 1082.57 -1088.34 2173.93
    endloop
  endfacet
  facet normal -0.220826 -0.220826 -0.949985
    outer loop
      vertex 1081.66 -1087.43 2173.93
      vertex 1077.96 -1094.7 2176.48
      vertex 1075.3 -1092.04 2176.48
    endloop
  endfacet
  facet normal -0.142453 0.277663 -0.950058
    outer loop
      vertex 1082.57 -1081.66 2173.93
      vertex 1077.96 -1075.3 2176.48
      vertex 1083.72 -1081.07 2173.93
    endloop
  endfacet
  facet normal -0.308221 -0.0491487 -0.950044
    outer loop
      vertex 1073.6 -1088.7 2176.48
      vertex 1073.01 -1085 2176.48
      vertex 1080.87 -1085 2173.93
    endloop
  endfacet
  facet normal -0.308235 0.0481618 -0.95009
    outer loop
      vertex 1080.87 -1085 2173.93
      vertex 1073.01 -1085 2176.48
      vertex 1081.07 -1083.72 2173.93
    endloop
  endfacet
  facet normal -0.308656 -0.0482275 -0.94995
    outer loop
      vertex 1081.07 -1086.28 2173.93
      vertex 1073.6 -1088.7 2176.48
      vertex 1080.87 -1085 2173.93
    endloop
  endfacet
  facet normal -0.278382 -0.141691 -0.949962
    outer loop
      vertex 1075.3 -1092.04 2176.48
      vertex 1073.6 -1088.7 2176.48
      vertex 1081.07 -1086.28 2173.93
    endloop
  endfacet
  facet normal 0.527821 -0.268985 0.805638
    outer loop
      vertex 1102.75 -1090.77 2218.67
      vertex 1094.7 -1092.04 2223.52
      vertex 1100.1 -1095.97 2218.67
    endloop
  endfacet
  facet normal 0.220826 0.220826 -0.949985
    outer loop
      vertex 1088.34 -1082.57 2173.93
      vertex 1092.04 -1075.3 2176.48
      vertex 1094.7 -1077.96 2176.48
    endloop
  endfacet
  facet normal 0.220826 0.220826 -0.949985
    outer loop
      vertex 1092.04 -1075.3 2176.48
      vertex 1088.34 -1082.57 2173.93
      vertex 1087.43 -1081.66 2173.93
    endloop
  endfacet
  facet normal 0.308235 0.0481618 -0.95009
    outer loop
      vertex 1089.13 -1085 2173.93
      vertex 1088.93 -1083.72 2173.93
      vertex 1096.99 -1085 2176.48
    endloop
  endfacet
  facet normal 0.277663 0.142453 -0.950058
    outer loop
      vertex 1088.93 -1083.72 2173.93
      vertex 1088.34 -1082.57 2173.93
      vertex 1094.7 -1077.96 2176.48
    endloop
  endfacet
  facet normal 0 0 -1
    outer loop
      vertex 1088.93 -1086.28 2173.93
      vertex 1088.93 -1083.72 2173.93
      vertex 1089.13 -1085 2173.93
    endloop
  endfacet
  facet normal 0 0 -1
    outer loop
      vertex 1088.34 -1087.43 2173.93
      vertex 1088.93 -1083.72 2173.93
      vertex 1088.93 -1086.28 2173.93
    endloop
  endfacet
  facet normal 0 0 -1
    outer loop
      vertex 1088.34 -1087.43 2173.93
      vertex 1088.34 -1082.57 2173.93
      vertex 1088.93 -1083.72 2173.93
    endloop
  endfacet
  facet normal 0 0 -1
    outer loop
      vertex 1087.43 -1088.34 2173.93
      vertex 1088.34 -1082.57 2173.93
      vertex 1088.34 -1087.43 2173.93
    endloop
  endfacet
  facet normal 0 0 -1
    outer loop
      vertex 1087.43 -1088.34 2173.93
      vertex 1087.43 -1081.66 2173.93
      vertex 1088.34 -1082.57 2173.93
    endloop
  endfacet
  facet normal 0 0 -1
    outer loop
      vertex 1086.28 -1088.93 2173.93
      vertex 1087.43 -1081.66 2173.93
      vertex 1087.43 -1088.34 2173.93
    endloop
  endfacet
  facet normal 0 0 -1
    outer loop
      vertex 1086.28 -1088.93 2173.93
      vertex 1086.28 -1081.07 2173.93
      vertex 1087.43 -1081.66 2173.93
    endloop
  endfacet
  facet normal 0 0 -1
    outer loop
      vertex 1085 -1089.13 2173.93
      vertex 1086.28 -1081.07 2173.93
      vertex 1086.28 -1088.93 2173.93
    endloop
  endfacet
  facet normal 0 0 -1
    outer loop
      vertex 1085 -1089.13 2173.93
      vertex 1085 -1080.87 2173.93
      vertex 1086.28 -1081.07 2173.93
    endloop
  endfacet
  facet normal 0 0 -1
    outer loop
      vertex 1083.72 -1088.93 2173.93
      vertex 1085 -1080.87 2173.93
      vertex 1085 -1089.13 2173.93
    endloop
  endfacet
  facet normal 0 0 -1
    outer loop
      vertex 1083.72 -1088.93 2173.93
      vertex 1083.72 -1081.07 2173.93
      vertex 1085 -1080.87 2173.93
    endloop
  endfacet
  facet normal 0 0 -1
    outer loop
      vertex 1082.57 -1088.34 2173.93
      vertex 1083.72 -1081.07 2173.93
      vertex 1083.72 -1088.93 2173.93
    endloop
  endfacet
  facet normal 0 0 -1
    outer loop
      vertex 1082.57 -1088.34 2173.93
      vertex 1082.57 -1081.66 2173.93
      vertex 1083.72 -1081.07 2173.93
    endloop
  endfacet
  facet normal 0 0 -1
    outer loop
      vertex 1081.66 -1087.43 2173.93
      vertex 1082.57 -1081.66 2173.93
      vertex 1082.57 -1088.34 2173.93
    endloop
  endfacet
  facet normal 0 0 -1
    outer loop
      vertex 1081.66 -1087.43 2173.93
      vertex 1081.66 -1082.57 2173.93
      vertex 1082.57 -1081.66 2173.93
    endloop
  endfacet
  facet normal 0 0 -1
    outer loop
      vertex 1081.07 -1086.28 2173.93
      vertex 1081.66 -1082.57 2173.93
      vertex 1081.66 -1087.43 2173.93
    endloop
  endfacet
  facet normal 0 0 -1
    outer loop
      vertex 1081.07 -1086.28 2173.93
      vertex 1081.07 -1083.72 2173.93
      vertex 1081.66 -1082.57 2173.93
    endloop
  endfacet
  facet normal 0 -0 -1
    outer loop
      vertex 1081.07 -1083.72 2173.93
      vertex 1081.07 -1086.28 2173.93
      vertex 1080.87 -1085 2173.93
    endloop
  endfacet
  facet normal -0.0932769 0.584957 0.805683
    outer loop
      vertex 1085 1096.99 2223.52
      vertex 1079.23 1102.75 2218.67
      vertex 1081.3 1096.4 2223.52
    endloop
  endfacet
  facet normal -0.368728 0.723543 -0.583546
    outer loop
      vertex 1074.03 1100.1 2181.33
      vertex 1071.17 1104.03 2188.01
      vertex 1079.23 1102.75 2181.33
    endloop
  endfacet
  facet normal -0.527821 0.268985 0.805638
    outer loop
      vertex 1069.9 1095.97 2218.67
      vertex 1067.25 1090.77 2218.67
      vertex 1075.3 1092.04 2223.52
    endloop
  endfacet
  facet normal -0.802698 -0.127777 -0.582536
    outer loop
      vertex 1067.25 1079.23 2181.33
      vertex 1065.03 1080.73 2184.06
      vertex 1064.98 1081.5 2183.96
    endloop
  endfacet
  facet normal -0.802396 -0.125781 -0.583387
    outer loop
      vertex 1065.03 1080.73 2184.06
      vertex 1067.25 1079.23 2181.33
      vertex 1064.69 1078.4 2185.03
    endloop
  endfacet
  facet normal -0.724096 -0.367733 0.583488
    outer loop
      vertex 1064.98 1076.75 2214.29
      vertex 1067.25 1079.23 2218.67
      vertex 1064.69 1078.4 2214.97
    endloop
  endfacet
  facet normal -0.725461 -0.368354 0.581396
    outer loop
      vertex 1065.97 1071.17 2211.99
      vertex 1064.98 1076.75 2214.29
      vertex 1064.66 1073.75 2211.99
    endloop
  endfacet
  facet normal -0.723278 -0.368935 0.583744
    outer loop
      vertex 1064.98 1076.75 2214.29
      vertex 1065.97 1071.17 2211.99
      vertex 1067.25 1079.23 2218.67
    endloop
  endfacet
  facet normal -0.0932769 -0.584957 -0.805683
    outer loop
      vertex 1085 1073.01 2176.48
      vertex 1079.23 1067.25 2181.33
      vertex 1081.3 1073.6 2176.48
    endloop
  endfacet
  facet normal -0.527831 0.268656 0.805741
    outer loop
      vertex 1075.3 1092.04 2223.52
      vertex 1067.25 1090.77 2218.67
      vertex 1073.6 1088.7 2223.52
    endloop
  endfacet
  facet normal 0.723806 0.368523 0.583349
    outer loop
      vertex 1104.03 1098.83 2211.99
      vertex 1102.75 1090.77 2218.67
      vertex 1107.37 1092.27 2211.99
    endloop
  endfacet
  facet normal 0.723543 0.368728 0.583546
    outer loop
      vertex 1104.03 1098.83 2211.99
      vertex 1100.1 1095.97 2218.67
      vertex 1102.75 1090.77 2218.67
    endloop
  endfacet
  facet normal 0.278382 0.141691 0.949962
    outer loop
      vertex 1094.7 1092.04 2223.52
      vertex 1088.93 1086.28 2226.07
      vertex 1096.4 1088.7 2223.52
    endloop
  endfacet
  facet normal -0.148789 0.940606 0.305159
    outer loop
      vertex 1085 1111.07 2204.13
      vertex 1077.73 1107.37 2211.99
      vertex 1085 1108.52 2211.99
    endloop
  endfacet
  facet normal 0.584957 -0.0932769 0.805683
    outer loop
      vertex 1096.99 1085 2223.52
      vertex 1096.4 1081.3 2223.52
      vertex 1102.75 1079.23 2218.67
    endloop
  endfacet
  facet normal -0.418829 -0.418829 0.805707
    outer loop
      vertex 1075.3 1077.96 2223.52
      vertex 1074.03 1069.9 2218.67
      vertex 1077.96 1075.3 2223.52
    endloop
  endfacet
  facet normal -0.418829 -0.418829 0.805707
    outer loop
      vertex 1074.03 1069.9 2218.67
      vertex 1075.3 1077.96 2223.52
      vertex 1069.9 1074.03 2218.67
    endloop
  endfacet
  facet normal 0.0491487 0.308221 0.950044
    outer loop
      vertex 1085 1096.99 2223.52
      vertex 1085 1089.13 2226.07
      vertex 1088.7 1096.4 2223.52
    endloop
  endfacet
  facet normal -0.155648 0.987813 0
    outer loop
      vertex 1085 1111.07 2195.87
      vertex 1076.94 1109.8 2204.13
      vertex 1085 1111.07 2204.13
    endloop
  endfacet
  facet normal -0.155648 0.987813 0
    outer loop
      vertex 1076.94 1109.8 2204.13
      vertex 1085 1111.07 2195.87
      vertex 1076.94 1109.8 2195.87
    endloop
  endfacet
  facet normal 0.940606 -0.148789 -0.305159
    outer loop
      vertex 1111.07 1085 2195.87
      vertex 1107.37 1077.73 2188.01
      vertex 1108.52 1085 2188.01
    endloop
  endfacet
  facet normal 0.142453 0.277663 -0.950058
    outer loop
      vertex 1087.43 1088.34 2173.93
      vertex 1086.28 1088.93 2173.93
      vertex 1092.04 1094.7 2176.48
    endloop
  endfacet
  facet normal -0.723543 0.368728 -0.583546
    outer loop
      vertex 1067.25 1090.77 2181.33
      vertex 1065.97 1098.83 2188.01
      vertex 1069.9 1095.97 2181.33
    endloop
  endfacet
  facet normal -0.308221 0.0491487 -0.950044
    outer loop
      vertex 1080.87 1085 2173.93
      vertex 1073.01 1085 2176.48
      vertex 1073.6 1088.7 2176.48
    endloop
  endfacet
  facet normal 0.802555 0.127964 0.582693
    outer loop
      vertex 1108.52 1085 2211.99
      vertex 1102.75 1090.77 2218.67
      vertex 1103.67 1085 2218.67
    endloop
  endfacet
  facet normal -0.431997 0.848473 -0.305734
    outer loop
      vertex 1077.73 1107.37 2188.01
      vertex 1071.17 1104.03 2188.01
      vertex 1076.94 1109.8 2195.87
    endloop
  endfacet
  facet normal -0.527831 -0.268656 0.805741
    outer loop
      vertex 1073.6 1081.3 2223.52
      vertex 1067.25 1079.23 2218.67
      vertex 1075.3 1077.96 2223.52
    endloop
  endfacet
  facet normal -0.723543 -0.368728 0.583546
    outer loop
      vertex 1067.25 1079.23 2218.67
      vertex 1065.97 1071.17 2211.99
      vertex 1069.9 1074.03 2218.67
    endloop
  endfacet
  facet normal -0.802698 -0.127777 0.582536
    outer loop
      vertex 1065.03 1080.73 2215.94
      vertex 1067.25 1079.23 2218.67
      vertex 1064.98 1081.5 2216.04
    endloop
  endfacet
  facet normal -0.802396 -0.125781 0.583387
    outer loop
      vertex 1067.25 1079.23 2218.67
      vertex 1065.03 1080.73 2215.94
      vertex 1064.69 1078.4 2214.97
    endloop
  endfacet
  facet normal 0.268656 -0.527831 -0.805741
    outer loop
      vertex 1090.77 1067.25 2181.33
      vertex 1088.7 1073.6 2176.48
      vertex 1092.04 1075.3 2176.48
    endloop
  endfacet
  facet normal -0.0491719 -0.308366 0.949996
    outer loop
      vertex 1083.72 1081.07 2226.07
      vertex 1081.3 1073.6 2223.52
      vertex 1085 1073.01 2223.52
    endloop
  endfacet
  facet normal 0.802249 -0.126903 0.583345
    outer loop
      vertex 1108.52 1085 2211.99
      vertex 1102.75 1079.23 2218.67
      vertex 1107.37 1077.73 2211.99
    endloop
  endfacet
  facet normal 0.848473 -0.431997 -0.305734
    outer loop
      vertex 1109.8 1076.94 2195.87
      vertex 1104.03 1071.17 2188.01
      vertex 1107.37 1077.73 2188.01
    endloop
  endfacet
  facet normal 0.891217 0.453577 0
    outer loop
      vertex 1109.8 1093.06 2204.13
      vertex 1106.1 1100.33 2195.87
      vertex 1106.1 1100.33 2204.13
    endloop
  endfacet
  facet normal 0.891217 0.453577 0
    outer loop
      vertex 1106.1 1100.33 2195.87
      vertex 1109.8 1093.06 2204.13
      vertex 1109.8 1093.06 2195.87
    endloop
  endfacet
  facet normal -0.268985 0.527821 0.805638
    outer loop
      vertex 1079.23 1102.75 2218.67
      vertex 1074.03 1100.1 2218.67
      vertex 1077.96 1094.7 2223.52
    endloop
  endfacet
  facet normal 0.891217 -0.453577 0
    outer loop
      vertex 1106.1 1069.67 2204.13
      vertex 1109.8 1076.94 2195.87
      vertex 1109.8 1076.94 2204.13
    endloop
  endfacet
  facet normal 0.891217 -0.453577 0
    outer loop
      vertex 1109.8 1076.94 2195.87
      vertex 1106.1 1069.67 2204.13
      vertex 1106.1 1069.67 2195.87
    endloop
  endfacet
  facet normal -0.802761 0.127997 -0.582401
    outer loop
      vertex 1066.33 1085 2181.33
      vertex 1064.98 1088.5 2183.96
      vertex 1067.25 1090.77 2181.33
    endloop
  endfacet
  facet normal -0.803634 0.126931 -0.581431
    outer loop
      vertex 1064.98 1088.5 2183.96
      vertex 1066.33 1085 2181.33
      vertex 1064.76 1085 2183.5
    endloop
  endfacet
  facet normal 0.368523 0.723806 -0.583349
    outer loop
      vertex 1098.83 1104.03 2188.01
      vertex 1090.77 1102.75 2181.33
      vertex 1092.27 1107.37 2188.01
    endloop
  endfacet
  facet normal -0.85031 -0.431746 0.300945
    outer loop
      vertex 1064.76 1073.33 2211.67
      vertex 1065.97 1071.17 2211.99
      vertex 1064.66 1073.75 2211.99
    endloop
  endfacet
  facet normal -0.84853 -0.429558 0.308993
    outer loop
      vertex 1065.97 1071.17 2211.99
      vertex 1064.76 1073.33 2211.67
      vertex 1064.79 1072.35 2210.39
    endloop
  endfacet
  facet normal -0.574181 0.574181 -0.583636
    outer loop
      vertex 1069.9 1095.97 2181.33
      vertex 1071.17 1104.03 2188.01
      vertex 1074.03 1100.1 2181.33
    endloop
  endfacet
  facet normal -0.574181 0.574181 -0.583636
    outer loop
      vertex 1071.17 1104.03 2188.01
      vertex 1069.9 1095.97 2181.33
      vertex 1065.97 1098.83 2188.01
    endloop
  endfacet
  facet normal 0.527831 -0.268656 -0.805741
    outer loop
      vertex 1102.75 1079.23 2181.33
      vertex 1094.7 1077.96 2176.48
      vertex 1096.4 1081.3 2176.48
    endloop
  endfacet
  facet normal 0.308221 0.0491487 0.950044
    outer loop
      vertex 1096.4 1088.7 2223.52
      vertex 1089.13 1085 2226.07
      vertex 1096.99 1085 2223.52
    endloop
  endfacet
  facet normal -0.0481618 -0.308235 0.95009
    outer loop
      vertex 1085 1080.87 2226.07
      vertex 1083.72 1081.07 2226.07
      vertex 1085 1073.01 2223.52
    endloop
  endfacet
  facet normal 0.308366 -0.0491719 0.949996
    outer loop
      vertex 1096.99 1085 2223.52
      vertex 1088.93 1083.72 2226.07
      vertex 1096.4 1081.3 2223.52
    endloop
  endfacet
  facet normal -0.308656 0.0482275 0.94995
    outer loop
      vertex 1081.07 1086.28 2226.07
      vertex 1073.6 1088.7 2223.52
      vertex 1080.87 1085 2226.07
    endloop
  endfacet
  facet normal -0.584957 0.0932769 0.805683
    outer loop
      vertex 1073.6 1088.7 2223.52
      vertex 1067.25 1090.77 2218.67
      vertex 1073.01 1085 2223.52
    endloop
  endfacet
  facet normal 0.268985 -0.527821 0.805638
    outer loop
      vertex 1092.04 1075.3 2223.52
      vertex 1090.77 1067.25 2218.67
      vertex 1095.97 1069.9 2218.67
    endloop
  endfacet
  facet normal 0.848503 -0.431838 0.305873
    outer loop
      vertex 1109.8 1076.94 2204.13
      vertex 1104.03 1071.17 2211.99
      vertex 1106.1 1069.67 2204.13
    endloop
  endfacet
  facet normal 0.0932769 -0.584957 0.805683
    outer loop
      vertex 1088.7 1073.6 2223.52
      vertex 1085 1073.01 2223.52
      vertex 1090.77 1067.25 2218.67
    endloop
  endfacet
  facet normal 0.940606 0.148789 0.305159
    outer loop
      vertex 1111.07 1085 2204.13
      vertex 1107.37 1092.27 2211.99
      vertex 1108.52 1085 2211.99
    endloop
  endfacet
  facet normal -0.142453 -0.277663 -0.950058
    outer loop
      vertex 1083.72 1081.07 2173.93
      vertex 1077.96 1075.3 2176.48
      vertex 1082.57 1081.66 2173.93
    endloop
  endfacet
  facet normal 0.940606 0.148789 -0.305159
    outer loop
      vertex 1108.52 1085 2188.01
      vertex 1107.37 1092.27 2188.01
      vertex 1111.07 1085 2195.87
    endloop
  endfacet
  facet normal 0.706337 -0.707876 0
    outer loop
      vertex 1106.1 1069.67 2204.13
      vertex 1101.5 1065.08 2200
      vertex 1106.1 1069.67 2195.87
    endloop
  endfacet
  facet normal 0.707106 -0.707106 -0.00171212
    outer loop
      vertex 1101.5 1065.08 2200
      vertex 1106.1 1069.67 2204.13
      vertex 1100.96 1064.53 2204.13
    endloop
  endfacet
  facet normal 0.707106 -0.707106 0.00171212
    outer loop
      vertex 1106.1 1069.67 2195.87
      vertex 1101.5 1065.08 2200
      vertex 1100.96 1064.53 2195.87
    endloop
  endfacet
  facet normal 0.125781 -0.802396 -0.583387
    outer loop
      vertex 1089.27 1065.03 2184.06
      vertex 1090.77 1067.25 2181.33
      vertex 1091.6 1064.69 2185.03
    endloop
  endfacet
  facet normal 0.127777 -0.802698 -0.582536
    outer loop
      vertex 1090.77 1067.25 2181.33
      vertex 1089.27 1065.03 2184.06
      vertex 1088.5 1064.98 2183.96
    endloop
  endfacet
  facet normal 0.723806 -0.368523 -0.583349
    outer loop
      vertex 1104.03 1071.17 2188.01
      vertex 1102.75 1079.23 2181.33
      vertex 1107.37 1077.73 2188.01
    endloop
  endfacet
  facet normal 0.527821 0.268985 0.805638
    outer loop
      vertex 1100.1 1095.97 2218.67
      vertex 1094.7 1092.04 2223.52
      vertex 1102.75 1090.77 2218.67
    endloop
  endfacet
  facet normal -0.268656 0.527831 0.805741
    outer loop
      vertex 1079.23 1102.75 2218.67
      vertex 1077.96 1094.7 2223.52
      vertex 1081.3 1096.4 2223.52
    endloop
  endfacet
  facet normal 0.368523 0.723806 0.583349
    outer loop
      vertex 1092.27 1107.37 2211.99
      vertex 1090.77 1102.75 2218.67
      vertex 1098.83 1104.03 2211.99
    endloop
  endfacet
  facet normal -0.148789 0.940606 -0.305159
    outer loop
      vertex 1085 1108.52 2188.01
      vertex 1077.73 1107.37 2188.01
      vertex 1085 1111.07 2195.87
    endloop
  endfacet
  facet normal -0.368728 0.723543 0.583546
    outer loop
      vertex 1079.23 1102.75 2218.67
      vertex 1071.17 1104.03 2211.99
      vertex 1074.03 1100.1 2218.67
    endloop
  endfacet
  facet normal -0.127964 0.802555 0.582693
    outer loop
      vertex 1085 1108.52 2211.99
      vertex 1079.23 1102.75 2218.67
      vertex 1085 1103.67 2218.67
    endloop
  endfacet
  facet normal 0.848473 0.431997 -0.305734
    outer loop
      vertex 1107.37 1092.27 2188.01
      vertex 1104.03 1098.83 2188.01
      vertex 1109.8 1093.06 2195.87
    endloop
  endfacet
  facet normal 0.987813 -0.155648 0
    outer loop
      vertex 1109.8 1076.94 2204.13
      vertex 1111.07 1085 2195.87
      vertex 1111.07 1085 2204.13
    endloop
  endfacet
  facet normal 0.987813 -0.155648 0
    outer loop
      vertex 1111.07 1085 2195.87
      vertex 1109.8 1076.94 2204.13
      vertex 1109.8 1076.94 2195.87
    endloop
  endfacet
  facet normal 0.673237 0.673237 0.305783
    outer loop
      vertex 1098.83 1104.03 2211.99
      vertex 1106.1 1100.33 2204.13
      vertex 1100.33 1106.1 2204.13
    endloop
  endfacet
  facet normal 0.673237 0.673237 0.305783
    outer loop
      vertex 1106.1 1100.33 2204.13
      vertex 1098.83 1104.03 2211.99
      vertex 1104.03 1098.83 2211.99
    endloop
  endfacet
  facet normal 0.673237 0.673237 -0.305783
    outer loop
      vertex 1106.1 1100.33 2195.87
      vertex 1098.83 1104.03 2188.01
      vertex 1100.33 1106.1 2195.87
    endloop
  endfacet
  facet normal 0.673237 0.673237 -0.305783
    outer loop
      vertex 1098.83 1104.03 2188.01
      vertex 1106.1 1100.33 2195.87
      vertex 1104.03 1098.83 2188.01
    endloop
  endfacet
  facet normal 0.527821 -0.268985 -0.805638
    outer loop
      vertex 1100.1 1074.03 2181.33
      vertex 1094.7 1077.96 2176.48
      vertex 1102.75 1079.23 2181.33
    endloop
  endfacet
  facet normal 0.574181 -0.574181 -0.583636
    outer loop
      vertex 1098.83 1065.97 2188.01
      vertex 1100.1 1074.03 2181.33
      vertex 1104.03 1071.17 2188.01
    endloop
  endfacet
  facet normal 0.574181 -0.574181 -0.583636
    outer loop
      vertex 1100.1 1074.03 2181.33
      vertex 1098.83 1065.97 2188.01
      vertex 1095.97 1069.9 2181.33
    endloop
  endfacet
  facet normal -0.584957 -0.0932769 -0.805683
    outer loop
      vertex 1073.6 1081.3 2176.48
      vertex 1067.25 1079.23 2181.33
      vertex 1073.01 1085 2176.48
    endloop
  endfacet
  facet normal -0.527821 0.268985 -0.805638
    outer loop
      vertex 1075.3 1092.04 2176.48
      vertex 1067.25 1090.77 2181.33
      vertex 1069.9 1095.97 2181.33
    endloop
  endfacet
  facet normal 0.368728 0.723543 -0.583546
    outer loop
      vertex 1095.97 1100.1 2181.33
      vertex 1090.77 1102.75 2181.33
      vertex 1098.83 1104.03 2188.01
    endloop
  endfacet
  facet normal 0.723806 0.368523 -0.583349
    outer loop
      vertex 1107.37 1092.27 2188.01
      vertex 1102.75 1090.77 2181.33
      vertex 1104.03 1098.83 2188.01
    endloop
  endfacet
  facet normal -0.308221 0.0491487 0.950044
    outer loop
      vertex 1073.6 1088.7 2223.52
      vertex 1073.01 1085 2223.52
      vertex 1080.87 1085 2226.07
    endloop
  endfacet
  facet normal -0.220826 -0.220826 0.949985
    outer loop
      vertex 1081.66 1082.57 2226.07
      vertex 1077.96 1075.3 2223.52
      vertex 1082.57 1081.66 2226.07
    endloop
  endfacet
  facet normal -0.220826 -0.220826 0.949985
    outer loop
      vertex 1077.96 1075.3 2223.52
      vertex 1081.66 1082.57 2226.07
      vertex 1075.3 1077.96 2223.52
    endloop
  endfacet
  facet normal -0.127777 -0.802698 0.582536
    outer loop
      vertex 1079.23 1067.25 2218.67
      vertex 1080.73 1065.03 2215.94
      vertex 1081.5 1064.98 2216.04
    endloop
  endfacet
  facet normal -0.125781 -0.802396 0.583387
    outer loop
      vertex 1080.73 1065.03 2215.94
      vertex 1079.23 1067.25 2218.67
      vertex 1078.4 1064.69 2214.97
    endloop
  endfacet
  facet normal 0.434133 -0.847656 0.304973
    outer loop
      vertex 1099.29 1064.86 2208.25
      vertex 1098.83 1065.97 2211.99
      vertex 1097.65 1064.79 2210.39
    endloop
  endfacet
  facet normal 0.428596 -0.850419 0.305112
    outer loop
      vertex 1098.83 1065.97 2211.99
      vertex 1099.29 1064.86 2208.25
      vertex 1099.75 1064.69 2207.13
    endloop
  endfacet
  facet normal 0.367733 -0.724096 0.583488
    outer loop
      vertex 1093.25 1064.98 2214.29
      vertex 1090.77 1067.25 2218.67
      vertex 1091.6 1064.69 2214.97
    endloop
  endfacet
  facet normal 0.368354 -0.725461 0.581396
    outer loop
      vertex 1098.83 1065.97 2211.99
      vertex 1093.25 1064.98 2214.29
      vertex 1096.25 1064.66 2211.99
    endloop
  endfacet
  facet normal 0.368935 -0.723278 0.583744
    outer loop
      vertex 1093.25 1064.98 2214.29
      vertex 1098.83 1065.97 2211.99
      vertex 1090.77 1067.25 2218.67
    endloop
  endfacet
  facet normal -0.0932695 -0.584962 -0.80568
    outer loop
      vertex 1085 1066.33 2181.33
      vertex 1079.23 1067.25 2181.33
      vertex 1085 1073.01 2176.48
    endloop
  endfacet
  facet normal -0.707106 -0.707106 0.00171212
    outer loop
      vertex 1064.53 1069.04 2195.87
      vertex 1068.5 1065.08 2200
      vertex 1065.08 1068.5 2200
    endloop
  endfacet
  facet normal -0.707106 -0.707106 0.00171212
    outer loop
      vertex 1068.5 1065.08 2200
      vertex 1064.53 1069.04 2195.87
      vertex 1069.04 1064.53 2195.87
    endloop
  endfacet
  facet normal -0.707106 -0.707106 -0.00171212
    outer loop
      vertex 1068.5 1065.08 2200
      vertex 1064.53 1069.04 2204.13
      vertex 1065.08 1068.5 2200
    endloop
  endfacet
  facet normal -0.707106 -0.707106 -0.00171212
    outer loop
      vertex 1064.53 1069.04 2204.13
      vertex 1068.5 1065.08 2200
      vertex 1069.04 1064.53 2204.13
    endloop
  endfacet
  facet normal 0.308235 -0.0481618 -0.95009
    outer loop
      vertex 1096.99 1085 2176.48
      vertex 1088.93 1083.72 2173.93
      vertex 1089.13 1085 2173.93
    endloop
  endfacet
  facet normal 0.848503 -0.431838 -0.305873
    outer loop
      vertex 1106.1 1069.67 2195.87
      vertex 1104.03 1071.17 2188.01
      vertex 1109.8 1076.94 2195.87
    endloop
  endfacet
  facet normal 0.802249 0.126903 0.583345
    outer loop
      vertex 1107.37 1092.27 2211.99
      vertex 1102.75 1090.77 2218.67
      vertex 1108.52 1085 2211.99
    endloop
  endfacet
  facet normal 0.802555 -0.127964 0.582693
    outer loop
      vertex 1103.67 1085 2218.67
      vertex 1102.75 1079.23 2218.67
      vertex 1108.52 1085 2211.99
    endloop
  endfacet
  facet normal 0.672795 -0.673692 -0.305754
    outer loop
      vertex 1099.75 1064.69 2192.87
      vertex 1104.03 1071.17 2188.01
      vertex 1106.1 1069.67 2195.87
    endloop
  endfacet
  facet normal 0.673448 -0.673448 -0.304853
    outer loop
      vertex 1104.03 1071.17 2188.01
      vertex 1099.75 1064.69 2192.87
      vertex 1098.83 1065.97 2188.01
    endloop
  endfacet
  facet normal 0.672801 -0.673642 -0.305851
    outer loop
      vertex 1106.1 1069.67 2195.87
      vertex 1100.94 1064.58 2195.73
      vertex 1099.75 1064.69 2192.87
    endloop
  endfacet
  facet normal 0.666667 -0.666667 -0.333333
    outer loop
      vertex 1100.94 1064.58 2195.73
      vertex 1106.1 1069.67 2195.87
      vertex 1100.96 1064.53 2195.87
    endloop
  endfacet
  facet normal -0.127997 -0.802761 -0.582401
    outer loop
      vertex 1085 1066.33 2181.33
      vertex 1081.5 1064.98 2183.96
      vertex 1079.23 1067.25 2181.33
    endloop
  endfacet
  facet normal -0.126931 -0.803634 -0.581431
    outer loop
      vertex 1081.5 1064.98 2183.96
      vertex 1085 1066.33 2181.33
      vertex 1085 1064.76 2183.5
    endloop
  endfacet
  facet normal 0.126931 -0.803634 -0.581431
    outer loop
      vertex 1085 1066.33 2181.33
      vertex 1088.5 1064.98 2183.96
      vertex 1085 1064.76 2183.5
    endloop
  endfacet
  facet normal 0.127997 -0.802761 -0.582401
    outer loop
      vertex 1088.5 1064.98 2183.96
      vertex 1085 1066.33 2181.33
      vertex 1090.77 1067.25 2181.33
    endloop
  endfacet
  facet normal 0.368354 -0.725461 -0.581396
    outer loop
      vertex 1093.25 1064.98 2185.71
      vertex 1098.83 1065.97 2188.01
      vertex 1096.25 1064.66 2188.01
    endloop
  endfacet
  facet normal 0.367733 -0.724096 -0.583488
    outer loop
      vertex 1090.77 1067.25 2181.33
      vertex 1093.25 1064.98 2185.71
      vertex 1091.6 1064.69 2185.03
    endloop
  endfacet
  facet normal 0.368935 -0.723278 -0.583744
    outer loop
      vertex 1093.25 1064.98 2185.71
      vertex 1090.77 1067.25 2181.33
      vertex 1098.83 1065.97 2188.01
    endloop
  endfacet
  facet normal 0.277663 -0.142453 0.950058
    outer loop
      vertex 1088.93 1083.72 2226.07
      vertex 1088.34 1082.57 2226.07
      vertex 1094.7 1077.96 2223.52
    endloop
  endfacet
  facet normal -0.0932695 0.584962 0.80568
    outer loop
      vertex 1085 1103.67 2218.67
      vertex 1079.23 1102.75 2218.67
      vertex 1085 1096.99 2223.52
    endloop
  endfacet
  facet normal 0.141691 0.278382 0.949962
    outer loop
      vertex 1088.7 1096.4 2223.52
      vertex 1086.28 1088.93 2226.07
      vertex 1092.04 1094.7 2223.52
    endloop
  endfacet
  facet normal -0.126903 0.802249 0.583345
    outer loop
      vertex 1085 1108.52 2211.99
      vertex 1077.73 1107.37 2211.99
      vertex 1079.23 1102.75 2218.67
    endloop
  endfacet
  facet normal 0.155648 0.987813 -0
    outer loop
      vertex 1093.06 1109.8 2195.87
      vertex 1085 1111.07 2204.13
      vertex 1093.06 1109.8 2204.13
    endloop
  endfacet
  facet normal 0.155648 0.987813 0
    outer loop
      vertex 1085 1111.07 2204.13
      vertex 1093.06 1109.8 2195.87
      vertex 1085 1111.07 2195.87
    endloop
  endfacet
  facet normal -0.453577 0.891217 0
    outer loop
      vertex 1076.94 1109.8 2195.87
      vertex 1069.67 1106.1 2204.13
      vertex 1076.94 1109.8 2204.13
    endloop
  endfacet
  facet normal -0.453577 0.891217 0
    outer loop
      vertex 1069.67 1106.1 2204.13
      vertex 1076.94 1109.8 2195.87
      vertex 1069.67 1106.1 2195.87
    endloop
  endfacet
  facet normal 0.268656 0.527831 -0.805741
    outer loop
      vertex 1092.04 1094.7 2176.48
      vertex 1088.7 1096.4 2176.48
      vertex 1090.77 1102.75 2181.33
    endloop
  endfacet
  facet normal 0.126903 0.802249 -0.583345
    outer loop
      vertex 1090.77 1102.75 2181.33
      vertex 1085 1108.52 2188.01
      vertex 1092.27 1107.37 2188.01
    endloop
  endfacet
  facet normal -0.431838 0.848503 0.305873
    outer loop
      vertex 1076.94 1109.8 2204.13
      vertex 1069.67 1106.1 2204.13
      vertex 1071.17 1104.03 2211.99
    endloop
  endfacet
  facet normal -0.368523 0.723806 0.583349
    outer loop
      vertex 1077.73 1107.37 2211.99
      vertex 1071.17 1104.03 2211.99
      vertex 1079.23 1102.75 2218.67
    endloop
  endfacet
  facet normal 0.940533 -0.148198 -0.305671
    outer loop
      vertex 1109.8 1076.94 2195.87
      vertex 1107.37 1077.73 2188.01
      vertex 1111.07 1085 2195.87
    endloop
  endfacet
  facet normal 0.802249 -0.126903 -0.583345
    outer loop
      vertex 1107.37 1077.73 2188.01
      vertex 1102.75 1079.23 2181.33
      vertex 1108.52 1085 2188.01
    endloop
  endfacet
  facet normal 0.723543 -0.368728 -0.583546
    outer loop
      vertex 1104.03 1071.17 2188.01
      vertex 1100.1 1074.03 2181.33
      vertex 1102.75 1079.23 2181.33
    endloop
  endfacet
  facet normal 0.987813 0.155648 0
    outer loop
      vertex 1111.07 1085 2204.13
      vertex 1109.8 1093.06 2195.87
      vertex 1109.8 1093.06 2204.13
    endloop
  endfacet
  facet normal 0.987813 0.155648 0
    outer loop
      vertex 1109.8 1093.06 2195.87
      vertex 1111.07 1085 2204.13
      vertex 1111.07 1085 2195.87
    endloop
  endfacet
  facet normal 0.940533 0.148198 -0.305671
    outer loop
      vertex 1111.07 1085 2195.87
      vertex 1107.37 1092.27 2188.01
      vertex 1109.8 1093.06 2195.87
    endloop
  endfacet
  facet normal 0.940606 -0.148789 0.305159
    outer loop
      vertex 1108.52 1085 2211.99
      vertex 1107.37 1077.73 2211.99
      vertex 1111.07 1085 2204.13
    endloop
  endfacet
  facet normal 0.940533 -0.148198 0.305671
    outer loop
      vertex 1111.07 1085 2204.13
      vertex 1107.37 1077.73 2211.99
      vertex 1109.8 1076.94 2204.13
    endloop
  endfacet
  facet normal -0.84853 0.429558 -0.308993
    outer loop
      vertex 1065.97 1098.83 2188.01
      vertex 1064.76 1096.67 2188.33
      vertex 1064.79 1097.65 2189.61
    endloop
  endfacet
  facet normal -0.85031 0.431746 -0.300945
    outer loop
      vertex 1064.76 1096.67 2188.33
      vertex 1065.97 1098.83 2188.01
      vertex 1064.66 1096.25 2188.01
    endloop
  endfacet
  facet normal -0.84853 -0.429558 -0.308993
    outer loop
      vertex 1064.76 1073.33 2188.33
      vertex 1065.97 1071.17 2188.01
      vertex 1064.79 1072.35 2189.61
    endloop
  endfacet
  facet normal -0.85031 -0.431746 -0.300945
    outer loop
      vertex 1065.97 1071.17 2188.01
      vertex 1064.76 1073.33 2188.33
      vertex 1064.66 1073.75 2188.01
    endloop
  endfacet
  facet normal -0.368728 -0.723543 -0.583546
    outer loop
      vertex 1079.23 1067.25 2181.33
      vertex 1071.17 1065.97 2188.01
      vertex 1074.03 1069.9 2181.33
    endloop
  endfacet
  facet normal -0.268985 -0.527821 -0.805638
    outer loop
      vertex 1079.23 1067.25 2181.33
      vertex 1074.03 1069.9 2181.33
      vertex 1077.96 1075.3 2176.48
    endloop
  endfacet
  facet normal 0.0482275 0.308656 -0.94995
    outer loop
      vertex 1086.28 1088.93 2173.93
      vertex 1085 1089.13 2173.93
      vertex 1088.7 1096.4 2176.48
    endloop
  endfacet
  facet normal -0.141691 0.278382 -0.949962
    outer loop
      vertex 1083.72 1088.93 2173.93
      vertex 1077.96 1094.7 2176.48
      vertex 1081.3 1096.4 2176.48
    endloop
  endfacet
  facet normal -0.431838 0.848503 -0.305873
    outer loop
      vertex 1071.17 1104.03 2188.01
      vertex 1069.67 1106.1 2195.87
      vertex 1076.94 1109.8 2195.87
    endloop
  endfacet
  facet normal -0.148198 0.940533 -0.305671
    outer loop
      vertex 1077.73 1107.37 2188.01
      vertex 1076.94 1109.8 2195.87
      vertex 1085 1111.07 2195.87
    endloop
  endfacet
  facet normal -0.84853 0.429558 0.308993
    outer loop
      vertex 1064.76 1096.67 2211.67
      vertex 1065.97 1098.83 2211.99
      vertex 1064.79 1097.65 2210.39
    endloop
  endfacet
  facet normal -0.85031 0.431746 0.300945
    outer loop
      vertex 1065.97 1098.83 2211.99
      vertex 1064.76 1096.67 2211.67
      vertex 1064.66 1096.25 2211.99
    endloop
  endfacet
  facet normal 0 0 -1
    outer loop
      vertex 1088.93 1083.72 2173.93
      vertex 1088.93 1086.28 2173.93
      vertex 1089.13 1085 2173.93
    endloop
  endfacet
  facet normal 0 0 -1
    outer loop
      vertex 1088.34 1082.57 2173.93
      vertex 1088.93 1086.28 2173.93
      vertex 1088.93 1083.72 2173.93
    endloop
  endfacet
  facet normal 0 0 -1
    outer loop
      vertex 1088.34 1082.57 2173.93
      vertex 1088.34 1087.43 2173.93
      vertex 1088.93 1086.28 2173.93
    endloop
  endfacet
  facet normal 0 0 -1
    outer loop
      vertex 1087.43 1081.66 2173.93
      vertex 1088.34 1087.43 2173.93
      vertex 1088.34 1082.57 2173.93
    endloop
  endfacet
  facet normal 0 0 -1
    outer loop
      vertex 1087.43 1081.66 2173.93
      vertex 1087.43 1088.34 2173.93
      vertex 1088.34 1087.43 2173.93
    endloop
  endfacet
  facet normal 0 0 -1
    outer loop
      vertex 1086.28 1081.07 2173.93
      vertex 1087.43 1088.34 2173.93
      vertex 1087.43 1081.66 2173.93
    endloop
  endfacet
  facet normal 0 0 -1
    outer loop
      vertex 1086.28 1081.07 2173.93
      vertex 1086.28 1088.93 2173.93
      vertex 1087.43 1088.34 2173.93
    endloop
  endfacet
  facet normal 0 0 -1
    outer loop
      vertex 1085 1080.87 2173.93
      vertex 1086.28 1088.93 2173.93
      vertex 1086.28 1081.07 2173.93
    endloop
  endfacet
  facet normal 0 0 -1
    outer loop
      vertex 1085 1080.87 2173.93
      vertex 1085 1089.13 2173.93
      vertex 1086.28 1088.93 2173.93
    endloop
  endfacet
  facet normal 0 0 -1
    outer loop
      vertex 1083.72 1081.07 2173.93
      vertex 1085 1089.13 2173.93
      vertex 1085 1080.87 2173.93
    endloop
  endfacet
  facet normal 0 0 -1
    outer loop
      vertex 1083.72 1081.07 2173.93
      vertex 1083.72 1088.93 2173.93
      vertex 1085 1089.13 2173.93
    endloop
  endfacet
  facet normal 0 0 -1
    outer loop
      vertex 1082.57 1081.66 2173.93
      vertex 1083.72 1088.93 2173.93
      vertex 1083.72 1081.07 2173.93
    endloop
  endfacet
  facet normal 0 0 -1
    outer loop
      vertex 1082.57 1081.66 2173.93
      vertex 1082.57 1088.34 2173.93
      vertex 1083.72 1088.93 2173.93
    endloop
  endfacet
  facet normal 0 0 -1
    outer loop
      vertex 1081.66 1082.57 2173.93
      vertex 1082.57 1088.34 2173.93
      vertex 1082.57 1081.66 2173.93
    endloop
  endfacet
  facet normal 0 0 -1
    outer loop
      vertex 1081.66 1082.57 2173.93
      vertex 1081.66 1087.43 2173.93
      vertex 1082.57 1088.34 2173.93
    endloop
  endfacet
  facet normal 0 0 -1
    outer loop
      vertex 1081.07 1083.72 2173.93
      vertex 1081.66 1087.43 2173.93
      vertex 1081.66 1082.57 2173.93
    endloop
  endfacet
  facet normal 0 0 -1
    outer loop
      vertex 1081.07 1083.72 2173.93
      vertex 1081.07 1086.28 2173.93
      vertex 1081.66 1087.43 2173.93
    endloop
  endfacet
  facet normal 0 -0 -1
    outer loop
      vertex 1081.07 1086.28 2173.93
      vertex 1081.07 1083.72 2173.93
      vertex 1080.87 1085 2173.93
    endloop
  endfacet
  facet normal -0.278382 -0.141691 -0.949962
    outer loop
      vertex 1075.3 1077.96 2176.48
      vertex 1073.6 1081.3 2176.48
      vertex 1081.07 1083.72 2173.93
    endloop
  endfacet
  facet normal -0.584962 -0.0932695 0.80568
    outer loop
      vertex 1073.01 1085 2223.52
      vertex 1066.33 1085 2218.67
      vertex 1067.25 1079.23 2218.67
    endloop
  endfacet
  facet normal -0.584957 -0.0932769 0.805683
    outer loop
      vertex 1073.01 1085 2223.52
      vertex 1067.25 1079.23 2218.67
      vertex 1073.6 1081.3 2223.52
    endloop
  endfacet
  facet normal 0.574181 -0.574181 0.583636
    outer loop
      vertex 1100.1 1074.03 2218.67
      vertex 1098.83 1065.97 2211.99
      vertex 1104.03 1071.17 2211.99
    endloop
  endfacet
  facet normal 0.574181 -0.574181 0.583636
    outer loop
      vertex 1098.83 1065.97 2211.99
      vertex 1100.1 1074.03 2218.67
      vertex 1095.97 1069.9 2218.67
    endloop
  endfacet
  facet normal -0.278382 0.141691 0.949962
    outer loop
      vertex 1075.3 1092.04 2223.52
      vertex 1073.6 1088.7 2223.52
      vertex 1081.07 1086.28 2226.07
    endloop
  endfacet
  facet normal -0.367733 -0.724096 0.583488
    outer loop
      vertex 1079.23 1067.25 2218.67
      vertex 1076.75 1064.98 2214.29
      vertex 1078.4 1064.69 2214.97
    endloop
  endfacet
  facet normal -0.368935 -0.723278 0.583744
    outer loop
      vertex 1071.17 1065.97 2211.99
      vertex 1076.75 1064.98 2214.29
      vertex 1079.23 1067.25 2218.67
    endloop
  endfacet
  facet normal -0.368354 -0.725461 0.581396
    outer loop
      vertex 1076.75 1064.98 2214.29
      vertex 1071.17 1065.97 2211.99
      vertex 1073.75 1064.66 2211.99
    endloop
  endfacet
  facet normal 0.527821 -0.268985 0.805638
    outer loop
      vertex 1102.75 1079.23 2218.67
      vertex 1094.7 1077.96 2223.52
      vertex 1100.1 1074.03 2218.67
    endloop
  endfacet
  facet normal 0.673448 -0.673448 0.304853
    outer loop
      vertex 1099.75 1064.69 2207.13
      vertex 1104.03 1071.17 2211.99
      vertex 1098.83 1065.97 2211.99
    endloop
  endfacet
  facet normal 0.672795 -0.673692 0.305754
    outer loop
      vertex 1104.03 1071.17 2211.99
      vertex 1099.75 1064.69 2207.13
      vertex 1106.1 1069.67 2204.13
    endloop
  endfacet
  facet normal 0.672801 -0.673642 0.305851
    outer loop
      vertex 1100.94 1064.58 2204.27
      vertex 1106.1 1069.67 2204.13
      vertex 1099.75 1064.69 2207.13
    endloop
  endfacet
  facet normal 0.666667 -0.666667 0.333333
    outer loop
      vertex 1106.1 1069.67 2204.13
      vertex 1100.94 1064.58 2204.27
      vertex 1100.96 1064.53 2204.13
    endloop
  endfacet
  facet normal 0.127777 -0.802698 0.582536
    outer loop
      vertex 1089.27 1065.03 2215.94
      vertex 1090.77 1067.25 2218.67
      vertex 1088.5 1064.98 2216.04
    endloop
  endfacet
  facet normal 0.125781 -0.802396 0.583387
    outer loop
      vertex 1090.77 1067.25 2218.67
      vertex 1089.27 1065.03 2215.94
      vertex 1091.6 1064.69 2214.97
    endloop
  endfacet
  facet normal -0.0932695 -0.584962 0.80568
    outer loop
      vertex 1085 1073.01 2223.52
      vertex 1079.23 1067.25 2218.67
      vertex 1085 1066.33 2218.67
    endloop
  endfacet
  facet normal -0.847656 -0.434133 0.304973
    outer loop
      vertex 1064.86 1070.71 2208.25
      vertex 1065.97 1071.17 2211.99
      vertex 1064.79 1072.35 2210.39
    endloop
  endfacet
  facet normal -0.850419 -0.428596 0.305112
    outer loop
      vertex 1065.97 1071.17 2211.99
      vertex 1064.86 1070.71 2208.25
      vertex 1064.69 1070.25 2207.13
    endloop
  endfacet
  facet normal -0.431746 -0.85031 0.300945
    outer loop
      vertex 1071.17 1065.97 2211.99
      vertex 1073.33 1064.76 2211.67
      vertex 1073.75 1064.66 2211.99
    endloop
  endfacet
  facet normal -0.429558 -0.84853 0.308993
    outer loop
      vertex 1073.33 1064.76 2211.67
      vertex 1071.17 1065.97 2211.99
      vertex 1072.35 1064.79 2210.39
    endloop
  endfacet
  facet normal -0.673448 -0.673448 -0.304853
    outer loop
      vertex 1071.17 1065.97 2188.01
      vertex 1064.69 1070.25 2192.87
      vertex 1065.97 1071.17 2188.01
    endloop
  endfacet
  facet normal -0.673448 -0.673448 -0.304853
    outer loop
      vertex 1064.69 1070.25 2192.87
      vertex 1071.17 1065.97 2188.01
      vertex 1070.25 1064.69 2192.87
    endloop
  endfacet
  facet normal -0.673189 -0.673189 -0.305995
    outer loop
      vertex 1064.69 1070.25 2192.87
      vertex 1070.25 1064.69 2192.87
      vertex 1064.58 1069.06 2195.73
    endloop
  endfacet
  facet normal -0.673189 -0.673189 -0.305995
    outer loop
      vertex 1069.06 1064.58 2195.73
      vertex 1064.58 1069.06 2195.73
      vertex 1070.25 1064.69 2192.87
    endloop
  endfacet
  facet normal -0.666667 -0.666667 -0.333333
    outer loop
      vertex 1064.58 1069.06 2195.73
      vertex 1069.06 1064.58 2195.73
      vertex 1064.53 1069.04 2195.87
    endloop
  endfacet
  facet normal -0.666667 -0.666667 -0.333333
    outer loop
      vertex 1064.53 1069.04 2195.87
      vertex 1069.06 1064.58 2195.73
      vertex 1069.04 1064.53 2195.87
    endloop
  endfacet
  facet normal 0.940533 0.148198 0.305671
    outer loop
      vertex 1109.8 1093.06 2204.13
      vertex 1107.37 1092.27 2211.99
      vertex 1111.07 1085 2204.13
    endloop
  endfacet
  facet normal 0.848473 0.431997 0.305734
    outer loop
      vertex 1109.8 1093.06 2204.13
      vertex 1104.03 1098.83 2211.99
      vertex 1107.37 1092.27 2211.99
    endloop
  endfacet
  facet normal 0.584962 0.0932695 0.80568
    outer loop
      vertex 1102.75 1090.77 2218.67
      vertex 1096.99 1085 2223.52
      vertex 1103.67 1085 2218.67
    endloop
  endfacet
  facet normal 0.584962 -0.0932695 0.80568
    outer loop
      vertex 1103.67 1085 2218.67
      vertex 1096.99 1085 2223.52
      vertex 1102.75 1079.23 2218.67
    endloop
  endfacet
  facet normal -0.434133 -0.847656 0.304973
    outer loop
      vertex 1071.17 1065.97 2211.99
      vertex 1070.71 1064.86 2208.25
      vertex 1072.35 1064.79 2210.39
    endloop
  endfacet
  facet normal -0.428596 -0.850419 0.305112
    outer loop
      vertex 1070.71 1064.86 2208.25
      vertex 1071.17 1065.97 2211.99
      vertex 1070.25 1064.69 2207.13
    endloop
  endfacet
  facet normal 0.428596 -0.850419 -0.305112
    outer loop
      vertex 1099.29 1064.86 2191.75
      vertex 1098.83 1065.97 2188.01
      vertex 1099.75 1064.69 2192.87
    endloop
  endfacet
  facet normal 0.434133 -0.847656 -0.304973
    outer loop
      vertex 1098.83 1065.97 2188.01
      vertex 1099.29 1064.86 2191.75
      vertex 1097.65 1064.79 2189.61
    endloop
  endfacet
  facet normal 0.429558 -0.84853 -0.308993
    outer loop
      vertex 1096.67 1064.76 2188.33
      vertex 1098.83 1065.97 2188.01
      vertex 1097.65 1064.79 2189.61
    endloop
  endfacet
  facet normal 0.431746 -0.85031 -0.300945
    outer loop
      vertex 1098.83 1065.97 2188.01
      vertex 1096.67 1064.76 2188.33
      vertex 1096.25 1064.66 2188.01
    endloop
  endfacet
  facet normal 0.141691 -0.278382 0.949962
    outer loop
      vertex 1092.04 1075.3 2223.52
      vertex 1086.28 1081.07 2226.07
      vertex 1088.7 1073.6 2223.52
    endloop
  endfacet
  facet normal -0.418829 0.418829 0.805707
    outer loop
      vertex 1074.03 1100.1 2218.67
      vertex 1075.3 1092.04 2223.52
      vertex 1077.96 1094.7 2223.52
    endloop
  endfacet
  facet normal -0.418829 0.418829 0.805707
    outer loop
      vertex 1075.3 1092.04 2223.52
      vertex 1074.03 1100.1 2218.67
      vertex 1069.9 1095.97 2218.67
    endloop
  endfacet
  facet normal 0.142453 0.277663 0.950058
    outer loop
      vertex 1092.04 1094.7 2223.52
      vertex 1086.28 1088.93 2226.07
      vertex 1087.43 1088.34 2226.07
    endloop
  endfacet
  facet normal 0.268656 0.527831 0.805741
    outer loop
      vertex 1090.77 1102.75 2218.67
      vertex 1088.7 1096.4 2223.52
      vertex 1092.04 1094.7 2223.52
    endloop
  endfacet
  facet normal 0.431997 0.848473 0.305734
    outer loop
      vertex 1093.06 1109.8 2204.13
      vertex 1092.27 1107.37 2211.99
      vertex 1098.83 1104.03 2211.99
    endloop
  endfacet
  facet normal 0.431838 0.848503 0.305873
    outer loop
      vertex 1100.33 1106.1 2204.13
      vertex 1093.06 1109.8 2204.13
      vertex 1098.83 1104.03 2211.99
    endloop
  endfacet
  facet normal 0.277663 0.142453 0.950058
    outer loop
      vertex 1094.7 1092.04 2223.52
      vertex 1088.34 1087.43 2226.07
      vertex 1088.93 1086.28 2226.07
    endloop
  endfacet
  facet normal 0.308656 0.0482275 0.94995
    outer loop
      vertex 1096.4 1088.7 2223.52
      vertex 1088.93 1086.28 2226.07
      vertex 1089.13 1085 2226.07
    endloop
  endfacet
  facet normal 0.431997 0.848473 -0.305734
    outer loop
      vertex 1098.83 1104.03 2188.01
      vertex 1092.27 1107.37 2188.01
      vertex 1093.06 1109.8 2195.87
    endloop
  endfacet
  facet normal 0.574181 0.574181 0.583636
    outer loop
      vertex 1098.83 1104.03 2211.99
      vertex 1100.1 1095.97 2218.67
      vertex 1104.03 1098.83 2211.99
    endloop
  endfacet
  facet normal 0.574181 0.574181 0.583636
    outer loop
      vertex 1100.1 1095.97 2218.67
      vertex 1098.83 1104.03 2211.99
      vertex 1095.97 1100.1 2218.67
    endloop
  endfacet
  facet normal 0.431838 0.848503 -0.305873
    outer loop
      vertex 1098.83 1104.03 2188.01
      vertex 1093.06 1109.8 2195.87
      vertex 1100.33 1106.1 2195.87
    endloop
  endfacet
  facet normal 0.148198 0.940533 0.305671
    outer loop
      vertex 1093.06 1109.8 2204.13
      vertex 1085 1111.07 2204.13
      vertex 1092.27 1107.37 2211.99
    endloop
  endfacet
  facet normal 0.723543 0.368728 -0.583546
    outer loop
      vertex 1102.75 1090.77 2181.33
      vertex 1100.1 1095.97 2181.33
      vertex 1104.03 1098.83 2188.01
    endloop
  endfacet
  facet normal -0.268985 0.527821 -0.805638
    outer loop
      vertex 1077.96 1094.7 2176.48
      vertex 1074.03 1100.1 2181.33
      vertex 1079.23 1102.75 2181.33
    endloop
  endfacet
  facet normal -0.802396 0.125781 0.583387
    outer loop
      vertex 1065.03 1089.27 2215.94
      vertex 1067.25 1090.77 2218.67
      vertex 1064.69 1091.6 2214.97
    endloop
  endfacet
  facet normal -0.802698 0.127777 0.582536
    outer loop
      vertex 1067.25 1090.77 2218.67
      vertex 1065.03 1089.27 2215.94
      vertex 1064.98 1088.5 2216.04
    endloop
  endfacet
  facet normal -0.707876 0.706337 0
    outer loop
      vertex 1069.67 1106.1 2195.87
      vertex 1065.08 1101.5 2200
      vertex 1069.67 1106.1 2204.13
    endloop
  endfacet
  facet normal -0.707106 0.707106 0.00171212
    outer loop
      vertex 1065.08 1101.5 2200
      vertex 1069.67 1106.1 2195.87
      vertex 1064.53 1100.96 2195.87
    endloop
  endfacet
  facet normal -0.707106 0.707106 -0.00171212
    outer loop
      vertex 1069.67 1106.1 2204.13
      vertex 1065.08 1101.5 2200
      vertex 1064.53 1100.96 2204.13
    endloop
  endfacet
  facet normal -0.850419 0.428596 -0.305112
    outer loop
      vertex 1065.97 1098.83 2188.01
      vertex 1064.86 1099.29 2191.75
      vertex 1064.69 1099.75 2192.87
    endloop
  endfacet
  facet normal -0.847656 0.434133 -0.304973
    outer loop
      vertex 1064.86 1099.29 2191.75
      vertex 1065.97 1098.83 2188.01
      vertex 1064.79 1097.65 2189.61
    endloop
  endfacet
  facet normal -0.277663 -0.142453 -0.950058
    outer loop
      vertex 1081.66 1082.57 2173.93
      vertex 1075.3 1077.96 2176.48
      vertex 1081.07 1083.72 2173.93
    endloop
  endfacet
  facet normal -0.429558 -0.84853 -0.308993
    outer loop
      vertex 1071.17 1065.97 2188.01
      vertex 1073.33 1064.76 2188.33
      vertex 1072.35 1064.79 2189.61
    endloop
  endfacet
  facet normal -0.431746 -0.85031 -0.300945
    outer loop
      vertex 1073.33 1064.76 2188.33
      vertex 1071.17 1065.97 2188.01
      vertex 1073.75 1064.66 2188.01
    endloop
  endfacet
  facet normal -0.434133 -0.847656 -0.304973
    outer loop
      vertex 1070.71 1064.86 2191.75
      vertex 1071.17 1065.97 2188.01
      vertex 1072.35 1064.79 2189.61
    endloop
  endfacet
  facet normal -0.428596 -0.850419 -0.305112
    outer loop
      vertex 1071.17 1065.97 2188.01
      vertex 1070.71 1064.86 2191.75
      vertex 1070.25 1064.69 2192.87
    endloop
  endfacet
  facet normal -0.527821 -0.268985 -0.805638
    outer loop
      vertex 1069.9 1074.03 2181.33
      vertex 1067.25 1079.23 2181.33
      vertex 1075.3 1077.96 2176.48
    endloop
  endfacet
  facet normal -0.724096 -0.367733 -0.583488
    outer loop
      vertex 1067.25 1079.23 2181.33
      vertex 1064.98 1076.75 2185.71
      vertex 1064.69 1078.4 2185.03
    endloop
  endfacet
  facet normal -0.723278 -0.368935 -0.583744
    outer loop
      vertex 1065.97 1071.17 2188.01
      vertex 1064.98 1076.75 2185.71
      vertex 1067.25 1079.23 2181.33
    endloop
  endfacet
  facet normal -0.725461 -0.368354 -0.581396
    outer loop
      vertex 1064.98 1076.75 2185.71
      vertex 1065.97 1071.17 2188.01
      vertex 1064.66 1073.75 2188.01
    endloop
  endfacet
  facet normal -0.0491719 -0.308366 -0.949996
    outer loop
      vertex 1085 1073.01 2176.48
      vertex 1081.3 1073.6 2176.48
      vertex 1083.72 1081.07 2173.93
    endloop
  endfacet
  facet normal -0.0481618 0.308235 -0.95009
    outer loop
      vertex 1085 1089.13 2173.93
      vertex 1083.72 1088.93 2173.93
      vertex 1085 1096.99 2176.48
    endloop
  endfacet
  facet normal -0.127777 -0.802698 -0.582536
    outer loop
      vertex 1080.73 1065.03 2184.06
      vertex 1079.23 1067.25 2181.33
      vertex 1081.5 1064.98 2183.96
    endloop
  endfacet
  facet normal -0.125781 -0.802396 -0.583387
    outer loop
      vertex 1079.23 1067.25 2181.33
      vertex 1080.73 1065.03 2184.06
      vertex 1078.4 1064.69 2185.03
    endloop
  endfacet
  facet normal -0.368354 -0.725461 -0.581396
    outer loop
      vertex 1071.17 1065.97 2188.01
      vertex 1076.75 1064.98 2185.71
      vertex 1073.75 1064.66 2188.01
    endloop
  endfacet
  facet normal -0.368935 -0.723278 -0.583744
    outer loop
      vertex 1079.23 1067.25 2181.33
      vertex 1076.75 1064.98 2185.71
      vertex 1071.17 1065.97 2188.01
    endloop
  endfacet
  facet normal -0.367733 -0.724096 -0.583488
    outer loop
      vertex 1076.75 1064.98 2185.71
      vertex 1079.23 1067.25 2181.33
      vertex 1078.4 1064.69 2185.03
    endloop
  endfacet
  facet normal -0.584957 0.0932769 -0.805683
    outer loop
      vertex 1073.01 1085 2176.48
      vertex 1067.25 1090.77 2181.33
      vertex 1073.6 1088.7 2176.48
    endloop
  endfacet
  facet normal -0.527831 0.268656 -0.805741
    outer loop
      vertex 1073.6 1088.7 2176.48
      vertex 1067.25 1090.77 2181.33
      vertex 1075.3 1092.04 2176.48
    endloop
  endfacet
  facet normal -0.142453 0.277663 -0.950058
    outer loop
      vertex 1082.57 1088.34 2173.93
      vertex 1077.96 1094.7 2176.48
      vertex 1083.72 1088.93 2173.93
    endloop
  endfacet
  facet normal -0.725461 0.368354 -0.581396
    outer loop
      vertex 1065.97 1098.83 2188.01
      vertex 1064.98 1093.25 2185.71
      vertex 1064.66 1096.25 2188.01
    endloop
  endfacet
  facet normal -0.723278 0.368935 -0.583744
    outer loop
      vertex 1067.25 1090.77 2181.33
      vertex 1064.98 1093.25 2185.71
      vertex 1065.97 1098.83 2188.01
    endloop
  endfacet
  facet normal -0.724096 0.367733 -0.583488
    outer loop
      vertex 1064.98 1093.25 2185.71
      vertex 1067.25 1090.77 2181.33
      vertex 1064.69 1091.6 2185.03
    endloop
  endfacet
  facet normal -0.803634 -0.126931 0.581431
    outer loop
      vertex 1064.98 1081.5 2216.04
      vertex 1066.33 1085 2218.67
      vertex 1064.76 1085 2216.5
    endloop
  endfacet
  facet normal -0.802761 -0.127997 0.582401
    outer loop
      vertex 1066.33 1085 2218.67
      vertex 1064.98 1081.5 2216.04
      vertex 1067.25 1079.23 2218.67
    endloop
  endfacet
  facet normal -0.725461 0.368354 0.581396
    outer loop
      vertex 1064.98 1093.25 2214.29
      vertex 1065.97 1098.83 2211.99
      vertex 1064.66 1096.25 2211.99
    endloop
  endfacet
  facet normal -0.724096 0.367733 0.583488
    outer loop
      vertex 1067.25 1090.77 2218.67
      vertex 1064.98 1093.25 2214.29
      vertex 1064.69 1091.6 2214.97
    endloop
  endfacet
  facet normal -0.723278 0.368935 0.583744
    outer loop
      vertex 1064.98 1093.25 2214.29
      vertex 1067.25 1090.77 2218.67
      vertex 1065.97 1098.83 2211.99
    endloop
  endfacet
  facet normal -0.268656 0.527831 -0.805741
    outer loop
      vertex 1081.3 1096.4 2176.48
      vertex 1077.96 1094.7 2176.48
      vertex 1079.23 1102.75 2181.33
    endloop
  endfacet
  facet normal 0.141691 0.278382 -0.949962
    outer loop
      vertex 1092.04 1094.7 2176.48
      vertex 1086.28 1088.93 2173.93
      vertex 1088.7 1096.4 2176.48
    endloop
  endfacet
  facet normal 0.308366 -0.0491719 -0.949996
    outer loop
      vertex 1096.4 1081.3 2176.48
      vertex 1088.93 1083.72 2173.93
      vertex 1096.99 1085 2176.48
    endloop
  endfacet
  facet normal 0.308235 -0.0481618 0.95009
    outer loop
      vertex 1089.13 1085 2226.07
      vertex 1088.93 1083.72 2226.07
      vertex 1096.99 1085 2223.52
    endloop
  endfacet
  facet normal 0.527831 -0.268656 0.805741
    outer loop
      vertex 1096.4 1081.3 2223.52
      vertex 1094.7 1077.96 2223.52
      vertex 1102.75 1079.23 2218.67
    endloop
  endfacet
  facet normal 0.368728 -0.723543 0.583546
    outer loop
      vertex 1095.97 1069.9 2218.67
      vertex 1090.77 1067.25 2218.67
      vertex 1098.83 1065.97 2211.99
    endloop
  endfacet
  facet normal 0.848473 -0.431997 0.305734
    outer loop
      vertex 1107.37 1077.73 2211.99
      vertex 1104.03 1071.17 2211.99
      vertex 1109.8 1076.94 2204.13
    endloop
  endfacet
  facet normal -0.308366 -0.0491719 0.949996
    outer loop
      vertex 1081.07 1083.72 2226.07
      vertex 1073.01 1085 2223.52
      vertex 1073.6 1081.3 2223.52
    endloop
  endfacet
  facet normal -0.278382 -0.141691 0.949962
    outer loop
      vertex 1081.07 1083.72 2226.07
      vertex 1073.6 1081.3 2223.52
      vertex 1075.3 1077.96 2223.52
    endloop
  endfacet
  facet normal 0.0482275 0.308656 0.94995
    outer loop
      vertex 1088.7 1096.4 2223.52
      vertex 1085 1089.13 2226.07
      vertex 1086.28 1088.93 2226.07
    endloop
  endfacet
  facet normal 0.220826 0.220826 0.949985
    outer loop
      vertex 1092.04 1094.7 2223.52
      vertex 1088.34 1087.43 2226.07
      vertex 1094.7 1092.04 2223.52
    endloop
  endfacet
  facet normal 0.220826 0.220826 0.949985
    outer loop
      vertex 1088.34 1087.43 2226.07
      vertex 1092.04 1094.7 2223.52
      vertex 1087.43 1088.34 2226.07
    endloop
  endfacet
  facet normal 0.723806 -0.368523 0.583349
    outer loop
      vertex 1107.37 1077.73 2211.99
      vertex 1102.75 1079.23 2218.67
      vertex 1104.03 1071.17 2211.99
    endloop
  endfacet
  facet normal 0.723543 -0.368728 0.583546
    outer loop
      vertex 1102.75 1079.23 2218.67
      vertex 1100.1 1074.03 2218.67
      vertex 1104.03 1071.17 2211.99
    endloop
  endfacet
  facet normal -0.673189 -0.673189 0.305995
    outer loop
      vertex 1070.25 1064.69 2207.13
      vertex 1064.69 1070.25 2207.13
      vertex 1064.58 1069.06 2204.27
    endloop
  endfacet
  facet normal -0.673448 -0.673448 0.304853
    outer loop
      vertex 1071.17 1065.97 2211.99
      vertex 1064.69 1070.25 2207.13
      vertex 1070.25 1064.69 2207.13
    endloop
  endfacet
  facet normal -0.666667 -0.666667 0.333333
    outer loop
      vertex 1069.06 1064.58 2204.27
      vertex 1064.58 1069.06 2204.27
      vertex 1064.53 1069.04 2204.13
    endloop
  endfacet
  facet normal -0.673448 -0.673448 0.304853
    outer loop
      vertex 1064.69 1070.25 2207.13
      vertex 1071.17 1065.97 2211.99
      vertex 1065.97 1071.17 2211.99
    endloop
  endfacet
  facet normal -0.673189 -0.673189 0.305995
    outer loop
      vertex 1064.58 1069.06 2204.27
      vertex 1069.06 1064.58 2204.27
      vertex 1070.25 1064.69 2207.13
    endloop
  endfacet
  facet normal -0.666667 -0.666667 0.333333
    outer loop
      vertex 1069.06 1064.58 2204.27
      vertex 1064.53 1069.04 2204.13
      vertex 1069.04 1064.53 2204.13
    endloop
  endfacet
  facet normal 0 0 1
    outer loop
      vertex 1088.93 1086.28 2226.07
      vertex 1088.93 1083.72 2226.07
      vertex 1089.13 1085 2226.07
    endloop
  endfacet
  facet normal 0 0 1
    outer loop
      vertex 1088.34 1087.43 2226.07
      vertex 1088.93 1083.72 2226.07
      vertex 1088.93 1086.28 2226.07
    endloop
  endfacet
  facet normal 0 0 1
    outer loop
      vertex 1088.34 1087.43 2226.07
      vertex 1088.34 1082.57 2226.07
      vertex 1088.93 1083.72 2226.07
    endloop
  endfacet
  facet normal 0 0 1
    outer loop
      vertex 1087.43 1088.34 2226.07
      vertex 1088.34 1082.57 2226.07
      vertex 1088.34 1087.43 2226.07
    endloop
  endfacet
  facet normal 0 0 1
    outer loop
      vertex 1087.43 1088.34 2226.07
      vertex 1087.43 1081.66 2226.07
      vertex 1088.34 1082.57 2226.07
    endloop
  endfacet
  facet normal 0 0 1
    outer loop
      vertex 1086.28 1088.93 2226.07
      vertex 1087.43 1081.66 2226.07
      vertex 1087.43 1088.34 2226.07
    endloop
  endfacet
  facet normal 0 0 1
    outer loop
      vertex 1086.28 1088.93 2226.07
      vertex 1086.28 1081.07 2226.07
      vertex 1087.43 1081.66 2226.07
    endloop
  endfacet
  facet normal 0 0 1
    outer loop
      vertex 1085 1089.13 2226.07
      vertex 1086.28 1081.07 2226.07
      vertex 1086.28 1088.93 2226.07
    endloop
  endfacet
  facet normal 0 0 1
    outer loop
      vertex 1085 1089.13 2226.07
      vertex 1085 1080.87 2226.07
      vertex 1086.28 1081.07 2226.07
    endloop
  endfacet
  facet normal -0 0 1
    outer loop
      vertex 1083.72 1088.93 2226.07
      vertex 1085 1080.87 2226.07
      vertex 1085 1089.13 2226.07
    endloop
  endfacet
  facet normal 0 0 1
    outer loop
      vertex 1083.72 1088.93 2226.07
      vertex 1083.72 1081.07 2226.07
      vertex 1085 1080.87 2226.07
    endloop
  endfacet
  facet normal -0 0 1
    outer loop
      vertex 1082.57 1088.34 2226.07
      vertex 1083.72 1081.07 2226.07
      vertex 1083.72 1088.93 2226.07
    endloop
  endfacet
  facet normal 0 0 1
    outer loop
      vertex 1082.57 1088.34 2226.07
      vertex 1082.57 1081.66 2226.07
      vertex 1083.72 1081.07 2226.07
    endloop
  endfacet
  facet normal -0 0 1
    outer loop
      vertex 1081.66 1087.43 2226.07
      vertex 1082.57 1081.66 2226.07
      vertex 1082.57 1088.34 2226.07
    endloop
  endfacet
  facet normal 0 0 1
    outer loop
      vertex 1081.66 1087.43 2226.07
      vertex 1081.66 1082.57 2226.07
      vertex 1082.57 1081.66 2226.07
    endloop
  endfacet
  facet normal -0 0 1
    outer loop
      vertex 1081.07 1086.28 2226.07
      vertex 1081.66 1082.57 2226.07
      vertex 1081.66 1087.43 2226.07
    endloop
  endfacet
  facet normal 0 0 1
    outer loop
      vertex 1081.07 1086.28 2226.07
      vertex 1081.07 1083.72 2226.07
      vertex 1081.66 1082.57 2226.07
    endloop
  endfacet
  facet normal 0 -0 1
    outer loop
      vertex 1081.07 1083.72 2226.07
      vertex 1081.07 1086.28 2226.07
      vertex 1080.87 1085 2226.07
    endloop
  endfacet
  facet normal -0.142453 0.277663 0.950058
    outer loop
      vertex 1083.72 1088.93 2226.07
      vertex 1077.96 1094.7 2223.52
      vertex 1082.57 1088.34 2226.07
    endloop
  endfacet
  facet normal -0.220826 0.220826 0.949985
    outer loop
      vertex 1077.96 1094.7 2223.52
      vertex 1081.66 1087.43 2226.07
      vertex 1082.57 1088.34 2226.07
    endloop
  endfacet
  facet normal -0.220826 0.220826 0.949985
    outer loop
      vertex 1081.66 1087.43 2226.07
      vertex 1077.96 1094.7 2223.52
      vertex 1075.3 1092.04 2223.52
    endloop
  endfacet
  facet normal -0.141691 0.278382 0.949962
    outer loop
      vertex 1081.3 1096.4 2223.52
      vertex 1077.96 1094.7 2223.52
      vertex 1083.72 1088.93 2226.07
    endloop
  endfacet
  facet normal -0.0491719 0.308366 0.949996
    outer loop
      vertex 1085 1096.99 2223.52
      vertex 1081.3 1096.4 2223.52
      vertex 1083.72 1088.93 2226.07
    endloop
  endfacet
  facet normal 0.126903 0.802249 0.583345
    outer loop
      vertex 1092.27 1107.37 2211.99
      vertex 1085 1108.52 2211.99
      vertex 1090.77 1102.75 2218.67
    endloop
  endfacet
  facet normal 0.148789 0.940606 0.305159
    outer loop
      vertex 1085 1111.07 2204.13
      vertex 1085 1108.52 2211.99
      vertex 1092.27 1107.37 2211.99
    endloop
  endfacet
  facet normal 0.0932769 0.584957 0.805683
    outer loop
      vertex 1090.77 1102.75 2218.67
      vertex 1085 1096.99 2223.52
      vertex 1088.7 1096.4 2223.52
    endloop
  endfacet
  facet normal 0.368728 0.723543 0.583546
    outer loop
      vertex 1098.83 1104.03 2211.99
      vertex 1090.77 1102.75 2218.67
      vertex 1095.97 1100.1 2218.67
    endloop
  endfacet
  facet normal 0.848503 0.431838 0.305873
    outer loop
      vertex 1106.1 1100.33 2204.13
      vertex 1104.03 1098.83 2211.99
      vertex 1109.8 1093.06 2204.13
    endloop
  endfacet
  facet normal 0.584957 0.0932769 0.805683
    outer loop
      vertex 1102.75 1090.77 2218.67
      vertex 1096.4 1088.7 2223.52
      vertex 1096.99 1085 2223.52
    endloop
  endfacet
  facet normal 0.527831 0.268656 0.805741
    outer loop
      vertex 1102.75 1090.77 2218.67
      vertex 1094.7 1092.04 2223.52
      vertex 1096.4 1088.7 2223.52
    endloop
  endfacet
  facet normal 0.268985 0.527821 0.805638
    outer loop
      vertex 1095.97 1100.1 2218.67
      vertex 1090.77 1102.75 2218.67
      vertex 1092.04 1094.7 2223.52
    endloop
  endfacet
  facet normal 0.848503 0.431838 -0.305873
    outer loop
      vertex 1109.8 1093.06 2195.87
      vertex 1104.03 1098.83 2188.01
      vertex 1106.1 1100.33 2195.87
    endloop
  endfacet
  facet normal 0.148789 0.940606 -0.305159
    outer loop
      vertex 1092.27 1107.37 2188.01
      vertex 1085 1108.52 2188.01
      vertex 1085 1111.07 2195.87
    endloop
  endfacet
  facet normal 0.148198 0.940533 -0.305671
    outer loop
      vertex 1092.27 1107.37 2188.01
      vertex 1085 1111.07 2195.87
      vertex 1093.06 1109.8 2195.87
    endloop
  endfacet
  facet normal -0.431997 0.848473 0.305734
    outer loop
      vertex 1076.94 1109.8 2204.13
      vertex 1071.17 1104.03 2211.99
      vertex 1077.73 1107.37 2211.99
    endloop
  endfacet
  facet normal -0.148198 0.940533 0.305671
    outer loop
      vertex 1085 1111.07 2204.13
      vertex 1076.94 1109.8 2204.13
      vertex 1077.73 1107.37 2211.99
    endloop
  endfacet
  facet normal -0.127964 0.802555 -0.582693
    outer loop
      vertex 1085 1103.67 2181.33
      vertex 1079.23 1102.75 2181.33
      vertex 1085 1108.52 2188.01
    endloop
  endfacet
  facet normal 0.127964 0.802555 -0.582693
    outer loop
      vertex 1090.77 1102.75 2181.33
      vertex 1085 1103.67 2181.33
      vertex 1085 1108.52 2188.01
    endloop
  endfacet
  facet normal 0.574181 0.574181 -0.583636
    outer loop
      vertex 1100.1 1095.97 2181.33
      vertex 1098.83 1104.03 2188.01
      vertex 1104.03 1098.83 2188.01
    endloop
  endfacet
  facet normal 0.574181 0.574181 -0.583636
    outer loop
      vertex 1098.83 1104.03 2188.01
      vertex 1100.1 1095.97 2181.33
      vertex 1095.97 1100.1 2181.33
    endloop
  endfacet
  facet normal 0.268985 0.527821 -0.805638
    outer loop
      vertex 1092.04 1094.7 2176.48
      vertex 1090.77 1102.75 2181.33
      vertex 1095.97 1100.1 2181.33
    endloop
  endfacet
  facet normal -0.574181 0.574181 0.583636
    outer loop
      vertex 1071.17 1104.03 2211.99
      vertex 1069.9 1095.97 2218.67
      vertex 1074.03 1100.1 2218.67
    endloop
  endfacet
  facet normal -0.574181 0.574181 0.583636
    outer loop
      vertex 1069.9 1095.97 2218.67
      vertex 1071.17 1104.03 2211.99
      vertex 1065.97 1098.83 2211.99
    endloop
  endfacet
  facet normal -0.723543 0.368728 0.583546
    outer loop
      vertex 1069.9 1095.97 2218.67
      vertex 1065.97 1098.83 2211.99
      vertex 1067.25 1090.77 2218.67
    endloop
  endfacet
  facet normal -0.673692 0.672795 -0.305754
    outer loop
      vertex 1064.69 1099.75 2192.87
      vertex 1069.67 1106.1 2195.87
      vertex 1071.17 1104.03 2188.01
    endloop
  endfacet
  facet normal -0.666667 0.666667 -0.333333
    outer loop
      vertex 1069.67 1106.1 2195.87
      vertex 1064.58 1100.94 2195.73
      vertex 1064.53 1100.96 2195.87
    endloop
  endfacet
  facet normal -0.673642 0.672801 -0.305851
    outer loop
      vertex 1069.67 1106.1 2195.87
      vertex 1064.69 1099.75 2192.87
      vertex 1064.58 1100.94 2195.73
    endloop
  endfacet
  facet normal -0.673448 0.673448 -0.304853
    outer loop
      vertex 1064.69 1099.75 2192.87
      vertex 1071.17 1104.03 2188.01
      vertex 1065.97 1098.83 2188.01
    endloop
  endfacet
  facet normal 0.802249 0.126903 -0.583345
    outer loop
      vertex 1108.52 1085 2188.01
      vertex 1102.75 1090.77 2181.33
      vertex 1107.37 1092.27 2188.01
    endloop
  endfacet
  facet normal 0.584962 0.0932695 -0.80568
    outer loop
      vertex 1103.67 1085 2181.33
      vertex 1096.99 1085 2176.48
      vertex 1102.75 1090.77 2181.33
    endloop
  endfacet
  facet normal -0.418829 -0.418829 -0.805707
    outer loop
      vertex 1074.03 1069.9 2181.33
      vertex 1075.3 1077.96 2176.48
      vertex 1077.96 1075.3 2176.48
    endloop
  endfacet
  facet normal -0.418829 -0.418829 -0.805707
    outer loop
      vertex 1075.3 1077.96 2176.48
      vertex 1074.03 1069.9 2181.33
      vertex 1069.9 1074.03 2181.33
    endloop
  endfacet
  facet normal -0.723543 -0.368728 -0.583546
    outer loop
      vertex 1069.9 1074.03 2181.33
      vertex 1065.97 1071.17 2188.01
      vertex 1067.25 1079.23 2181.33
    endloop
  endfacet
  facet normal -0.220826 -0.220826 -0.949985
    outer loop
      vertex 1077.96 1075.3 2176.48
      vertex 1081.66 1082.57 2173.93
      vertex 1082.57 1081.66 2173.93
    endloop
  endfacet
  facet normal -0.220826 -0.220826 -0.949985
    outer loop
      vertex 1081.66 1082.57 2173.93
      vertex 1077.96 1075.3 2176.48
      vertex 1075.3 1077.96 2176.48
    endloop
  endfacet
  facet normal -0.527831 -0.268656 -0.805741
    outer loop
      vertex 1075.3 1077.96 2176.48
      vertex 1067.25 1079.23 2181.33
      vertex 1073.6 1081.3 2176.48
    endloop
  endfacet
  facet normal -0.0932769 0.584957 -0.805683
    outer loop
      vertex 1081.3 1096.4 2176.48
      vertex 1079.23 1102.75 2181.33
      vertex 1085 1096.99 2176.48
    endloop
  endfacet
  facet normal 0.220826 0.220826 -0.949985
    outer loop
      vertex 1088.34 1087.43 2173.93
      vertex 1092.04 1094.7 2176.48
      vertex 1094.7 1092.04 2176.48
    endloop
  endfacet
  facet normal 0.220826 0.220826 -0.949985
    outer loop
      vertex 1092.04 1094.7 2176.48
      vertex 1088.34 1087.43 2173.93
      vertex 1087.43 1088.34 2173.93
    endloop
  endfacet
  facet normal -0.308366 -0.0491719 -0.949996
    outer loop
      vertex 1073.6 1081.3 2176.48
      vertex 1073.01 1085 2176.48
      vertex 1081.07 1083.72 2173.93
    endloop
  endfacet
  facet normal 0.0932695 -0.584962 -0.80568
    outer loop
      vertex 1090.77 1067.25 2181.33
      vertex 1085 1066.33 2181.33
      vertex 1085 1073.01 2176.48
    endloop
  endfacet
  facet normal 0.418829 -0.418829 -0.805707
    outer loop
      vertex 1095.97 1069.9 2181.33
      vertex 1094.7 1077.96 2176.48
      vertex 1100.1 1074.03 2181.33
    endloop
  endfacet
  facet normal 0.418829 -0.418829 -0.805707
    outer loop
      vertex 1094.7 1077.96 2176.48
      vertex 1095.97 1069.9 2181.33
      vertex 1092.04 1075.3 2176.48
    endloop
  endfacet
  facet normal 0.0932769 -0.584957 -0.805683
    outer loop
      vertex 1090.77 1067.25 2181.33
      vertex 1085 1073.01 2176.48
      vertex 1088.7 1073.6 2176.48
    endloop
  endfacet
  facet normal 0.278382 -0.141691 -0.949962
    outer loop
      vertex 1094.7 1077.96 2176.48
      vertex 1088.93 1083.72 2173.93
      vertex 1096.4 1081.3 2176.48
    endloop
  endfacet
  facet normal -0.802396 0.125781 -0.583387
    outer loop
      vertex 1067.25 1090.77 2181.33
      vertex 1065.03 1089.27 2184.06
      vertex 1064.69 1091.6 2185.03
    endloop
  endfacet
  facet normal -0.802698 0.127777 -0.582536
    outer loop
      vertex 1065.03 1089.27 2184.06
      vertex 1067.25 1090.77 2181.33
      vertex 1064.98 1088.5 2183.96
    endloop
  endfacet
  facet normal -0.803634 -0.126931 -0.581431
    outer loop
      vertex 1066.33 1085 2181.33
      vertex 1064.98 1081.5 2183.96
      vertex 1064.76 1085 2183.5
    endloop
  endfacet
  facet normal -0.802761 -0.127997 -0.582401
    outer loop
      vertex 1064.98 1081.5 2183.96
      vertex 1066.33 1085 2181.33
      vertex 1067.25 1079.23 2181.33
    endloop
  endfacet
  facet normal -0.584962 0.0932695 0.80568
    outer loop
      vertex 1067.25 1090.77 2218.67
      vertex 1066.33 1085 2218.67
      vertex 1073.01 1085 2223.52
    endloop
  endfacet
  facet normal -0.803634 0.126931 0.581431
    outer loop
      vertex 1066.33 1085 2218.67
      vertex 1064.98 1088.5 2216.04
      vertex 1064.76 1085 2216.5
    endloop
  endfacet
  facet normal -0.802761 0.127997 0.582401
    outer loop
      vertex 1064.98 1088.5 2216.04
      vertex 1066.33 1085 2218.67
      vertex 1067.25 1090.77 2218.67
    endloop
  endfacet
  facet normal 0.0482275 -0.308656 -0.94995
    outer loop
      vertex 1088.7 1073.6 2176.48
      vertex 1085 1080.87 2173.93
      vertex 1086.28 1081.07 2173.93
    endloop
  endfacet
  facet normal 0.584957 0.0932769 -0.805683
    outer loop
      vertex 1096.99 1085 2176.48
      vertex 1096.4 1088.7 2176.48
      vertex 1102.75 1090.77 2181.33
    endloop
  endfacet
  facet normal -0.0491719 0.308366 -0.949996
    outer loop
      vertex 1083.72 1088.93 2173.93
      vertex 1081.3 1096.4 2176.48
      vertex 1085 1096.99 2176.48
    endloop
  endfacet
  facet normal 0.220826 -0.220826 0.949985
    outer loop
      vertex 1088.34 1082.57 2226.07
      vertex 1092.04 1075.3 2223.52
      vertex 1094.7 1077.96 2223.52
    endloop
  endfacet
  facet normal 0.220826 -0.220826 0.949985
    outer loop
      vertex 1092.04 1075.3 2223.52
      vertex 1088.34 1082.57 2226.07
      vertex 1087.43 1081.66 2226.07
    endloop
  endfacet
  facet normal 0.278382 -0.141691 0.949962
    outer loop
      vertex 1096.4 1081.3 2223.52
      vertex 1088.93 1083.72 2226.07
      vertex 1094.7 1077.96 2223.52
    endloop
  endfacet
  facet normal 0.418829 -0.418829 0.805707
    outer loop
      vertex 1094.7 1077.96 2223.52
      vertex 1095.97 1069.9 2218.67
      vertex 1100.1 1074.03 2218.67
    endloop
  endfacet
  facet normal 0.418829 -0.418829 0.805707
    outer loop
      vertex 1095.97 1069.9 2218.67
      vertex 1094.7 1077.96 2223.52
      vertex 1092.04 1075.3 2223.52
    endloop
  endfacet
  facet normal -0.268656 -0.527831 0.805741
    outer loop
      vertex 1081.3 1073.6 2223.52
      vertex 1077.96 1075.3 2223.52
      vertex 1079.23 1067.25 2218.67
    endloop
  endfacet
  facet normal -0.277663 0.142453 0.950058
    outer loop
      vertex 1081.66 1087.43 2226.07
      vertex 1075.3 1092.04 2223.52
      vertex 1081.07 1086.28 2226.07
    endloop
  endfacet
  facet normal 0.268656 -0.527831 0.805741
    outer loop
      vertex 1092.04 1075.3 2223.52
      vertex 1088.7 1073.6 2223.52
      vertex 1090.77 1067.25 2218.67
    endloop
  endfacet
  facet normal 0.142453 -0.277663 0.950058
    outer loop
      vertex 1087.43 1081.66 2226.07
      vertex 1086.28 1081.07 2226.07
      vertex 1092.04 1075.3 2223.52
    endloop
  endfacet
  facet normal 0.431746 -0.85031 0.300945
    outer loop
      vertex 1096.67 1064.76 2211.67
      vertex 1098.83 1065.97 2211.99
      vertex 1096.25 1064.66 2211.99
    endloop
  endfacet
  facet normal 0.429558 -0.84853 0.308993
    outer loop
      vertex 1098.83 1065.97 2211.99
      vertex 1096.67 1064.76 2211.67
      vertex 1097.65 1064.79 2210.39
    endloop
  endfacet
  facet normal -0.847656 -0.434133 -0.304973
    outer loop
      vertex 1065.97 1071.17 2188.01
      vertex 1064.86 1070.71 2191.75
      vertex 1064.79 1072.35 2189.61
    endloop
  endfacet
  facet normal -0.850419 -0.428596 -0.305112
    outer loop
      vertex 1064.86 1070.71 2191.75
      vertex 1065.97 1071.17 2188.01
      vertex 1064.69 1070.25 2192.87
    endloop
  endfacet
  facet normal -0.574181 -0.574181 -0.583636
    outer loop
      vertex 1071.17 1065.97 2188.01
      vertex 1069.9 1074.03 2181.33
      vertex 1074.03 1069.9 2181.33
    endloop
  endfacet
  facet normal -0.574181 -0.574181 -0.583636
    outer loop
      vertex 1069.9 1074.03 2181.33
      vertex 1071.17 1065.97 2188.01
      vertex 1065.97 1071.17 2188.01
    endloop
  endfacet
  facet normal -0.308235 -0.0481618 0.95009
    outer loop
      vertex 1080.87 1085 2226.07
      vertex 1073.01 1085 2223.52
      vertex 1081.07 1083.72 2226.07
    endloop
  endfacet
  facet normal -0.0481618 0.308235 0.95009
    outer loop
      vertex 1085 1096.99 2223.52
      vertex 1083.72 1088.93 2226.07
      vertex 1085 1089.13 2226.07
    endloop
  endfacet
  facet normal -0.142453 -0.277663 0.950058
    outer loop
      vertex 1082.57 1081.66 2226.07
      vertex 1077.96 1075.3 2223.52
      vertex 1083.72 1081.07 2226.07
    endloop
  endfacet
  facet normal 0.0932695 0.584962 0.80568
    outer loop
      vertex 1085 1103.67 2218.67
      vertex 1085 1096.99 2223.52
      vertex 1090.77 1102.75 2218.67
    endloop
  endfacet
  facet normal 0.127964 0.802555 0.582693
    outer loop
      vertex 1085 1108.52 2211.99
      vertex 1085 1103.67 2218.67
      vertex 1090.77 1102.75 2218.67
    endloop
  endfacet
  facet normal 0.418829 0.418829 0.805707
    outer loop
      vertex 1095.97 1100.1 2218.67
      vertex 1094.7 1092.04 2223.52
      vertex 1100.1 1095.97 2218.67
    endloop
  endfacet
  facet normal 0.418829 0.418829 0.805707
    outer loop
      vertex 1094.7 1092.04 2223.52
      vertex 1095.97 1100.1 2218.67
      vertex 1092.04 1094.7 2223.52
    endloop
  endfacet
  facet normal 0.707107 0.707107 0
    outer loop
      vertex 1106.1 1100.33 2204.13
      vertex 1100.33 1106.1 2195.87
      vertex 1100.33 1106.1 2204.13
    endloop
  endfacet
  facet normal 0.707107 0.707107 0
    outer loop
      vertex 1100.33 1106.1 2195.87
      vertex 1106.1 1100.33 2204.13
      vertex 1106.1 1100.33 2195.87
    endloop
  endfacet
  facet normal -0.0932695 0.584962 -0.80568
    outer loop
      vertex 1085 1096.99 2176.48
      vertex 1079.23 1102.75 2181.33
      vertex 1085 1103.67 2181.33
    endloop
  endfacet
  facet normal 0.0932695 0.584962 -0.80568
    outer loop
      vertex 1090.77 1102.75 2181.33
      vertex 1085 1096.99 2176.48
      vertex 1085 1103.67 2181.33
    endloop
  endfacet
  facet normal -0.850419 0.428596 0.305112
    outer loop
      vertex 1064.86 1099.29 2208.25
      vertex 1065.97 1098.83 2211.99
      vertex 1064.69 1099.75 2207.13
    endloop
  endfacet
  facet normal -0.847656 0.434133 0.304973
    outer loop
      vertex 1065.97 1098.83 2211.99
      vertex 1064.86 1099.29 2208.25
      vertex 1064.79 1097.65 2210.39
    endloop
  endfacet
  facet normal -0.666667 0.666667 0.333333
    outer loop
      vertex 1064.58 1100.94 2204.27
      vertex 1069.67 1106.1 2204.13
      vertex 1064.53 1100.96 2204.13
    endloop
  endfacet
  facet normal -0.673642 0.672801 0.305851
    outer loop
      vertex 1064.69 1099.75 2207.13
      vertex 1069.67 1106.1 2204.13
      vertex 1064.58 1100.94 2204.27
    endloop
  endfacet
  facet normal -0.673692 0.672795 0.305754
    outer loop
      vertex 1069.67 1106.1 2204.13
      vertex 1064.69 1099.75 2207.13
      vertex 1071.17 1104.03 2211.99
    endloop
  endfacet
  facet normal -0.673448 0.673448 0.304853
    outer loop
      vertex 1071.17 1104.03 2211.99
      vertex 1064.69 1099.75 2207.13
      vertex 1065.97 1098.83 2211.99
    endloop
  endfacet
  facet normal -0.126903 0.802249 -0.583345
    outer loop
      vertex 1079.23 1102.75 2181.33
      vertex 1077.73 1107.37 2188.01
      vertex 1085 1108.52 2188.01
    endloop
  endfacet
  facet normal -0.368523 0.723806 -0.583349
    outer loop
      vertex 1079.23 1102.75 2181.33
      vertex 1071.17 1104.03 2188.01
      vertex 1077.73 1107.37 2188.01
    endloop
  endfacet
  facet normal 0.527821 0.268985 -0.805638
    outer loop
      vertex 1102.75 1090.77 2181.33
      vertex 1094.7 1092.04 2176.48
      vertex 1100.1 1095.97 2181.33
    endloop
  endfacet
  facet normal 0.584962 -0.0932695 -0.80568
    outer loop
      vertex 1102.75 1079.23 2181.33
      vertex 1096.99 1085 2176.48
      vertex 1103.67 1085 2181.33
    endloop
  endfacet
  facet normal 0.308221 0.0491487 -0.950044
    outer loop
      vertex 1096.99 1085 2176.48
      vertex 1089.13 1085 2173.93
      vertex 1096.4 1088.7 2176.48
    endloop
  endfacet
  facet normal 0.527831 0.268656 -0.805741
    outer loop
      vertex 1096.4 1088.7 2176.48
      vertex 1094.7 1092.04 2176.48
      vertex 1102.75 1090.77 2181.33
    endloop
  endfacet
  facet normal -0.418829 0.418829 -0.805707
    outer loop
      vertex 1075.3 1092.04 2176.48
      vertex 1074.03 1100.1 2181.33
      vertex 1077.96 1094.7 2176.48
    endloop
  endfacet
  facet normal -0.418829 0.418829 -0.805707
    outer loop
      vertex 1074.03 1100.1 2181.33
      vertex 1075.3 1092.04 2176.48
      vertex 1069.9 1095.97 2181.33
    endloop
  endfacet
  facet normal 0.277663 -0.142453 -0.950058
    outer loop
      vertex 1094.7 1077.96 2176.48
      vertex 1088.34 1082.57 2173.93
      vertex 1088.93 1083.72 2173.93
    endloop
  endfacet
  facet normal -0.308235 -0.0481618 -0.95009
    outer loop
      vertex 1081.07 1083.72 2173.93
      vertex 1073.01 1085 2176.48
      vertex 1080.87 1085 2173.93
    endloop
  endfacet
  facet normal -0.268656 -0.527831 -0.805741
    outer loop
      vertex 1079.23 1067.25 2181.33
      vertex 1077.96 1075.3 2176.48
      vertex 1081.3 1073.6 2176.48
    endloop
  endfacet
  facet normal -0.141691 -0.278382 -0.949962
    outer loop
      vertex 1081.3 1073.6 2176.48
      vertex 1077.96 1075.3 2176.48
      vertex 1083.72 1081.07 2173.93
    endloop
  endfacet
  facet normal 0.368728 -0.723543 -0.583546
    outer loop
      vertex 1098.83 1065.97 2188.01
      vertex 1090.77 1067.25 2181.33
      vertex 1095.97 1069.9 2181.33
    endloop
  endfacet
  facet normal 0.268985 -0.527821 -0.805638
    outer loop
      vertex 1095.97 1069.9 2181.33
      vertex 1090.77 1067.25 2181.33
      vertex 1092.04 1075.3 2176.48
    endloop
  endfacet
  facet normal 0.141691 -0.278382 -0.949962
    outer loop
      vertex 1088.7 1073.6 2176.48
      vertex 1086.28 1081.07 2173.93
      vertex 1092.04 1075.3 2176.48
    endloop
  endfacet
  facet normal 0.0491487 -0.308221 -0.950044
    outer loop
      vertex 1088.7 1073.6 2176.48
      vertex 1085 1073.01 2176.48
      vertex 1085 1080.87 2173.93
    endloop
  endfacet
  facet normal -0.0481618 -0.308235 -0.95009
    outer loop
      vertex 1085 1073.01 2176.48
      vertex 1083.72 1081.07 2173.93
      vertex 1085 1080.87 2173.93
    endloop
  endfacet
  facet normal -0.584962 0.0932695 -0.80568
    outer loop
      vertex 1073.01 1085 2176.48
      vertex 1066.33 1085 2181.33
      vertex 1067.25 1090.77 2181.33
    endloop
  endfacet
  facet normal -0.584962 -0.0932695 -0.80568
    outer loop
      vertex 1067.25 1079.23 2181.33
      vertex 1066.33 1085 2181.33
      vertex 1073.01 1085 2176.48
    endloop
  endfacet
  facet normal 0.142453 -0.277663 -0.950058
    outer loop
      vertex 1092.04 1075.3 2176.48
      vertex 1086.28 1081.07 2173.93
      vertex 1087.43 1081.66 2173.93
    endloop
  endfacet
  facet normal -0.277663 0.142453 -0.950058
    outer loop
      vertex 1081.07 1086.28 2173.93
      vertex 1075.3 1092.04 2176.48
      vertex 1081.66 1087.43 2173.93
    endloop
  endfacet
  facet normal -0.141691 -0.278382 0.949962
    outer loop
      vertex 1083.72 1081.07 2226.07
      vertex 1077.96 1075.3 2223.52
      vertex 1081.3 1073.6 2223.52
    endloop
  endfacet
  facet normal -0.527821 -0.268985 0.805638
    outer loop
      vertex 1075.3 1077.96 2223.52
      vertex 1067.25 1079.23 2218.67
      vertex 1069.9 1074.03 2218.67
    endloop
  endfacet
  facet normal -0.574181 -0.574181 0.583636
    outer loop
      vertex 1069.9 1074.03 2218.67
      vertex 1071.17 1065.97 2211.99
      vertex 1074.03 1069.9 2218.67
    endloop
  endfacet
  facet normal -0.574181 -0.574181 0.583636
    outer loop
      vertex 1071.17 1065.97 2211.99
      vertex 1069.9 1074.03 2218.67
      vertex 1065.97 1071.17 2211.99
    endloop
  endfacet
  facet normal -0.127997 -0.802761 0.582401
    outer loop
      vertex 1081.5 1064.98 2216.04
      vertex 1085 1066.33 2218.67
      vertex 1079.23 1067.25 2218.67
    endloop
  endfacet
  facet normal -0.126931 -0.803634 0.581431
    outer loop
      vertex 1085 1066.33 2218.67
      vertex 1081.5 1064.98 2216.04
      vertex 1085 1064.76 2216.5
    endloop
  endfacet
  facet normal -0.0932769 -0.584957 0.805683
    outer loop
      vertex 1081.3 1073.6 2223.52
      vertex 1079.23 1067.25 2218.67
      vertex 1085 1073.01 2223.52
    endloop
  endfacet
  facet normal 0.0482275 -0.308656 0.94995
    outer loop
      vertex 1086.28 1081.07 2226.07
      vertex 1085 1080.87 2226.07
      vertex 1088.7 1073.6 2223.52
    endloop
  endfacet
  facet normal 0.0491487 -0.308221 0.950044
    outer loop
      vertex 1085 1080.87 2226.07
      vertex 1085 1073.01 2223.52
      vertex 1088.7 1073.6 2223.52
    endloop
  endfacet
  facet normal -0.277663 -0.142453 0.950058
    outer loop
      vertex 1081.07 1083.72 2226.07
      vertex 1075.3 1077.96 2223.52
      vertex 1081.66 1082.57 2226.07
    endloop
  endfacet
  facet normal 0.453577 0.891217 -0
    outer loop
      vertex 1100.33 1106.1 2195.87
      vertex 1093.06 1109.8 2204.13
      vertex 1100.33 1106.1 2204.13
    endloop
  endfacet
  facet normal 0.453577 0.891217 0
    outer loop
      vertex 1093.06 1109.8 2204.13
      vertex 1100.33 1106.1 2195.87
      vertex 1093.06 1109.8 2195.87
    endloop
  endfacet
  facet normal 0.0491487 0.308221 -0.950044
    outer loop
      vertex 1088.7 1096.4 2176.48
      vertex 1085 1089.13 2173.93
      vertex 1085 1096.99 2176.48
    endloop
  endfacet
  facet normal 0.0932769 0.584957 -0.805683
    outer loop
      vertex 1088.7 1096.4 2176.48
      vertex 1085 1096.99 2176.48
      vertex 1090.77 1102.75 2181.33
    endloop
  endfacet
  facet normal 0.584957 -0.0932769 -0.805683
    outer loop
      vertex 1102.75 1079.23 2181.33
      vertex 1096.4 1081.3 2176.48
      vertex 1096.99 1085 2176.48
    endloop
  endfacet
  facet normal 0.308656 0.0482275 -0.94995
    outer loop
      vertex 1089.13 1085 2173.93
      vertex 1088.93 1086.28 2173.93
      vertex 1096.4 1088.7 2176.48
    endloop
  endfacet
  facet normal 0.418829 0.418829 -0.805707
    outer loop
      vertex 1094.7 1092.04 2176.48
      vertex 1095.97 1100.1 2181.33
      vertex 1100.1 1095.97 2181.33
    endloop
  endfacet
  facet normal 0.418829 0.418829 -0.805707
    outer loop
      vertex 1095.97 1100.1 2181.33
      vertex 1094.7 1092.04 2176.48
      vertex 1092.04 1094.7 2176.48
    endloop
  endfacet
  facet normal 0.802555 0.127964 -0.582693
    outer loop
      vertex 1103.67 1085 2181.33
      vertex 1102.75 1090.77 2181.33
      vertex 1108.52 1085 2188.01
    endloop
  endfacet
  facet normal 0.802555 -0.127964 -0.582693
    outer loop
      vertex 1108.52 1085 2188.01
      vertex 1102.75 1079.23 2181.33
      vertex 1103.67 1085 2181.33
    endloop
  endfacet
  facet normal -0.278382 0.141691 -0.949962
    outer loop
      vertex 1081.07 1086.28 2173.93
      vertex 1073.6 1088.7 2176.48
      vertex 1075.3 1092.04 2176.48
    endloop
  endfacet
  facet normal 0.220826 -0.220826 -0.949985
    outer loop
      vertex 1092.04 1075.3 2176.48
      vertex 1088.34 1082.57 2173.93
      vertex 1094.7 1077.96 2176.48
    endloop
  endfacet
  facet normal 0.220826 -0.220826 -0.949985
    outer loop
      vertex 1088.34 1082.57 2173.93
      vertex 1092.04 1075.3 2176.48
      vertex 1087.43 1081.66 2173.93
    endloop
  endfacet
  facet normal -0.368728 -0.723543 0.583546
    outer loop
      vertex 1074.03 1069.9 2218.67
      vertex 1071.17 1065.97 2211.99
      vertex 1079.23 1067.25 2218.67
    endloop
  endfacet
  facet normal -0.268985 -0.527821 0.805638
    outer loop
      vertex 1077.96 1075.3 2223.52
      vertex 1074.03 1069.9 2218.67
      vertex 1079.23 1067.25 2218.67
    endloop
  endfacet
  facet normal 0.126931 -0.803634 0.581431
    outer loop
      vertex 1088.5 1064.98 2216.04
      vertex 1085 1066.33 2218.67
      vertex 1085 1064.76 2216.5
    endloop
  endfacet
  facet normal 0.127997 -0.802761 0.582401
    outer loop
      vertex 1085 1066.33 2218.67
      vertex 1088.5 1064.98 2216.04
      vertex 1090.77 1067.25 2218.67
    endloop
  endfacet
  facet normal 0.0932695 -0.584962 0.80568
    outer loop
      vertex 1085 1073.01 2223.52
      vertex 1085 1066.33 2218.67
      vertex 1090.77 1067.25 2218.67
    endloop
  endfacet
  facet normal -0.308656 0.0482275 -0.94995
    outer loop
      vertex 1080.87 1085 2173.93
      vertex 1073.6 1088.7 2176.48
      vertex 1081.07 1086.28 2173.93
    endloop
  endfacet
  facet normal 0.278382 0.141691 -0.949962
    outer loop
      vertex 1096.4 1088.7 2176.48
      vertex 1088.93 1086.28 2173.93
      vertex 1094.7 1092.04 2176.48
    endloop
  endfacet
  facet normal 0.277663 0.142453 -0.950058
    outer loop
      vertex 1088.93 1086.28 2173.93
      vertex 1088.34 1087.43 2173.93
      vertex 1094.7 1092.04 2176.48
    endloop
  endfacet
  facet normal -0.220826 0.220826 -0.949985
    outer loop
      vertex 1081.66 1087.43 2173.93
      vertex 1077.96 1094.7 2176.48
      vertex 1082.57 1088.34 2173.93
    endloop
  endfacet
  facet normal -0.220826 0.220826 -0.949985
    outer loop
      vertex 1077.96 1094.7 2176.48
      vertex 1081.66 1087.43 2173.93
      vertex 1075.3 1092.04 2176.48
    endloop
  endfacet
endsolid OpenSCAD_Model
