solid OpenSCAD_Model
  facet normal 0 0.607814 -0.794079
    outer loop
      vertex 1070.57 1093.25 2185.71
      vertex -1070.3 1095.68 2187.57
      vertex 1070.3 1095.68 2187.57
    endloop
  endfacet
  facet normal 0 0.607814 -0.794079
    outer loop
      vertex -1070.3 1095.68 2187.57
      vertex 1070.57 1093.25 2185.71
      vertex -1070.57 1093.25 2185.71
    endloop
  endfacet
  facet normal 0 0.608936 -0.793219
    outer loop
      vertex -1070.3 1095.68 2187.57
      vertex 1070.52 1096.67 2188.33
      vertex 1070.3 1095.68 2187.57
    endloop
  endfacet
  facet normal 0 0.608936 -0.793219
    outer loop
      vertex 1070.52 1096.67 2188.33
      vertex -1070.3 1095.68 2187.57
      vertex -1070.52 1096.67 2188.33
    endloop
  endfacet
  facet normal 0.633493 0.115181 0.765128
    outer loop
      vertex 1070.18 1089.27 2215.94
      vertex 1070.28 1085 2216.5
      vertex 1070.27 1085.52 2216.43
    endloop
  endfacet
  facet normal -0 0.130034 0.99151
    outer loop
      vertex -1070.18 1089.27 2215.94
      vertex 1070.28 1085 2216.5
      vertex 1070.18 1089.27 2215.94
    endloop
  endfacet
  facet normal -9.51164e-07 0.129565 0.991571
    outer loop
      vertex -1070.27 1085.52 2216.43
      vertex 1070.28 1085 2216.5
      vertex -1070.18 1089.27 2215.94
    endloop
  endfacet
  facet normal 0 0.133412 0.991061
    outer loop
      vertex 1070.28 1085 2216.5
      vertex -1070.27 1085.52 2216.43
      vertex -1070.28 1085 2216.5
    endloop
  endfacet
  facet normal 0 -0.608936 -0.793219
    outer loop
      vertex 1070.52 1073.33 2188.33
      vertex -1070.3 1074.32 2187.57
      vertex 1070.3 1074.32 2187.57
    endloop
  endfacet
  facet normal 0 -0.608936 -0.793219
    outer loop
      vertex -1070.3 1074.32 2187.57
      vertex 1070.52 1073.33 2188.33
      vertex -1070.52 1073.33 2188.33
    endloop
  endfacet
  facet normal 0 -0.607814 -0.794079
    outer loop
      vertex -1070.3 1074.32 2187.57
      vertex 1070.57 1076.75 2185.71
      vertex 1070.3 1074.32 2187.57
    endloop
  endfacet
  facet normal -0 -0.607814 -0.794079
    outer loop
      vertex 1070.57 1076.75 2185.71
      vertex -1070.3 1074.32 2187.57
      vertex -1070.57 1076.75 2185.71
    endloop
  endfacet
  facet normal 0 -0.607814 0.794079
    outer loop
      vertex 1070.57 1076.75 2214.29
      vertex -1070.3 1074.32 2212.43
      vertex 1070.3 1074.32 2212.43
    endloop
  endfacet
  facet normal 0 -0.607814 0.794079
    outer loop
      vertex -1070.3 1074.32 2212.43
      vertex 1070.57 1076.75 2214.29
      vertex -1070.57 1076.75 2214.29
    endloop
  endfacet
  facet normal 0 -0.608936 0.793219
    outer loop
      vertex -1070.3 1074.32 2212.43
      vertex 1070.52 1073.33 2211.67
      vertex 1070.3 1074.32 2212.43
    endloop
  endfacet
  facet normal 0 -0.608936 0.793219
    outer loop
      vertex 1070.52 1073.33 2211.67
      vertex -1070.3 1074.32 2212.43
      vertex -1070.52 1073.33 2211.67
    endloop
  endfacet
  facet normal 0.633493 -0.115181 -0.765128
    outer loop
      vertex 1070.18 1080.73 2184.06
      vertex 1070.28 1085 2183.5
      vertex 1070.27 1084.48 2183.57
    endloop
  endfacet
  facet normal 0 -0.130034 -0.99151
    outer loop
      vertex -1070.18 1080.73 2184.06
      vertex 1070.28 1085 2183.5
      vertex 1070.18 1080.73 2184.06
    endloop
  endfacet
  facet normal -9.51164e-07 -0.129565 -0.991571
    outer loop
      vertex -1070.27 1084.48 2183.57
      vertex 1070.28 1085 2183.5
      vertex -1070.18 1080.73 2184.06
    endloop
  endfacet
  facet normal -0 -0.133412 -0.991061
    outer loop
      vertex 1070.28 1085 2183.5
      vertex -1070.27 1084.48 2183.57
      vertex -1070.28 1085 2183.5
    endloop
  endfacet
  facet normal 0 0.795081 0.606504
    outer loop
      vertex 1070.14 1097.86 2210.11
      vertex -1070.52 1096.67 2211.67
      vertex 1070.52 1096.67 2211.67
    endloop
  endfacet
  facet normal 0 0.795081 0.606504
    outer loop
      vertex 1070.14 1097.86 2210.11
      vertex -1070.14 1097.86 2210.11
      vertex -1070.52 1096.67 2211.67
    endloop
  endfacet
  facet normal 0 0.792782 0.609505
    outer loop
      vertex 1070.72 1099.29 2208.25
      vertex -1070.14 1097.86 2210.11
      vertex 1070.14 1097.86 2210.11
    endloop
  endfacet
  facet normal 0 0.792782 0.609505
    outer loop
      vertex -1070.14 1097.86 2210.11
      vertex 1070.72 1099.29 2208.25
      vertex -1070.72 1099.29 2208.25
    endloop
  endfacet
  facet normal 0.633493 0.115181 -0.765128
    outer loop
      vertex 1070.28 1085 2183.5
      vertex 1070.18 1089.27 2184.06
      vertex 1070.27 1085.52 2183.57
    endloop
  endfacet
  facet normal 0 0.130034 -0.99151
    outer loop
      vertex 1070.28 1085 2183.5
      vertex -1070.18 1089.27 2184.06
      vertex 1070.18 1089.27 2184.06
    endloop
  endfacet
  facet normal -9.51164e-07 0.129565 -0.991571
    outer loop
      vertex 1070.28 1085 2183.5
      vertex -1070.27 1085.52 2183.57
      vertex -1070.18 1089.27 2184.06
    endloop
  endfacet
  facet normal 0 0.133412 -0.991061
    outer loop
      vertex -1070.27 1085.52 2183.57
      vertex 1070.28 1085 2183.5
      vertex -1070.28 1085 2183.5
    endloop
  endfacet
  facet normal 0 0.792782 -0.609505
    outer loop
      vertex 1070.14 1097.86 2189.89
      vertex -1070.72 1099.29 2191.75
      vertex 1070.72 1099.29 2191.75
    endloop
  endfacet
  facet normal 0 0.792782 -0.609505
    outer loop
      vertex 1070.14 1097.86 2189.89
      vertex -1070.14 1097.86 2189.89
      vertex -1070.72 1099.29 2191.75
    endloop
  endfacet
  facet normal 0 0.795081 -0.606504
    outer loop
      vertex 1070.52 1096.67 2188.33
      vertex -1070.14 1097.86 2189.89
      vertex 1070.14 1097.86 2189.89
    endloop
  endfacet
  facet normal 0 0.795081 -0.606504
    outer loop
      vertex -1070.14 1097.86 2189.89
      vertex 1070.52 1096.67 2188.33
      vertex -1070.52 1096.67 2188.33
    endloop
  endfacet
  facet normal 0 -0.358979 -0.933346
    outer loop
      vertex 1070 1079.99 2184.37
      vertex -1069.97 1080.12 2184.32
      vertex 1069.97 1080.12 2184.32
    endloop
  endfacet
  facet normal -1.62601e-06 -0.382184 -0.924086
    outer loop
      vertex 1070.57 1076.75 2185.71
      vertex -1069.97 1080.12 2184.32
      vertex 1070 1079.99 2184.37
    endloop
  endfacet
  facet normal 4.0905e-05 -0.358987 -0.933342
    outer loop
      vertex 1070.57 1076.75 2185.71
      vertex -1070 1079.99 2184.37
      vertex -1069.97 1080.12 2184.32
    endloop
  endfacet
  facet normal 0 -0.382184 -0.924086
    outer loop
      vertex -1070 1079.99 2184.37
      vertex 1070.57 1076.75 2185.71
      vertex -1070.57 1076.75 2185.71
    endloop
  endfacet
  facet normal 0 -0.514496 -0.857493
    outer loop
      vertex -1069.97 1080.12 2184.32
      vertex 1069.98 1080.17 2184.29
      vertex 1069.97 1080.12 2184.32
    endloop
  endfacet
  facet normal -5.19017e-06 -0.341742 -0.939794
    outer loop
      vertex -1069.97 1080.12 2184.32
      vertex 1070 1080.28 2184.25
      vertex 1069.98 1080.17 2184.29
    endloop
  endfacet
  facet normal 1.04181e-05 -0.514494 -0.857494
    outer loop
      vertex -1069.98 1080.17 2184.29
      vertex 1070 1080.28 2184.25
      vertex -1069.97 1080.12 2184.32
    endloop
  endfacet
  facet normal 0 -0.341743 -0.939793
    outer loop
      vertex -1070 1080.28 2184.25
      vertex 1070 1080.28 2184.25
      vertex -1069.98 1080.17 2184.29
    endloop
  endfacet
  facet normal -0 -0.388972 -0.92125
    outer loop
      vertex 1070 1080.28 2184.25
      vertex -1070 1080.28 2184.25
      vertex 1070.18 1080.73 2184.06
    endloop
  endfacet
  facet normal -0 -0.388972 -0.92125
    outer loop
      vertex 1070.18 1080.73 2184.06
      vertex -1070 1080.28 2184.25
      vertex -1070.18 1080.73 2184.06
    endloop
  endfacet
  facet normal 0 0.608936 0.793219
    outer loop
      vertex 1070.52 1096.67 2211.67
      vertex -1070.3 1095.68 2212.43
      vertex 1070.3 1095.68 2212.43
    endloop
  endfacet
  facet normal 0 0.608936 0.793219
    outer loop
      vertex -1070.3 1095.68 2212.43
      vertex 1070.52 1096.67 2211.67
      vertex -1070.52 1096.67 2211.67
    endloop
  endfacet
  facet normal -0 0.607814 0.794079
    outer loop
      vertex -1070.3 1095.68 2212.43
      vertex 1070.57 1093.25 2214.29
      vertex 1070.3 1095.68 2212.43
    endloop
  endfacet
  facet normal 0 0.607814 0.794079
    outer loop
      vertex 1070.57 1093.25 2214.29
      vertex -1070.3 1095.68 2212.43
      vertex -1070.57 1093.25 2214.29
    endloop
  endfacet
  facet normal 0 0.514496 -0.857493
    outer loop
      vertex 1069.98 1089.83 2184.29
      vertex -1069.97 1089.88 2184.32
      vertex 1069.97 1089.88 2184.32
    endloop
  endfacet
  facet normal -5.19017e-06 0.341742 -0.939794
    outer loop
      vertex 1070 1089.72 2184.25
      vertex -1069.97 1089.88 2184.32
      vertex 1069.98 1089.83 2184.29
    endloop
  endfacet
  facet normal 0 0.388972 -0.92125
    outer loop
      vertex -1070 1089.72 2184.25
      vertex 1070 1089.72 2184.25
      vertex 1070.18 1089.27 2184.06
    endloop
  endfacet
  facet normal 1.04181e-05 0.514494 -0.857494
    outer loop
      vertex 1070 1089.72 2184.25
      vertex -1069.98 1089.83 2184.29
      vertex -1069.97 1089.88 2184.32
    endloop
  endfacet
  facet normal 0 0.341743 -0.939793
    outer loop
      vertex 1070 1089.72 2184.25
      vertex -1070 1089.72 2184.25
      vertex -1069.98 1089.83 2184.29
    endloop
  endfacet
  facet normal 0 0.388972 -0.92125
    outer loop
      vertex -1070 1089.72 2184.25
      vertex 1070.18 1089.27 2184.06
      vertex -1070.18 1089.27 2184.06
    endloop
  endfacet
  facet normal 0 0.358979 -0.933346
    outer loop
      vertex -1069.97 1089.88 2184.32
      vertex 1070 1090.01 2184.37
      vertex 1069.97 1089.88 2184.32
    endloop
  endfacet
  facet normal -1.62601e-06 0.382184 -0.924086
    outer loop
      vertex -1069.97 1089.88 2184.32
      vertex 1070.57 1093.25 2185.71
      vertex 1070 1090.01 2184.37
    endloop
  endfacet
  facet normal 4.0905e-05 0.358987 -0.933342
    outer loop
      vertex -1070 1090.01 2184.37
      vertex 1070.57 1093.25 2185.71
      vertex -1069.97 1089.88 2184.32
    endloop
  endfacet
  facet normal 0 0.382184 -0.924086
    outer loop
      vertex 1070.57 1093.25 2185.71
      vertex -1070 1090.01 2184.37
      vertex -1070.57 1093.25 2185.71
    endloop
  endfacet
  facet normal 0 0.991377 -0.131044
    outer loop
      vertex 1070.31 1101.04 2196.52
      vertex -1070.77 1101.5 2200
      vertex 1070.77 1101.5 2200
    endloop
  endfacet
  facet normal 0 0.991377 -0.131044
    outer loop
      vertex 1070.31 1101.04 2196.52
      vertex -1070.31 1101.04 2196.52
      vertex -1070.77 1101.5 2200
    endloop
  endfacet
  facet normal 0 0.992083 -0.12558
    outer loop
      vertex 1070.56 1100.94 2195.73
      vertex -1070.31 1101.04 2196.52
      vertex 1070.31 1101.04 2196.52
    endloop
  endfacet
  facet normal 0 0.992083 -0.12558
    outer loop
      vertex -1070.31 1101.04 2196.52
      vertex 1070.56 1100.94 2195.73
      vertex -1070.56 1100.94 2195.73
    endloop
  endfacet
  facet normal 0 -0.514496 0.857493
    outer loop
      vertex 1069.98 1080.17 2215.71
      vertex -1069.97 1080.12 2215.68
      vertex 1069.97 1080.12 2215.68
    endloop
  endfacet
  facet normal -5.19017e-06 -0.341742 0.939794
    outer loop
      vertex 1070 1080.28 2215.75
      vertex -1069.97 1080.12 2215.68
      vertex 1069.98 1080.17 2215.71
    endloop
  endfacet
  facet normal 0 -0.388972 0.92125
    outer loop
      vertex -1070 1080.28 2215.75
      vertex 1070 1080.28 2215.75
      vertex 1070.18 1080.73 2215.94
    endloop
  endfacet
  facet normal 1.04181e-05 -0.514494 0.857494
    outer loop
      vertex 1070 1080.28 2215.75
      vertex -1069.98 1080.17 2215.71
      vertex -1069.97 1080.12 2215.68
    endloop
  endfacet
  facet normal 0 -0.341743 0.939793
    outer loop
      vertex 1070 1080.28 2215.75
      vertex -1070 1080.28 2215.75
      vertex -1069.98 1080.17 2215.71
    endloop
  endfacet
  facet normal 0 -0.388972 0.92125
    outer loop
      vertex -1070 1080.28 2215.75
      vertex 1070.18 1080.73 2215.94
      vertex -1070.18 1080.73 2215.94
    endloop
  endfacet
  facet normal 0 -0.358979 0.933346
    outer loop
      vertex -1069.97 1080.12 2215.68
      vertex 1070 1079.99 2215.63
      vertex 1069.97 1080.12 2215.68
    endloop
  endfacet
  facet normal -1.62601e-06 -0.382184 0.924086
    outer loop
      vertex -1069.97 1080.12 2215.68
      vertex 1070.57 1076.75 2214.29
      vertex 1070 1079.99 2215.63
    endloop
  endfacet
  facet normal 4.0905e-05 -0.358987 0.933342
    outer loop
      vertex -1070 1079.99 2215.63
      vertex 1070.57 1076.75 2214.29
      vertex -1069.97 1080.12 2215.68
    endloop
  endfacet
  facet normal 0 -0.382184 0.924086
    outer loop
      vertex 1070.57 1076.75 2214.29
      vertex -1070 1079.99 2215.63
      vertex -1070.57 1076.75 2214.29
    endloop
  endfacet
  facet normal 0 -0.923762 -0.382967
    outer loop
      vertex -1070.71 1070.71 2191.75
      vertex 1069.06 1069.06 2195.73
      vertex -1069.06 1069.06 2195.73
    endloop
  endfacet
  facet normal 0 -0.923762 -0.382967
    outer loop
      vertex 1069.06 1069.06 2195.73
      vertex -1070.71 1070.71 2191.75
      vertex 1070.71 1070.71 2191.75
    endloop
  endfacet
  facet normal 0 0.923762 0.382967
    outer loop
      vertex 1070.56 1100.94 2204.27
      vertex -1070.72 1099.29 2208.25
      vertex 1070.72 1099.29 2208.25
    endloop
  endfacet
  facet normal 0 0.923762 0.382967
    outer loop
      vertex -1070.72 1099.29 2208.25
      vertex 1070.56 1100.94 2204.27
      vertex -1070.56 1100.94 2204.27
    endloop
  endfacet
  facet normal 0 0.992083 0.12558
    outer loop
      vertex 1070.31 1101.04 2203.48
      vertex -1070.56 1100.94 2204.27
      vertex 1070.56 1100.94 2204.27
    endloop
  endfacet
  facet normal 0 0.992083 0.12558
    outer loop
      vertex 1070.31 1101.04 2203.48
      vertex -1070.31 1101.04 2203.48
      vertex -1070.56 1100.94 2204.27
    endloop
  endfacet
  facet normal 0 0.991377 0.131044
    outer loop
      vertex 1070.77 1101.5 2200
      vertex -1070.31 1101.04 2203.48
      vertex 1070.31 1101.04 2203.48
    endloop
  endfacet
  facet normal 0 0.991377 0.131044
    outer loop
      vertex -1070.31 1101.04 2203.48
      vertex 1070.77 1101.5 2200
      vertex -1070.77 1101.5 2200
    endloop
  endfacet
  facet normal -0.135371 -0.765006 -0.629635
    outer loop
      vertex -1070.14 1072.14 2189.89
      vertex -1070.71 1070.71 2191.75
      vertex -1070.72 1070.72 2191.74
    endloop
  endfacet
  facet normal 0 -0.792782 -0.609505
    outer loop
      vertex -1070.71 1070.71 2191.75
      vertex -1070.14 1072.14 2189.89
      vertex 1070.71 1070.71 2191.75
    endloop
  endfacet
  facet normal -0 -0.792782 -0.609505
    outer loop
      vertex 1070.14 1072.14 2189.89
      vertex 1070.71 1070.71 2191.75
      vertex -1070.14 1072.14 2189.89
    endloop
  endfacet
  facet normal 0.135371 -0.765006 -0.629635
    outer loop
      vertex 1070.71 1070.71 2191.75
      vertex 1070.14 1072.14 2189.89
      vertex 1070.72 1070.72 2191.74
    endloop
  endfacet
  facet normal 0 -0.795081 -0.606504
    outer loop
      vertex -1070.52 1073.33 2188.33
      vertex 1070.14 1072.14 2189.89
      vertex -1070.14 1072.14 2189.89
    endloop
  endfacet
  facet normal 0 -0.795081 -0.606504
    outer loop
      vertex 1070.14 1072.14 2189.89
      vertex -1070.52 1073.33 2188.33
      vertex 1070.52 1073.33 2188.33
    endloop
  endfacet
  facet normal 0 -0.795081 0.606504
    outer loop
      vertex -1070.14 1072.14 2210.11
      vertex 1070.52 1073.33 2211.67
      vertex -1070.52 1073.33 2211.67
    endloop
  endfacet
  facet normal 0 -0.795081 0.606504
    outer loop
      vertex -1070.14 1072.14 2210.11
      vertex 1070.14 1072.14 2210.11
      vertex 1070.52 1073.33 2211.67
    endloop
  endfacet
  facet normal -0.135371 -0.765006 0.629635
    outer loop
      vertex -1070.71 1070.71 2208.25
      vertex -1070.14 1072.14 2210.11
      vertex -1070.72 1070.72 2208.26
    endloop
  endfacet
  facet normal 0 -0.792782 0.609505
    outer loop
      vertex -1070.14 1072.14 2210.11
      vertex -1070.71 1070.71 2208.25
      vertex 1070.14 1072.14 2210.11
    endloop
  endfacet
  facet normal 0 -0.792782 0.609505
    outer loop
      vertex 1070.71 1070.71 2208.25
      vertex 1070.14 1072.14 2210.11
      vertex -1070.71 1070.71 2208.25
    endloop
  endfacet
  facet normal 0.135371 -0.765006 0.629635
    outer loop
      vertex 1070.14 1072.14 2210.11
      vertex 1070.71 1070.71 2208.25
      vertex 1070.72 1070.72 2208.26
    endloop
  endfacet
  facet normal 0 0.923762 -0.382967
    outer loop
      vertex 1070.72 1099.29 2191.75
      vertex -1070.56 1100.94 2195.73
      vertex 1070.56 1100.94 2195.73
    endloop
  endfacet
  facet normal 0 0.923762 -0.382967
    outer loop
      vertex -1070.56 1100.94 2195.73
      vertex 1070.72 1099.29 2191.75
      vertex -1070.72 1099.29 2191.75
    endloop
  endfacet
  facet normal 0 -0.99151 0.130034
    outer loop
      vertex -1068.5 1068.5 2200
      vertex 1069.06 1069.06 2204.27
      vertex -1069.06 1069.06 2204.27
    endloop
  endfacet
  facet normal 0 -0.99151 0.130034
    outer loop
      vertex 1069.06 1069.06 2204.27
      vertex -1068.5 1068.5 2200
      vertex 1068.5 1068.5 2200
    endloop
  endfacet
  facet normal 0 -0.99151 -0.130034
    outer loop
      vertex -1069.06 1069.06 2195.73
      vertex 1068.5 1068.5 2200
      vertex -1068.5 1068.5 2200
    endloop
  endfacet
  facet normal 0 -0.99151 -0.130034
    outer loop
      vertex 1068.5 1068.5 2200
      vertex -1069.06 1069.06 2195.73
      vertex 1069.06 1069.06 2195.73
    endloop
  endfacet
  facet normal 0 0.358979 0.933346
    outer loop
      vertex 1070 1090.01 2215.63
      vertex -1069.97 1089.88 2215.68
      vertex 1069.97 1089.88 2215.68
    endloop
  endfacet
  facet normal -1.62601e-06 0.382184 0.924086
    outer loop
      vertex 1070.57 1093.25 2214.29
      vertex -1069.97 1089.88 2215.68
      vertex 1070 1090.01 2215.63
    endloop
  endfacet
  facet normal 4.0905e-05 0.358987 0.933342
    outer loop
      vertex 1070.57 1093.25 2214.29
      vertex -1070 1090.01 2215.63
      vertex -1069.97 1089.88 2215.68
    endloop
  endfacet
  facet normal 0 0.382184 0.924086
    outer loop
      vertex -1070 1090.01 2215.63
      vertex 1070.57 1093.25 2214.29
      vertex -1070.57 1093.25 2214.29
    endloop
  endfacet
  facet normal -0 0.514496 0.857493
    outer loop
      vertex -1069.97 1089.88 2215.68
      vertex 1069.98 1089.83 2215.71
      vertex 1069.97 1089.88 2215.68
    endloop
  endfacet
  facet normal -5.19017e-06 0.341742 0.939794
    outer loop
      vertex -1069.97 1089.88 2215.68
      vertex 1070 1089.72 2215.75
      vertex 1069.98 1089.83 2215.71
    endloop
  endfacet
  facet normal 1.04181e-05 0.514494 0.857494
    outer loop
      vertex -1069.98 1089.83 2215.71
      vertex 1070 1089.72 2215.75
      vertex -1069.97 1089.88 2215.68
    endloop
  endfacet
  facet normal -0 0.341743 0.939793
    outer loop
      vertex -1070 1089.72 2215.75
      vertex 1070 1089.72 2215.75
      vertex -1069.98 1089.83 2215.71
    endloop
  endfacet
  facet normal 0 0.388972 0.92125
    outer loop
      vertex 1070 1089.72 2215.75
      vertex -1070 1089.72 2215.75
      vertex 1070.18 1089.27 2215.94
    endloop
  endfacet
  facet normal 0 0.388972 0.92125
    outer loop
      vertex 1070.18 1089.27 2215.94
      vertex -1070 1089.72 2215.75
      vertex -1070.18 1089.27 2215.94
    endloop
  endfacet
  facet normal 0 -0.923762 0.382967
    outer loop
      vertex -1069.06 1069.06 2204.27
      vertex 1070.71 1070.71 2208.25
      vertex -1070.71 1070.71 2208.25
    endloop
  endfacet
  facet normal 0 -0.923762 0.382967
    outer loop
      vertex 1070.71 1070.71 2208.25
      vertex -1069.06 1069.06 2204.27
      vertex 1069.06 1069.06 2204.27
    endloop
  endfacet
  facet normal 0.633493 -0.115181 0.765128
    outer loop
      vertex 1070.28 1085 2216.5
      vertex 1070.18 1080.73 2215.94
      vertex 1070.27 1084.48 2216.43
    endloop
  endfacet
  facet normal 0 -0.130034 0.99151
    outer loop
      vertex 1070.28 1085 2216.5
      vertex -1070.18 1080.73 2215.94
      vertex 1070.18 1080.73 2215.94
    endloop
  endfacet
  facet normal -9.51164e-07 -0.129565 0.991571
    outer loop
      vertex 1070.28 1085 2216.5
      vertex -1070.27 1084.48 2216.43
      vertex -1070.18 1080.73 2215.94
    endloop
  endfacet
  facet normal 0 -0.133412 0.991061
    outer loop
      vertex -1070.27 1084.48 2216.43
      vertex 1070.28 1085 2216.5
      vertex -1070.28 1085 2216.5
    endloop
  endfacet
  facet normal -0.388972 0 -0.92125
    outer loop
      vertex -1089.72 -1070 2184.25
      vertex -1089.27 1070.18 2184.06
      vertex -1089.27 -1070.18 2184.06
    endloop
  endfacet
  facet normal -0.388972 0 -0.92125
    outer loop
      vertex -1089.72 -1070 2184.25
      vertex -1089.72 1070 2184.25
      vertex -1089.27 1070.18 2184.06
    endloop
  endfacet
  facet normal -0.341743 0 -0.939793
    outer loop
      vertex -1089.83 -1069.98 2184.29
      vertex -1089.72 1070 2184.25
      vertex -1089.72 -1070 2184.25
    endloop
  endfacet
  facet normal -0.341743 0 -0.939793
    outer loop
      vertex -1089.83 -1069.98 2184.29
      vertex -1089.83 1069.98 2184.29
      vertex -1089.72 1070 2184.25
    endloop
  endfacet
  facet normal -0.514496 0 -0.857493
    outer loop
      vertex -1089.88 -1069.97 2184.32
      vertex -1089.83 1069.98 2184.29
      vertex -1089.83 -1069.98 2184.29
    endloop
  endfacet
  facet normal -0.514496 0 -0.857493
    outer loop
      vertex -1089.88 -1069.97 2184.32
      vertex -1089.88 1069.97 2184.32
      vertex -1089.83 1069.98 2184.29
    endloop
  endfacet
  facet normal -0.358979 0 -0.933346
    outer loop
      vertex -1090.01 -1070 2184.37
      vertex -1089.88 1069.97 2184.32
      vertex -1089.88 -1069.97 2184.32
    endloop
  endfacet
  facet normal -0.358979 0 -0.933346
    outer loop
      vertex -1090.01 -1070 2184.37
      vertex -1090.01 1070 2184.37
      vertex -1089.88 1069.97 2184.32
    endloop
  endfacet
  facet normal -0.382184 0 -0.924086
    outer loop
      vertex -1093.25 -1070.57 2185.71
      vertex -1090.01 1070 2184.37
      vertex -1090.01 -1070 2184.37
    endloop
  endfacet
  facet normal -0.382184 0 -0.924086
    outer loop
      vertex -1090.01 1070 2184.37
      vertex -1093.25 -1070.57 2185.71
      vertex -1093.25 1070.57 2185.71
    endloop
  endfacet
  facet normal -0.133412 0 -0.991061
    outer loop
      vertex -1085.52 -1070.27 2183.57
      vertex -1085 1070.28 2183.5
      vertex -1085 -1070.28 2183.5
    endloop
  endfacet
  facet normal -0.133412 0 -0.991061
    outer loop
      vertex -1085.52 -1070.27 2183.57
      vertex -1085.52 1070.27 2183.57
      vertex -1085 1070.28 2183.5
    endloop
  endfacet
  facet normal -0.129565 0 -0.991571
    outer loop
      vertex -1089.27 -1070.18 2184.06
      vertex -1085.52 1070.27 2183.57
      vertex -1085.52 -1070.27 2183.57
    endloop
  endfacet
  facet normal -0.129565 0 -0.991571
    outer loop
      vertex -1085.52 1070.27 2183.57
      vertex -1089.27 -1070.18 2184.06
      vertex -1089.27 1070.18 2184.06
    endloop
  endfacet
  facet normal -0.607814 0 -0.794079
    outer loop
      vertex -1095.68 -1070.3 2187.57
      vertex -1093.25 1070.57 2185.71
      vertex -1093.25 -1070.57 2185.71
    endloop
  endfacet
  facet normal -0.607814 0 -0.794079
    outer loop
      vertex -1095.68 -1070.3 2187.57
      vertex -1095.68 1070.3 2187.57
      vertex -1093.25 1070.57 2185.71
    endloop
  endfacet
  facet normal -0.608936 0 -0.793219
    outer loop
      vertex -1096.67 -1070.52 2188.33
      vertex -1095.68 1070.3 2187.57
      vertex -1095.68 -1070.3 2187.57
    endloop
  endfacet
  facet normal -0.608936 0 -0.793219
    outer loop
      vertex -1095.68 1070.3 2187.57
      vertex -1096.67 -1070.52 2188.33
      vertex -1096.67 1070.52 2188.33
    endloop
  endfacet
  facet normal -0.133412 0 0.991061
    outer loop
      vertex -1085.52 1070.27 2216.43
      vertex -1085 -1070.28 2216.5
      vertex -1085 1070.28 2216.5
    endloop
  endfacet
  facet normal -0.133412 0 0.991061
    outer loop
      vertex -1085.52 1070.27 2216.43
      vertex -1085.52 -1070.27 2216.43
      vertex -1085 -1070.28 2216.5
    endloop
  endfacet
  facet normal -0.129565 0 0.991571
    outer loop
      vertex -1089.27 1070.18 2215.94
      vertex -1085.52 -1070.27 2216.43
      vertex -1085.52 1070.27 2216.43
    endloop
  endfacet
  facet normal -0.129565 0 0.991571
    outer loop
      vertex -1085.52 -1070.27 2216.43
      vertex -1089.27 1070.18 2215.94
      vertex -1089.27 -1070.18 2215.94
    endloop
  endfacet
  facet normal 0.608936 0 0.793219
    outer loop
      vertex -1074.32 1070.3 2212.43
      vertex -1073.33 -1070.52 2211.67
      vertex -1073.33 1070.52 2211.67
    endloop
  endfacet
  facet normal 0.608936 0 0.793219
    outer loop
      vertex -1074.32 1070.3 2212.43
      vertex -1074.32 -1070.3 2212.43
      vertex -1073.33 -1070.52 2211.67
    endloop
  endfacet
  facet normal 0.607814 0 0.794079
    outer loop
      vertex -1076.75 1070.57 2214.29
      vertex -1074.32 -1070.3 2212.43
      vertex -1074.32 1070.3 2212.43
    endloop
  endfacet
  facet normal 0.607814 0 0.794079
    outer loop
      vertex -1074.32 -1070.3 2212.43
      vertex -1076.75 1070.57 2214.29
      vertex -1076.75 -1070.57 2214.29
    endloop
  endfacet
  facet normal -0.923762 0 0.382967
    outer loop
      vertex -1100.94 -1070.56 2204.27
      vertex -1099.29 1070.72 2208.25
      vertex -1100.94 1070.56 2204.27
    endloop
  endfacet
  facet normal -0.923762 0 0.382967
    outer loop
      vertex -1099.29 1070.72 2208.25
      vertex -1100.94 -1070.56 2204.27
      vertex -1099.29 -1070.72 2208.25
    endloop
  endfacet
  facet normal -0.795081 0 -0.606504
    outer loop
      vertex -1096.67 1070.52 2188.33
      vertex -1097.86 -1070.14 2189.89
      vertex -1097.86 1070.14 2189.89
    endloop
  endfacet
  facet normal -0.795081 0 -0.606504
    outer loop
      vertex -1097.86 -1070.14 2189.89
      vertex -1096.67 1070.52 2188.33
      vertex -1096.67 -1070.52 2188.33
    endloop
  endfacet
  facet normal -0.792782 0 -0.609505
    outer loop
      vertex -1097.86 -1070.14 2189.89
      vertex -1099.29 1070.72 2191.75
      vertex -1097.86 1070.14 2189.89
    endloop
  endfacet
  facet normal -0.792782 -0 -0.609505
    outer loop
      vertex -1099.29 1070.72 2191.75
      vertex -1097.86 -1070.14 2189.89
      vertex -1099.29 -1070.72 2191.75
    endloop
  endfacet
  facet normal 0.99151 0 -0.130034
    outer loop
      vertex -1068.5 -1068.5 2200
      vertex -1069.06 1069.06 2195.73
      vertex -1068.5 1068.5 2200
    endloop
  endfacet
  facet normal 0.99151 0 -0.130034
    outer loop
      vertex -1069.06 1069.06 2195.73
      vertex -1068.5 -1068.5 2200
      vertex -1069.06 -1069.06 2195.73
    endloop
  endfacet
  facet normal 0.608936 0 -0.793219
    outer loop
      vertex -1074.32 -1070.3 2187.57
      vertex -1073.33 1070.52 2188.33
      vertex -1073.33 -1070.52 2188.33
    endloop
  endfacet
  facet normal 0.608936 0 -0.793219
    outer loop
      vertex -1074.32 -1070.3 2187.57
      vertex -1074.32 1070.3 2187.57
      vertex -1073.33 1070.52 2188.33
    endloop
  endfacet
  facet normal 0.607814 0 -0.794079
    outer loop
      vertex -1076.75 -1070.57 2185.71
      vertex -1074.32 1070.3 2187.57
      vertex -1074.32 -1070.3 2187.57
    endloop
  endfacet
  facet normal 0.607814 0 -0.794079
    outer loop
      vertex -1074.32 1070.3 2187.57
      vertex -1076.75 -1070.57 2185.71
      vertex -1076.75 1070.57 2185.71
    endloop
  endfacet
  facet normal 0.923762 0 -0.382967
    outer loop
      vertex -1069.06 -1069.06 2195.73
      vertex -1070.71 1070.71 2191.75
      vertex -1069.06 1069.06 2195.73
    endloop
  endfacet
  facet normal 0.923762 0 -0.382967
    outer loop
      vertex -1070.71 1070.71 2191.75
      vertex -1069.06 -1069.06 2195.73
      vertex -1070.71 -1070.71 2191.75
    endloop
  endfacet
  facet normal -0.792782 0 0.609505
    outer loop
      vertex -1099.29 1070.72 2208.25
      vertex -1097.86 -1070.14 2210.11
      vertex -1097.86 1070.14 2210.11
    endloop
  endfacet
  facet normal -0.792782 0 0.609505
    outer loop
      vertex -1097.86 -1070.14 2210.11
      vertex -1099.29 1070.72 2208.25
      vertex -1099.29 -1070.72 2208.25
    endloop
  endfacet
  facet normal -0.795081 0 0.606504
    outer loop
      vertex -1097.86 -1070.14 2210.11
      vertex -1096.67 1070.52 2211.67
      vertex -1097.86 1070.14 2210.11
    endloop
  endfacet
  facet normal -0.795081 0 0.606504
    outer loop
      vertex -1096.67 1070.52 2211.67
      vertex -1097.86 -1070.14 2210.11
      vertex -1096.67 -1070.52 2211.67
    endloop
  endfacet
  facet normal 0.382184 0 -0.924086
    outer loop
      vertex -1079.99 -1070 2184.37
      vertex -1076.75 1070.57 2185.71
      vertex -1076.75 -1070.57 2185.71
    endloop
  endfacet
  facet normal 0.382184 0 -0.924086
    outer loop
      vertex -1079.99 -1070 2184.37
      vertex -1079.99 1070 2184.37
      vertex -1076.75 1070.57 2185.71
    endloop
  endfacet
  facet normal 0.358979 0 -0.933346
    outer loop
      vertex -1080.12 -1069.97 2184.32
      vertex -1079.99 1070 2184.37
      vertex -1079.99 -1070 2184.37
    endloop
  endfacet
  facet normal 0.358979 0 -0.933346
    outer loop
      vertex -1080.12 -1069.97 2184.32
      vertex -1080.12 1069.97 2184.32
      vertex -1079.99 1070 2184.37
    endloop
  endfacet
  facet normal 0.514496 0 -0.857493
    outer loop
      vertex -1080.17 -1069.98 2184.29
      vertex -1080.12 1069.97 2184.32
      vertex -1080.12 -1069.97 2184.32
    endloop
  endfacet
  facet normal 0.514496 0 -0.857493
    outer loop
      vertex -1080.17 -1069.98 2184.29
      vertex -1080.17 1069.98 2184.29
      vertex -1080.12 1069.97 2184.32
    endloop
  endfacet
  facet normal 0.341743 0 -0.939793
    outer loop
      vertex -1080.28 -1070 2184.25
      vertex -1080.17 1069.98 2184.29
      vertex -1080.17 -1069.98 2184.29
    endloop
  endfacet
  facet normal 0.341743 0 -0.939793
    outer loop
      vertex -1080.28 -1070 2184.25
      vertex -1080.28 1070 2184.25
      vertex -1080.17 1069.98 2184.29
    endloop
  endfacet
  facet normal 0.388972 0 -0.92125
    outer loop
      vertex -1080.73 -1070.18 2184.06
      vertex -1080.28 1070 2184.25
      vertex -1080.28 -1070 2184.25
    endloop
  endfacet
  facet normal 0.388972 0 -0.92125
    outer loop
      vertex -1080.28 1070 2184.25
      vertex -1080.73 -1070.18 2184.06
      vertex -1080.73 1070.18 2184.06
    endloop
  endfacet
  facet normal -0.992083 0 -0.12558
    outer loop
      vertex -1100.94 1070.56 2195.73
      vertex -1101.04 -1070.31 2196.52
      vertex -1101.04 1070.31 2196.52
    endloop
  endfacet
  facet normal -0.992083 0 -0.12558
    outer loop
      vertex -1101.04 -1070.31 2196.52
      vertex -1100.94 1070.56 2195.73
      vertex -1100.94 -1070.56 2195.73
    endloop
  endfacet
  facet normal -0.991377 0 -0.131044
    outer loop
      vertex -1101.04 -1070.31 2196.52
      vertex -1101.5 1070.77 2200
      vertex -1101.04 1070.31 2196.52
    endloop
  endfacet
  facet normal -0.991377 -0 -0.131044
    outer loop
      vertex -1101.5 1070.77 2200
      vertex -1101.04 -1070.31 2196.52
      vertex -1101.5 -1070.77 2200
    endloop
  endfacet
  facet normal -0.607814 0 0.794079
    outer loop
      vertex -1095.68 1070.3 2212.43
      vertex -1093.25 -1070.57 2214.29
      vertex -1093.25 1070.57 2214.29
    endloop
  endfacet
  facet normal -0.607814 0 0.794079
    outer loop
      vertex -1095.68 1070.3 2212.43
      vertex -1095.68 -1070.3 2212.43
      vertex -1093.25 -1070.57 2214.29
    endloop
  endfacet
  facet normal -0.608936 0 0.793219
    outer loop
      vertex -1096.67 1070.52 2211.67
      vertex -1095.68 -1070.3 2212.43
      vertex -1095.68 1070.3 2212.43
    endloop
  endfacet
  facet normal -0.608936 0 0.793219
    outer loop
      vertex -1095.68 -1070.3 2212.43
      vertex -1096.67 1070.52 2211.67
      vertex -1096.67 -1070.52 2211.67
    endloop
  endfacet
  facet normal -0.991377 0 0.131044
    outer loop
      vertex -1101.5 1070.77 2200
      vertex -1101.04 -1070.31 2203.48
      vertex -1101.04 1070.31 2203.48
    endloop
  endfacet
  facet normal -0.991377 0 0.131044
    outer loop
      vertex -1101.04 -1070.31 2203.48
      vertex -1101.5 1070.77 2200
      vertex -1101.5 -1070.77 2200
    endloop
  endfacet
  facet normal -0.992083 0 0.12558
    outer loop
      vertex -1101.04 -1070.31 2203.48
      vertex -1100.94 1070.56 2204.27
      vertex -1101.04 1070.31 2203.48
    endloop
  endfacet
  facet normal -0.992083 0 0.12558
    outer loop
      vertex -1100.94 1070.56 2204.27
      vertex -1101.04 -1070.31 2203.48
      vertex -1100.94 -1070.56 2204.27
    endloop
  endfacet
  facet normal 0.765006 0.135371 -0.629635
    outer loop
      vertex -1070.71 1070.71 2191.75
      vertex -1072.14 1070.14 2189.89
      vertex -1070.72 1070.72 2191.74
    endloop
  endfacet
  facet normal 0.792782 0 -0.609505
    outer loop
      vertex -1070.71 1070.71 2191.75
      vertex -1072.14 -1070.14 2189.89
      vertex -1072.14 1070.14 2189.89
    endloop
  endfacet
  facet normal 0.792782 0 -0.609505
    outer loop
      vertex -1070.71 -1070.71 2191.75
      vertex -1072.14 -1070.14 2189.89
      vertex -1070.71 1070.71 2191.75
    endloop
  endfacet
  facet normal 0.765006 -0.135371 -0.629635
    outer loop
      vertex -1072.14 -1070.14 2189.89
      vertex -1070.71 -1070.71 2191.75
      vertex -1070.72 -1070.72 2191.74
    endloop
  endfacet
  facet normal 0.795081 0 -0.606504
    outer loop
      vertex -1072.14 -1070.14 2189.89
      vertex -1073.33 1070.52 2188.33
      vertex -1072.14 1070.14 2189.89
    endloop
  endfacet
  facet normal 0.795081 0 -0.606504
    outer loop
      vertex -1073.33 1070.52 2188.33
      vertex -1072.14 -1070.14 2189.89
      vertex -1073.33 -1070.52 2188.33
    endloop
  endfacet
  facet normal -0.923762 0 -0.382967
    outer loop
      vertex -1099.29 1070.72 2191.75
      vertex -1100.94 -1070.56 2195.73
      vertex -1100.94 1070.56 2195.73
    endloop
  endfacet
  facet normal -0.923762 0 -0.382967
    outer loop
      vertex -1100.94 -1070.56 2195.73
      vertex -1099.29 1070.72 2191.75
      vertex -1099.29 -1070.72 2191.75
    endloop
  endfacet
  facet normal 0.99151 0 0.130034
    outer loop
      vertex -1069.06 1069.06 2204.27
      vertex -1068.5 -1068.5 2200
      vertex -1068.5 1068.5 2200
    endloop
  endfacet
  facet normal 0.99151 0 0.130034
    outer loop
      vertex -1068.5 -1068.5 2200
      vertex -1069.06 1069.06 2204.27
      vertex -1069.06 -1069.06 2204.27
    endloop
  endfacet
  facet normal 0.129565 0 -0.991571
    outer loop
      vertex -1084.48 -1070.27 2183.57
      vertex -1080.73 1070.18 2184.06
      vertex -1080.73 -1070.18 2184.06
    endloop
  endfacet
  facet normal 0.129565 0 -0.991571
    outer loop
      vertex -1084.48 -1070.27 2183.57
      vertex -1084.48 1070.27 2183.57
      vertex -1080.73 1070.18 2184.06
    endloop
  endfacet
  facet normal 0.133412 0 -0.991061
    outer loop
      vertex -1085 -1070.28 2183.5
      vertex -1084.48 1070.27 2183.57
      vertex -1084.48 -1070.27 2183.57
    endloop
  endfacet
  facet normal 0.133412 0 -0.991061
    outer loop
      vertex -1084.48 1070.27 2183.57
      vertex -1085 -1070.28 2183.5
      vertex -1085 1070.28 2183.5
    endloop
  endfacet
  facet normal 0.382184 0 0.924086
    outer loop
      vertex -1079.99 1070 2215.63
      vertex -1076.75 -1070.57 2214.29
      vertex -1076.75 1070.57 2214.29
    endloop
  endfacet
  facet normal 0.382184 0 0.924086
    outer loop
      vertex -1079.99 1070 2215.63
      vertex -1079.99 -1070 2215.63
      vertex -1076.75 -1070.57 2214.29
    endloop
  endfacet
  facet normal 0.358979 0 0.933346
    outer loop
      vertex -1080.12 1069.97 2215.68
      vertex -1079.99 -1070 2215.63
      vertex -1079.99 1070 2215.63
    endloop
  endfacet
  facet normal 0.358979 0 0.933346
    outer loop
      vertex -1080.12 1069.97 2215.68
      vertex -1080.12 -1069.97 2215.68
      vertex -1079.99 -1070 2215.63
    endloop
  endfacet
  facet normal 0.514496 0 0.857493
    outer loop
      vertex -1080.17 1069.98 2215.71
      vertex -1080.12 -1069.97 2215.68
      vertex -1080.12 1069.97 2215.68
    endloop
  endfacet
  facet normal 0.514496 0 0.857493
    outer loop
      vertex -1080.17 1069.98 2215.71
      vertex -1080.17 -1069.98 2215.71
      vertex -1080.12 -1069.97 2215.68
    endloop
  endfacet
  facet normal 0.341743 0 0.939793
    outer loop
      vertex -1080.28 1070 2215.75
      vertex -1080.17 -1069.98 2215.71
      vertex -1080.17 1069.98 2215.71
    endloop
  endfacet
  facet normal 0.341743 0 0.939793
    outer loop
      vertex -1080.28 1070 2215.75
      vertex -1080.28 -1070 2215.75
      vertex -1080.17 -1069.98 2215.71
    endloop
  endfacet
  facet normal 0.388972 0 0.92125
    outer loop
      vertex -1080.73 1070.18 2215.94
      vertex -1080.28 -1070 2215.75
      vertex -1080.28 1070 2215.75
    endloop
  endfacet
  facet normal 0.388972 0 0.92125
    outer loop
      vertex -1080.28 -1070 2215.75
      vertex -1080.73 1070.18 2215.94
      vertex -1080.73 -1070.18 2215.94
    endloop
  endfacet
  facet normal -0.388972 0 0.92125
    outer loop
      vertex -1089.72 1070 2215.75
      vertex -1089.27 -1070.18 2215.94
      vertex -1089.27 1070.18 2215.94
    endloop
  endfacet
  facet normal -0.388972 0 0.92125
    outer loop
      vertex -1089.72 1070 2215.75
      vertex -1089.72 -1070 2215.75
      vertex -1089.27 -1070.18 2215.94
    endloop
  endfacet
  facet normal -0.341743 0 0.939793
    outer loop
      vertex -1089.83 1069.98 2215.71
      vertex -1089.72 -1070 2215.75
      vertex -1089.72 1070 2215.75
    endloop
  endfacet
  facet normal -0.341743 0 0.939793
    outer loop
      vertex -1089.83 1069.98 2215.71
      vertex -1089.83 -1069.98 2215.71
      vertex -1089.72 -1070 2215.75
    endloop
  endfacet
  facet normal -0.514496 0 0.857493
    outer loop
      vertex -1089.88 1069.97 2215.68
      vertex -1089.83 -1069.98 2215.71
      vertex -1089.83 1069.98 2215.71
    endloop
  endfacet
  facet normal -0.514496 0 0.857493
    outer loop
      vertex -1089.88 1069.97 2215.68
      vertex -1089.88 -1069.97 2215.68
      vertex -1089.83 -1069.98 2215.71
    endloop
  endfacet
  facet normal -0.358979 0 0.933346
    outer loop
      vertex -1090.01 1070 2215.63
      vertex -1089.88 -1069.97 2215.68
      vertex -1089.88 1069.97 2215.68
    endloop
  endfacet
  facet normal -0.358979 0 0.933346
    outer loop
      vertex -1090.01 1070 2215.63
      vertex -1090.01 -1070 2215.63
      vertex -1089.88 -1069.97 2215.68
    endloop
  endfacet
  facet normal -0.382184 0 0.924086
    outer loop
      vertex -1093.25 1070.57 2214.29
      vertex -1090.01 -1070 2215.63
      vertex -1090.01 1070 2215.63
    endloop
  endfacet
  facet normal -0.382184 0 0.924086
    outer loop
      vertex -1090.01 -1070 2215.63
      vertex -1093.25 1070.57 2214.29
      vertex -1093.25 -1070.57 2214.29
    endloop
  endfacet
  facet normal 0.923762 0 0.382967
    outer loop
      vertex -1070.71 1070.71 2208.25
      vertex -1069.06 -1069.06 2204.27
      vertex -1069.06 1069.06 2204.27
    endloop
  endfacet
  facet normal 0.923762 0 0.382967
    outer loop
      vertex -1069.06 -1069.06 2204.27
      vertex -1070.71 1070.71 2208.25
      vertex -1070.71 -1070.71 2208.25
    endloop
  endfacet
  facet normal 0.129565 0 0.991571
    outer loop
      vertex -1084.48 1070.27 2216.43
      vertex -1080.73 -1070.18 2215.94
      vertex -1080.73 1070.18 2215.94
    endloop
  endfacet
  facet normal 0.129565 0 0.991571
    outer loop
      vertex -1084.48 1070.27 2216.43
      vertex -1084.48 -1070.27 2216.43
      vertex -1080.73 -1070.18 2215.94
    endloop
  endfacet
  facet normal 0.133412 0 0.991061
    outer loop
      vertex -1085 1070.28 2216.5
      vertex -1084.48 -1070.27 2216.43
      vertex -1084.48 1070.27 2216.43
    endloop
  endfacet
  facet normal 0.133412 0 0.991061
    outer loop
      vertex -1084.48 -1070.27 2216.43
      vertex -1085 1070.28 2216.5
      vertex -1085 -1070.28 2216.5
    endloop
  endfacet
  facet normal 0.795081 0 0.606504
    outer loop
      vertex -1073.33 1070.52 2211.67
      vertex -1072.14 -1070.14 2210.11
      vertex -1072.14 1070.14 2210.11
    endloop
  endfacet
  facet normal 0.795081 0 0.606504
    outer loop
      vertex -1072.14 -1070.14 2210.11
      vertex -1073.33 1070.52 2211.67
      vertex -1073.33 -1070.52 2211.67
    endloop
  endfacet
  facet normal 0.765006 0.135371 0.629635
    outer loop
      vertex -1072.14 1070.14 2210.11
      vertex -1070.71 1070.71 2208.25
      vertex -1070.72 1070.72 2208.26
    endloop
  endfacet
  facet normal 0.792782 -0 0.609505
    outer loop
      vertex -1072.14 -1070.14 2210.11
      vertex -1070.71 1070.71 2208.25
      vertex -1072.14 1070.14 2210.11
    endloop
  endfacet
  facet normal 0.792782 0 0.609505
    outer loop
      vertex -1072.14 -1070.14 2210.11
      vertex -1070.71 -1070.71 2208.25
      vertex -1070.71 1070.71 2208.25
    endloop
  endfacet
  facet normal 0.765006 -0.135371 0.629635
    outer loop
      vertex -1070.71 -1070.71 2208.25
      vertex -1072.14 -1070.14 2210.11
      vertex -1070.72 -1070.72 2208.26
    endloop
  endfacet
  facet normal 0.135371 0.765006 -0.629635
    outer loop
      vertex 1070.14 -1072.14 2189.89
      vertex 1070.71 -1070.71 2191.75
      vertex 1070.72 -1070.72 2191.74
    endloop
  endfacet
  facet normal 0 0.792782 -0.609505
    outer loop
      vertex 1070.71 -1070.71 2191.75
      vertex 1070.14 -1072.14 2189.89
      vertex -1070.71 -1070.71 2191.75
    endloop
  endfacet
  facet normal 0 0.792782 -0.609505
    outer loop
      vertex -1070.14 -1072.14 2189.89
      vertex -1070.71 -1070.71 2191.75
      vertex 1070.14 -1072.14 2189.89
    endloop
  endfacet
  facet normal -0.135371 0.765006 -0.629635
    outer loop
      vertex -1070.71 -1070.71 2191.75
      vertex -1070.14 -1072.14 2189.89
      vertex -1070.72 -1070.72 2191.74
    endloop
  endfacet
  facet normal 0 0.795081 -0.606504
    outer loop
      vertex 1070.52 -1073.33 2188.33
      vertex -1070.14 -1072.14 2189.89
      vertex 1070.14 -1072.14 2189.89
    endloop
  endfacet
  facet normal 0 0.795081 -0.606504
    outer loop
      vertex -1070.14 -1072.14 2189.89
      vertex 1070.52 -1073.33 2188.33
      vertex -1070.52 -1073.33 2188.33
    endloop
  endfacet
  facet normal 0 -0.358979 -0.933346
    outer loop
      vertex 1070 -1090.01 2184.37
      vertex -1069.97 -1089.88 2184.32
      vertex 1069.97 -1089.88 2184.32
    endloop
  endfacet
  facet normal -1.62601e-06 -0.382184 -0.924086
    outer loop
      vertex 1070.57 -1093.25 2185.71
      vertex -1069.97 -1089.88 2184.32
      vertex 1070 -1090.01 2184.37
    endloop
  endfacet
  facet normal 4.0905e-05 -0.358987 -0.933342
    outer loop
      vertex 1070.57 -1093.25 2185.71
      vertex -1070 -1090.01 2184.37
      vertex -1069.97 -1089.88 2184.32
    endloop
  endfacet
  facet normal 0 -0.382184 -0.924086
    outer loop
      vertex -1070 -1090.01 2184.37
      vertex 1070.57 -1093.25 2185.71
      vertex -1070.57 -1093.25 2185.71
    endloop
  endfacet
  facet normal 0 -0.514496 -0.857493
    outer loop
      vertex -1069.97 -1089.88 2184.32
      vertex 1069.98 -1089.83 2184.29
      vertex 1069.97 -1089.88 2184.32
    endloop
  endfacet
  facet normal -5.19017e-06 -0.341742 -0.939794
    outer loop
      vertex -1069.97 -1089.88 2184.32
      vertex 1070 -1089.72 2184.25
      vertex 1069.98 -1089.83 2184.29
    endloop
  endfacet
  facet normal 1.04181e-05 -0.514494 -0.857494
    outer loop
      vertex -1069.98 -1089.83 2184.29
      vertex 1070 -1089.72 2184.25
      vertex -1069.97 -1089.88 2184.32
    endloop
  endfacet
  facet normal 0 -0.341743 -0.939793
    outer loop
      vertex -1070 -1089.72 2184.25
      vertex 1070 -1089.72 2184.25
      vertex -1069.98 -1089.83 2184.29
    endloop
  endfacet
  facet normal -0 -0.388972 -0.92125
    outer loop
      vertex 1070 -1089.72 2184.25
      vertex -1070 -1089.72 2184.25
      vertex 1070.18 -1089.27 2184.06
    endloop
  endfacet
  facet normal -0 -0.388972 -0.92125
    outer loop
      vertex 1070.18 -1089.27 2184.06
      vertex -1070 -1089.72 2184.25
      vertex -1070.18 -1089.27 2184.06
    endloop
  endfacet
  facet normal 0.633493 -0.115181 -0.765128
    outer loop
      vertex 1070.18 -1089.27 2184.06
      vertex 1070.28 -1085 2183.5
      vertex 1070.27 -1085.52 2183.57
    endloop
  endfacet
  facet normal 0 -0.130034 -0.99151
    outer loop
      vertex -1070.18 -1089.27 2184.06
      vertex 1070.28 -1085 2183.5
      vertex 1070.18 -1089.27 2184.06
    endloop
  endfacet
  facet normal -9.51164e-07 -0.129565 -0.991571
    outer loop
      vertex -1070.27 -1085.52 2183.57
      vertex 1070.28 -1085 2183.5
      vertex -1070.18 -1089.27 2184.06
    endloop
  endfacet
  facet normal -0 -0.133412 -0.991061
    outer loop
      vertex 1070.28 -1085 2183.5
      vertex -1070.27 -1085.52 2183.57
      vertex -1070.28 -1085 2183.5
    endloop
  endfacet
  facet normal 0 -0.792782 -0.609505
    outer loop
      vertex -1070.14 -1097.86 2189.89
      vertex 1070.72 -1099.29 2191.75
      vertex -1070.72 -1099.29 2191.75
    endloop
  endfacet
  facet normal 0 -0.792782 -0.609505
    outer loop
      vertex -1070.14 -1097.86 2189.89
      vertex 1070.14 -1097.86 2189.89
      vertex 1070.72 -1099.29 2191.75
    endloop
  endfacet
  facet normal 0 -0.795081 -0.606504
    outer loop
      vertex -1070.52 -1096.67 2188.33
      vertex 1070.14 -1097.86 2189.89
      vertex -1070.14 -1097.86 2189.89
    endloop
  endfacet
  facet normal 0 -0.795081 -0.606504
    outer loop
      vertex 1070.14 -1097.86 2189.89
      vertex -1070.52 -1096.67 2188.33
      vertex 1070.52 -1096.67 2188.33
    endloop
  endfacet
  facet normal 0 -0.992083 0.12558
    outer loop
      vertex -1070.31 -1101.04 2203.48
      vertex 1070.56 -1100.94 2204.27
      vertex -1070.56 -1100.94 2204.27
    endloop
  endfacet
  facet normal 0 -0.992083 0.12558
    outer loop
      vertex -1070.31 -1101.04 2203.48
      vertex 1070.31 -1101.04 2203.48
      vertex 1070.56 -1100.94 2204.27
    endloop
  endfacet
  facet normal 0 -0.991377 0.131044
    outer loop
      vertex -1070.77 -1101.5 2200
      vertex 1070.31 -1101.04 2203.48
      vertex -1070.31 -1101.04 2203.48
    endloop
  endfacet
  facet normal 0 -0.991377 0.131044
    outer loop
      vertex 1070.31 -1101.04 2203.48
      vertex -1070.77 -1101.5 2200
      vertex 1070.77 -1101.5 2200
    endloop
  endfacet
  facet normal 0 -0.608936 -0.793219
    outer loop
      vertex 1070.52 -1096.67 2188.33
      vertex -1070.3 -1095.68 2187.57
      vertex 1070.3 -1095.68 2187.57
    endloop
  endfacet
  facet normal 0 -0.608936 -0.793219
    outer loop
      vertex -1070.3 -1095.68 2187.57
      vertex 1070.52 -1096.67 2188.33
      vertex -1070.52 -1096.67 2188.33
    endloop
  endfacet
  facet normal 0 -0.607814 -0.794079
    outer loop
      vertex -1070.3 -1095.68 2187.57
      vertex 1070.57 -1093.25 2185.71
      vertex 1070.3 -1095.68 2187.57
    endloop
  endfacet
  facet normal -0 -0.607814 -0.794079
    outer loop
      vertex 1070.57 -1093.25 2185.71
      vertex -1070.3 -1095.68 2187.57
      vertex -1070.57 -1093.25 2185.71
    endloop
  endfacet
  facet normal 0 -0.923762 0.382967
    outer loop
      vertex -1070.56 -1100.94 2204.27
      vertex 1070.72 -1099.29 2208.25
      vertex -1070.72 -1099.29 2208.25
    endloop
  endfacet
  facet normal 0 -0.923762 0.382967
    outer loop
      vertex 1070.72 -1099.29 2208.25
      vertex -1070.56 -1100.94 2204.27
      vertex 1070.56 -1100.94 2204.27
    endloop
  endfacet
  facet normal 0 0.99151 0.130034
    outer loop
      vertex 1068.5 -1068.5 2200
      vertex -1069.06 -1069.06 2204.27
      vertex 1069.06 -1069.06 2204.27
    endloop
  endfacet
  facet normal 0 0.99151 0.130034
    outer loop
      vertex -1069.06 -1069.06 2204.27
      vertex 1068.5 -1068.5 2200
      vertex -1068.5 -1068.5 2200
    endloop
  endfacet
  facet normal 0 0.99151 -0.130034
    outer loop
      vertex 1069.06 -1069.06 2195.73
      vertex -1068.5 -1068.5 2200
      vertex 1068.5 -1068.5 2200
    endloop
  endfacet
  facet normal 0 0.99151 -0.130034
    outer loop
      vertex -1068.5 -1068.5 2200
      vertex 1069.06 -1069.06 2195.73
      vertex -1069.06 -1069.06 2195.73
    endloop
  endfacet
  facet normal 0 0.607814 -0.794079
    outer loop
      vertex 1070.57 -1076.75 2185.71
      vertex -1070.3 -1074.32 2187.57
      vertex 1070.3 -1074.32 2187.57
    endloop
  endfacet
  facet normal 0 0.607814 -0.794079
    outer loop
      vertex -1070.3 -1074.32 2187.57
      vertex 1070.57 -1076.75 2185.71
      vertex -1070.57 -1076.75 2185.71
    endloop
  endfacet
  facet normal 0 0.608936 -0.793219
    outer loop
      vertex -1070.3 -1074.32 2187.57
      vertex 1070.52 -1073.33 2188.33
      vertex 1070.3 -1074.32 2187.57
    endloop
  endfacet
  facet normal 0 0.608936 -0.793219
    outer loop
      vertex 1070.52 -1073.33 2188.33
      vertex -1070.3 -1074.32 2187.57
      vertex -1070.52 -1073.33 2188.33
    endloop
  endfacet
  facet normal 0 0.923762 -0.382967
    outer loop
      vertex 1070.71 -1070.71 2191.75
      vertex -1069.06 -1069.06 2195.73
      vertex 1069.06 -1069.06 2195.73
    endloop
  endfacet
  facet normal 0 0.923762 -0.382967
    outer loop
      vertex -1069.06 -1069.06 2195.73
      vertex 1070.71 -1070.71 2191.75
      vertex -1070.71 -1070.71 2191.75
    endloop
  endfacet
  facet normal 0 -0.795081 0.606504
    outer loop
      vertex -1070.14 -1097.86 2210.11
      vertex 1070.52 -1096.67 2211.67
      vertex -1070.52 -1096.67 2211.67
    endloop
  endfacet
  facet normal 0 -0.795081 0.606504
    outer loop
      vertex -1070.14 -1097.86 2210.11
      vertex 1070.14 -1097.86 2210.11
      vertex 1070.52 -1096.67 2211.67
    endloop
  endfacet
  facet normal 0 -0.792782 0.609505
    outer loop
      vertex -1070.72 -1099.29 2208.25
      vertex 1070.14 -1097.86 2210.11
      vertex -1070.14 -1097.86 2210.11
    endloop
  endfacet
  facet normal 0 -0.792782 0.609505
    outer loop
      vertex 1070.14 -1097.86 2210.11
      vertex -1070.72 -1099.29 2208.25
      vertex 1070.72 -1099.29 2208.25
    endloop
  endfacet
  facet normal 0 0.608936 0.793219
    outer loop
      vertex 1070.52 -1073.33 2211.67
      vertex -1070.3 -1074.32 2212.43
      vertex 1070.3 -1074.32 2212.43
    endloop
  endfacet
  facet normal 0 0.608936 0.793219
    outer loop
      vertex -1070.3 -1074.32 2212.43
      vertex 1070.52 -1073.33 2211.67
      vertex -1070.52 -1073.33 2211.67
    endloop
  endfacet
  facet normal -0 0.607814 0.794079
    outer loop
      vertex -1070.3 -1074.32 2212.43
      vertex 1070.57 -1076.75 2214.29
      vertex 1070.3 -1074.32 2212.43
    endloop
  endfacet
  facet normal 0 0.607814 0.794079
    outer loop
      vertex 1070.57 -1076.75 2214.29
      vertex -1070.3 -1074.32 2212.43
      vertex -1070.57 -1076.75 2214.29
    endloop
  endfacet
  facet normal 0 0.514496 -0.857493
    outer loop
      vertex 1069.98 -1080.17 2184.29
      vertex -1069.97 -1080.12 2184.32
      vertex 1069.97 -1080.12 2184.32
    endloop
  endfacet
  facet normal -5.19017e-06 0.341742 -0.939794
    outer loop
      vertex 1070 -1080.28 2184.25
      vertex -1069.97 -1080.12 2184.32
      vertex 1069.98 -1080.17 2184.29
    endloop
  endfacet
  facet normal 0 0.388972 -0.92125
    outer loop
      vertex -1070 -1080.28 2184.25
      vertex 1070 -1080.28 2184.25
      vertex 1070.18 -1080.73 2184.06
    endloop
  endfacet
  facet normal 1.04181e-05 0.514494 -0.857494
    outer loop
      vertex 1070 -1080.28 2184.25
      vertex -1069.98 -1080.17 2184.29
      vertex -1069.97 -1080.12 2184.32
    endloop
  endfacet
  facet normal 0 0.341743 -0.939793
    outer loop
      vertex 1070 -1080.28 2184.25
      vertex -1070 -1080.28 2184.25
      vertex -1069.98 -1080.17 2184.29
    endloop
  endfacet
  facet normal 0 0.388972 -0.92125
    outer loop
      vertex -1070 -1080.28 2184.25
      vertex 1070.18 -1080.73 2184.06
      vertex -1070.18 -1080.73 2184.06
    endloop
  endfacet
  facet normal 0 0.358979 -0.933346
    outer loop
      vertex -1069.97 -1080.12 2184.32
      vertex 1070 -1079.99 2184.37
      vertex 1069.97 -1080.12 2184.32
    endloop
  endfacet
  facet normal -1.62601e-06 0.382184 -0.924086
    outer loop
      vertex -1069.97 -1080.12 2184.32
      vertex 1070.57 -1076.75 2185.71
      vertex 1070 -1079.99 2184.37
    endloop
  endfacet
  facet normal 4.0905e-05 0.358987 -0.933342
    outer loop
      vertex -1070 -1079.99 2184.37
      vertex 1070.57 -1076.75 2185.71
      vertex -1069.97 -1080.12 2184.32
    endloop
  endfacet
  facet normal 0 0.382184 -0.924086
    outer loop
      vertex 1070.57 -1076.75 2185.71
      vertex -1070 -1079.99 2184.37
      vertex -1070.57 -1076.75 2185.71
    endloop
  endfacet
  facet normal 0 -0.991377 -0.131044
    outer loop
      vertex -1070.31 -1101.04 2196.52
      vertex 1070.77 -1101.5 2200
      vertex -1070.77 -1101.5 2200
    endloop
  endfacet
  facet normal 0 -0.991377 -0.131044
    outer loop
      vertex -1070.31 -1101.04 2196.52
      vertex 1070.31 -1101.04 2196.52
      vertex 1070.77 -1101.5 2200
    endloop
  endfacet
  facet normal 0 -0.992083 -0.12558
    outer loop
      vertex -1070.56 -1100.94 2195.73
      vertex 1070.31 -1101.04 2196.52
      vertex -1070.31 -1101.04 2196.52
    endloop
  endfacet
  facet normal 0 -0.992083 -0.12558
    outer loop
      vertex 1070.31 -1101.04 2196.52
      vertex -1070.56 -1100.94 2195.73
      vertex 1070.56 -1100.94 2195.73
    endloop
  endfacet
  facet normal 0 0.923762 0.382967
    outer loop
      vertex 1069.06 -1069.06 2204.27
      vertex -1070.71 -1070.71 2208.25
      vertex 1070.71 -1070.71 2208.25
    endloop
  endfacet
  facet normal 0 0.923762 0.382967
    outer loop
      vertex -1070.71 -1070.71 2208.25
      vertex 1069.06 -1069.06 2204.27
      vertex -1069.06 -1069.06 2204.27
    endloop
  endfacet
  facet normal 0 -0.607814 0.794079
    outer loop
      vertex 1070.57 -1093.25 2214.29
      vertex -1070.3 -1095.68 2212.43
      vertex 1070.3 -1095.68 2212.43
    endloop
  endfacet
  facet normal 0 -0.607814 0.794079
    outer loop
      vertex -1070.3 -1095.68 2212.43
      vertex 1070.57 -1093.25 2214.29
      vertex -1070.57 -1093.25 2214.29
    endloop
  endfacet
  facet normal 0 -0.608936 0.793219
    outer loop
      vertex -1070.3 -1095.68 2212.43
      vertex 1070.52 -1096.67 2211.67
      vertex 1070.3 -1095.68 2212.43
    endloop
  endfacet
  facet normal 0 -0.608936 0.793219
    outer loop
      vertex 1070.52 -1096.67 2211.67
      vertex -1070.3 -1095.68 2212.43
      vertex -1070.52 -1096.67 2211.67
    endloop
  endfacet
  facet normal 0 -0.514496 0.857493
    outer loop
      vertex 1069.98 -1089.83 2215.71
      vertex -1069.97 -1089.88 2215.68
      vertex 1069.97 -1089.88 2215.68
    endloop
  endfacet
  facet normal -5.19017e-06 -0.341742 0.939794
    outer loop
      vertex 1070 -1089.72 2215.75
      vertex -1069.97 -1089.88 2215.68
      vertex 1069.98 -1089.83 2215.71
    endloop
  endfacet
  facet normal 0 -0.388972 0.92125
    outer loop
      vertex -1070 -1089.72 2215.75
      vertex 1070 -1089.72 2215.75
      vertex 1070.18 -1089.27 2215.94
    endloop
  endfacet
  facet normal 1.04181e-05 -0.514494 0.857494
    outer loop
      vertex 1070 -1089.72 2215.75
      vertex -1069.98 -1089.83 2215.71
      vertex -1069.97 -1089.88 2215.68
    endloop
  endfacet
  facet normal 0 -0.341743 0.939793
    outer loop
      vertex 1070 -1089.72 2215.75
      vertex -1070 -1089.72 2215.75
      vertex -1069.98 -1089.83 2215.71
    endloop
  endfacet
  facet normal 0 -0.388972 0.92125
    outer loop
      vertex -1070 -1089.72 2215.75
      vertex 1070.18 -1089.27 2215.94
      vertex -1070.18 -1089.27 2215.94
    endloop
  endfacet
  facet normal 0 -0.358979 0.933346
    outer loop
      vertex -1069.97 -1089.88 2215.68
      vertex 1070 -1090.01 2215.63
      vertex 1069.97 -1089.88 2215.68
    endloop
  endfacet
  facet normal -1.62601e-06 -0.382184 0.924086
    outer loop
      vertex -1069.97 -1089.88 2215.68
      vertex 1070.57 -1093.25 2214.29
      vertex 1070 -1090.01 2215.63
    endloop
  endfacet
  facet normal 4.0905e-05 -0.358987 0.933342
    outer loop
      vertex -1070 -1090.01 2215.63
      vertex 1070.57 -1093.25 2214.29
      vertex -1069.97 -1089.88 2215.68
    endloop
  endfacet
  facet normal 0 -0.382184 0.924086
    outer loop
      vertex 1070.57 -1093.25 2214.29
      vertex -1070 -1090.01 2215.63
      vertex -1070.57 -1093.25 2214.29
    endloop
  endfacet
  facet normal 0 -0.923762 -0.382967
    outer loop
      vertex -1070.72 -1099.29 2191.75
      vertex 1070.56 -1100.94 2195.73
      vertex -1070.56 -1100.94 2195.73
    endloop
  endfacet
  facet normal 0 -0.923762 -0.382967
    outer loop
      vertex 1070.56 -1100.94 2195.73
      vertex -1070.72 -1099.29 2191.75
      vertex 1070.72 -1099.29 2191.75
    endloop
  endfacet
  facet normal 0.633493 0.115181 -0.765128
    outer loop
      vertex 1070.28 -1085 2183.5
      vertex 1070.18 -1080.73 2184.06
      vertex 1070.27 -1084.48 2183.57
    endloop
  endfacet
  facet normal 0 0.130034 -0.99151
    outer loop
      vertex 1070.28 -1085 2183.5
      vertex -1070.18 -1080.73 2184.06
      vertex 1070.18 -1080.73 2184.06
    endloop
  endfacet
  facet normal -9.51164e-07 0.129565 -0.991571
    outer loop
      vertex 1070.28 -1085 2183.5
      vertex -1070.27 -1084.48 2183.57
      vertex -1070.18 -1080.73 2184.06
    endloop
  endfacet
  facet normal 0 0.133412 -0.991061
    outer loop
      vertex -1070.27 -1084.48 2183.57
      vertex 1070.28 -1085 2183.5
      vertex -1070.28 -1085 2183.5
    endloop
  endfacet
  facet normal 0 0.358979 0.933346
    outer loop
      vertex 1070 -1079.99 2215.63
      vertex -1069.97 -1080.12 2215.68
      vertex 1069.97 -1080.12 2215.68
    endloop
  endfacet
  facet normal -1.62601e-06 0.382184 0.924086
    outer loop
      vertex 1070.57 -1076.75 2214.29
      vertex -1069.97 -1080.12 2215.68
      vertex 1070 -1079.99 2215.63
    endloop
  endfacet
  facet normal 4.0905e-05 0.358987 0.933342
    outer loop
      vertex 1070.57 -1076.75 2214.29
      vertex -1070 -1079.99 2215.63
      vertex -1069.97 -1080.12 2215.68
    endloop
  endfacet
  facet normal 0 0.382184 0.924086
    outer loop
      vertex -1070 -1079.99 2215.63
      vertex 1070.57 -1076.75 2214.29
      vertex -1070.57 -1076.75 2214.29
    endloop
  endfacet
  facet normal -0 0.514496 0.857493
    outer loop
      vertex -1069.97 -1080.12 2215.68
      vertex 1069.98 -1080.17 2215.71
      vertex 1069.97 -1080.12 2215.68
    endloop
  endfacet
  facet normal -5.19017e-06 0.341742 0.939794
    outer loop
      vertex -1069.97 -1080.12 2215.68
      vertex 1070 -1080.28 2215.75
      vertex 1069.98 -1080.17 2215.71
    endloop
  endfacet
  facet normal 1.04181e-05 0.514494 0.857494
    outer loop
      vertex -1069.98 -1080.17 2215.71
      vertex 1070 -1080.28 2215.75
      vertex -1069.97 -1080.12 2215.68
    endloop
  endfacet
  facet normal -0 0.341743 0.939793
    outer loop
      vertex -1070 -1080.28 2215.75
      vertex 1070 -1080.28 2215.75
      vertex -1069.98 -1080.17 2215.71
    endloop
  endfacet
  facet normal 0 0.388972 0.92125
    outer loop
      vertex 1070 -1080.28 2215.75
      vertex -1070 -1080.28 2215.75
      vertex 1070.18 -1080.73 2215.94
    endloop
  endfacet
  facet normal 0 0.388972 0.92125
    outer loop
      vertex 1070.18 -1080.73 2215.94
      vertex -1070 -1080.28 2215.75
      vertex -1070.18 -1080.73 2215.94
    endloop
  endfacet
  facet normal 0.633493 -0.115181 0.765128
    outer loop
      vertex 1070.28 -1085 2216.5
      vertex 1070.18 -1089.27 2215.94
      vertex 1070.27 -1085.52 2216.43
    endloop
  endfacet
  facet normal 0 -0.130034 0.99151
    outer loop
      vertex 1070.28 -1085 2216.5
      vertex -1070.18 -1089.27 2215.94
      vertex 1070.18 -1089.27 2215.94
    endloop
  endfacet
  facet normal -9.51164e-07 -0.129565 0.991571
    outer loop
      vertex 1070.28 -1085 2216.5
      vertex -1070.27 -1085.52 2216.43
      vertex -1070.18 -1089.27 2215.94
    endloop
  endfacet
  facet normal 0 -0.133412 0.991061
    outer loop
      vertex -1070.27 -1085.52 2216.43
      vertex 1070.28 -1085 2216.5
      vertex -1070.28 -1085 2216.5
    endloop
  endfacet
  facet normal 0.633493 0.115181 0.765128
    outer loop
      vertex 1070.18 -1080.73 2215.94
      vertex 1070.28 -1085 2216.5
      vertex 1070.27 -1084.48 2216.43
    endloop
  endfacet
  facet normal -0 0.130034 0.99151
    outer loop
      vertex -1070.18 -1080.73 2215.94
      vertex 1070.28 -1085 2216.5
      vertex 1070.18 -1080.73 2215.94
    endloop
  endfacet
  facet normal -9.51164e-07 0.129565 0.991571
    outer loop
      vertex -1070.27 -1084.48 2216.43
      vertex 1070.28 -1085 2216.5
      vertex -1070.18 -1080.73 2215.94
    endloop
  endfacet
  facet normal 0 0.133412 0.991061
    outer loop
      vertex 1070.28 -1085 2216.5
      vertex -1070.27 -1084.48 2216.43
      vertex -1070.28 -1085 2216.5
    endloop
  endfacet
  facet normal 0 0.795081 0.606504
    outer loop
      vertex 1070.14 -1072.14 2210.11
      vertex -1070.52 -1073.33 2211.67
      vertex 1070.52 -1073.33 2211.67
    endloop
  endfacet
  facet normal 0 0.795081 0.606504
    outer loop
      vertex 1070.14 -1072.14 2210.11
      vertex -1070.14 -1072.14 2210.11
      vertex -1070.52 -1073.33 2211.67
    endloop
  endfacet
  facet normal 0.135371 0.765006 0.629635
    outer loop
      vertex 1070.71 -1070.71 2208.25
      vertex 1070.14 -1072.14 2210.11
      vertex 1070.72 -1070.72 2208.26
    endloop
  endfacet
  facet normal 0 0.792782 0.609505
    outer loop
      vertex 1070.14 -1072.14 2210.11
      vertex 1070.71 -1070.71 2208.25
      vertex -1070.14 -1072.14 2210.11
    endloop
  endfacet
  facet normal -0 0.792782 0.609505
    outer loop
      vertex -1070.71 -1070.71 2208.25
      vertex -1070.14 -1072.14 2210.11
      vertex 1070.71 -1070.71 2208.25
    endloop
  endfacet
  facet normal -0.135371 0.765006 0.629635
    outer loop
      vertex -1070.14 -1072.14 2210.11
      vertex -1070.71 -1070.71 2208.25
      vertex -1070.72 -1070.72 2208.26
    endloop
  endfacet
  facet normal -0.795081 0 -0.606504
    outer loop
      vertex 1073.33 1070.52 2188.33
      vertex 1072.14 -1070.14 2189.89
      vertex 1072.14 1070.14 2189.89
    endloop
  endfacet
  facet normal -0.795081 0 -0.606504
    outer loop
      vertex 1072.14 -1070.14 2189.89
      vertex 1073.33 1070.52 2188.33
      vertex 1073.33 -1070.52 2188.33
    endloop
  endfacet
  facet normal -0.765006 0.135371 -0.629635
    outer loop
      vertex 1072.14 1070.14 2189.89
      vertex 1070.71 1070.71 2191.75
      vertex 1070.72 1070.72 2191.74
    endloop
  endfacet
  facet normal -0.792782 0 -0.609505
    outer loop
      vertex 1072.14 -1070.14 2189.89
      vertex 1070.71 1070.71 2191.75
      vertex 1072.14 1070.14 2189.89
    endloop
  endfacet
  facet normal -0.792782 0 -0.609505
    outer loop
      vertex 1072.14 -1070.14 2189.89
      vertex 1070.71 -1070.71 2191.75
      vertex 1070.71 1070.71 2191.75
    endloop
  endfacet
  facet normal -0.765006 -0.135371 -0.629635
    outer loop
      vertex 1070.71 -1070.71 2191.75
      vertex 1072.14 -1070.14 2189.89
      vertex 1070.72 -1070.72 2191.74
    endloop
  endfacet
  facet normal -0.607814 0 -0.794079
    outer loop
      vertex 1074.32 -1070.3 2187.57
      vertex 1076.75 1070.57 2185.71
      vertex 1076.75 -1070.57 2185.71
    endloop
  endfacet
  facet normal -0.607814 0 -0.794079
    outer loop
      vertex 1074.32 -1070.3 2187.57
      vertex 1074.32 1070.3 2187.57
      vertex 1076.75 1070.57 2185.71
    endloop
  endfacet
  facet normal -0.608936 0 -0.793219
    outer loop
      vertex 1073.33 -1070.52 2188.33
      vertex 1074.32 1070.3 2187.57
      vertex 1074.32 -1070.3 2187.57
    endloop
  endfacet
  facet normal -0.608936 0 -0.793219
    outer loop
      vertex 1074.32 1070.3 2187.57
      vertex 1073.33 -1070.52 2188.33
      vertex 1073.33 1070.52 2188.33
    endloop
  endfacet
  facet normal 0.792782 0 -0.609505
    outer loop
      vertex 1099.29 1070.72 2191.75
      vertex 1097.86 -1070.14 2189.89
      vertex 1097.86 1070.14 2189.89
    endloop
  endfacet
  facet normal 0.792782 0 -0.609505
    outer loop
      vertex 1097.86 -1070.14 2189.89
      vertex 1099.29 1070.72 2191.75
      vertex 1099.29 -1070.72 2191.75
    endloop
  endfacet
  facet normal 0.795081 0 -0.606504
    outer loop
      vertex 1097.86 -1070.14 2189.89
      vertex 1096.67 1070.52 2188.33
      vertex 1097.86 1070.14 2189.89
    endloop
  endfacet
  facet normal 0.795081 0 -0.606504
    outer loop
      vertex 1096.67 1070.52 2188.33
      vertex 1097.86 -1070.14 2189.89
      vertex 1096.67 -1070.52 2188.33
    endloop
  endfacet
  facet normal 0.992083 0 0.12558
    outer loop
      vertex 1100.94 1070.56 2204.27
      vertex 1101.04 -1070.31 2203.48
      vertex 1101.04 1070.31 2203.48
    endloop
  endfacet
  facet normal 0.992083 0 0.12558
    outer loop
      vertex 1101.04 -1070.31 2203.48
      vertex 1100.94 1070.56 2204.27
      vertex 1100.94 -1070.56 2204.27
    endloop
  endfacet
  facet normal 0.991377 -0 0.131044
    outer loop
      vertex 1101.04 -1070.31 2203.48
      vertex 1101.5 1070.77 2200
      vertex 1101.04 1070.31 2203.48
    endloop
  endfacet
  facet normal 0.991377 0 0.131044
    outer loop
      vertex 1101.5 1070.77 2200
      vertex 1101.04 -1070.31 2203.48
      vertex 1101.5 -1070.77 2200
    endloop
  endfacet
  facet normal -0.133412 0 -0.991061
    outer loop
      vertex 1084.48 -1070.27 2183.57
      vertex 1085 1070.28 2183.5
      vertex 1085 -1070.28 2183.5
    endloop
  endfacet
  facet normal -0.133412 0 -0.991061
    outer loop
      vertex 1084.48 -1070.27 2183.57
      vertex 1084.48 1070.27 2183.57
      vertex 1085 1070.28 2183.5
    endloop
  endfacet
  facet normal -0.129565 0 -0.991571
    outer loop
      vertex 1080.73 -1070.18 2184.06
      vertex 1084.48 1070.27 2183.57
      vertex 1084.48 -1070.27 2183.57
    endloop
  endfacet
  facet normal -0.129565 0 -0.991571
    outer loop
      vertex 1084.48 1070.27 2183.57
      vertex 1080.73 -1070.18 2184.06
      vertex 1080.73 1070.18 2184.06
    endloop
  endfacet
  facet normal 0.608936 0 -0.793219
    outer loop
      vertex 1095.68 -1070.3 2187.57
      vertex 1096.67 1070.52 2188.33
      vertex 1096.67 -1070.52 2188.33
    endloop
  endfacet
  facet normal 0.608936 0 -0.793219
    outer loop
      vertex 1095.68 -1070.3 2187.57
      vertex 1095.68 1070.3 2187.57
      vertex 1096.67 1070.52 2188.33
    endloop
  endfacet
  facet normal 0.607814 0 -0.794079
    outer loop
      vertex 1093.25 -1070.57 2185.71
      vertex 1095.68 1070.3 2187.57
      vertex 1095.68 -1070.3 2187.57
    endloop
  endfacet
  facet normal 0.607814 0 -0.794079
    outer loop
      vertex 1095.68 1070.3 2187.57
      vertex 1093.25 -1070.57 2185.71
      vertex 1093.25 1070.57 2185.71
    endloop
  endfacet
  facet normal 0.795081 0 0.606504
    outer loop
      vertex 1096.67 1070.52 2211.67
      vertex 1097.86 -1070.14 2210.11
      vertex 1097.86 1070.14 2210.11
    endloop
  endfacet
  facet normal 0.795081 0 0.606504
    outer loop
      vertex 1097.86 -1070.14 2210.11
      vertex 1096.67 1070.52 2211.67
      vertex 1096.67 -1070.52 2211.67
    endloop
  endfacet
  facet normal 0.792782 -0 0.609505
    outer loop
      vertex 1097.86 -1070.14 2210.11
      vertex 1099.29 1070.72 2208.25
      vertex 1097.86 1070.14 2210.11
    endloop
  endfacet
  facet normal 0.792782 0 0.609505
    outer loop
      vertex 1099.29 1070.72 2208.25
      vertex 1097.86 -1070.14 2210.11
      vertex 1099.29 -1070.72 2208.25
    endloop
  endfacet
  facet normal 0.129565 0 -0.991571
    outer loop
      vertex 1085.52 -1070.27 2183.57
      vertex 1089.27 1070.18 2184.06
      vertex 1089.27 -1070.18 2184.06
    endloop
  endfacet
  facet normal 0.129565 0 -0.991571
    outer loop
      vertex 1085.52 -1070.27 2183.57
      vertex 1085.52 1070.27 2183.57
      vertex 1089.27 1070.18 2184.06
    endloop
  endfacet
  facet normal 0.133412 0 -0.991061
    outer loop
      vertex 1085 -1070.28 2183.5
      vertex 1085.52 1070.27 2183.57
      vertex 1085.52 -1070.27 2183.57
    endloop
  endfacet
  facet normal 0.133412 0 -0.991061
    outer loop
      vertex 1085.52 1070.27 2183.57
      vertex 1085 -1070.28 2183.5
      vertex 1085 1070.28 2183.5
    endloop
  endfacet
  facet normal -0.99151 0 0.130034
    outer loop
      vertex 1068.5 -1068.5 2200
      vertex 1069.06 1069.06 2204.27
      vertex 1068.5 1068.5 2200
    endloop
  endfacet
  facet normal -0.99151 0 0.130034
    outer loop
      vertex 1069.06 1069.06 2204.27
      vertex 1068.5 -1068.5 2200
      vertex 1069.06 -1069.06 2204.27
    endloop
  endfacet
  facet normal -0.388972 0 -0.92125
    outer loop
      vertex 1080.28 -1070 2184.25
      vertex 1080.73 1070.18 2184.06
      vertex 1080.73 -1070.18 2184.06
    endloop
  endfacet
  facet normal -0.388972 0 -0.92125
    outer loop
      vertex 1080.28 -1070 2184.25
      vertex 1080.28 1070 2184.25
      vertex 1080.73 1070.18 2184.06
    endloop
  endfacet
  facet normal -0.341743 0 -0.939793
    outer loop
      vertex 1080.17 -1069.98 2184.29
      vertex 1080.28 1070 2184.25
      vertex 1080.28 -1070 2184.25
    endloop
  endfacet
  facet normal -0.341743 0 -0.939793
    outer loop
      vertex 1080.17 -1069.98 2184.29
      vertex 1080.17 1069.98 2184.29
      vertex 1080.28 1070 2184.25
    endloop
  endfacet
  facet normal -0.514496 0 -0.857493
    outer loop
      vertex 1080.12 -1069.97 2184.32
      vertex 1080.17 1069.98 2184.29
      vertex 1080.17 -1069.98 2184.29
    endloop
  endfacet
  facet normal -0.514496 0 -0.857493
    outer loop
      vertex 1080.12 -1069.97 2184.32
      vertex 1080.12 1069.97 2184.32
      vertex 1080.17 1069.98 2184.29
    endloop
  endfacet
  facet normal -0.358979 0 -0.933346
    outer loop
      vertex 1079.99 -1070 2184.37
      vertex 1080.12 1069.97 2184.32
      vertex 1080.12 -1069.97 2184.32
    endloop
  endfacet
  facet normal -0.358979 0 -0.933346
    outer loop
      vertex 1079.99 -1070 2184.37
      vertex 1079.99 1070 2184.37
      vertex 1080.12 1069.97 2184.32
    endloop
  endfacet
  facet normal -0.382184 0 -0.924086
    outer loop
      vertex 1076.75 -1070.57 2185.71
      vertex 1079.99 1070 2184.37
      vertex 1079.99 -1070 2184.37
    endloop
  endfacet
  facet normal -0.382184 0 -0.924086
    outer loop
      vertex 1079.99 1070 2184.37
      vertex 1076.75 -1070.57 2185.71
      vertex 1076.75 1070.57 2185.71
    endloop
  endfacet
  facet normal 0.608936 0 0.793219
    outer loop
      vertex 1095.68 1070.3 2212.43
      vertex 1096.67 -1070.52 2211.67
      vertex 1096.67 1070.52 2211.67
    endloop
  endfacet
  facet normal 0.608936 0 0.793219
    outer loop
      vertex 1095.68 1070.3 2212.43
      vertex 1095.68 -1070.3 2212.43
      vertex 1096.67 -1070.52 2211.67
    endloop
  endfacet
  facet normal 0.607814 0 0.794079
    outer loop
      vertex 1093.25 1070.57 2214.29
      vertex 1095.68 -1070.3 2212.43
      vertex 1095.68 1070.3 2212.43
    endloop
  endfacet
  facet normal 0.607814 0 0.794079
    outer loop
      vertex 1095.68 -1070.3 2212.43
      vertex 1093.25 1070.57 2214.29
      vertex 1093.25 -1070.57 2214.29
    endloop
  endfacet
  facet normal 0.382184 0 -0.924086
    outer loop
      vertex 1090.01 -1070 2184.37
      vertex 1093.25 1070.57 2185.71
      vertex 1093.25 -1070.57 2185.71
    endloop
  endfacet
  facet normal 0.382184 0 -0.924086
    outer loop
      vertex 1090.01 -1070 2184.37
      vertex 1090.01 1070 2184.37
      vertex 1093.25 1070.57 2185.71
    endloop
  endfacet
  facet normal 0.358979 0 -0.933346
    outer loop
      vertex 1089.88 -1069.97 2184.32
      vertex 1090.01 1070 2184.37
      vertex 1090.01 -1070 2184.37
    endloop
  endfacet
  facet normal 0.358979 0 -0.933346
    outer loop
      vertex 1089.88 -1069.97 2184.32
      vertex 1089.88 1069.97 2184.32
      vertex 1090.01 1070 2184.37
    endloop
  endfacet
  facet normal 0.514496 0 -0.857493
    outer loop
      vertex 1089.83 -1069.98 2184.29
      vertex 1089.88 1069.97 2184.32
      vertex 1089.88 -1069.97 2184.32
    endloop
  endfacet
  facet normal 0.514496 0 -0.857493
    outer loop
      vertex 1089.83 -1069.98 2184.29
      vertex 1089.83 1069.98 2184.29
      vertex 1089.88 1069.97 2184.32
    endloop
  endfacet
  facet normal 0.341743 0 -0.939793
    outer loop
      vertex 1089.72 -1070 2184.25
      vertex 1089.83 1069.98 2184.29
      vertex 1089.83 -1069.98 2184.29
    endloop
  endfacet
  facet normal 0.341743 0 -0.939793
    outer loop
      vertex 1089.72 -1070 2184.25
      vertex 1089.72 1070 2184.25
      vertex 1089.83 1069.98 2184.29
    endloop
  endfacet
  facet normal 0.388972 0 -0.92125
    outer loop
      vertex 1089.27 -1070.18 2184.06
      vertex 1089.72 1070 2184.25
      vertex 1089.72 -1070 2184.25
    endloop
  endfacet
  facet normal 0.388972 0 -0.92125
    outer loop
      vertex 1089.72 1070 2184.25
      vertex 1089.27 -1070.18 2184.06
      vertex 1089.27 1070.18 2184.06
    endloop
  endfacet
  facet normal 0.991377 0 -0.131044
    outer loop
      vertex 1101.5 1070.77 2200
      vertex 1101.04 -1070.31 2196.52
      vertex 1101.04 1070.31 2196.52
    endloop
  endfacet
  facet normal 0.991377 0 -0.131044
    outer loop
      vertex 1101.04 -1070.31 2196.52
      vertex 1101.5 1070.77 2200
      vertex 1101.5 -1070.77 2200
    endloop
  endfacet
  facet normal 0.992083 0 -0.12558
    outer loop
      vertex 1101.04 -1070.31 2196.52
      vertex 1100.94 1070.56 2195.73
      vertex 1101.04 1070.31 2196.52
    endloop
  endfacet
  facet normal 0.992083 0 -0.12558
    outer loop
      vertex 1100.94 1070.56 2195.73
      vertex 1101.04 -1070.31 2196.52
      vertex 1100.94 -1070.56 2195.73
    endloop
  endfacet
  facet normal -0.607814 0 0.794079
    outer loop
      vertex 1074.32 1070.3 2212.43
      vertex 1076.75 -1070.57 2214.29
      vertex 1076.75 1070.57 2214.29
    endloop
  endfacet
  facet normal -0.607814 0 0.794079
    outer loop
      vertex 1074.32 1070.3 2212.43
      vertex 1074.32 -1070.3 2212.43
      vertex 1076.75 -1070.57 2214.29
    endloop
  endfacet
  facet normal -0.608936 0 0.793219
    outer loop
      vertex 1073.33 1070.52 2211.67
      vertex 1074.32 -1070.3 2212.43
      vertex 1074.32 1070.3 2212.43
    endloop
  endfacet
  facet normal -0.608936 0 0.793219
    outer loop
      vertex 1074.32 -1070.3 2212.43
      vertex 1073.33 1070.52 2211.67
      vertex 1073.33 -1070.52 2211.67
    endloop
  endfacet
  facet normal -0.388972 0 0.92125
    outer loop
      vertex 1080.28 1070 2215.75
      vertex 1080.73 -1070.18 2215.94
      vertex 1080.73 1070.18 2215.94
    endloop
  endfacet
  facet normal -0.388972 0 0.92125
    outer loop
      vertex 1080.28 1070 2215.75
      vertex 1080.28 -1070 2215.75
      vertex 1080.73 -1070.18 2215.94
    endloop
  endfacet
  facet normal -0.341743 0 0.939793
    outer loop
      vertex 1080.17 1069.98 2215.71
      vertex 1080.28 -1070 2215.75
      vertex 1080.28 1070 2215.75
    endloop
  endfacet
  facet normal -0.341743 0 0.939793
    outer loop
      vertex 1080.17 1069.98 2215.71
      vertex 1080.17 -1069.98 2215.71
      vertex 1080.28 -1070 2215.75
    endloop
  endfacet
  facet normal -0.514496 0 0.857493
    outer loop
      vertex 1080.12 1069.97 2215.68
      vertex 1080.17 -1069.98 2215.71
      vertex 1080.17 1069.98 2215.71
    endloop
  endfacet
  facet normal -0.514496 0 0.857493
    outer loop
      vertex 1080.12 1069.97 2215.68
      vertex 1080.12 -1069.97 2215.68
      vertex 1080.17 -1069.98 2215.71
    endloop
  endfacet
  facet normal -0.358979 0 0.933346
    outer loop
      vertex 1079.99 1070 2215.63
      vertex 1080.12 -1069.97 2215.68
      vertex 1080.12 1069.97 2215.68
    endloop
  endfacet
  facet normal -0.358979 0 0.933346
    outer loop
      vertex 1079.99 1070 2215.63
      vertex 1079.99 -1070 2215.63
      vertex 1080.12 -1069.97 2215.68
    endloop
  endfacet
  facet normal -0.382184 0 0.924086
    outer loop
      vertex 1076.75 1070.57 2214.29
      vertex 1079.99 -1070 2215.63
      vertex 1079.99 1070 2215.63
    endloop
  endfacet
  facet normal -0.382184 0 0.924086
    outer loop
      vertex 1079.99 -1070 2215.63
      vertex 1076.75 1070.57 2214.29
      vertex 1076.75 -1070.57 2214.29
    endloop
  endfacet
  facet normal -0.923762 0 0.382967
    outer loop
      vertex 1069.06 -1069.06 2204.27
      vertex 1070.71 1070.71 2208.25
      vertex 1069.06 1069.06 2204.27
    endloop
  endfacet
  facet normal -0.923762 0 0.382967
    outer loop
      vertex 1070.71 1070.71 2208.25
      vertex 1069.06 -1069.06 2204.27
      vertex 1070.71 -1070.71 2208.25
    endloop
  endfacet
  facet normal -0.923762 0 -0.382967
    outer loop
      vertex 1070.71 1070.71 2191.75
      vertex 1069.06 -1069.06 2195.73
      vertex 1069.06 1069.06 2195.73
    endloop
  endfacet
  facet normal -0.923762 0 -0.382967
    outer loop
      vertex 1069.06 -1069.06 2195.73
      vertex 1070.71 1070.71 2191.75
      vertex 1070.71 -1070.71 2191.75
    endloop
  endfacet
  facet normal 0.382184 0 0.924086
    outer loop
      vertex 1090.01 1070 2215.63
      vertex 1093.25 -1070.57 2214.29
      vertex 1093.25 1070.57 2214.29
    endloop
  endfacet
  facet normal 0.382184 0 0.924086
    outer loop
      vertex 1090.01 1070 2215.63
      vertex 1090.01 -1070 2215.63
      vertex 1093.25 -1070.57 2214.29
    endloop
  endfacet
  facet normal 0.358979 0 0.933346
    outer loop
      vertex 1089.88 1069.97 2215.68
      vertex 1090.01 -1070 2215.63
      vertex 1090.01 1070 2215.63
    endloop
  endfacet
  facet normal 0.358979 0 0.933346
    outer loop
      vertex 1089.88 1069.97 2215.68
      vertex 1089.88 -1069.97 2215.68
      vertex 1090.01 -1070 2215.63
    endloop
  endfacet
  facet normal 0.514496 0 0.857493
    outer loop
      vertex 1089.83 1069.98 2215.71
      vertex 1089.88 -1069.97 2215.68
      vertex 1089.88 1069.97 2215.68
    endloop
  endfacet
  facet normal 0.514496 0 0.857493
    outer loop
      vertex 1089.83 1069.98 2215.71
      vertex 1089.83 -1069.98 2215.71
      vertex 1089.88 -1069.97 2215.68
    endloop
  endfacet
  facet normal 0.341743 0 0.939793
    outer loop
      vertex 1089.72 1070 2215.75
      vertex 1089.83 -1069.98 2215.71
      vertex 1089.83 1069.98 2215.71
    endloop
  endfacet
  facet normal 0.341743 0 0.939793
    outer loop
      vertex 1089.72 1070 2215.75
      vertex 1089.72 -1070 2215.75
      vertex 1089.83 -1069.98 2215.71
    endloop
  endfacet
  facet normal 0.388972 0 0.92125
    outer loop
      vertex 1089.27 1070.18 2215.94
      vertex 1089.72 -1070 2215.75
      vertex 1089.72 1070 2215.75
    endloop
  endfacet
  facet normal 0.388972 0 0.92125
    outer loop
      vertex 1089.72 -1070 2215.75
      vertex 1089.27 1070.18 2215.94
      vertex 1089.27 -1070.18 2215.94
    endloop
  endfacet
  facet normal 0.923762 0 0.382967
    outer loop
      vertex 1099.29 1070.72 2208.25
      vertex 1100.94 -1070.56 2204.27
      vertex 1100.94 1070.56 2204.27
    endloop
  endfacet
  facet normal 0.923762 0 0.382967
    outer loop
      vertex 1100.94 -1070.56 2204.27
      vertex 1099.29 1070.72 2208.25
      vertex 1099.29 -1070.72 2208.25
    endloop
  endfacet
  facet normal -0.765006 0.135371 0.629635
    outer loop
      vertex 1070.71 1070.71 2208.25
      vertex 1072.14 1070.14 2210.11
      vertex 1070.72 1070.72 2208.26
    endloop
  endfacet
  facet normal -0.792782 0 0.609505
    outer loop
      vertex 1070.71 1070.71 2208.25
      vertex 1072.14 -1070.14 2210.11
      vertex 1072.14 1070.14 2210.11
    endloop
  endfacet
  facet normal -0.792782 0 0.609505
    outer loop
      vertex 1070.71 -1070.71 2208.25
      vertex 1072.14 -1070.14 2210.11
      vertex 1070.71 1070.71 2208.25
    endloop
  endfacet
  facet normal -0.765006 -0.135371 0.629635
    outer loop
      vertex 1072.14 -1070.14 2210.11
      vertex 1070.71 -1070.71 2208.25
      vertex 1070.72 -1070.72 2208.26
    endloop
  endfacet
  facet normal -0.795081 0 0.606504
    outer loop
      vertex 1072.14 -1070.14 2210.11
      vertex 1073.33 1070.52 2211.67
      vertex 1072.14 1070.14 2210.11
    endloop
  endfacet
  facet normal -0.795081 0 0.606504
    outer loop
      vertex 1073.33 1070.52 2211.67
      vertex 1072.14 -1070.14 2210.11
      vertex 1073.33 -1070.52 2211.67
    endloop
  endfacet
  facet normal 0.923762 0 -0.382967
    outer loop
      vertex 1100.94 -1070.56 2195.73
      vertex 1099.29 1070.72 2191.75
      vertex 1100.94 1070.56 2195.73
    endloop
  endfacet
  facet normal 0.923762 0 -0.382967
    outer loop
      vertex 1099.29 1070.72 2191.75
      vertex 1100.94 -1070.56 2195.73
      vertex 1099.29 -1070.72 2191.75
    endloop
  endfacet
  facet normal -0.99151 0 -0.130034
    outer loop
      vertex 1069.06 1069.06 2195.73
      vertex 1068.5 -1068.5 2200
      vertex 1068.5 1068.5 2200
    endloop
  endfacet
  facet normal -0.99151 0 -0.130034
    outer loop
      vertex 1068.5 -1068.5 2200
      vertex 1069.06 1069.06 2195.73
      vertex 1069.06 -1069.06 2195.73
    endloop
  endfacet
  facet normal 0.129565 0 0.991571
    outer loop
      vertex 1085.52 1070.27 2216.43
      vertex 1089.27 -1070.18 2215.94
      vertex 1089.27 1070.18 2215.94
    endloop
  endfacet
  facet normal 0.129565 0 0.991571
    outer loop
      vertex 1085.52 1070.27 2216.43
      vertex 1085.52 -1070.27 2216.43
      vertex 1089.27 -1070.18 2215.94
    endloop
  endfacet
  facet normal 0.133412 0 0.991061
    outer loop
      vertex 1085 1070.28 2216.5
      vertex 1085.52 -1070.27 2216.43
      vertex 1085.52 1070.27 2216.43
    endloop
  endfacet
  facet normal 0.133412 0 0.991061
    outer loop
      vertex 1085.52 -1070.27 2216.43
      vertex 1085 1070.28 2216.5
      vertex 1085 -1070.28 2216.5
    endloop
  endfacet
  facet normal -0.133412 0 0.991061
    outer loop
      vertex 1084.48 1070.27 2216.43
      vertex 1085 -1070.28 2216.5
      vertex 1085 1070.28 2216.5
    endloop
  endfacet
  facet normal -0.133412 0 0.991061
    outer loop
      vertex 1084.48 1070.27 2216.43
      vertex 1084.48 -1070.27 2216.43
      vertex 1085 -1070.28 2216.5
    endloop
  endfacet
  facet normal -0.129565 0 0.991571
    outer loop
      vertex 1080.73 1070.18 2215.94
      vertex 1084.48 -1070.27 2216.43
      vertex 1084.48 1070.27 2216.43
    endloop
  endfacet
  facet normal -0.129565 0 0.991571
    outer loop
      vertex 1084.48 -1070.27 2216.43
      vertex 1080.73 1070.18 2215.94
      vertex 1080.73 -1070.18 2215.94
    endloop
  endfacet
  facet normal -0.575566 0.572351 -0.58407
    outer loop
      vertex -1094.26 -1072.26 2184.25
      vertex -1096.67 -1070.52 2188.33
      vertex -1095.68 -1070.3 2187.57
    endloop
  endfacet
  facet normal -0.574049 0.574049 -0.583898
    outer loop
      vertex -1097.74 -1075.74 2184.25
      vertex -1096.67 -1070.52 2188.33
      vertex -1094.26 -1072.26 2184.25
    endloop
  endfacet
  facet normal -0.578592 0.572589 -0.580839
    outer loop
      vertex -1097.74 -1075.74 2184.25
      vertex -1097.86 -1070.14 2189.89
      vertex -1096.67 -1070.52 2188.33
    endloop
  endfacet
  facet normal -0.573429 0.575226 -0.583347
    outer loop
      vertex -1097.86 -1070.14 2189.89
      vertex -1097.74 -1075.74 2184.25
      vertex -1101.06 -1073.33 2189.89
    endloop
  endfacet
  facet normal -0.723367 -0.369098 -0.583529
    outer loop
      vertex -1097.74 -1094.26 2184.25
      vertex -1101.06 -1096.67 2189.89
      vertex -1099.98 -1089.87 2184.25
    endloop
  endfacet
  facet normal -0.278034 -0.141975 0.950021
    outer loop
      vertex -1087.82 -1087.05 2222
      vertex -1094.62 -1088.12 2219.85
      vertex -1093.18 -1090.94 2219.85
    endloop
  endfacet
  facet normal 0.527892 -0.269562 0.805398
    outer loop
      vertex -1075.38 -1088.12 2219.85
      vertex -1076.82 -1090.94 2219.85
      vertex -1072.26 -1094.26 2215.75
    endloop
  endfacet
  facet normal -0.269562 -0.527892 -0.805398
    outer loop
      vertex -1088.12 -1094.62 2180.15
      vertex -1094.26 -1097.74 2184.25
      vertex -1090.94 -1093.18 2180.15
    endloop
  endfacet
  facet normal 0.527892 0.269562 0.805398
    outer loop
      vertex -1072.26 -1075.74 2215.75
      vertex -1076.82 -1079.06 2219.85
      vertex -1075.38 -1081.88 2219.85
    endloop
  endfacet
  facet normal -0.432048 -0.848775 0.304822
    outer loop
      vertex -1091.13 -1103.88 2210.11
      vertex -1096.67 -1101.06 2210.11
      vertex -1091.8 -1105.92 2203.48
    endloop
  endfacet
  facet normal 0.723328 -0.386896 -0.571934
    outer loop
      vertex -1070 -1090.01 2184.37
      vertex -1070.02 -1089.87 2184.25
      vertex -1069.97 -1089.88 2184.32
    endloop
  endfacet
  facet normal -0.940561 0.149383 -0.305008
    outer loop
      vertex -1104.85 -1085 2189.89
      vertex -1107 -1085 2196.52
      vertex -1105.92 -1078.2 2196.52
    endloop
  endfacet
  facet normal 0.723328 0.386896 0.571934
    outer loop
      vertex -1070 -1079.99 2215.63
      vertex -1070.02 -1080.13 2215.75
      vertex -1069.97 -1080.12 2215.68
    endloop
  endfacet
  facet normal 0.0484909 0.30806 0.95013
    outer loop
      vertex -1081.88 -1075.38 2219.85
      vertex -1085 -1081.52 2222
      vertex -1083.92 -1081.69 2222
    endloop
  endfacet
  facet normal -0.0912015 0.585515 -0.805515
    outer loop
      vertex -1088.12 -1075.38 2180.15
      vertex -1089.27 -1070.18 2184.06
      vertex -1085.52 -1070.27 2183.57
    endloop
  endfacet
  facet normal -0.0994551 0.58386 -0.80574
    outer loop
      vertex -1089.87 -1070.02 2184.25
      vertex -1089.27 -1070.18 2184.06
      vertex -1088.12 -1075.38 2180.15
    endloop
  endfacet
  facet normal -0.0824784 0.618588 -0.781374
    outer loop
      vertex -1089.27 -1070.18 2184.06
      vertex -1089.87 -1070.02 2184.25
      vertex -1089.72 -1070 2184.25
    endloop
  endfacet
  facet normal 0.30806 -0.0484909 -0.95013
    outer loop
      vertex -1075.38 -1088.12 2180.15
      vertex -1081.69 -1086.08 2178
      vertex -1081.52 -1085 2178
    endloop
  endfacet
  facet normal -0.9408 -0.14887 0.304521
    outer loop
      vertex -1104.85 -1085 2210.11
      vertex -1105.92 -1091.8 2203.48
      vertex -1103.88 -1091.13 2210.11
    endloop
  endfacet
  facet normal -0.724055 0.368562 0.583015
    outer loop
      vertex -1101.06 -1073.33 2210.11
      vertex -1103.88 -1078.87 2210.11
      vertex -1099.98 -1080.13 2215.75
    endloop
  endfacet
  facet normal 0.269439 0.528051 0.805335
    outer loop
      vertex -1080.13 -1070.02 2215.75
      vertex -1081.88 -1075.38 2219.85
      vertex -1075.74 -1072.26 2215.75
    endloop
  endfacet
  facet normal -0.58551 0.0919551 0.805433
    outer loop
      vertex -1094.62 -1081.88 2219.85
      vertex -1100.75 -1085 2215.75
      vertex -1095.11 -1085 2219.85
    endloop
  endfacet
  facet normal 0.576117 0.576117 0.57981
    outer loop
      vertex -1070.14 -1072.14 2210.11
      vertex -1072.14 -1070.14 2210.11
      vertex -1070.52 -1073.33 2211.67
    endloop
  endfacet
  facet normal 0.576117 0.576117 0.57981
    outer loop
      vertex -1073.33 -1070.52 2211.67
      vertex -1070.52 -1073.33 2211.67
      vertex -1072.14 -1070.14 2210.11
    endloop
  endfacet
  facet normal 0.574049 0.574049 0.583898
    outer loop
      vertex -1072.26 -1075.74 2215.75
      vertex -1070.52 -1073.33 2211.67
      vertex -1073.33 -1070.52 2211.67
    endloop
  endfacet
  facet normal 0.572351 0.575566 0.58407
    outer loop
      vertex -1070.52 -1073.33 2211.67
      vertex -1072.26 -1075.74 2215.75
      vertex -1070.3 -1074.32 2212.43
    endloop
  endfacet
  facet normal 0.575566 0.572351 0.58407
    outer loop
      vertex -1075.74 -1072.26 2215.75
      vertex -1073.33 -1070.52 2211.67
      vertex -1074.32 -1070.3 2212.43
    endloop
  endfacet
  facet normal 0.574049 0.574049 0.583898
    outer loop
      vertex -1073.33 -1070.52 2211.67
      vertex -1075.74 -1072.26 2215.75
      vertex -1072.26 -1075.74 2215.75
    endloop
  endfacet
  facet normal -0.707107 0.707107 0
    outer loop
      vertex -1101.04 -1070.31 2196.52
      vertex -1102.8 -1072.07 2196.52
      vertex -1101.5 -1070.77 2200
    endloop
  endfacet
  facet normal -0.707107 0.707107 0
    outer loop
      vertex -1102.8 -1072.07 2203.48
      vertex -1101.5 -1070.77 2200
      vertex -1102.8 -1072.07 2196.52
    endloop
  endfacet
  facet normal -0.707107 0.707107 0
    outer loop
      vertex -1101.5 -1070.77 2200
      vertex -1102.8 -1072.07 2203.48
      vertex -1101.04 -1070.31 2203.48
    endloop
  endfacet
  facet normal -0.376066 0.737022 0.561581
    outer loop
      vertex -1090.01 -1070 2215.63
      vertex -1094.26 -1072.26 2215.75
      vertex -1089.87 -1070.02 2215.75
    endloop
  endfacet
  facet normal -0.368531 0.723996 0.583107
    outer loop
      vertex -1093.25 -1070.57 2214.29
      vertex -1094.26 -1072.26 2215.75
      vertex -1090.01 -1070 2215.63
    endloop
  endfacet
  facet normal -0.366778 0.723951 0.584268
    outer loop
      vertex -1094.26 -1072.26 2215.75
      vertex -1093.25 -1070.57 2214.29
      vertex -1095.68 -1070.3 2212.43
    endloop
  endfacet
  facet normal 0.278034 -0.141975 0.950021
    outer loop
      vertex -1075.38 -1088.12 2219.85
      vertex -1082.18 -1087.05 2222
      vertex -1076.82 -1090.94 2219.85
    endloop
  endfacet
  facet normal -0.141975 0.278034 -0.950021
    outer loop
      vertex -1087.05 -1082.18 2178
      vertex -1090.94 -1076.82 2180.15
      vertex -1088.12 -1075.38 2180.15
    endloop
  endfacet
  facet normal 0.14887 -0.9408 -0.304521
    outer loop
      vertex -1078.2 -1105.92 2196.52
      vertex -1085 -1104.85 2189.89
      vertex -1078.87 -1103.88 2189.89
    endloop
  endfacet
  facet normal 0.126963 -0.802356 -0.583185
    outer loop
      vertex -1078.87 -1103.88 2189.89
      vertex -1085 -1104.85 2189.89
      vertex -1080.13 -1099.98 2184.25
    endloop
  endfacet
  facet normal 0.528051 0.269439 -0.805335
    outer loop
      vertex -1070.02 -1080.13 2184.25
      vertex -1075.38 -1081.88 2180.15
      vertex -1072.26 -1075.74 2184.25
    endloop
  endfacet
  facet normal 0.751882 0.100251 0.651631
    outer loop
      vertex -1069.98 -1080.17 2215.71
      vertex -1070.02 -1080.13 2215.75
      vertex -1070 -1080.28 2215.75
    endloop
  endfacet
  facet normal -0.891206 0.453599 0
    outer loop
      vertex -1105.92 -1078.2 2196.52
      vertex -1102.8 -1072.07 2203.48
      vertex -1102.8 -1072.07 2196.52
    endloop
  endfacet
  facet normal -0.891206 0.453599 0
    outer loop
      vertex -1102.8 -1072.07 2203.48
      vertex -1105.92 -1078.2 2196.52
      vertex -1105.92 -1078.2 2203.48
    endloop
  endfacet
  facet normal 0.278295 0.140582 0.950152
    outer loop
      vertex -1075.38 -1081.88 2219.85
      vertex -1082.18 -1082.95 2222
      vertex -1081.69 -1083.92 2222
    endloop
  endfacet
  facet normal 0.30806 0.0484909 0.95013
    outer loop
      vertex -1075.38 -1081.88 2219.85
      vertex -1081.69 -1083.92 2222
      vertex -1081.52 -1085 2222
    endloop
  endfacet
  facet normal -0.269562 -0.527892 0.805398
    outer loop
      vertex -1090.94 -1093.18 2219.85
      vertex -1094.26 -1097.74 2215.75
      vertex -1088.12 -1094.62 2219.85
    endloop
  endfacet
  facet normal 0.572351 -0.575566 0.58407
    outer loop
      vertex -1070.3 -1095.68 2212.43
      vertex -1072.26 -1094.26 2215.75
      vertex -1070.52 -1096.67 2211.67
    endloop
  endfacet
  facet normal 0.574049 -0.574049 0.583898
    outer loop
      vertex -1075.74 -1097.74 2215.75
      vertex -1070.52 -1096.67 2211.67
      vertex -1072.26 -1094.26 2215.75
    endloop
  endfacet
  facet normal 0.572589 -0.578592 0.580839
    outer loop
      vertex -1070.52 -1096.67 2211.67
      vertex -1075.74 -1097.74 2215.75
      vertex -1070.14 -1097.86 2210.11
    endloop
  endfacet
  facet normal 0.575226 -0.573429 0.583347
    outer loop
      vertex -1070.14 -1097.86 2210.11
      vertex -1075.74 -1097.74 2215.75
      vertex -1073.33 -1101.06 2210.11
    endloop
  endfacet
  facet normal -0.308108 0.0483888 0.95012
    outer loop
      vertex -1094.62 -1081.88 2219.85
      vertex -1095.11 -1085 2219.85
      vertex -1088.48 -1085 2222
    endloop
  endfacet
  facet normal 0.618588 -0.0824784 0.781374
    outer loop
      vertex -1070.18 -1089.27 2215.94
      vertex -1070.02 -1089.87 2215.75
      vertex -1070 -1089.72 2215.75
    endloop
  endfacet
  facet normal 0.58386 -0.0994551 0.80574
    outer loop
      vertex -1070.18 -1089.27 2215.94
      vertex -1075.38 -1088.12 2219.85
      vertex -1070.02 -1089.87 2215.75
    endloop
  endfacet
  facet normal 0.585515 -0.0912015 0.805515
    outer loop
      vertex -1075.38 -1088.12 2219.85
      vertex -1070.18 -1089.27 2215.94
      vertex -1070.27 -1085.52 2216.43
    endloop
  endfacet
  facet normal 0.453599 -0.891206 0
    outer loop
      vertex -1078.2 -1105.92 2196.52
      vertex -1072.07 -1102.8 2203.48
      vertex -1078.2 -1105.92 2203.48
    endloop
  endfacet
  facet normal 0.453599 -0.891206 0
    outer loop
      vertex -1072.07 -1102.8 2203.48
      vertex -1078.2 -1105.92 2196.52
      vertex -1072.07 -1102.8 2196.52
    endloop
  endfacet
  facet normal 0.126856 -0.802325 -0.583251
    outer loop
      vertex -1080.13 -1099.98 2184.25
      vertex -1085 -1104.85 2189.89
      vertex -1085 -1100.75 2184.25
    endloop
  endfacet
  facet normal -0.527892 0.269562 -0.805398
    outer loop
      vertex -1094.62 -1081.88 2180.15
      vertex -1097.74 -1075.74 2184.25
      vertex -1093.18 -1079.06 2180.15
    endloop
  endfacet
  facet normal -0.0483888 -0.308108 -0.95012
    outer loop
      vertex -1085 -1095.11 2180.15
      vertex -1088.12 -1094.62 2180.15
      vertex -1085 -1088.48 2178
    endloop
  endfacet
  facet normal 0.0483888 0.308108 -0.95012
    outer loop
      vertex -1081.88 -1075.38 2180.15
      vertex -1085 -1081.52 2178
      vertex -1085 -1074.89 2180.15
    endloop
  endfacet
  facet normal 0.751882 0.100251 -0.651631
    outer loop
      vertex -1070 -1080.28 2184.25
      vertex -1070.02 -1080.13 2184.25
      vertex -1069.98 -1080.17 2184.29
    endloop
  endfacet
  facet normal 0.572351 0.575566 -0.58407
    outer loop
      vertex -1072.26 -1075.74 2184.25
      vertex -1070.52 -1073.33 2188.33
      vertex -1070.3 -1074.32 2187.57
    endloop
  endfacet
  facet normal 0.574049 0.574049 -0.583898
    outer loop
      vertex -1070.52 -1073.33 2188.33
      vertex -1072.26 -1075.74 2184.25
      vertex -1073.33 -1070.52 2188.33
    endloop
  endfacet
  facet normal 0.576117 0.576117 -0.57981
    outer loop
      vertex -1070.52 -1073.33 2188.33
      vertex -1073.33 -1070.52 2188.33
      vertex -1072.14 -1070.14 2189.89
    endloop
  endfacet
  facet normal 0.574049 0.574049 -0.583898
    outer loop
      vertex -1075.74 -1072.26 2184.25
      vertex -1073.33 -1070.52 2188.33
      vertex -1072.26 -1075.74 2184.25
    endloop
  endfacet
  facet normal 0.575566 0.572351 -0.58407
    outer loop
      vertex -1073.33 -1070.52 2188.33
      vertex -1075.74 -1072.26 2184.25
      vertex -1074.32 -1070.3 2187.57
    endloop
  endfacet
  facet normal 0.576117 0.576117 -0.57981
    outer loop
      vertex -1070.14 -1072.14 2189.89
      vertex -1070.52 -1073.33 2188.33
      vertex -1072.14 -1070.14 2189.89
    endloop
  endfacet
  facet normal -0.220809 -0.220809 0.949993
    outer loop
      vertex -1087.82 -1087.05 2222
      vertex -1090.94 -1093.18 2219.85
      vertex -1087.05 -1087.82 2222
    endloop
  endfacet
  facet normal -0.220809 -0.220809 0.949993
    outer loop
      vertex -1090.94 -1093.18 2219.85
      vertex -1087.82 -1087.05 2222
      vertex -1093.18 -1090.94 2219.85
    endloop
  endfacet
  facet normal 0.585079 0.0971325 0.805138
    outer loop
      vertex -1070.27 -1084.48 2216.43
      vertex -1074.89 -1085 2219.85
      vertex -1070.28 -1085 2216.5
    endloop
  endfacet
  facet normal 0.585746 0.0919921 0.805257
    outer loop
      vertex -1074.89 -1085 2219.85
      vertex -1070.27 -1084.48 2216.43
      vertex -1075.38 -1081.88 2219.85
    endloop
  endfacet
  facet normal 0.308108 0.0483888 0.95012
    outer loop
      vertex -1075.38 -1081.88 2219.85
      vertex -1081.52 -1085 2222
      vertex -1074.89 -1085 2219.85
    endloop
  endfacet
  facet normal 0.366778 0.723951 -0.584268
    outer loop
      vertex -1075.74 -1072.26 2184.25
      vertex -1076.75 -1070.57 2185.71
      vertex -1074.32 -1070.3 2187.57
    endloop
  endfacet
  facet normal 0.368531 0.723996 -0.583107
    outer loop
      vertex -1075.74 -1072.26 2184.25
      vertex -1079.99 -1070 2184.37
      vertex -1076.75 -1070.57 2185.71
    endloop
  endfacet
  facet normal 0.376066 0.737022 -0.561581
    outer loop
      vertex -1079.99 -1070 2184.37
      vertex -1075.74 -1072.26 2184.25
      vertex -1080.13 -1070.02 2184.25
    endloop
  endfacet
  facet normal 0.269562 0.527892 0.805398
    outer loop
      vertex -1075.74 -1072.26 2215.75
      vertex -1081.88 -1075.38 2219.85
      vertex -1079.06 -1076.82 2219.85
    endloop
  endfacet
  facet normal 0.278034 0.141975 0.950021
    outer loop
      vertex -1076.82 -1079.06 2219.85
      vertex -1082.18 -1082.95 2222
      vertex -1075.38 -1081.88 2219.85
    endloop
  endfacet
  facet normal -0.802325 -0.126856 -0.583251
    outer loop
      vertex -1099.98 -1089.87 2184.25
      vertex -1104.85 -1085 2189.89
      vertex -1100.75 -1085 2184.25
    endloop
  endfacet
  facet normal -0.9408 0.14887 0.304521
    outer loop
      vertex -1103.88 -1078.87 2210.11
      vertex -1105.92 -1078.2 2203.48
      vertex -1104.85 -1085 2210.11
    endloop
  endfacet
  facet normal -0.0483888 0.308108 0.95012
    outer loop
      vertex -1085 -1074.89 2219.85
      vertex -1088.12 -1075.38 2219.85
      vertex -1085 -1081.52 2222
    endloop
  endfacet
  facet normal 0.386896 0.723328 0.571934
    outer loop
      vertex -1080.12 -1069.97 2215.68
      vertex -1080.13 -1070.02 2215.75
      vertex -1079.99 -1070 2215.63
    endloop
  endfacet
  facet normal -0.0483888 -0.308108 0.95012
    outer loop
      vertex -1085 -1088.48 2222
      vertex -1088.12 -1094.62 2219.85
      vertex -1085 -1095.11 2219.85
    endloop
  endfacet
  facet normal -0.0926054 -0.585699 0.805221
    outer loop
      vertex -1088.12 -1094.62 2219.85
      vertex -1089.87 -1099.98 2215.75
      vertex -1085 -1100.75 2215.75
    endloop
  endfacet
  facet normal -0.368562 -0.724055 -0.583015
    outer loop
      vertex -1091.13 -1103.88 2189.89
      vertex -1096.67 -1101.06 2189.89
      vertex -1089.87 -1099.98 2184.25
    endloop
  endfacet
  facet normal -0.368562 -0.724055 0.583015
    outer loop
      vertex -1089.87 -1099.98 2215.75
      vertex -1096.67 -1101.06 2210.11
      vertex -1091.13 -1103.88 2210.11
    endloop
  endfacet
  facet normal -0.369098 -0.723367 -0.583529
    outer loop
      vertex -1089.87 -1099.98 2184.25
      vertex -1096.67 -1101.06 2189.89
      vertex -1094.26 -1097.74 2184.25
    endloop
  endfacet
  facet normal -0.156857 -0.987621 0
    outer loop
      vertex -1091.8 -1105.92 2196.52
      vertex -1085 -1107 2203.48
      vertex -1091.8 -1105.92 2203.48
    endloop
  endfacet
  facet normal -0.156857 -0.987621 -0
    outer loop
      vertex -1085 -1107 2203.48
      vertex -1091.8 -1105.92 2196.52
      vertex -1085 -1107 2196.52
    endloop
  endfacet
  facet normal 0.30806 0.0484909 -0.95013
    outer loop
      vertex -1081.52 -1085 2178
      vertex -1081.69 -1083.92 2178
      vertex -1075.38 -1081.88 2180.15
    endloop
  endfacet
  facet normal 0.269439 -0.528051 -0.805335
    outer loop
      vertex -1080.13 -1099.98 2184.25
      vertex -1081.88 -1094.62 2180.15
      vertex -1075.74 -1097.74 2184.25
    endloop
  endfacet
  facet normal 0.572589 -0.578592 -0.580839
    outer loop
      vertex -1075.74 -1097.74 2184.25
      vertex -1070.52 -1096.67 2188.33
      vertex -1070.14 -1097.86 2189.89
    endloop
  endfacet
  facet normal 0.575226 -0.573429 -0.583347
    outer loop
      vertex -1075.74 -1097.74 2184.25
      vertex -1070.14 -1097.86 2189.89
      vertex -1073.33 -1101.06 2189.89
    endloop
  endfacet
  facet normal 0.574049 -0.574049 -0.583898
    outer loop
      vertex -1070.52 -1096.67 2188.33
      vertex -1075.74 -1097.74 2184.25
      vertex -1072.26 -1094.26 2184.25
    endloop
  endfacet
  facet normal 0.572351 -0.575566 -0.58407
    outer loop
      vertex -1070.3 -1095.68 2187.57
      vertex -1070.52 -1096.67 2188.33
      vertex -1072.26 -1094.26 2184.25
    endloop
  endfacet
  facet normal 0.723996 -0.368531 -0.583107
    outer loop
      vertex -1072.26 -1094.26 2184.25
      vertex -1070 -1090.01 2184.37
      vertex -1070.57 -1093.25 2185.71
    endloop
  endfacet
  facet normal 0.737022 -0.376066 -0.561581
    outer loop
      vertex -1070 -1090.01 2184.37
      vertex -1072.26 -1094.26 2184.25
      vertex -1070.02 -1089.87 2184.25
    endloop
  endfacet
  facet normal 0.723951 -0.366778 -0.584268
    outer loop
      vertex -1072.26 -1094.26 2184.25
      vertex -1070.57 -1093.25 2185.71
      vertex -1070.3 -1095.68 2187.57
    endloop
  endfacet
  facet normal -0.9408 -0.14887 -0.304521
    outer loop
      vertex -1103.88 -1091.13 2189.89
      vertex -1105.92 -1091.8 2196.52
      vertex -1104.85 -1085 2189.89
    endloop
  endfacet
  facet normal -0.848775 -0.432048 -0.304822
    outer loop
      vertex -1101.06 -1096.67 2189.89
      vertex -1105.92 -1091.8 2196.52
      vertex -1103.88 -1091.13 2189.89
    endloop
  endfacet
  facet normal -0.848775 0.432048 -0.304822
    outer loop
      vertex -1103.88 -1078.87 2189.89
      vertex -1105.92 -1078.2 2196.52
      vertex -1101.06 -1073.33 2189.89
    endloop
  endfacet
  facet normal 0.723951 0.366778 -0.584268
    outer loop
      vertex -1070.57 -1076.75 2185.71
      vertex -1072.26 -1075.74 2184.25
      vertex -1070.3 -1074.32 2187.57
    endloop
  endfacet
  facet normal 0.723996 0.368531 -0.583107
    outer loop
      vertex -1070 -1079.99 2184.37
      vertex -1072.26 -1075.74 2184.25
      vertex -1070.57 -1076.75 2185.71
    endloop
  endfacet
  facet normal 0.737022 0.376066 -0.561581
    outer loop
      vertex -1072.26 -1075.74 2184.25
      vertex -1070 -1079.99 2184.37
      vertex -1070.02 -1080.13 2184.25
    endloop
  endfacet
  facet normal 0.784465 -0.196116 -0.588348
    outer loop
      vertex -1069.97 -1089.88 2184.32
      vertex -1070.02 -1089.87 2184.25
      vertex -1069.98 -1089.83 2184.29
    endloop
  endfacet
  facet normal 0.527892 0.269562 -0.805398
    outer loop
      vertex -1075.38 -1081.88 2180.15
      vertex -1076.82 -1079.06 2180.15
      vertex -1072.26 -1075.74 2184.25
    endloop
  endfacet
  facet normal 0.707107 -0.707107 0
    outer loop
      vertex -1070.31 -1101.04 2203.48
      vertex -1072.07 -1102.8 2203.48
      vertex -1070.77 -1101.5 2200
    endloop
  endfacet
  facet normal 0.707107 -0.707107 0
    outer loop
      vertex -1072.07 -1102.8 2196.52
      vertex -1070.77 -1101.5 2200
      vertex -1072.07 -1102.8 2203.48
    endloop
  endfacet
  facet normal 0.707107 -0.707107 0
    outer loop
      vertex -1070.77 -1101.5 2200
      vertex -1072.07 -1102.8 2196.52
      vertex -1070.31 -1101.04 2196.52
    endloop
  endfacet
  facet normal -0.0919551 -0.58551 0.805433
    outer loop
      vertex -1085 -1095.11 2219.85
      vertex -1088.12 -1094.62 2219.85
      vertex -1085 -1100.75 2215.75
    endloop
  endfacet
  facet normal -0.585699 0.0926054 0.805221
    outer loop
      vertex -1099.98 -1080.13 2215.75
      vertex -1100.75 -1085 2215.75
      vertex -1094.62 -1081.88 2219.85
    endloop
  endfacet
  facet normal -0.0971325 0.585079 0.805138
    outer loop
      vertex -1085.52 -1070.27 2216.43
      vertex -1085 -1074.89 2219.85
      vertex -1085 -1070.28 2216.5
    endloop
  endfacet
  facet normal -0.0919921 0.585746 0.805257
    outer loop
      vertex -1085 -1074.89 2219.85
      vertex -1085.52 -1070.27 2216.43
      vertex -1088.12 -1075.38 2219.85
    endloop
  endfacet
  facet normal 0.0971325 0.585079 0.805138
    outer loop
      vertex -1085 -1074.89 2219.85
      vertex -1084.48 -1070.27 2216.43
      vertex -1085 -1070.28 2216.5
    endloop
  endfacet
  facet normal 0.0919921 0.585746 0.805257
    outer loop
      vertex -1084.48 -1070.27 2216.43
      vertex -1085 -1074.89 2219.85
      vertex -1081.88 -1075.38 2219.85
    endloop
  endfacet
  facet normal -0.987621 0.156857 0
    outer loop
      vertex -1107 -1085 2196.52
      vertex -1105.92 -1078.2 2203.48
      vertex -1105.92 -1078.2 2196.52
    endloop
  endfacet
  facet normal -0.987621 0.156857 0
    outer loop
      vertex -1105.92 -1078.2 2203.48
      vertex -1107 -1085 2196.52
      vertex -1107 -1085 2203.48
    endloop
  endfacet
  facet normal -0.802356 -0.126963 0.583185
    outer loop
      vertex -1099.98 -1089.87 2215.75
      vertex -1104.85 -1085 2210.11
      vertex -1103.88 -1091.13 2210.11
    endloop
  endfacet
  facet normal -0.802325 -0.126856 0.583251
    outer loop
      vertex -1100.75 -1085 2215.75
      vertex -1104.85 -1085 2210.11
      vertex -1099.98 -1089.87 2215.75
    endloop
  endfacet
  facet normal -0.802356 0.126963 -0.583185
    outer loop
      vertex -1099.98 -1080.13 2184.25
      vertex -1104.85 -1085 2189.89
      vertex -1103.88 -1078.87 2189.89
    endloop
  endfacet
  facet normal -0.386896 0.723328 0.571934
    outer loop
      vertex -1089.88 -1069.97 2215.68
      vertex -1090.01 -1070 2215.63
      vertex -1089.87 -1070.02 2215.75
    endloop
  endfacet
  facet normal 0.784465 0.196116 0.588348
    outer loop
      vertex -1069.97 -1080.12 2215.68
      vertex -1070.02 -1080.13 2215.75
      vertex -1069.98 -1080.17 2215.71
    endloop
  endfacet
  facet normal -0.269439 0.528051 0.805335
    outer loop
      vertex -1089.87 -1070.02 2215.75
      vertex -1094.26 -1072.26 2215.75
      vertex -1088.12 -1075.38 2219.85
    endloop
  endfacet
  facet normal -0.802325 0.126856 0.583251
    outer loop
      vertex -1099.98 -1080.13 2215.75
      vertex -1104.85 -1085 2210.11
      vertex -1100.75 -1085 2215.75
    endloop
  endfacet
  facet normal -0.802356 0.126963 0.583185
    outer loop
      vertex -1103.88 -1078.87 2210.11
      vertex -1104.85 -1085 2210.11
      vertex -1099.98 -1080.13 2215.75
    endloop
  endfacet
  facet normal 0.141975 0.278034 0.950021
    outer loop
      vertex -1081.88 -1075.38 2219.85
      vertex -1082.95 -1082.18 2222
      vertex -1079.06 -1076.82 2219.85
    endloop
  endfacet
  facet normal 0.723328 -0.386896 0.571934
    outer loop
      vertex -1069.97 -1089.88 2215.68
      vertex -1070.02 -1089.87 2215.75
      vertex -1070 -1090.01 2215.63
    endloop
  endfacet
  facet normal -0.369098 -0.723367 0.583529
    outer loop
      vertex -1094.26 -1097.74 2215.75
      vertex -1096.67 -1101.06 2210.11
      vertex -1089.87 -1099.98 2215.75
    endloop
  endfacet
  facet normal 0.784465 -0.196116 0.588348
    outer loop
      vertex -1069.98 -1089.83 2215.71
      vertex -1070.02 -1089.87 2215.75
      vertex -1069.97 -1089.88 2215.68
    endloop
  endfacet
  facet normal 0.751882 -0.100251 0.651631
    outer loop
      vertex -1070 -1089.72 2215.75
      vertex -1070.02 -1089.87 2215.75
      vertex -1069.98 -1089.83 2215.71
    endloop
  endfacet
  facet normal -0.724055 -0.368562 0.583015
    outer loop
      vertex -1099.98 -1089.87 2215.75
      vertex -1103.88 -1091.13 2210.11
      vertex -1101.06 -1096.67 2210.11
    endloop
  endfacet
  facet normal -0.848775 -0.432048 0.304822
    outer loop
      vertex -1103.88 -1091.13 2210.11
      vertex -1105.92 -1091.8 2203.48
      vertex -1101.06 -1096.67 2210.11
    endloop
  endfacet
  facet normal -0.220809 0.220809 0.949993
    outer loop
      vertex -1090.94 -1076.82 2219.85
      vertex -1087.82 -1082.95 2222
      vertex -1087.05 -1082.18 2222
    endloop
  endfacet
  facet normal -0.220809 0.220809 0.949993
    outer loop
      vertex -1087.82 -1082.95 2222
      vertex -1090.94 -1076.82 2219.85
      vertex -1093.18 -1079.06 2219.85
    endloop
  endfacet
  facet normal 0.278034 0.141975 -0.950021
    outer loop
      vertex -1075.38 -1081.88 2180.15
      vertex -1082.18 -1082.95 2178
      vertex -1076.82 -1079.06 2180.15
    endloop
  endfacet
  facet normal 0.0484909 -0.30806 -0.95013
    outer loop
      vertex -1081.88 -1094.62 2180.15
      vertex -1085 -1088.48 2178
      vertex -1083.92 -1088.31 2178
    endloop
  endfacet
  facet normal -0.126963 -0.802356 -0.583185
    outer loop
      vertex -1085 -1104.85 2189.89
      vertex -1091.13 -1103.88 2189.89
      vertex -1089.87 -1099.98 2184.25
    endloop
  endfacet
  facet normal 0.149383 -0.940561 -0.305008
    outer loop
      vertex -1078.2 -1105.92 2196.52
      vertex -1085 -1107 2196.52
      vertex -1085 -1104.85 2189.89
    endloop
  endfacet
  facet normal 0.126963 -0.802356 0.583185
    outer loop
      vertex -1080.13 -1099.98 2215.75
      vertex -1085 -1104.85 2210.11
      vertex -1078.87 -1103.88 2210.11
    endloop
  endfacet
  facet normal -0.0919551 -0.58551 -0.805433
    outer loop
      vertex -1085 -1100.75 2184.25
      vertex -1088.12 -1094.62 2180.15
      vertex -1085 -1095.11 2180.15
    endloop
  endfacet
  facet normal -0.802356 -0.126963 -0.583185
    outer loop
      vertex -1103.88 -1091.13 2189.89
      vertex -1104.85 -1085 2189.89
      vertex -1099.98 -1089.87 2184.25
    endloop
  endfacet
  facet normal -0.9408 0.14887 -0.304521
    outer loop
      vertex -1104.85 -1085 2189.89
      vertex -1105.92 -1078.2 2196.52
      vertex -1103.88 -1078.87 2189.89
    endloop
  endfacet
  facet normal -0.848782 -0.432007 0.304858
    outer loop
      vertex -1101.06 -1096.67 2210.11
      vertex -1105.92 -1091.8 2203.48
      vertex -1102.8 -1097.93 2203.48
    endloop
  endfacet
  facet normal -0.100251 0.751882 -0.651631
    outer loop
      vertex -1089.72 -1070 2184.25
      vertex -1089.87 -1070.02 2184.25
      vertex -1089.83 -1069.98 2184.29
    endloop
  endfacet
  facet normal 0.308108 0.0483888 -0.95012
    outer loop
      vertex -1074.89 -1085 2180.15
      vertex -1081.52 -1085 2178
      vertex -1075.38 -1081.88 2180.15
    endloop
  endfacet
  facet normal -0.527892 -0.269562 -0.805398
    outer loop
      vertex -1093.18 -1090.94 2180.15
      vertex -1097.74 -1094.26 2184.25
      vertex -1094.62 -1088.12 2180.15
    endloop
  endfacet
  facet normal 0.220809 0.220809 -0.949993
    outer loop
      vertex -1082.18 -1082.95 2178
      vertex -1079.06 -1076.82 2180.15
      vertex -1076.82 -1079.06 2180.15
    endloop
  endfacet
  facet normal 0.220809 0.220809 -0.949993
    outer loop
      vertex -1079.06 -1076.82 2180.15
      vertex -1082.18 -1082.95 2178
      vertex -1082.95 -1082.18 2178
    endloop
  endfacet
  facet normal -0.269439 0.528051 -0.805335
    outer loop
      vertex -1088.12 -1075.38 2180.15
      vertex -1094.26 -1072.26 2184.25
      vertex -1089.87 -1070.02 2184.25
    endloop
  endfacet
  facet normal -0.848782 0.432007 -0.304858
    outer loop
      vertex -1101.06 -1073.33 2189.89
      vertex -1105.92 -1078.2 2196.52
      vertex -1102.8 -1072.07 2196.52
    endloop
  endfacet
  facet normal 0.269439 0.528051 -0.805335
    outer loop
      vertex -1075.74 -1072.26 2184.25
      vertex -1081.88 -1075.38 2180.15
      vertex -1080.13 -1070.02 2184.25
    endloop
  endfacet
  facet normal 0.386896 0.723328 -0.571934
    outer loop
      vertex -1079.99 -1070 2184.37
      vertex -1080.13 -1070.02 2184.25
      vertex -1080.12 -1069.97 2184.32
    endloop
  endfacet
  facet normal 0.784465 0.196116 -0.588348
    outer loop
      vertex -1069.98 -1080.17 2184.29
      vertex -1070.02 -1080.13 2184.25
      vertex -1069.97 -1080.12 2184.32
    endloop
  endfacet
  facet normal 0.723328 0.386896 -0.571934
    outer loop
      vertex -1069.97 -1080.12 2184.32
      vertex -1070.02 -1080.13 2184.25
      vertex -1070 -1079.99 2184.37
    endloop
  endfacet
  facet normal 0.432007 -0.848782 -0.304858
    outer loop
      vertex -1072.07 -1102.8 2196.52
      vertex -1078.2 -1105.92 2196.52
      vertex -1073.33 -1101.06 2189.89
    endloop
  endfacet
  facet normal 0.156857 -0.987621 0
    outer loop
      vertex -1085 -1107 2196.52
      vertex -1078.2 -1105.92 2203.48
      vertex -1085 -1107 2203.48
    endloop
  endfacet
  facet normal 0.156857 -0.987621 0
    outer loop
      vertex -1078.2 -1105.92 2203.48
      vertex -1085 -1107 2196.52
      vertex -1078.2 -1105.92 2196.52
    endloop
  endfacet
  facet normal 0.673257 0.673257 -0.305695
    outer loop
      vertex -1070.14 -1072.14 2189.89
      vertex -1072.14 -1070.14 2189.89
      vertex -1070.72 -1070.72 2191.74
    endloop
  endfacet
  facet normal -0.278295 0.140582 0.950152
    outer loop
      vertex -1087.82 -1082.95 2222
      vertex -1094.62 -1081.88 2219.85
      vertex -1088.31 -1083.92 2222
    endloop
  endfacet
  facet normal -0.278295 -0.140582 0.950152
    outer loop
      vertex -1088.31 -1086.08 2222
      vertex -1094.62 -1088.12 2219.85
      vertex -1087.82 -1087.05 2222
    endloop
  endfacet
  facet normal 0.196116 0.784465 0.588348
    outer loop
      vertex -1080.12 -1069.97 2215.68
      vertex -1080.17 -1069.98 2215.71
      vertex -1080.13 -1070.02 2215.75
    endloop
  endfacet
  facet normal -0.269562 0.527892 0.805398
    outer loop
      vertex -1088.12 -1075.38 2219.85
      vertex -1094.26 -1072.26 2215.75
      vertex -1090.94 -1076.82 2219.85
    endloop
  endfacet
  facet normal 0.0824784 0.618588 0.781374
    outer loop
      vertex -1080.73 -1070.18 2215.94
      vertex -1080.13 -1070.02 2215.75
      vertex -1080.28 -1070 2215.75
    endloop
  endfacet
  facet normal 0.0994551 0.58386 0.80574
    outer loop
      vertex -1080.73 -1070.18 2215.94
      vertex -1081.88 -1075.38 2219.85
      vertex -1080.13 -1070.02 2215.75
    endloop
  endfacet
  facet normal 0.0912015 0.585515 0.805515
    outer loop
      vertex -1081.88 -1075.38 2219.85
      vertex -1080.73 -1070.18 2215.94
      vertex -1084.48 -1070.27 2216.43
    endloop
  endfacet
  facet normal -0.940561 0.149383 0.305008
    outer loop
      vertex -1105.92 -1078.2 2203.48
      vertex -1107 -1085 2203.48
      vertex -1104.85 -1085 2210.11
    endloop
  endfacet
  facet normal -0.940561 -0.149383 0.305008
    outer loop
      vertex -1104.85 -1085 2210.11
      vertex -1107 -1085 2203.48
      vertex -1105.92 -1091.8 2203.48
    endloop
  endfacet
  facet normal -0.848782 -0.432007 -0.304858
    outer loop
      vertex -1102.8 -1097.93 2196.52
      vertex -1105.92 -1091.8 2196.52
      vertex -1101.06 -1096.67 2189.89
    endloop
  endfacet
  facet normal -0.673474 -0.673474 0.304739
    outer loop
      vertex -1102.8 -1097.93 2203.48
      vertex -1096.67 -1101.06 2210.11
      vertex -1101.06 -1096.67 2210.11
    endloop
  endfacet
  facet normal -0.673474 -0.673474 0.304739
    outer loop
      vertex -1096.67 -1101.06 2210.11
      vertex -1102.8 -1097.93 2203.48
      vertex -1097.93 -1102.8 2203.48
    endloop
  endfacet
  facet normal -0.673234 0.67372 -0.304723
    outer loop
      vertex -1099.29 -1070.72 2191.75
      vertex -1101.06 -1073.33 2189.89
      vertex -1102.8 -1072.07 2196.52
    endloop
  endfacet
  facet normal -0.672031 0.674137 -0.306454
    outer loop
      vertex -1101.06 -1073.33 2189.89
      vertex -1099.29 -1070.72 2191.75
      vertex -1097.86 -1070.14 2189.89
    endloop
  endfacet
  facet normal -0.67477 0.67477 -0.298949
    outer loop
      vertex -1100.94 -1070.56 2195.73
      vertex -1102.8 -1072.07 2196.52
      vertex -1101.04 -1070.31 2196.52
    endloop
  endfacet
  facet normal -0.675027 0.670968 -0.306822
    outer loop
      vertex -1102.8 -1072.07 2196.52
      vertex -1100.94 -1070.56 2195.73
      vertex -1099.29 -1070.72 2191.75
    endloop
  endfacet
  facet normal -0.724055 0.368562 -0.583015
    outer loop
      vertex -1099.98 -1080.13 2184.25
      vertex -1103.88 -1078.87 2189.89
      vertex -1101.06 -1073.33 2189.89
    endloop
  endfacet
  facet normal -0.848782 0.432007 0.304858
    outer loop
      vertex -1102.8 -1072.07 2203.48
      vertex -1105.92 -1078.2 2203.48
      vertex -1101.06 -1073.33 2210.11
    endloop
  endfacet
  facet normal -0.848775 0.432048 0.304822
    outer loop
      vertex -1101.06 -1073.33 2210.11
      vertex -1105.92 -1078.2 2203.48
      vertex -1103.88 -1078.87 2210.11
    endloop
  endfacet
  facet normal 0.528051 0.269439 0.805335
    outer loop
      vertex -1072.26 -1075.74 2215.75
      vertex -1075.38 -1081.88 2219.85
      vertex -1070.02 -1080.13 2215.75
    endloop
  endfacet
  facet normal 0.618588 0.0824784 0.781374
    outer loop
      vertex -1070.02 -1080.13 2215.75
      vertex -1070.18 -1080.73 2215.94
      vertex -1070 -1080.28 2215.75
    endloop
  endfacet
  facet normal 0.585515 0.0912015 0.805515
    outer loop
      vertex -1070.18 -1080.73 2215.94
      vertex -1075.38 -1081.88 2219.85
      vertex -1070.27 -1084.48 2216.43
    endloop
  endfacet
  facet normal 0.58386 0.0994551 0.80574
    outer loop
      vertex -1075.38 -1081.88 2219.85
      vertex -1070.18 -1080.73 2215.94
      vertex -1070.02 -1080.13 2215.75
    endloop
  endfacet
  facet normal 0.419078 0.419078 0.805448
    outer loop
      vertex -1075.74 -1072.26 2215.75
      vertex -1076.82 -1079.06 2219.85
      vertex -1072.26 -1075.74 2215.75
    endloop
  endfacet
  facet normal 0.419078 0.419078 0.805448
    outer loop
      vertex -1076.82 -1079.06 2219.85
      vertex -1075.74 -1072.26 2215.75
      vertex -1079.06 -1076.82 2219.85
    endloop
  endfacet
  facet normal 0.723951 0.366778 0.584268
    outer loop
      vertex -1072.26 -1075.74 2215.75
      vertex -1070.57 -1076.75 2214.29
      vertex -1070.3 -1074.32 2212.43
    endloop
  endfacet
  facet normal 0.723996 0.368531 0.583107
    outer loop
      vertex -1072.26 -1075.74 2215.75
      vertex -1070 -1079.99 2215.63
      vertex -1070.57 -1076.75 2214.29
    endloop
  endfacet
  facet normal 0.737022 0.376066 0.561581
    outer loop
      vertex -1070 -1079.99 2215.63
      vertex -1072.26 -1075.74 2215.75
      vertex -1070.02 -1080.13 2215.75
    endloop
  endfacet
  facet normal -0.58551 -0.0919551 0.805433
    outer loop
      vertex -1095.11 -1085 2219.85
      vertex -1100.75 -1085 2215.75
      vertex -1094.62 -1088.12 2219.85
    endloop
  endfacet
  facet normal -0.723367 0.369098 0.583529
    outer loop
      vertex -1097.74 -1075.74 2215.75
      vertex -1101.06 -1073.33 2210.11
      vertex -1099.98 -1080.13 2215.75
    endloop
  endfacet
  facet normal -0.528051 0.269439 0.805335
    outer loop
      vertex -1097.74 -1075.74 2215.75
      vertex -1099.98 -1080.13 2215.75
      vertex -1094.62 -1081.88 2219.85
    endloop
  endfacet
  facet normal 0.220809 0.220809 0.949993
    outer loop
      vertex -1079.06 -1076.82 2219.85
      vertex -1082.18 -1082.95 2222
      vertex -1076.82 -1079.06 2219.85
    endloop
  endfacet
  facet normal 0.220809 0.220809 0.949993
    outer loop
      vertex -1082.18 -1082.95 2222
      vertex -1079.06 -1076.82 2219.85
      vertex -1082.95 -1082.18 2222
    endloop
  endfacet
  facet normal 0.30806 -0.0484909 0.95013
    outer loop
      vertex -1081.52 -1085 2222
      vertex -1081.69 -1086.08 2222
      vertex -1075.38 -1088.12 2219.85
    endloop
  endfacet
  facet normal -0.419078 0.419078 0.805448
    outer loop
      vertex -1094.26 -1072.26 2215.75
      vertex -1093.18 -1079.06 2219.85
      vertex -1090.94 -1076.82 2219.85
    endloop
  endfacet
  facet normal -0.419078 0.419078 0.805448
    outer loop
      vertex -1093.18 -1079.06 2219.85
      vertex -1094.26 -1072.26 2215.75
      vertex -1097.74 -1075.74 2215.75
    endloop
  endfacet
  facet normal -0.0484909 0.30806 0.95013
    outer loop
      vertex -1085 -1081.52 2222
      vertex -1088.12 -1075.38 2219.85
      vertex -1086.08 -1081.69 2222
    endloop
  endfacet
  facet normal -0.723367 -0.369098 0.583529
    outer loop
      vertex -1099.98 -1089.87 2215.75
      vertex -1101.06 -1096.67 2210.11
      vertex -1097.74 -1094.26 2215.75
    endloop
  endfacet
  facet normal -0.528051 -0.269439 0.805335
    outer loop
      vertex -1094.62 -1088.12 2219.85
      vertex -1099.98 -1089.87 2215.75
      vertex -1097.74 -1094.26 2215.75
    endloop
  endfacet
  facet normal -0.126856 -0.802325 0.583251
    outer loop
      vertex -1085 -1100.75 2215.75
      vertex -1089.87 -1099.98 2215.75
      vertex -1085 -1104.85 2210.11
    endloop
  endfacet
  facet normal 0.140582 -0.278295 0.950152
    outer loop
      vertex -1082.95 -1087.82 2222
      vertex -1083.92 -1088.31 2222
      vertex -1081.88 -1094.62 2219.85
    endloop
  endfacet
  facet normal 0.585079 -0.0971325 0.805138
    outer loop
      vertex -1074.89 -1085 2219.85
      vertex -1070.27 -1085.52 2216.43
      vertex -1070.28 -1085 2216.5
    endloop
  endfacet
  facet normal 0.585746 -0.0919921 0.805257
    outer loop
      vertex -1070.27 -1085.52 2216.43
      vertex -1074.89 -1085 2219.85
      vertex -1075.38 -1088.12 2219.85
    endloop
  endfacet
  facet normal 0.308108 -0.0483888 0.95012
    outer loop
      vertex -1074.89 -1085 2219.85
      vertex -1081.52 -1085 2222
      vertex -1075.38 -1088.12 2219.85
    endloop
  endfacet
  facet normal 0.585079 -0.0971325 -0.805138
    outer loop
      vertex -1070.27 -1085.52 2183.57
      vertex -1074.89 -1085 2180.15
      vertex -1070.28 -1085 2183.5
    endloop
  endfacet
  facet normal 0.585746 -0.0919921 -0.805257
    outer loop
      vertex -1074.89 -1085 2180.15
      vertex -1070.27 -1085.52 2183.57
      vertex -1075.38 -1088.12 2180.15
    endloop
  endfacet
  facet normal 0.618588 -0.0824784 -0.781374
    outer loop
      vertex -1070.02 -1089.87 2184.25
      vertex -1070.18 -1089.27 2184.06
      vertex -1070 -1089.72 2184.25
    endloop
  endfacet
  facet normal 0.585515 -0.0912015 -0.805515
    outer loop
      vertex -1070.18 -1089.27 2184.06
      vertex -1075.38 -1088.12 2180.15
      vertex -1070.27 -1085.52 2183.57
    endloop
  endfacet
  facet normal 0.58386 -0.0994551 -0.80574
    outer loop
      vertex -1075.38 -1088.12 2180.15
      vertex -1070.18 -1089.27 2184.06
      vertex -1070.02 -1089.87 2184.25
    endloop
  endfacet
  facet normal -0.0484909 0.30806 -0.95013
    outer loop
      vertex -1086.08 -1081.69 2178
      vertex -1088.12 -1075.38 2180.15
      vertex -1085 -1081.52 2178
    endloop
  endfacet
  facet normal -0.308108 -0.0483888 -0.95012
    outer loop
      vertex -1094.62 -1088.12 2180.15
      vertex -1095.11 -1085 2180.15
      vertex -1088.48 -1085 2178
    endloop
  endfacet
  facet normal -0.308108 0.0483888 -0.95012
    outer loop
      vertex -1088.48 -1085 2178
      vertex -1095.11 -1085 2180.15
      vertex -1094.62 -1081.88 2180.15
    endloop
  endfacet
  facet normal -0.140582 -0.278295 -0.950152
    outer loop
      vertex -1086.08 -1088.31 2178
      vertex -1088.12 -1094.62 2180.15
      vertex -1087.05 -1087.82 2178
    endloop
  endfacet
  facet normal -0.126856 -0.802325 -0.583251
    outer loop
      vertex -1085 -1104.85 2189.89
      vertex -1089.87 -1099.98 2184.25
      vertex -1085 -1100.75 2184.25
    endloop
  endfacet
  facet normal -0.0926054 -0.585699 -0.805221
    outer loop
      vertex -1085 -1100.75 2184.25
      vertex -1089.87 -1099.98 2184.25
      vertex -1088.12 -1094.62 2180.15
    endloop
  endfacet
  facet normal -0.432048 -0.848775 -0.304822
    outer loop
      vertex -1091.8 -1105.92 2196.52
      vertex -1096.67 -1101.06 2189.89
      vertex -1091.13 -1103.88 2189.89
    endloop
  endfacet
  facet normal -0.707107 -0.707107 0
    outer loop
      vertex -1097.93 -1102.8 2196.52
      vertex -1102.8 -1097.93 2203.48
      vertex -1102.8 -1097.93 2196.52
    endloop
  endfacet
  facet normal -0.707107 -0.707107 0
    outer loop
      vertex -1102.8 -1097.93 2203.48
      vertex -1097.93 -1102.8 2196.52
      vertex -1097.93 -1102.8 2203.48
    endloop
  endfacet
  facet normal -0.432007 -0.848782 0.304858
    outer loop
      vertex -1096.67 -1101.06 2210.11
      vertex -1097.93 -1102.8 2203.48
      vertex -1091.8 -1105.92 2203.48
    endloop
  endfacet
  facet normal -0.30806 -0.0484909 -0.95013
    outer loop
      vertex -1088.31 -1086.08 2178
      vertex -1094.62 -1088.12 2180.15
      vertex -1088.48 -1085 2178
    endloop
  endfacet
  facet normal -0.0483888 0.308108 -0.95012
    outer loop
      vertex -1085 -1081.52 2178
      vertex -1088.12 -1075.38 2180.15
      vertex -1085 -1074.89 2180.15
    endloop
  endfacet
  facet normal -0.140582 0.278295 -0.950152
    outer loop
      vertex -1087.05 -1082.18 2178
      vertex -1088.12 -1075.38 2180.15
      vertex -1086.08 -1081.69 2178
    endloop
  endfacet
  facet normal -0.141975 -0.278034 -0.950021
    outer loop
      vertex -1088.12 -1094.62 2180.15
      vertex -1090.94 -1093.18 2180.15
      vertex -1087.05 -1087.82 2178
    endloop
  endfacet
  facet normal -0.269562 0.527892 -0.805398
    outer loop
      vertex -1090.94 -1076.82 2180.15
      vertex -1094.26 -1072.26 2184.25
      vertex -1088.12 -1075.38 2180.15
    endloop
  endfacet
  facet normal -0.419078 0.419078 -0.805448
    outer loop
      vertex -1093.18 -1079.06 2180.15
      vertex -1094.26 -1072.26 2184.25
      vertex -1090.94 -1076.82 2180.15
    endloop
  endfacet
  facet normal -0.419078 0.419078 -0.805448
    outer loop
      vertex -1094.26 -1072.26 2184.25
      vertex -1093.18 -1079.06 2180.15
      vertex -1097.74 -1075.74 2184.25
    endloop
  endfacet
  facet normal 0.100251 0.751882 -0.651631
    outer loop
      vertex -1080.13 -1070.02 2184.25
      vertex -1080.28 -1070 2184.25
      vertex -1080.17 -1069.98 2184.29
    endloop
  endfacet
  facet normal 0.0824784 0.618588 -0.781374
    outer loop
      vertex -1080.13 -1070.02 2184.25
      vertex -1080.73 -1070.18 2184.06
      vertex -1080.28 -1070 2184.25
    endloop
  endfacet
  facet normal 0.0994551 0.58386 -0.80574
    outer loop
      vertex -1081.88 -1075.38 2180.15
      vertex -1080.73 -1070.18 2184.06
      vertex -1080.13 -1070.02 2184.25
    endloop
  endfacet
  facet normal 0.0912015 0.585515 -0.805515
    outer loop
      vertex -1080.73 -1070.18 2184.06
      vertex -1081.88 -1075.38 2180.15
      vertex -1084.48 -1070.27 2183.57
    endloop
  endfacet
  facet normal 0.368562 -0.724055 -0.583015
    outer loop
      vertex -1078.87 -1103.88 2189.89
      vertex -1080.13 -1099.98 2184.25
      vertex -1073.33 -1101.06 2189.89
    endloop
  endfacet
  facet normal 0.432048 -0.848775 -0.304822
    outer loop
      vertex -1078.2 -1105.92 2196.52
      vertex -1078.87 -1103.88 2189.89
      vertex -1073.33 -1101.06 2189.89
    endloop
  endfacet
  facet normal 0.0926054 -0.585699 -0.805221
    outer loop
      vertex -1080.13 -1099.98 2184.25
      vertex -1085 -1100.75 2184.25
      vertex -1081.88 -1094.62 2180.15
    endloop
  endfacet
  facet normal 0.527892 -0.269562 -0.805398
    outer loop
      vertex -1072.26 -1094.26 2184.25
      vertex -1076.82 -1090.94 2180.15
      vertex -1075.38 -1088.12 2180.15
    endloop
  endfacet
  facet normal 0.126856 -0.802325 0.583251
    outer loop
      vertex -1085 -1100.75 2215.75
      vertex -1085 -1104.85 2210.11
      vertex -1080.13 -1099.98 2215.75
    endloop
  endfacet
  facet normal 0.368562 -0.724055 0.583015
    outer loop
      vertex -1073.33 -1101.06 2210.11
      vertex -1080.13 -1099.98 2215.75
      vertex -1078.87 -1103.88 2210.11
    endloop
  endfacet
  facet normal 0.673257 0.673257 0.305695
    outer loop
      vertex -1070.72 -1070.72 2208.26
      vertex -1072.14 -1070.14 2210.11
      vertex -1070.14 -1072.14 2210.11
    endloop
  endfacet
  facet normal 0.196116 0.784465 -0.588348
    outer loop
      vertex -1080.13 -1070.02 2184.25
      vertex -1080.17 -1069.98 2184.29
      vertex -1080.12 -1069.97 2184.32
    endloop
  endfacet
  facet normal -0.376066 0.737022 -0.561581
    outer loop
      vertex -1094.26 -1072.26 2184.25
      vertex -1090.01 -1070 2184.37
      vertex -1089.87 -1070.02 2184.25
    endloop
  endfacet
  facet normal -0.366778 0.723951 -0.584268
    outer loop
      vertex -1093.25 -1070.57 2185.71
      vertex -1094.26 -1072.26 2184.25
      vertex -1095.68 -1070.3 2187.57
    endloop
  endfacet
  facet normal -0.368531 0.723996 -0.583107
    outer loop
      vertex -1090.01 -1070 2184.37
      vertex -1094.26 -1072.26 2184.25
      vertex -1093.25 -1070.57 2185.71
    endloop
  endfacet
  facet normal 0.376066 0.737022 0.561581
    outer loop
      vertex -1075.74 -1072.26 2215.75
      vertex -1079.99 -1070 2215.63
      vertex -1080.13 -1070.02 2215.75
    endloop
  endfacet
  facet normal 0.368531 0.723996 0.583107
    outer loop
      vertex -1075.74 -1072.26 2215.75
      vertex -1076.75 -1070.57 2214.29
      vertex -1079.99 -1070 2215.63
    endloop
  endfacet
  facet normal 0.366778 0.723951 0.584268
    outer loop
      vertex -1076.75 -1070.57 2214.29
      vertex -1075.74 -1072.26 2215.75
      vertex -1074.32 -1070.3 2212.43
    endloop
  endfacet
  facet normal -0.278034 0.141975 0.950021
    outer loop
      vertex -1093.18 -1079.06 2219.85
      vertex -1094.62 -1081.88 2219.85
      vertex -1087.82 -1082.95 2222
    endloop
  endfacet
  facet normal 0.100251 0.751882 0.651631
    outer loop
      vertex -1080.17 -1069.98 2215.71
      vertex -1080.28 -1070 2215.75
      vertex -1080.13 -1070.02 2215.75
    endloop
  endfacet
  facet normal 0.0483888 0.308108 0.95012
    outer loop
      vertex -1085 -1074.89 2219.85
      vertex -1085 -1081.52 2222
      vertex -1081.88 -1075.38 2219.85
    endloop
  endfacet
  facet normal 0.140582 0.278295 0.950152
    outer loop
      vertex -1081.88 -1075.38 2219.85
      vertex -1083.92 -1081.69 2222
      vertex -1082.95 -1082.18 2222
    endloop
  endfacet
  facet normal 0.278295 -0.140582 0.950152
    outer loop
      vertex -1081.69 -1086.08 2222
      vertex -1082.18 -1087.05 2222
      vertex -1075.38 -1088.12 2219.85
    endloop
  endfacet
  facet normal -0.100251 0.751882 0.651631
    outer loop
      vertex -1089.83 -1069.98 2215.71
      vertex -1089.87 -1070.02 2215.75
      vertex -1089.72 -1070 2215.75
    endloop
  endfacet
  facet normal -0.0912015 0.585515 0.805515
    outer loop
      vertex -1089.27 -1070.18 2215.94
      vertex -1088.12 -1075.38 2219.85
      vertex -1085.52 -1070.27 2216.43
    endloop
  endfacet
  facet normal -0.0824784 0.618588 0.781374
    outer loop
      vertex -1089.87 -1070.02 2215.75
      vertex -1089.27 -1070.18 2215.94
      vertex -1089.72 -1070 2215.75
    endloop
  endfacet
  facet normal -0.0994551 0.58386 0.80574
    outer loop
      vertex -1089.27 -1070.18 2215.94
      vertex -1089.87 -1070.02 2215.75
      vertex -1088.12 -1075.38 2219.85
    endloop
  endfacet
  facet normal -0.940561 -0.149383 -0.305008
    outer loop
      vertex -1105.92 -1091.8 2196.52
      vertex -1107 -1085 2196.52
      vertex -1104.85 -1085 2189.89
    endloop
  endfacet
  facet normal -0.987621 -0.156857 0
    outer loop
      vertex -1105.92 -1091.8 2196.52
      vertex -1107 -1085 2203.48
      vertex -1107 -1085 2196.52
    endloop
  endfacet
  facet normal -0.987621 -0.156857 0
    outer loop
      vertex -1107 -1085 2203.48
      vertex -1105.92 -1091.8 2196.52
      vertex -1105.92 -1091.8 2203.48
    endloop
  endfacet
  facet normal -0.673474 -0.673474 -0.304739
    outer loop
      vertex -1096.67 -1101.06 2189.89
      vertex -1102.8 -1097.93 2196.52
      vertex -1101.06 -1096.67 2189.89
    endloop
  endfacet
  facet normal -0.673474 -0.673474 -0.304739
    outer loop
      vertex -1102.8 -1097.93 2196.52
      vertex -1096.67 -1101.06 2189.89
      vertex -1097.93 -1102.8 2196.52
    endloop
  endfacet
  facet normal -0.585699 -0.0926054 0.805221
    outer loop
      vertex -1094.62 -1088.12 2219.85
      vertex -1100.75 -1085 2215.75
      vertex -1099.98 -1089.87 2215.75
    endloop
  endfacet
  facet normal -0.141975 0.278034 0.950021
    outer loop
      vertex -1088.12 -1075.38 2219.85
      vertex -1090.94 -1076.82 2219.85
      vertex -1087.05 -1082.18 2222
    endloop
  endfacet
  facet normal -0.527892 0.269562 0.805398
    outer loop
      vertex -1093.18 -1079.06 2219.85
      vertex -1097.74 -1075.74 2215.75
      vertex -1094.62 -1081.88 2219.85
    endloop
  endfacet
  facet normal -0.575566 0.572351 0.58407
    outer loop
      vertex -1096.67 -1070.52 2211.67
      vertex -1094.26 -1072.26 2215.75
      vertex -1095.68 -1070.3 2212.43
    endloop
  endfacet
  facet normal -0.574049 0.574049 0.583898
    outer loop
      vertex -1096.67 -1070.52 2211.67
      vertex -1097.74 -1075.74 2215.75
      vertex -1094.26 -1072.26 2215.75
    endloop
  endfacet
  facet normal -0.578592 0.572589 0.580839
    outer loop
      vertex -1097.86 -1070.14 2210.11
      vertex -1097.74 -1075.74 2215.75
      vertex -1096.67 -1070.52 2211.67
    endloop
  endfacet
  facet normal -0.573429 0.575226 0.583347
    outer loop
      vertex -1097.74 -1075.74 2215.75
      vertex -1097.86 -1070.14 2210.11
      vertex -1101.06 -1073.33 2210.11
    endloop
  endfacet
  facet normal 0 0 1
    outer loop
      vertex -1081.69 -1083.92 2222
      vertex -1081.69 -1086.08 2222
      vertex -1081.52 -1085 2222
    endloop
  endfacet
  facet normal 0 0 1
    outer loop
      vertex -1082.18 -1082.95 2222
      vertex -1081.69 -1086.08 2222
      vertex -1081.69 -1083.92 2222
    endloop
  endfacet
  facet normal 0 0 1
    outer loop
      vertex -1082.18 -1082.95 2222
      vertex -1082.18 -1087.05 2222
      vertex -1081.69 -1086.08 2222
    endloop
  endfacet
  facet normal 0 0 1
    outer loop
      vertex -1082.95 -1082.18 2222
      vertex -1082.18 -1087.05 2222
      vertex -1082.18 -1082.95 2222
    endloop
  endfacet
  facet normal 0 0 1
    outer loop
      vertex -1082.95 -1082.18 2222
      vertex -1082.95 -1087.82 2222
      vertex -1082.18 -1087.05 2222
    endloop
  endfacet
  facet normal 0 0 1
    outer loop
      vertex -1083.92 -1081.69 2222
      vertex -1082.95 -1087.82 2222
      vertex -1082.95 -1082.18 2222
    endloop
  endfacet
  facet normal 0 0 1
    outer loop
      vertex -1083.92 -1081.69 2222
      vertex -1083.92 -1088.31 2222
      vertex -1082.95 -1087.82 2222
    endloop
  endfacet
  facet normal 0 0 1
    outer loop
      vertex -1085 -1081.52 2222
      vertex -1083.92 -1088.31 2222
      vertex -1083.92 -1081.69 2222
    endloop
  endfacet
  facet normal 0 0 1
    outer loop
      vertex -1085 -1081.52 2222
      vertex -1085 -1088.48 2222
      vertex -1083.92 -1088.31 2222
    endloop
  endfacet
  facet normal -0 0 1
    outer loop
      vertex -1086.08 -1081.69 2222
      vertex -1085 -1088.48 2222
      vertex -1085 -1081.52 2222
    endloop
  endfacet
  facet normal 0 0 1
    outer loop
      vertex -1086.08 -1081.69 2222
      vertex -1086.08 -1088.31 2222
      vertex -1085 -1088.48 2222
    endloop
  endfacet
  facet normal -0 0 1
    outer loop
      vertex -1087.05 -1082.18 2222
      vertex -1086.08 -1088.31 2222
      vertex -1086.08 -1081.69 2222
    endloop
  endfacet
  facet normal 0 0 1
    outer loop
      vertex -1087.05 -1082.18 2222
      vertex -1087.05 -1087.82 2222
      vertex -1086.08 -1088.31 2222
    endloop
  endfacet
  facet normal -0 0 1
    outer loop
      vertex -1087.82 -1082.95 2222
      vertex -1087.05 -1087.82 2222
      vertex -1087.05 -1082.18 2222
    endloop
  endfacet
  facet normal 0 0 1
    outer loop
      vertex -1087.82 -1082.95 2222
      vertex -1087.82 -1087.05 2222
      vertex -1087.05 -1087.82 2222
    endloop
  endfacet
  facet normal -0 0 1
    outer loop
      vertex -1088.31 -1083.92 2222
      vertex -1087.82 -1087.05 2222
      vertex -1087.82 -1082.95 2222
    endloop
  endfacet
  facet normal 0 0 1
    outer loop
      vertex -1088.31 -1083.92 2222
      vertex -1088.31 -1086.08 2222
      vertex -1087.82 -1087.05 2222
    endloop
  endfacet
  facet normal 0 -0 1
    outer loop
      vertex -1088.31 -1086.08 2222
      vertex -1088.31 -1083.92 2222
      vertex -1088.48 -1085 2222
    endloop
  endfacet
  facet normal -0.0484909 -0.30806 0.95013
    outer loop
      vertex -1086.08 -1088.31 2222
      vertex -1088.12 -1094.62 2219.85
      vertex -1085 -1088.48 2222
    endloop
  endfacet
  facet normal -0.140582 0.278295 0.950152
    outer loop
      vertex -1086.08 -1081.69 2222
      vertex -1088.12 -1075.38 2219.85
      vertex -1087.05 -1082.18 2222
    endloop
  endfacet
  facet normal -0.574279 -0.574279 0.583443
    outer loop
      vertex -1097.74 -1094.26 2215.75
      vertex -1096.67 -1101.06 2210.11
      vertex -1094.26 -1097.74 2215.75
    endloop
  endfacet
  facet normal -0.574279 -0.574279 0.583443
    outer loop
      vertex -1096.67 -1101.06 2210.11
      vertex -1097.74 -1094.26 2215.75
      vertex -1101.06 -1096.67 2210.11
    endloop
  endfacet
  facet normal 0.149383 -0.940561 0.305008
    outer loop
      vertex -1085 -1104.85 2210.11
      vertex -1085 -1107 2203.48
      vertex -1078.2 -1105.92 2203.48
    endloop
  endfacet
  facet normal -0.269439 -0.528051 0.805335
    outer loop
      vertex -1088.12 -1094.62 2219.85
      vertex -1094.26 -1097.74 2215.75
      vertex -1089.87 -1099.98 2215.75
    endloop
  endfacet
  facet normal 0.0483888 -0.308108 0.95012
    outer loop
      vertex -1085 -1088.48 2222
      vertex -1085 -1095.11 2219.85
      vertex -1081.88 -1094.62 2219.85
    endloop
  endfacet
  facet normal 0.0484909 -0.30806 0.95013
    outer loop
      vertex -1083.92 -1088.31 2222
      vertex -1085 -1088.48 2222
      vertex -1081.88 -1094.62 2219.85
    endloop
  endfacet
  facet normal -0.141975 -0.278034 0.950021
    outer loop
      vertex -1087.05 -1087.82 2222
      vertex -1090.94 -1093.18 2219.85
      vertex -1088.12 -1094.62 2219.85
    endloop
  endfacet
  facet normal 0.141975 -0.278034 0.950021
    outer loop
      vertex -1079.06 -1093.18 2219.85
      vertex -1082.95 -1087.82 2222
      vertex -1081.88 -1094.62 2219.85
    endloop
  endfacet
  facet normal 0.751882 -0.100251 -0.651631
    outer loop
      vertex -1069.98 -1089.83 2184.29
      vertex -1070.02 -1089.87 2184.25
      vertex -1070 -1089.72 2184.25
    endloop
  endfacet
  facet normal 0.528051 -0.269439 -0.805335
    outer loop
      vertex -1072.26 -1094.26 2184.25
      vertex -1075.38 -1088.12 2180.15
      vertex -1070.02 -1089.87 2184.25
    endloop
  endfacet
  facet normal 0.0484909 0.30806 -0.95013
    outer loop
      vertex -1083.92 -1081.69 2178
      vertex -1085 -1081.52 2178
      vertex -1081.88 -1075.38 2180.15
    endloop
  endfacet
  facet normal 0.308108 -0.0483888 -0.95012
    outer loop
      vertex -1075.38 -1088.12 2180.15
      vertex -1081.52 -1085 2178
      vertex -1074.89 -1085 2180.15
    endloop
  endfacet
  facet normal 0.278034 -0.141975 -0.950021
    outer loop
      vertex -1076.82 -1090.94 2180.15
      vertex -1082.18 -1087.05 2178
      vertex -1075.38 -1088.12 2180.15
    endloop
  endfacet
  facet normal 0.0483888 -0.308108 -0.95012
    outer loop
      vertex -1081.88 -1094.62 2180.15
      vertex -1085 -1095.11 2180.15
      vertex -1085 -1088.48 2178
    endloop
  endfacet
  facet normal 0.0919551 -0.58551 -0.805433
    outer loop
      vertex -1081.88 -1094.62 2180.15
      vertex -1085 -1100.75 2184.25
      vertex -1085 -1095.11 2180.15
    endloop
  endfacet
  facet normal -0.0484909 -0.30806 -0.95013
    outer loop
      vertex -1085 -1088.48 2178
      vertex -1088.12 -1094.62 2180.15
      vertex -1086.08 -1088.31 2178
    endloop
  endfacet
  facet normal 0.419078 0.419078 -0.805448
    outer loop
      vertex -1076.82 -1079.06 2180.15
      vertex -1075.74 -1072.26 2184.25
      vertex -1072.26 -1075.74 2184.25
    endloop
  endfacet
  facet normal 0.419078 0.419078 -0.805448
    outer loop
      vertex -1075.74 -1072.26 2184.25
      vertex -1076.82 -1079.06 2180.15
      vertex -1079.06 -1076.82 2180.15
    endloop
  endfacet
  facet normal -0.278034 0.141975 -0.950021
    outer loop
      vertex -1087.82 -1082.95 2178
      vertex -1094.62 -1081.88 2180.15
      vertex -1093.18 -1079.06 2180.15
    endloop
  endfacet
  facet normal -0.724055 -0.368562 -0.583015
    outer loop
      vertex -1101.06 -1096.67 2189.89
      vertex -1103.88 -1091.13 2189.89
      vertex -1099.98 -1089.87 2184.25
    endloop
  endfacet
  facet normal -0.585699 -0.0926054 -0.805221
    outer loop
      vertex -1099.98 -1089.87 2184.25
      vertex -1100.75 -1085 2184.25
      vertex -1094.62 -1088.12 2180.15
    endloop
  endfacet
  facet normal -0.528051 -0.269439 -0.805335
    outer loop
      vertex -1097.74 -1094.26 2184.25
      vertex -1099.98 -1089.87 2184.25
      vertex -1094.62 -1088.12 2180.15
    endloop
  endfacet
  facet normal -0.14887 -0.9408 -0.304521
    outer loop
      vertex -1085 -1104.85 2189.89
      vertex -1091.8 -1105.92 2196.52
      vertex -1091.13 -1103.88 2189.89
    endloop
  endfacet
  facet normal -0.149383 -0.940561 -0.305008
    outer loop
      vertex -1085 -1107 2196.52
      vertex -1091.8 -1105.92 2196.52
      vertex -1085 -1104.85 2189.89
    endloop
  endfacet
  facet normal 0.269562 0.527892 -0.805398
    outer loop
      vertex -1079.06 -1076.82 2180.15
      vertex -1081.88 -1075.38 2180.15
      vertex -1075.74 -1072.26 2184.25
    endloop
  endfacet
  facet normal 0.618588 0.0824784 -0.781374
    outer loop
      vertex -1070.18 -1080.73 2184.06
      vertex -1070.02 -1080.13 2184.25
      vertex -1070 -1080.28 2184.25
    endloop
  endfacet
  facet normal 0.58386 0.0994551 -0.80574
    outer loop
      vertex -1070.18 -1080.73 2184.06
      vertex -1075.38 -1081.88 2180.15
      vertex -1070.02 -1080.13 2184.25
    endloop
  endfacet
  facet normal 0.585515 0.0912015 -0.805515
    outer loop
      vertex -1075.38 -1081.88 2180.15
      vertex -1070.18 -1080.73 2184.06
      vertex -1070.27 -1084.48 2183.57
    endloop
  endfacet
  facet normal 0.585079 0.0971325 -0.805138
    outer loop
      vertex -1074.89 -1085 2180.15
      vertex -1070.27 -1084.48 2183.57
      vertex -1070.28 -1085 2183.5
    endloop
  endfacet
  facet normal 0.585746 0.0919921 -0.805257
    outer loop
      vertex -1070.27 -1084.48 2183.57
      vertex -1074.89 -1085 2180.15
      vertex -1075.38 -1081.88 2180.15
    endloop
  endfacet
  facet normal 0.269562 -0.527892 -0.805398
    outer loop
      vertex -1075.74 -1097.74 2184.25
      vertex -1081.88 -1094.62 2180.15
      vertex -1079.06 -1093.18 2180.15
    endloop
  endfacet
  facet normal 0.278295 0.140582 -0.950152
    outer loop
      vertex -1081.69 -1083.92 2178
      vertex -1082.18 -1082.95 2178
      vertex -1075.38 -1081.88 2180.15
    endloop
  endfacet
  facet normal -0.0971325 0.585079 -0.805138
    outer loop
      vertex -1085 -1074.89 2180.15
      vertex -1085.52 -1070.27 2183.57
      vertex -1085 -1070.28 2183.5
    endloop
  endfacet
  facet normal -0.0919921 0.585746 -0.805257
    outer loop
      vertex -1085.52 -1070.27 2183.57
      vertex -1085 -1074.89 2180.15
      vertex -1088.12 -1075.38 2180.15
    endloop
  endfacet
  facet normal 0.0919921 0.585746 -0.805257
    outer loop
      vertex -1085 -1074.89 2180.15
      vertex -1084.48 -1070.27 2183.57
      vertex -1081.88 -1075.38 2180.15
    endloop
  endfacet
  facet normal 0.0971325 0.585079 -0.805138
    outer loop
      vertex -1084.48 -1070.27 2183.57
      vertex -1085 -1074.89 2180.15
      vertex -1085 -1070.28 2183.5
    endloop
  endfacet
  facet normal 0.674137 -0.672031 -0.306454
    outer loop
      vertex -1070.72 -1099.29 2191.75
      vertex -1073.33 -1101.06 2189.89
      vertex -1070.14 -1097.86 2189.89
    endloop
  endfacet
  facet normal 0.673997 -0.672437 -0.30587
    outer loop
      vertex -1070.56 -1100.94 2195.73
      vertex -1073.33 -1101.06 2189.89
      vertex -1070.72 -1099.29 2191.75
    endloop
  endfacet
  facet normal 0.67477 -0.67477 -0.298949
    outer loop
      vertex -1072.07 -1102.8 2196.52
      vertex -1070.56 -1100.94 2195.73
      vertex -1070.31 -1101.04 2196.52
    endloop
  endfacet
  facet normal 0.671932 -0.674967 -0.304838
    outer loop
      vertex -1070.56 -1100.94 2195.73
      vertex -1072.07 -1102.8 2196.52
      vertex -1073.33 -1101.06 2189.89
    endloop
  endfacet
  facet normal 0.369098 -0.723367 -0.583529
    outer loop
      vertex -1073.33 -1101.06 2189.89
      vertex -1080.13 -1099.98 2184.25
      vertex -1075.74 -1097.74 2184.25
    endloop
  endfacet
  facet normal 0.141975 -0.278034 -0.950021
    outer loop
      vertex -1081.88 -1094.62 2180.15
      vertex -1082.95 -1087.82 2178
      vertex -1079.06 -1093.18 2180.15
    endloop
  endfacet
  facet normal 0.220809 -0.220809 -0.949993
    outer loop
      vertex -1079.06 -1093.18 2180.15
      vertex -1082.18 -1087.05 2178
      vertex -1076.82 -1090.94 2180.15
    endloop
  endfacet
  facet normal 0.220809 -0.220809 -0.949993
    outer loop
      vertex -1082.18 -1087.05 2178
      vertex -1079.06 -1093.18 2180.15
      vertex -1082.95 -1087.82 2178
    endloop
  endfacet
  facet normal 0.674137 -0.672031 0.306454
    outer loop
      vertex -1073.33 -1101.06 2210.11
      vertex -1070.72 -1099.29 2208.25
      vertex -1070.14 -1097.86 2210.11
    endloop
  endfacet
  facet normal 0.673997 -0.672437 0.30587
    outer loop
      vertex -1073.33 -1101.06 2210.11
      vertex -1070.56 -1100.94 2204.27
      vertex -1070.72 -1099.29 2208.25
    endloop
  endfacet
  facet normal 0.671932 -0.674967 0.304838
    outer loop
      vertex -1072.07 -1102.8 2203.48
      vertex -1070.56 -1100.94 2204.27
      vertex -1073.33 -1101.06 2210.11
    endloop
  endfacet
  facet normal 0.67477 -0.67477 0.298949
    outer loop
      vertex -1070.56 -1100.94 2204.27
      vertex -1072.07 -1102.8 2203.48
      vertex -1070.31 -1101.04 2203.48
    endloop
  endfacet
  facet normal 0.269562 -0.527892 0.805398
    outer loop
      vertex -1079.06 -1093.18 2219.85
      vertex -1081.88 -1094.62 2219.85
      vertex -1075.74 -1097.74 2215.75
    endloop
  endfacet
  facet normal -0.149383 -0.940561 0.305008
    outer loop
      vertex -1085 -1104.85 2210.11
      vertex -1091.8 -1105.92 2203.48
      vertex -1085 -1107 2203.48
    endloop
  endfacet
  facet normal -0.196116 0.784465 -0.588348
    outer loop
      vertex -1089.87 -1070.02 2184.25
      vertex -1089.88 -1069.97 2184.32
      vertex -1089.83 -1069.98 2184.29
    endloop
  endfacet
  facet normal -0.386896 0.723328 -0.571934
    outer loop
      vertex -1089.87 -1070.02 2184.25
      vertex -1090.01 -1070 2184.37
      vertex -1089.88 -1069.97 2184.32
    endloop
  endfacet
  facet normal -0.675027 0.670968 0.306822
    outer loop
      vertex -1100.94 -1070.56 2204.27
      vertex -1102.8 -1072.07 2203.48
      vertex -1099.29 -1070.72 2208.25
    endloop
  endfacet
  facet normal -0.67477 0.67477 0.298949
    outer loop
      vertex -1102.8 -1072.07 2203.48
      vertex -1100.94 -1070.56 2204.27
      vertex -1101.04 -1070.31 2203.48
    endloop
  endfacet
  facet normal -0.672031 0.674137 0.306454
    outer loop
      vertex -1099.29 -1070.72 2208.25
      vertex -1101.06 -1073.33 2210.11
      vertex -1097.86 -1070.14 2210.11
    endloop
  endfacet
  facet normal -0.673234 0.67372 0.304723
    outer loop
      vertex -1101.06 -1073.33 2210.11
      vertex -1099.29 -1070.72 2208.25
      vertex -1102.8 -1072.07 2203.48
    endloop
  endfacet
  facet normal -0.196116 0.784465 0.588348
    outer loop
      vertex -1089.83 -1069.98 2215.71
      vertex -1089.88 -1069.97 2215.68
      vertex -1089.87 -1070.02 2215.75
    endloop
  endfacet
  facet normal -0.574279 -0.574279 -0.583443
    outer loop
      vertex -1096.67 -1101.06 2189.89
      vertex -1097.74 -1094.26 2184.25
      vertex -1094.26 -1097.74 2184.25
    endloop
  endfacet
  facet normal -0.574279 -0.574279 -0.583443
    outer loop
      vertex -1097.74 -1094.26 2184.25
      vertex -1096.67 -1101.06 2189.89
      vertex -1101.06 -1096.67 2189.89
    endloop
  endfacet
  facet normal 0.220809 -0.220809 0.949993
    outer loop
      vertex -1082.18 -1087.05 2222
      vertex -1079.06 -1093.18 2219.85
      vertex -1076.82 -1090.94 2219.85
    endloop
  endfacet
  facet normal 0.220809 -0.220809 0.949993
    outer loop
      vertex -1079.06 -1093.18 2219.85
      vertex -1082.18 -1087.05 2222
      vertex -1082.95 -1087.82 2222
    endloop
  endfacet
  facet normal -0.30806 -0.0484909 0.95013
    outer loop
      vertex -1088.48 -1085 2222
      vertex -1094.62 -1088.12 2219.85
      vertex -1088.31 -1086.08 2222
    endloop
  endfacet
  facet normal -0.527892 -0.269562 0.805398
    outer loop
      vertex -1094.62 -1088.12 2219.85
      vertex -1097.74 -1094.26 2215.75
      vertex -1093.18 -1090.94 2219.85
    endloop
  endfacet
  facet normal -0.30806 0.0484909 0.95013
    outer loop
      vertex -1088.31 -1083.92 2222
      vertex -1094.62 -1081.88 2219.85
      vertex -1088.48 -1085 2222
    endloop
  endfacet
  facet normal -0.308108 -0.0483888 0.95012
    outer loop
      vertex -1088.48 -1085 2222
      vertex -1095.11 -1085 2219.85
      vertex -1094.62 -1088.12 2219.85
    endloop
  endfacet
  facet normal 0.419078 -0.419078 0.805448
    outer loop
      vertex -1076.82 -1090.94 2219.85
      vertex -1075.74 -1097.74 2215.75
      vertex -1072.26 -1094.26 2215.75
    endloop
  endfacet
  facet normal 0.419078 -0.419078 0.805448
    outer loop
      vertex -1075.74 -1097.74 2215.75
      vertex -1076.82 -1090.94 2219.85
      vertex -1079.06 -1093.18 2219.85
    endloop
  endfacet
  facet normal -0.140582 -0.278295 0.950152
    outer loop
      vertex -1087.05 -1087.82 2222
      vertex -1088.12 -1094.62 2219.85
      vertex -1086.08 -1088.31 2222
    endloop
  endfacet
  facet normal 0.278295 -0.140582 -0.950152
    outer loop
      vertex -1075.38 -1088.12 2180.15
      vertex -1082.18 -1087.05 2178
      vertex -1081.69 -1086.08 2178
    endloop
  endfacet
  facet normal -0.278295 0.140582 -0.950152
    outer loop
      vertex -1088.31 -1083.92 2178
      vertex -1094.62 -1081.88 2180.15
      vertex -1087.82 -1082.95 2178
    endloop
  endfacet
  facet normal 0.419078 -0.419078 -0.805448
    outer loop
      vertex -1075.74 -1097.74 2184.25
      vertex -1076.82 -1090.94 2180.15
      vertex -1072.26 -1094.26 2184.25
    endloop
  endfacet
  facet normal 0.419078 -0.419078 -0.805448
    outer loop
      vertex -1076.82 -1090.94 2180.15
      vertex -1075.74 -1097.74 2184.25
      vertex -1079.06 -1093.18 2180.15
    endloop
  endfacet
  facet normal 0.140582 -0.278295 -0.950152
    outer loop
      vertex -1081.88 -1094.62 2180.15
      vertex -1083.92 -1088.31 2178
      vertex -1082.95 -1087.82 2178
    endloop
  endfacet
  facet normal -0.278295 -0.140582 -0.950152
    outer loop
      vertex -1087.82 -1087.05 2178
      vertex -1094.62 -1088.12 2180.15
      vertex -1088.31 -1086.08 2178
    endloop
  endfacet
  facet normal 0.140582 0.278295 -0.950152
    outer loop
      vertex -1082.95 -1082.18 2178
      vertex -1083.92 -1081.69 2178
      vertex -1081.88 -1075.38 2180.15
    endloop
  endfacet
  facet normal -0.269439 -0.528051 -0.805335
    outer loop
      vertex -1089.87 -1099.98 2184.25
      vertex -1094.26 -1097.74 2184.25
      vertex -1088.12 -1094.62 2180.15
    endloop
  endfacet
  facet normal -0.278034 -0.141975 -0.950021
    outer loop
      vertex -1093.18 -1090.94 2180.15
      vertex -1094.62 -1088.12 2180.15
      vertex -1087.82 -1087.05 2178
    endloop
  endfacet
  facet normal -0.723367 0.369098 -0.583529
    outer loop
      vertex -1099.98 -1080.13 2184.25
      vertex -1101.06 -1073.33 2189.89
      vertex -1097.74 -1075.74 2184.25
    endloop
  endfacet
  facet normal -0.528051 0.269439 -0.805335
    outer loop
      vertex -1094.62 -1081.88 2180.15
      vertex -1099.98 -1080.13 2184.25
      vertex -1097.74 -1075.74 2184.25
    endloop
  endfacet
  facet normal -0.453599 -0.891206 0
    outer loop
      vertex -1097.93 -1102.8 2196.52
      vertex -1091.8 -1105.92 2203.48
      vertex -1097.93 -1102.8 2203.48
    endloop
  endfacet
  facet normal -0.453599 -0.891206 -0
    outer loop
      vertex -1091.8 -1105.92 2203.48
      vertex -1097.93 -1102.8 2196.52
      vertex -1091.8 -1105.92 2196.52
    endloop
  endfacet
  facet normal -0.432007 -0.848782 -0.304858
    outer loop
      vertex -1091.8 -1105.92 2196.52
      vertex -1097.93 -1102.8 2196.52
      vertex -1096.67 -1101.06 2189.89
    endloop
  endfacet
  facet normal -0.891206 -0.453599 0
    outer loop
      vertex -1102.8 -1097.93 2196.52
      vertex -1105.92 -1091.8 2203.48
      vertex -1105.92 -1091.8 2196.52
    endloop
  endfacet
  facet normal -0.891206 -0.453599 0
    outer loop
      vertex -1105.92 -1091.8 2203.48
      vertex -1102.8 -1097.93 2196.52
      vertex -1102.8 -1097.93 2203.48
    endloop
  endfacet
  facet normal -0.220809 0.220809 -0.949993
    outer loop
      vertex -1087.82 -1082.95 2178
      vertex -1090.94 -1076.82 2180.15
      vertex -1087.05 -1082.18 2178
    endloop
  endfacet
  facet normal -0.220809 0.220809 -0.949993
    outer loop
      vertex -1090.94 -1076.82 2180.15
      vertex -1087.82 -1082.95 2178
      vertex -1093.18 -1079.06 2180.15
    endloop
  endfacet
  facet normal 0.0926054 -0.585699 0.805221
    outer loop
      vertex -1081.88 -1094.62 2219.85
      vertex -1085 -1100.75 2215.75
      vertex -1080.13 -1099.98 2215.75
    endloop
  endfacet
  facet normal 0.0919551 -0.58551 0.805433
    outer loop
      vertex -1085 -1095.11 2219.85
      vertex -1085 -1100.75 2215.75
      vertex -1081.88 -1094.62 2219.85
    endloop
  endfacet
  facet normal 0.432007 -0.848782 0.304858
    outer loop
      vertex -1073.33 -1101.06 2210.11
      vertex -1078.2 -1105.92 2203.48
      vertex -1072.07 -1102.8 2203.48
    endloop
  endfacet
  facet normal 0.269439 -0.528051 0.805335
    outer loop
      vertex -1075.74 -1097.74 2215.75
      vertex -1081.88 -1094.62 2219.85
      vertex -1080.13 -1099.98 2215.75
    endloop
  endfacet
  facet normal 0.369098 -0.723367 0.583529
    outer loop
      vertex -1075.74 -1097.74 2215.75
      vertex -1080.13 -1099.98 2215.75
      vertex -1073.33 -1101.06 2210.11
    endloop
  endfacet
  facet normal -0.419078 -0.419078 0.805448
    outer loop
      vertex -1093.18 -1090.94 2219.85
      vertex -1094.26 -1097.74 2215.75
      vertex -1090.94 -1093.18 2219.85
    endloop
  endfacet
  facet normal -0.419078 -0.419078 0.805448
    outer loop
      vertex -1094.26 -1097.74 2215.75
      vertex -1093.18 -1090.94 2219.85
      vertex -1097.74 -1094.26 2215.75
    endloop
  endfacet
  facet normal -0.419078 -0.419078 -0.805448
    outer loop
      vertex -1094.26 -1097.74 2184.25
      vertex -1093.18 -1090.94 2180.15
      vertex -1090.94 -1093.18 2180.15
    endloop
  endfacet
  facet normal -0.419078 -0.419078 -0.805448
    outer loop
      vertex -1093.18 -1090.94 2180.15
      vertex -1094.26 -1097.74 2184.25
      vertex -1097.74 -1094.26 2184.25
    endloop
  endfacet
  facet normal -0.220809 -0.220809 -0.949993
    outer loop
      vertex -1090.94 -1093.18 2180.15
      vertex -1087.82 -1087.05 2178
      vertex -1087.05 -1087.82 2178
    endloop
  endfacet
  facet normal -0.220809 -0.220809 -0.949993
    outer loop
      vertex -1087.82 -1087.05 2178
      vertex -1090.94 -1093.18 2180.15
      vertex -1093.18 -1090.94 2180.15
    endloop
  endfacet
  facet normal 0 0 -1
    outer loop
      vertex -1081.69 -1086.08 2178
      vertex -1081.69 -1083.92 2178
      vertex -1081.52 -1085 2178
    endloop
  endfacet
  facet normal 0 0 -1
    outer loop
      vertex -1082.18 -1087.05 2178
      vertex -1081.69 -1083.92 2178
      vertex -1081.69 -1086.08 2178
    endloop
  endfacet
  facet normal 0 0 -1
    outer loop
      vertex -1082.18 -1087.05 2178
      vertex -1082.18 -1082.95 2178
      vertex -1081.69 -1083.92 2178
    endloop
  endfacet
  facet normal 0 0 -1
    outer loop
      vertex -1082.95 -1087.82 2178
      vertex -1082.18 -1082.95 2178
      vertex -1082.18 -1087.05 2178
    endloop
  endfacet
  facet normal 0 0 -1
    outer loop
      vertex -1082.95 -1087.82 2178
      vertex -1082.95 -1082.18 2178
      vertex -1082.18 -1082.95 2178
    endloop
  endfacet
  facet normal 0 0 -1
    outer loop
      vertex -1083.92 -1088.31 2178
      vertex -1082.95 -1082.18 2178
      vertex -1082.95 -1087.82 2178
    endloop
  endfacet
  facet normal 0 0 -1
    outer loop
      vertex -1083.92 -1088.31 2178
      vertex -1083.92 -1081.69 2178
      vertex -1082.95 -1082.18 2178
    endloop
  endfacet
  facet normal 0 0 -1
    outer loop
      vertex -1085 -1088.48 2178
      vertex -1083.92 -1081.69 2178
      vertex -1083.92 -1088.31 2178
    endloop
  endfacet
  facet normal 0 0 -1
    outer loop
      vertex -1085 -1088.48 2178
      vertex -1085 -1081.52 2178
      vertex -1083.92 -1081.69 2178
    endloop
  endfacet
  facet normal 0 0 -1
    outer loop
      vertex -1086.08 -1088.31 2178
      vertex -1085 -1081.52 2178
      vertex -1085 -1088.48 2178
    endloop
  endfacet
  facet normal 0 0 -1
    outer loop
      vertex -1086.08 -1088.31 2178
      vertex -1086.08 -1081.69 2178
      vertex -1085 -1081.52 2178
    endloop
  endfacet
  facet normal 0 0 -1
    outer loop
      vertex -1087.05 -1087.82 2178
      vertex -1086.08 -1081.69 2178
      vertex -1086.08 -1088.31 2178
    endloop
  endfacet
  facet normal 0 0 -1
    outer loop
      vertex -1087.05 -1087.82 2178
      vertex -1087.05 -1082.18 2178
      vertex -1086.08 -1081.69 2178
    endloop
  endfacet
  facet normal 0 0 -1
    outer loop
      vertex -1087.82 -1087.05 2178
      vertex -1087.05 -1082.18 2178
      vertex -1087.05 -1087.82 2178
    endloop
  endfacet
  facet normal 0 0 -1
    outer loop
      vertex -1087.82 -1087.05 2178
      vertex -1087.82 -1082.95 2178
      vertex -1087.05 -1082.18 2178
    endloop
  endfacet
  facet normal 0 0 -1
    outer loop
      vertex -1088.31 -1086.08 2178
      vertex -1087.82 -1082.95 2178
      vertex -1087.82 -1087.05 2178
    endloop
  endfacet
  facet normal 0 0 -1
    outer loop
      vertex -1088.31 -1086.08 2178
      vertex -1088.31 -1083.92 2178
      vertex -1087.82 -1082.95 2178
    endloop
  endfacet
  facet normal 0 -0 -1
    outer loop
      vertex -1088.31 -1083.92 2178
      vertex -1088.31 -1086.08 2178
      vertex -1088.48 -1085 2178
    endloop
  endfacet
  facet normal -0.802325 0.126856 -0.583251
    outer loop
      vertex -1100.75 -1085 2184.25
      vertex -1104.85 -1085 2189.89
      vertex -1099.98 -1080.13 2184.25
    endloop
  endfacet
  facet normal -0.585699 0.0926054 -0.805221
    outer loop
      vertex -1094.62 -1081.88 2180.15
      vertex -1100.75 -1085 2184.25
      vertex -1099.98 -1080.13 2184.25
    endloop
  endfacet
  facet normal 0.141975 0.278034 -0.950021
    outer loop
      vertex -1079.06 -1076.82 2180.15
      vertex -1082.95 -1082.18 2178
      vertex -1081.88 -1075.38 2180.15
    endloop
  endfacet
  facet normal -0.30806 0.0484909 -0.95013
    outer loop
      vertex -1088.48 -1085 2178
      vertex -1094.62 -1081.88 2180.15
      vertex -1088.31 -1083.92 2178
    endloop
  endfacet
  facet normal -0.126963 -0.802356 0.583185
    outer loop
      vertex -1089.87 -1099.98 2215.75
      vertex -1091.13 -1103.88 2210.11
      vertex -1085 -1104.85 2210.11
    endloop
  endfacet
  facet normal -0.14887 -0.9408 0.304521
    outer loop
      vertex -1091.13 -1103.88 2210.11
      vertex -1091.8 -1105.92 2203.48
      vertex -1085 -1104.85 2210.11
    endloop
  endfacet
  facet normal 0.737022 -0.376066 0.561581
    outer loop
      vertex -1072.26 -1094.26 2215.75
      vertex -1070 -1090.01 2215.63
      vertex -1070.02 -1089.87 2215.75
    endloop
  endfacet
  facet normal 0.723996 -0.368531 0.583107
    outer loop
      vertex -1070 -1090.01 2215.63
      vertex -1072.26 -1094.26 2215.75
      vertex -1070.57 -1093.25 2214.29
    endloop
  endfacet
  facet normal 0.723951 -0.366778 0.584268
    outer loop
      vertex -1070.57 -1093.25 2214.29
      vertex -1072.26 -1094.26 2215.75
      vertex -1070.3 -1095.68 2212.43
    endloop
  endfacet
  facet normal 0.528051 -0.269439 0.805335
    outer loop
      vertex -1070.02 -1089.87 2215.75
      vertex -1075.38 -1088.12 2219.85
      vertex -1072.26 -1094.26 2215.75
    endloop
  endfacet
  facet normal -0.58551 -0.0919551 -0.805433
    outer loop
      vertex -1094.62 -1088.12 2180.15
      vertex -1100.75 -1085 2184.25
      vertex -1095.11 -1085 2180.15
    endloop
  endfacet
  facet normal -0.58551 0.0919551 -0.805433
    outer loop
      vertex -1095.11 -1085 2180.15
      vertex -1100.75 -1085 2184.25
      vertex -1094.62 -1081.88 2180.15
    endloop
  endfacet
  facet normal 0.14887 -0.9408 0.304521
    outer loop
      vertex -1078.87 -1103.88 2210.11
      vertex -1085 -1104.85 2210.11
      vertex -1078.2 -1105.92 2203.48
    endloop
  endfacet
  facet normal 0.432048 -0.848775 0.304822
    outer loop
      vertex -1073.33 -1101.06 2210.11
      vertex -1078.87 -1103.88 2210.11
      vertex -1078.2 -1105.92 2203.48
    endloop
  endfacet
  facet normal 0.369098 0.723367 0.583529
    outer loop
      vertex -1073.33 1101.06 2210.11
      vertex -1080.13 1099.98 2215.75
      vertex -1075.74 1097.74 2215.75
    endloop
  endfacet
  facet normal 0.0484909 -0.30806 0.95013
    outer loop
      vertex -1083.92 1081.69 2222
      vertex -1085 1081.52 2222
      vertex -1081.88 1075.38 2219.85
    endloop
  endfacet
  facet normal 0.308108 0.0483888 0.95012
    outer loop
      vertex -1075.38 1088.12 2219.85
      vertex -1081.52 1085 2222
      vertex -1074.89 1085 2219.85
    endloop
  endfacet
  facet normal -0.308108 0.0483888 0.95012
    outer loop
      vertex -1094.62 1088.12 2219.85
      vertex -1095.11 1085 2219.85
      vertex -1088.48 1085 2222
    endloop
  endfacet
  facet normal 0.278034 0.141975 0.950021
    outer loop
      vertex -1076.82 1090.94 2219.85
      vertex -1082.18 1087.05 2222
      vertex -1075.38 1088.12 2219.85
    endloop
  endfacet
  facet normal 0.585079 0.0971325 0.805138
    outer loop
      vertex -1070.27 1085.52 2216.43
      vertex -1074.89 1085 2219.85
      vertex -1070.28 1085 2216.5
    endloop
  endfacet
  facet normal 0.585746 0.0919921 0.805257
    outer loop
      vertex -1074.89 1085 2219.85
      vertex -1070.27 1085.52 2216.43
      vertex -1075.38 1088.12 2219.85
    endloop
  endfacet
  facet normal 0.196116 -0.784465 -0.588348
    outer loop
      vertex -1080.12 1069.97 2184.32
      vertex -1080.17 1069.98 2184.29
      vertex -1080.13 1070.02 2184.25
    endloop
  endfacet
  facet normal 0.419078 0.419078 0.805448
    outer loop
      vertex -1075.74 1097.74 2215.75
      vertex -1076.82 1090.94 2219.85
      vertex -1072.26 1094.26 2215.75
    endloop
  endfacet
  facet normal 0.419078 0.419078 0.805448
    outer loop
      vertex -1076.82 1090.94 2219.85
      vertex -1075.74 1097.74 2215.75
      vertex -1079.06 1093.18 2219.85
    endloop
  endfacet
  facet normal 0.723951 0.366778 0.584268
    outer loop
      vertex -1072.26 1094.26 2215.75
      vertex -1070.57 1093.25 2214.29
      vertex -1070.3 1095.68 2212.43
    endloop
  endfacet
  facet normal 0.723996 0.368531 0.583107
    outer loop
      vertex -1072.26 1094.26 2215.75
      vertex -1070 1090.01 2215.63
      vertex -1070.57 1093.25 2214.29
    endloop
  endfacet
  facet normal 0.737022 0.376066 0.561581
    outer loop
      vertex -1070 1090.01 2215.63
      vertex -1072.26 1094.26 2215.75
      vertex -1070.02 1089.87 2215.75
    endloop
  endfacet
  facet normal -0.585699 -0.0926054 0.805221
    outer loop
      vertex -1094.62 1081.88 2219.85
      vertex -1100.75 1085 2215.75
      vertex -1099.98 1080.13 2215.75
    endloop
  endfacet
  facet normal -0.723367 -0.369098 0.583529
    outer loop
      vertex -1099.98 1080.13 2215.75
      vertex -1101.06 1073.33 2210.11
      vertex -1097.74 1075.74 2215.75
    endloop
  endfacet
  facet normal -0.386896 -0.723328 -0.571934
    outer loop
      vertex -1089.88 1069.97 2184.32
      vertex -1090.01 1070 2184.37
      vertex -1089.87 1070.02 2184.25
    endloop
  endfacet
  facet normal -0.141975 0.278034 -0.950021
    outer loop
      vertex -1087.05 1087.82 2178
      vertex -1090.94 1093.18 2180.15
      vertex -1088.12 1094.62 2180.15
    endloop
  endfacet
  facet normal -0.30806 0.0484909 0.95013
    outer loop
      vertex -1088.31 1086.08 2222
      vertex -1094.62 1088.12 2219.85
      vertex -1088.48 1085 2222
    endloop
  endfacet
  facet normal -0.30806 -0.0484909 0.95013
    outer loop
      vertex -1088.48 1085 2222
      vertex -1094.62 1081.88 2219.85
      vertex -1088.31 1083.92 2222
    endloop
  endfacet
  facet normal -0.940561 0.149383 0.305008
    outer loop
      vertex -1105.92 1091.8 2203.48
      vertex -1107 1085 2203.48
      vertex -1104.85 1085 2210.11
    endloop
  endfacet
  facet normal -0.141975 0.278034 0.950021
    outer loop
      vertex -1088.12 1094.62 2219.85
      vertex -1090.94 1093.18 2219.85
      vertex -1087.05 1087.82 2222
    endloop
  endfacet
  facet normal -0.0483888 -0.308108 0.95012
    outer loop
      vertex -1085 1081.52 2222
      vertex -1088.12 1075.38 2219.85
      vertex -1085 1074.89 2219.85
    endloop
  endfacet
  facet normal 0.376066 -0.737022 0.561581
    outer loop
      vertex -1079.99 1070 2215.63
      vertex -1075.74 1072.26 2215.75
      vertex -1080.13 1070.02 2215.75
    endloop
  endfacet
  facet normal 0.368531 -0.723996 0.583107
    outer loop
      vertex -1076.75 1070.57 2214.29
      vertex -1075.74 1072.26 2215.75
      vertex -1079.99 1070 2215.63
    endloop
  endfacet
  facet normal 0.366778 -0.723951 0.584268
    outer loop
      vertex -1075.74 1072.26 2215.75
      vertex -1076.75 1070.57 2214.29
      vertex -1074.32 1070.3 2212.43
    endloop
  endfacet
  facet normal 0.386896 -0.723328 0.571934
    outer loop
      vertex -1079.99 1070 2215.63
      vertex -1080.13 1070.02 2215.75
      vertex -1080.12 1069.97 2215.68
    endloop
  endfacet
  facet normal -0.9408 -0.14887 -0.304521
    outer loop
      vertex -1103.88 1078.87 2189.89
      vertex -1105.92 1078.2 2196.52
      vertex -1104.85 1085 2189.89
    endloop
  endfacet
  facet normal -0.14887 0.9408 -0.304521
    outer loop
      vertex -1091.13 1103.88 2189.89
      vertex -1091.8 1105.92 2196.52
      vertex -1085 1104.85 2189.89
    endloop
  endfacet
  facet normal 0.751882 0.100251 -0.651631
    outer loop
      vertex -1070 1089.72 2184.25
      vertex -1070.02 1089.87 2184.25
      vertex -1069.98 1089.83 2184.29
    endloop
  endfacet
  facet normal 0.141975 0.278034 -0.950021
    outer loop
      vertex -1079.06 1093.18 2180.15
      vertex -1082.95 1087.82 2178
      vertex -1081.88 1094.62 2180.15
    endloop
  endfacet
  facet normal -0.673234 -0.67372 -0.304723
    outer loop
      vertex -1101.06 1073.33 2189.89
      vertex -1099.29 1070.72 2191.75
      vertex -1102.8 1072.07 2196.52
    endloop
  endfacet
  facet normal -0.672031 -0.674137 -0.306454
    outer loop
      vertex -1099.29 1070.72 2191.75
      vertex -1101.06 1073.33 2189.89
      vertex -1097.86 1070.14 2189.89
    endloop
  endfacet
  facet normal -0.675027 -0.670968 -0.306822
    outer loop
      vertex -1100.94 1070.56 2195.73
      vertex -1102.8 1072.07 2196.52
      vertex -1099.29 1070.72 2191.75
    endloop
  endfacet
  facet normal -0.67477 -0.67477 -0.298949
    outer loop
      vertex -1102.8 1072.07 2196.52
      vertex -1100.94 1070.56 2195.73
      vertex -1101.04 1070.31 2196.52
    endloop
  endfacet
  facet normal -0.366778 -0.723951 -0.584268
    outer loop
      vertex -1094.26 1072.26 2184.25
      vertex -1093.25 1070.57 2185.71
      vertex -1095.68 1070.3 2187.57
    endloop
  endfacet
  facet normal -0.368531 -0.723996 -0.583107
    outer loop
      vertex -1094.26 1072.26 2184.25
      vertex -1090.01 1070 2184.37
      vertex -1093.25 1070.57 2185.71
    endloop
  endfacet
  facet normal -0.376066 -0.737022 -0.561581
    outer loop
      vertex -1090.01 1070 2184.37
      vertex -1094.26 1072.26 2184.25
      vertex -1089.87 1070.02 2184.25
    endloop
  endfacet
  facet normal -0.723367 0.369098 -0.583529
    outer loop
      vertex -1099.98 1089.87 2184.25
      vertex -1101.06 1096.67 2189.89
      vertex -1097.74 1094.26 2184.25
    endloop
  endfacet
  facet normal -0.802325 0.126856 -0.583251
    outer loop
      vertex -1100.75 1085 2184.25
      vertex -1104.85 1085 2189.89
      vertex -1099.98 1089.87 2184.25
    endloop
  endfacet
  facet normal -0.368562 0.724055 0.583015
    outer loop
      vertex -1091.13 1103.88 2210.11
      vertex -1096.67 1101.06 2210.11
      vertex -1089.87 1099.98 2215.75
    endloop
  endfacet
  facet normal 0.67477 0.67477 -0.298949
    outer loop
      vertex -1070.56 1100.94 2195.73
      vertex -1072.07 1102.8 2196.52
      vertex -1070.31 1101.04 2196.52
    endloop
  endfacet
  facet normal 0.671932 0.674967 -0.304838
    outer loop
      vertex -1072.07 1102.8 2196.52
      vertex -1070.56 1100.94 2195.73
      vertex -1073.33 1101.06 2189.89
    endloop
  endfacet
  facet normal 0.673997 0.672437 -0.30587
    outer loop
      vertex -1070.72 1099.29 2191.75
      vertex -1073.33 1101.06 2189.89
      vertex -1070.56 1100.94 2195.73
    endloop
  endfacet
  facet normal 0.674137 0.672031 -0.306454
    outer loop
      vertex -1073.33 1101.06 2189.89
      vertex -1070.72 1099.29 2191.75
      vertex -1070.14 1097.86 2189.89
    endloop
  endfacet
  facet normal 0.269439 0.528051 0.805335
    outer loop
      vertex -1080.13 1099.98 2215.75
      vertex -1081.88 1094.62 2219.85
      vertex -1075.74 1097.74 2215.75
    endloop
  endfacet
  facet normal 0.707107 0.707107 0
    outer loop
      vertex -1072.07 1102.8 2203.48
      vertex -1070.77 1101.5 2200
      vertex -1072.07 1102.8 2196.52
    endloop
  endfacet
  facet normal 0.707107 0.707107 0
    outer loop
      vertex -1070.77 1101.5 2200
      vertex -1072.07 1102.8 2203.48
      vertex -1070.31 1101.04 2203.48
    endloop
  endfacet
  facet normal 0.707107 0.707107 0
    outer loop
      vertex -1072.07 1102.8 2196.52
      vertex -1070.77 1101.5 2200
      vertex -1070.31 1101.04 2196.52
    endloop
  endfacet
  facet normal -0.0484909 -0.30806 0.95013
    outer loop
      vertex -1086.08 1081.69 2222
      vertex -1088.12 1075.38 2219.85
      vertex -1085 1081.52 2222
    endloop
  endfacet
  facet normal -0.528051 -0.269439 0.805335
    outer loop
      vertex -1094.62 1081.88 2219.85
      vertex -1099.98 1080.13 2215.75
      vertex -1097.74 1075.74 2215.75
    endloop
  endfacet
  facet normal -0.707107 -0.707107 0
    outer loop
      vertex -1102.8 1072.07 2196.52
      vertex -1101.5 1070.77 2200
      vertex -1102.8 1072.07 2203.48
    endloop
  endfacet
  facet normal -0.707107 -0.707107 0
    outer loop
      vertex -1101.5 1070.77 2200
      vertex -1102.8 1072.07 2196.52
      vertex -1101.04 1070.31 2196.52
    endloop
  endfacet
  facet normal -0.707107 -0.707107 0
    outer loop
      vertex -1102.8 1072.07 2203.48
      vertex -1101.5 1070.77 2200
      vertex -1101.04 1070.31 2203.48
    endloop
  endfacet
  facet normal -0.196116 -0.784465 0.588348
    outer loop
      vertex -1089.87 1070.02 2215.75
      vertex -1089.88 1069.97 2215.68
      vertex -1089.83 1069.98 2215.71
    endloop
  endfacet
  facet normal -0.386896 -0.723328 0.571934
    outer loop
      vertex -1089.87 1070.02 2215.75
      vertex -1090.01 1070 2215.63
      vertex -1089.88 1069.97 2215.68
    endloop
  endfacet
  facet normal 0.30806 -0.0484909 -0.95013
    outer loop
      vertex -1075.38 1081.88 2180.15
      vertex -1081.69 1083.92 2178
      vertex -1081.52 1085 2178
    endloop
  endfacet
  facet normal 0.419078 0.419078 -0.805448
    outer loop
      vertex -1076.82 1090.94 2180.15
      vertex -1075.74 1097.74 2184.25
      vertex -1072.26 1094.26 2184.25
    endloop
  endfacet
  facet normal 0.419078 0.419078 -0.805448
    outer loop
      vertex -1075.74 1097.74 2184.25
      vertex -1076.82 1090.94 2180.15
      vertex -1079.06 1093.18 2180.15
    endloop
  endfacet
  facet normal -0.419078 -0.419078 -0.805448
    outer loop
      vertex -1094.26 1072.26 2184.25
      vertex -1093.18 1079.06 2180.15
      vertex -1090.94 1076.82 2180.15
    endloop
  endfacet
  facet normal -0.419078 -0.419078 -0.805448
    outer loop
      vertex -1093.18 1079.06 2180.15
      vertex -1094.26 1072.26 2184.25
      vertex -1097.74 1075.74 2184.25
    endloop
  endfacet
  facet normal -0.126963 0.802356 -0.583185
    outer loop
      vertex -1089.87 1099.98 2184.25
      vertex -1091.13 1103.88 2189.89
      vertex -1085 1104.85 2189.89
    endloop
  endfacet
  facet normal -0.58551 -0.0919551 0.805433
    outer loop
      vertex -1095.11 1085 2219.85
      vertex -1100.75 1085 2215.75
      vertex -1094.62 1081.88 2219.85
    endloop
  endfacet
  facet normal 0.432007 0.848782 -0.304858
    outer loop
      vertex -1073.33 1101.06 2189.89
      vertex -1078.2 1105.92 2196.52
      vertex -1072.07 1102.8 2196.52
    endloop
  endfacet
  facet normal 0.784465 0.196116 -0.588348
    outer loop
      vertex -1069.98 1089.83 2184.29
      vertex -1070.02 1089.87 2184.25
      vertex -1069.97 1089.88 2184.32
    endloop
  endfacet
  facet normal 0.723996 -0.368531 -0.583107
    outer loop
      vertex -1072.26 1075.74 2184.25
      vertex -1070 1079.99 2184.37
      vertex -1070.57 1076.75 2185.71
    endloop
  endfacet
  facet normal 0.737022 -0.376066 -0.561581
    outer loop
      vertex -1070 1079.99 2184.37
      vertex -1072.26 1075.74 2184.25
      vertex -1070.02 1080.13 2184.25
    endloop
  endfacet
  facet normal 0.723951 -0.366778 -0.584268
    outer loop
      vertex -1072.26 1075.74 2184.25
      vertex -1070.57 1076.75 2185.71
      vertex -1070.3 1074.32 2187.57
    endloop
  endfacet
  facet normal -0.707107 0.707107 0
    outer loop
      vertex -1102.8 1097.93 2196.52
      vertex -1097.93 1102.8 2203.48
      vertex -1097.93 1102.8 2196.52
    endloop
  endfacet
  facet normal -0.707107 0.707107 0
    outer loop
      vertex -1097.93 1102.8 2203.48
      vertex -1102.8 1097.93 2196.52
      vertex -1102.8 1097.93 2203.48
    endloop
  endfacet
  facet normal 0.572351 0.575566 -0.58407
    outer loop
      vertex -1070.3 1095.68 2187.57
      vertex -1072.26 1094.26 2184.25
      vertex -1070.52 1096.67 2188.33
    endloop
  endfacet
  facet normal 0.574049 0.574049 -0.583898
    outer loop
      vertex -1075.74 1097.74 2184.25
      vertex -1070.52 1096.67 2188.33
      vertex -1072.26 1094.26 2184.25
    endloop
  endfacet
  facet normal 0.572589 0.578592 -0.580839
    outer loop
      vertex -1070.52 1096.67 2188.33
      vertex -1075.74 1097.74 2184.25
      vertex -1070.14 1097.86 2189.89
    endloop
  endfacet
  facet normal 0.575226 0.573429 -0.583347
    outer loop
      vertex -1070.14 1097.86 2189.89
      vertex -1075.74 1097.74 2184.25
      vertex -1073.33 1101.06 2189.89
    endloop
  endfacet
  facet normal -0.940561 -0.149383 0.305008
    outer loop
      vertex -1104.85 1085 2210.11
      vertex -1107 1085 2203.48
      vertex -1105.92 1078.2 2203.48
    endloop
  endfacet
  facet normal 0.220809 0.220809 -0.949993
    outer loop
      vertex -1082.18 1087.05 2178
      vertex -1079.06 1093.18 2180.15
      vertex -1076.82 1090.94 2180.15
    endloop
  endfacet
  facet normal 0.220809 0.220809 -0.949993
    outer loop
      vertex -1079.06 1093.18 2180.15
      vertex -1082.18 1087.05 2178
      vertex -1082.95 1087.82 2178
    endloop
  endfacet
  facet normal 0.618588 -0.0824784 0.781374
    outer loop
      vertex -1070.18 1080.73 2215.94
      vertex -1070.02 1080.13 2215.75
      vertex -1070 1080.28 2215.75
    endloop
  endfacet
  facet normal 0.58386 -0.0994551 0.80574
    outer loop
      vertex -1070.18 1080.73 2215.94
      vertex -1075.38 1081.88 2219.85
      vertex -1070.02 1080.13 2215.75
    endloop
  endfacet
  facet normal 0.585515 -0.0912015 0.805515
    outer loop
      vertex -1075.38 1081.88 2219.85
      vertex -1070.18 1080.73 2215.94
      vertex -1070.27 1084.48 2216.43
    endloop
  endfacet
  facet normal -0.269439 0.528051 -0.805335
    outer loop
      vertex -1088.12 1094.62 2180.15
      vertex -1094.26 1097.74 2184.25
      vertex -1089.87 1099.98 2184.25
    endloop
  endfacet
  facet normal -0.369098 0.723367 -0.583529
    outer loop
      vertex -1094.26 1097.74 2184.25
      vertex -1096.67 1101.06 2189.89
      vertex -1089.87 1099.98 2184.25
    endloop
  endfacet
  facet normal -0.140582 0.278295 0.950152
    outer loop
      vertex -1086.08 1088.31 2222
      vertex -1088.12 1094.62 2219.85
      vertex -1087.05 1087.82 2222
    endloop
  endfacet
  facet normal -0.848775 -0.432048 0.304822
    outer loop
      vertex -1103.88 1078.87 2210.11
      vertex -1105.92 1078.2 2203.48
      vertex -1101.06 1073.33 2210.11
    endloop
  endfacet
  facet normal -0.724055 -0.368562 0.583015
    outer loop
      vertex -1099.98 1080.13 2215.75
      vertex -1103.88 1078.87 2210.11
      vertex -1101.06 1073.33 2210.11
    endloop
  endfacet
  facet normal -0.308108 -0.0483888 0.95012
    outer loop
      vertex -1088.48 1085 2222
      vertex -1095.11 1085 2219.85
      vertex -1094.62 1081.88 2219.85
    endloop
  endfacet
  facet normal 0.784465 -0.196116 0.588348
    outer loop
      vertex -1069.98 1080.17 2215.71
      vertex -1070.02 1080.13 2215.75
      vertex -1069.97 1080.12 2215.68
    endloop
  endfacet
  facet normal 0.723328 -0.386896 0.571934
    outer loop
      vertex -1069.97 1080.12 2215.68
      vertex -1070.02 1080.13 2215.75
      vertex -1070 1079.99 2215.63
    endloop
  endfacet
  facet normal 0.784465 0.196116 0.588348
    outer loop
      vertex -1069.97 1089.88 2215.68
      vertex -1070.02 1089.87 2215.75
      vertex -1069.98 1089.83 2215.71
    endloop
  endfacet
  facet normal 0.751882 -0.100251 0.651631
    outer loop
      vertex -1070 1080.28 2215.75
      vertex -1070.02 1080.13 2215.75
      vertex -1069.98 1080.17 2215.71
    endloop
  endfacet
  facet normal 0.751882 0.100251 0.651631
    outer loop
      vertex -1069.98 1089.83 2215.71
      vertex -1070.02 1089.87 2215.75
      vertex -1070 1089.72 2215.75
    endloop
  endfacet
  facet normal 0.0824784 -0.618588 -0.781374
    outer loop
      vertex -1080.73 1070.18 2184.06
      vertex -1080.13 1070.02 2184.25
      vertex -1080.28 1070 2184.25
    endloop
  endfacet
  facet normal 0.0994551 -0.58386 -0.80574
    outer loop
      vertex -1080.73 1070.18 2184.06
      vertex -1081.88 1075.38 2180.15
      vertex -1080.13 1070.02 2184.25
    endloop
  endfacet
  facet normal 0.0912015 -0.585515 -0.805515
    outer loop
      vertex -1081.88 1075.38 2180.15
      vertex -1080.73 1070.18 2184.06
      vertex -1084.48 1070.27 2183.57
    endloop
  endfacet
  facet normal -0.528051 0.269439 -0.805335
    outer loop
      vertex -1094.62 1088.12 2180.15
      vertex -1099.98 1089.87 2184.25
      vertex -1097.74 1094.26 2184.25
    endloop
  endfacet
  facet normal 0.100251 -0.751882 -0.651631
    outer loop
      vertex -1080.17 1069.98 2184.29
      vertex -1080.28 1070 2184.25
      vertex -1080.13 1070.02 2184.25
    endloop
  endfacet
  facet normal 0.308108 0.0483888 -0.95012
    outer loop
      vertex -1074.89 1085 2180.15
      vertex -1081.52 1085 2178
      vertex -1075.38 1088.12 2180.15
    endloop
  endfacet
  facet normal 0.386896 -0.723328 -0.571934
    outer loop
      vertex -1080.12 1069.97 2184.32
      vertex -1080.13 1070.02 2184.25
      vertex -1079.99 1070 2184.37
    endloop
  endfacet
  facet normal -0.987621 -0.156857 0
    outer loop
      vertex -1105.92 1078.2 2196.52
      vertex -1107 1085 2203.48
      vertex -1107 1085 2196.52
    endloop
  endfacet
  facet normal -0.987621 -0.156857 0
    outer loop
      vertex -1107 1085 2203.48
      vertex -1105.92 1078.2 2196.52
      vertex -1105.92 1078.2 2203.48
    endloop
  endfacet
  facet normal -0.126856 0.802325 0.583251
    outer loop
      vertex -1085 1104.85 2210.11
      vertex -1089.87 1099.98 2215.75
      vertex -1085 1100.75 2215.75
    endloop
  endfacet
  facet normal 0.618588 0.0824784 0.781374
    outer loop
      vertex -1070.02 1089.87 2215.75
      vertex -1070.18 1089.27 2215.94
      vertex -1070 1089.72 2215.75
    endloop
  endfacet
  facet normal 0.585515 0.0912015 0.805515
    outer loop
      vertex -1070.18 1089.27 2215.94
      vertex -1075.38 1088.12 2219.85
      vertex -1070.27 1085.52 2216.43
    endloop
  endfacet
  facet normal 0.58386 0.0994551 0.80574
    outer loop
      vertex -1075.38 1088.12 2219.85
      vertex -1070.18 1089.27 2215.94
      vertex -1070.02 1089.87 2215.75
    endloop
  endfacet
  facet normal 0.14887 0.9408 0.304521
    outer loop
      vertex -1078.2 1105.92 2203.48
      vertex -1085 1104.85 2210.11
      vertex -1078.87 1103.88 2210.11
    endloop
  endfacet
  facet normal -0.848775 0.432048 0.304822
    outer loop
      vertex -1101.06 1096.67 2210.11
      vertex -1105.92 1091.8 2203.48
      vertex -1103.88 1091.13 2210.11
    endloop
  endfacet
  facet normal -0.453599 0.891206 0
    outer loop
      vertex -1091.8 1105.92 2196.52
      vertex -1097.93 1102.8 2203.48
      vertex -1091.8 1105.92 2203.48
    endloop
  endfacet
  facet normal -0.453599 0.891206 0
    outer loop
      vertex -1097.93 1102.8 2203.48
      vertex -1091.8 1105.92 2196.52
      vertex -1097.93 1102.8 2196.52
    endloop
  endfacet
  facet normal -0.126963 0.802356 0.583185
    outer loop
      vertex -1085 1104.85 2210.11
      vertex -1091.13 1103.88 2210.11
      vertex -1089.87 1099.98 2215.75
    endloop
  endfacet
  facet normal 0.0926054 0.585699 0.805221
    outer loop
      vertex -1080.13 1099.98 2215.75
      vertex -1085 1100.75 2215.75
      vertex -1081.88 1094.62 2219.85
    endloop
  endfacet
  facet normal 0.723328 -0.386896 -0.571934
    outer loop
      vertex -1070 1079.99 2184.37
      vertex -1070.02 1080.13 2184.25
      vertex -1069.97 1080.12 2184.32
    endloop
  endfacet
  facet normal 0.618588 0.0824784 -0.781374
    outer loop
      vertex -1070.18 1089.27 2184.06
      vertex -1070.02 1089.87 2184.25
      vertex -1070 1089.72 2184.25
    endloop
  endfacet
  facet normal 0.58386 0.0994551 -0.80574
    outer loop
      vertex -1070.18 1089.27 2184.06
      vertex -1075.38 1088.12 2180.15
      vertex -1070.02 1089.87 2184.25
    endloop
  endfacet
  facet normal 0.585515 0.0912015 -0.805515
    outer loop
      vertex -1075.38 1088.12 2180.15
      vertex -1070.18 1089.27 2184.06
      vertex -1070.27 1085.52 2183.57
    endloop
  endfacet
  facet normal 0.618588 -0.0824784 -0.781374
    outer loop
      vertex -1070.02 1080.13 2184.25
      vertex -1070.18 1080.73 2184.06
      vertex -1070 1080.28 2184.25
    endloop
  endfacet
  facet normal 0.585515 -0.0912015 -0.805515
    outer loop
      vertex -1070.18 1080.73 2184.06
      vertex -1075.38 1081.88 2180.15
      vertex -1070.27 1084.48 2183.57
    endloop
  endfacet
  facet normal 0.58386 -0.0994551 -0.80574
    outer loop
      vertex -1075.38 1081.88 2180.15
      vertex -1070.18 1080.73 2184.06
      vertex -1070.02 1080.13 2184.25
    endloop
  endfacet
  facet normal 0.723328 0.386896 -0.571934
    outer loop
      vertex -1069.97 1089.88 2184.32
      vertex -1070.02 1089.87 2184.25
      vertex -1070 1090.01 2184.37
    endloop
  endfacet
  facet normal 0.0483888 -0.308108 -0.95012
    outer loop
      vertex -1081.88 1075.38 2180.15
      vertex -1085 1074.89 2180.15
      vertex -1085 1081.52 2178
    endloop
  endfacet
  facet normal -0.30806 0.0484909 -0.95013
    outer loop
      vertex -1088.48 1085 2178
      vertex -1094.62 1088.12 2180.15
      vertex -1088.31 1086.08 2178
    endloop
  endfacet
  facet normal -0.574279 0.574279 -0.583443
    outer loop
      vertex -1097.74 1094.26 2184.25
      vertex -1096.67 1101.06 2189.89
      vertex -1094.26 1097.74 2184.25
    endloop
  endfacet
  facet normal -0.574279 0.574279 -0.583443
    outer loop
      vertex -1096.67 1101.06 2189.89
      vertex -1097.74 1094.26 2184.25
      vertex -1101.06 1096.67 2189.89
    endloop
  endfacet
  facet normal -0.848782 0.432007 0.304858
    outer loop
      vertex -1102.8 1097.93 2203.48
      vertex -1105.92 1091.8 2203.48
      vertex -1101.06 1096.67 2210.11
    endloop
  endfacet
  facet normal -0.419078 0.419078 0.805448
    outer loop
      vertex -1094.26 1097.74 2215.75
      vertex -1093.18 1090.94 2219.85
      vertex -1090.94 1093.18 2219.85
    endloop
  endfacet
  facet normal -0.419078 0.419078 0.805448
    outer loop
      vertex -1093.18 1090.94 2219.85
      vertex -1094.26 1097.74 2215.75
      vertex -1097.74 1094.26 2215.75
    endloop
  endfacet
  facet normal -0.802356 0.126963 -0.583185
    outer loop
      vertex -1099.98 1089.87 2184.25
      vertex -1104.85 1085 2189.89
      vertex -1103.88 1091.13 2189.89
    endloop
  endfacet
  facet normal 0.368562 0.724055 -0.583015
    outer loop
      vertex -1073.33 1101.06 2189.89
      vertex -1080.13 1099.98 2184.25
      vertex -1078.87 1103.88 2189.89
    endloop
  endfacet
  facet normal 0.156857 0.987621 -0
    outer loop
      vertex -1078.2 1105.92 2196.52
      vertex -1085 1107 2203.48
      vertex -1078.2 1105.92 2203.48
    endloop
  endfacet
  facet normal 0.156857 0.987621 0
    outer loop
      vertex -1085 1107 2203.48
      vertex -1078.2 1105.92 2196.52
      vertex -1085 1107 2196.52
    endloop
  endfacet
  facet normal -0.724055 0.368562 0.583015
    outer loop
      vertex -1101.06 1096.67 2210.11
      vertex -1103.88 1091.13 2210.11
      vertex -1099.98 1089.87 2215.75
    endloop
  endfacet
  facet normal -0.802325 0.126856 0.583251
    outer loop
      vertex -1099.98 1089.87 2215.75
      vertex -1104.85 1085 2210.11
      vertex -1100.75 1085 2215.75
    endloop
  endfacet
  facet normal -0.848782 -0.432007 0.304858
    outer loop
      vertex -1101.06 1073.33 2210.11
      vertex -1105.92 1078.2 2203.48
      vertex -1102.8 1072.07 2203.48
    endloop
  endfacet
  facet normal -0.802356 -0.126963 0.583185
    outer loop
      vertex -1099.98 1080.13 2215.75
      vertex -1104.85 1085 2210.11
      vertex -1103.88 1078.87 2210.11
    endloop
  endfacet
  facet normal -0.9408 -0.14887 0.304521
    outer loop
      vertex -1104.85 1085 2210.11
      vertex -1105.92 1078.2 2203.48
      vertex -1103.88 1078.87 2210.11
    endloop
  endfacet
  facet normal 0.100251 -0.751882 0.651631
    outer loop
      vertex -1080.13 1070.02 2215.75
      vertex -1080.28 1070 2215.75
      vertex -1080.17 1069.98 2215.71
    endloop
  endfacet
  facet normal 0.141975 0.278034 0.950021
    outer loop
      vertex -1081.88 1094.62 2219.85
      vertex -1082.95 1087.82 2222
      vertex -1079.06 1093.18 2219.85
    endloop
  endfacet
  facet normal -0.575566 -0.572351 0.58407
    outer loop
      vertex -1094.26 1072.26 2215.75
      vertex -1096.67 1070.52 2211.67
      vertex -1095.68 1070.3 2212.43
    endloop
  endfacet
  facet normal -0.574049 -0.574049 0.583898
    outer loop
      vertex -1097.74 1075.74 2215.75
      vertex -1096.67 1070.52 2211.67
      vertex -1094.26 1072.26 2215.75
    endloop
  endfacet
  facet normal -0.578592 -0.572589 0.580839
    outer loop
      vertex -1097.74 1075.74 2215.75
      vertex -1097.86 1070.14 2210.11
      vertex -1096.67 1070.52 2211.67
    endloop
  endfacet
  facet normal -0.573429 -0.575226 0.583347
    outer loop
      vertex -1097.86 1070.14 2210.11
      vertex -1097.74 1075.74 2215.75
      vertex -1101.06 1073.33 2210.11
    endloop
  endfacet
  facet normal 0.30806 -0.0484909 0.95013
    outer loop
      vertex -1081.52 1085 2222
      vertex -1081.69 1083.92 2222
      vertex -1075.38 1081.88 2219.85
    endloop
  endfacet
  facet normal 0.737022 -0.376066 0.561581
    outer loop
      vertex -1072.26 1075.74 2215.75
      vertex -1070 1079.99 2215.63
      vertex -1070.02 1080.13 2215.75
    endloop
  endfacet
  facet normal 0.723996 -0.368531 0.583107
    outer loop
      vertex -1070 1079.99 2215.63
      vertex -1072.26 1075.74 2215.75
      vertex -1070.57 1076.75 2214.29
    endloop
  endfacet
  facet normal 0.723951 -0.366778 0.584268
    outer loop
      vertex -1070.57 1076.75 2214.29
      vertex -1072.26 1075.74 2215.75
      vertex -1070.3 1074.32 2212.43
    endloop
  endfacet
  facet normal -0.527892 0.269562 -0.805398
    outer loop
      vertex -1094.62 1088.12 2180.15
      vertex -1097.74 1094.26 2184.25
      vertex -1093.18 1090.94 2180.15
    endloop
  endfacet
  facet normal 0.419078 -0.419078 0.805448
    outer loop
      vertex -1076.82 1079.06 2219.85
      vertex -1075.74 1072.26 2215.75
      vertex -1072.26 1075.74 2215.75
    endloop
  endfacet
  facet normal 0.419078 -0.419078 0.805448
    outer loop
      vertex -1075.74 1072.26 2215.75
      vertex -1076.82 1079.06 2219.85
      vertex -1079.06 1076.82 2219.85
    endloop
  endfacet
  facet normal 0.673257 -0.673257 0.305695
    outer loop
      vertex -1070.14 1072.14 2210.11
      vertex -1072.14 1070.14 2210.11
      vertex -1070.72 1070.72 2208.26
    endloop
  endfacet
  facet normal 0.673257 -0.673257 -0.305695
    outer loop
      vertex -1070.72 1070.72 2191.74
      vertex -1072.14 1070.14 2189.89
      vertex -1070.14 1072.14 2189.89
    endloop
  endfacet
  facet normal 0.376066 -0.737022 -0.561581
    outer loop
      vertex -1075.74 1072.26 2184.25
      vertex -1079.99 1070 2184.37
      vertex -1080.13 1070.02 2184.25
    endloop
  endfacet
  facet normal 0.366778 -0.723951 -0.584268
    outer loop
      vertex -1076.75 1070.57 2185.71
      vertex -1075.74 1072.26 2184.25
      vertex -1074.32 1070.3 2187.57
    endloop
  endfacet
  facet normal 0.368531 -0.723996 -0.583107
    outer loop
      vertex -1079.99 1070 2184.37
      vertex -1075.74 1072.26 2184.25
      vertex -1076.75 1070.57 2185.71
    endloop
  endfacet
  facet normal -0.0912015 -0.585515 -0.805515
    outer loop
      vertex -1089.27 1070.18 2184.06
      vertex -1088.12 1075.38 2180.15
      vertex -1085.52 1070.27 2183.57
    endloop
  endfacet
  facet normal -0.0824784 -0.618588 -0.781374
    outer loop
      vertex -1089.87 1070.02 2184.25
      vertex -1089.27 1070.18 2184.06
      vertex -1089.72 1070 2184.25
    endloop
  endfacet
  facet normal -0.0994551 -0.58386 -0.80574
    outer loop
      vertex -1089.27 1070.18 2184.06
      vertex -1089.87 1070.02 2184.25
      vertex -1088.12 1075.38 2180.15
    endloop
  endfacet
  facet normal -0.527892 -0.269562 -0.805398
    outer loop
      vertex -1093.18 1079.06 2180.15
      vertex -1097.74 1075.74 2184.25
      vertex -1094.62 1081.88 2180.15
    endloop
  endfacet
  facet normal 0.278295 0.140582 0.950152
    outer loop
      vertex -1075.38 1088.12 2219.85
      vertex -1082.18 1087.05 2222
      vertex -1081.69 1086.08 2222
    endloop
  endfacet
  facet normal 0.30806 0.0484909 0.95013
    outer loop
      vertex -1075.38 1088.12 2219.85
      vertex -1081.69 1086.08 2222
      vertex -1081.52 1085 2222
    endloop
  endfacet
  facet normal 0.527892 0.269562 0.805398
    outer loop
      vertex -1072.26 1094.26 2215.75
      vertex -1076.82 1090.94 2219.85
      vertex -1075.38 1088.12 2219.85
    endloop
  endfacet
  facet normal 0.528051 0.269439 0.805335
    outer loop
      vertex -1072.26 1094.26 2215.75
      vertex -1075.38 1088.12 2219.85
      vertex -1070.02 1089.87 2215.75
    endloop
  endfacet
  facet normal 0.368562 0.724055 0.583015
    outer loop
      vertex -1078.87 1103.88 2210.11
      vertex -1080.13 1099.98 2215.75
      vertex -1073.33 1101.06 2210.11
    endloop
  endfacet
  facet normal 0.572589 0.578592 0.580839
    outer loop
      vertex -1075.74 1097.74 2215.75
      vertex -1070.52 1096.67 2211.67
      vertex -1070.14 1097.86 2210.11
    endloop
  endfacet
  facet normal 0.575226 0.573429 0.583347
    outer loop
      vertex -1075.74 1097.74 2215.75
      vertex -1070.14 1097.86 2210.11
      vertex -1073.33 1101.06 2210.11
    endloop
  endfacet
  facet normal 0.574049 0.574049 0.583898
    outer loop
      vertex -1070.52 1096.67 2211.67
      vertex -1075.74 1097.74 2215.75
      vertex -1072.26 1094.26 2215.75
    endloop
  endfacet
  facet normal 0.572351 0.575566 0.58407
    outer loop
      vertex -1070.3 1095.68 2212.43
      vertex -1070.52 1096.67 2211.67
      vertex -1072.26 1094.26 2215.75
    endloop
  endfacet
  facet normal -0.149383 0.940561 0.305008
    outer loop
      vertex -1085 1107 2203.48
      vertex -1091.8 1105.92 2203.48
      vertex -1085 1104.85 2210.11
    endloop
  endfacet
  facet normal 0.432007 0.848782 0.304858
    outer loop
      vertex -1072.07 1102.8 2203.48
      vertex -1078.2 1105.92 2203.48
      vertex -1073.33 1101.06 2210.11
    endloop
  endfacet
  facet normal 0.141975 -0.278034 0.950021
    outer loop
      vertex -1079.06 1076.82 2219.85
      vertex -1082.95 1082.18 2222
      vertex -1081.88 1075.38 2219.85
    endloop
  endfacet
  facet normal -0.269439 0.528051 0.805335
    outer loop
      vertex -1089.87 1099.98 2215.75
      vertex -1094.26 1097.74 2215.75
      vertex -1088.12 1094.62 2219.85
    endloop
  endfacet
  facet normal -0.14887 0.9408 0.304521
    outer loop
      vertex -1085 1104.85 2210.11
      vertex -1091.8 1105.92 2203.48
      vertex -1091.13 1103.88 2210.11
    endloop
  endfacet
  facet normal -0.369098 0.723367 0.583529
    outer loop
      vertex -1089.87 1099.98 2215.75
      vertex -1096.67 1101.06 2210.11
      vertex -1094.26 1097.74 2215.75
    endloop
  endfacet
  facet normal -0.0919551 0.58551 0.805433
    outer loop
      vertex -1085 1100.75 2215.75
      vertex -1088.12 1094.62 2219.85
      vertex -1085 1095.11 2219.85
    endloop
  endfacet
  facet normal -0.0926054 0.585699 0.805221
    outer loop
      vertex -1085 1100.75 2215.75
      vertex -1089.87 1099.98 2215.75
      vertex -1088.12 1094.62 2219.85
    endloop
  endfacet
  facet normal 0.126963 0.802356 -0.583185
    outer loop
      vertex -1080.13 1099.98 2184.25
      vertex -1085 1104.85 2189.89
      vertex -1078.87 1103.88 2189.89
    endloop
  endfacet
  facet normal 0.585079 0.0971325 -0.805138
    outer loop
      vertex -1074.89 1085 2180.15
      vertex -1070.27 1085.52 2183.57
      vertex -1070.28 1085 2183.5
    endloop
  endfacet
  facet normal 0.585746 0.0919921 -0.805257
    outer loop
      vertex -1070.27 1085.52 2183.57
      vertex -1074.89 1085 2180.15
      vertex -1075.38 1088.12 2180.15
    endloop
  endfacet
  facet normal 0.528051 -0.269439 -0.805335
    outer loop
      vertex -1072.26 1075.74 2184.25
      vertex -1075.38 1081.88 2180.15
      vertex -1070.02 1080.13 2184.25
    endloop
  endfacet
  facet normal 0.751882 -0.100251 -0.651631
    outer loop
      vertex -1069.98 1080.17 2184.29
      vertex -1070.02 1080.13 2184.25
      vertex -1070 1080.28 2184.25
    endloop
  endfacet
  facet normal 0.784465 -0.196116 -0.588348
    outer loop
      vertex -1069.97 1080.12 2184.32
      vertex -1070.02 1080.13 2184.25
      vertex -1069.98 1080.17 2184.29
    endloop
  endfacet
  facet normal -0.585699 -0.0926054 -0.805221
    outer loop
      vertex -1099.98 1080.13 2184.25
      vertex -1100.75 1085 2184.25
      vertex -1094.62 1081.88 2180.15
    endloop
  endfacet
  facet normal -0.126856 0.802325 -0.583251
    outer loop
      vertex -1085 1100.75 2184.25
      vertex -1089.87 1099.98 2184.25
      vertex -1085 1104.85 2189.89
    endloop
  endfacet
  facet normal 0.278034 -0.141975 -0.950021
    outer loop
      vertex -1076.82 1079.06 2180.15
      vertex -1082.18 1082.95 2178
      vertex -1075.38 1081.88 2180.15
    endloop
  endfacet
  facet normal -0.220809 0.220809 -0.949993
    outer loop
      vertex -1087.82 1087.05 2178
      vertex -1090.94 1093.18 2180.15
      vertex -1087.05 1087.82 2178
    endloop
  endfacet
  facet normal -0.220809 0.220809 -0.949993
    outer loop
      vertex -1090.94 1093.18 2180.15
      vertex -1087.82 1087.05 2178
      vertex -1093.18 1090.94 2180.15
    endloop
  endfacet
  facet normal -0.308108 0.0483888 -0.95012
    outer loop
      vertex -1088.48 1085 2178
      vertex -1095.11 1085 2180.15
      vertex -1094.62 1088.12 2180.15
    endloop
  endfacet
  facet normal -0.9408 0.14887 0.304521
    outer loop
      vertex -1103.88 1091.13 2210.11
      vertex -1105.92 1091.8 2203.48
      vertex -1104.85 1085 2210.11
    endloop
  endfacet
  facet normal -0.802356 0.126963 0.583185
    outer loop
      vertex -1103.88 1091.13 2210.11
      vertex -1104.85 1085 2210.11
      vertex -1099.98 1089.87 2215.75
    endloop
  endfacet
  facet normal -0.432048 0.848775 0.304822
    outer loop
      vertex -1091.8 1105.92 2203.48
      vertex -1096.67 1101.06 2210.11
      vertex -1091.13 1103.88 2210.11
    endloop
  endfacet
  facet normal -0.432007 0.848782 0.304858
    outer loop
      vertex -1091.8 1105.92 2203.48
      vertex -1097.93 1102.8 2203.48
      vertex -1096.67 1101.06 2210.11
    endloop
  endfacet
  facet normal -0.724055 -0.368562 -0.583015
    outer loop
      vertex -1101.06 1073.33 2189.89
      vertex -1103.88 1078.87 2189.89
      vertex -1099.98 1080.13 2184.25
    endloop
  endfacet
  facet normal 0.14887 0.9408 -0.304521
    outer loop
      vertex -1078.87 1103.88 2189.89
      vertex -1085 1104.85 2189.89
      vertex -1078.2 1105.92 2196.52
    endloop
  endfacet
  facet normal 0.432048 0.848775 -0.304822
    outer loop
      vertex -1073.33 1101.06 2189.89
      vertex -1078.87 1103.88 2189.89
      vertex -1078.2 1105.92 2196.52
    endloop
  endfacet
  facet normal -0.527892 0.269562 0.805398
    outer loop
      vertex -1093.18 1090.94 2219.85
      vertex -1097.74 1094.26 2215.75
      vertex -1094.62 1088.12 2219.85
    endloop
  endfacet
  facet normal -0.802325 -0.126856 0.583251
    outer loop
      vertex -1100.75 1085 2215.75
      vertex -1104.85 1085 2210.11
      vertex -1099.98 1080.13 2215.75
    endloop
  endfacet
  facet normal 0.0483888 -0.308108 0.95012
    outer loop
      vertex -1085 1081.52 2222
      vertex -1085 1074.89 2219.85
      vertex -1081.88 1075.38 2219.85
    endloop
  endfacet
  facet normal -0.278034 -0.141975 0.950021
    outer loop
      vertex -1087.82 1082.95 2222
      vertex -1094.62 1081.88 2219.85
      vertex -1093.18 1079.06 2219.85
    endloop
  endfacet
  facet normal -0.940561 -0.149383 -0.305008
    outer loop
      vertex -1105.92 1078.2 2196.52
      vertex -1107 1085 2196.52
      vertex -1104.85 1085 2189.89
    endloop
  endfacet
  facet normal -0.675027 -0.670968 0.306822
    outer loop
      vertex -1102.8 1072.07 2203.48
      vertex -1100.94 1070.56 2204.27
      vertex -1099.29 1070.72 2208.25
    endloop
  endfacet
  facet normal -0.67477 -0.67477 0.298949
    outer loop
      vertex -1100.94 1070.56 2204.27
      vertex -1102.8 1072.07 2203.48
      vertex -1101.04 1070.31 2203.48
    endloop
  endfacet
  facet normal -0.673234 -0.67372 0.304723
    outer loop
      vertex -1099.29 1070.72 2208.25
      vertex -1101.06 1073.33 2210.11
      vertex -1102.8 1072.07 2203.48
    endloop
  endfacet
  facet normal -0.672031 -0.674137 0.306454
    outer loop
      vertex -1101.06 1073.33 2210.11
      vertex -1099.29 1070.72 2208.25
      vertex -1097.86 1070.14 2210.11
    endloop
  endfacet
  facet normal -0.0483888 0.308108 0.95012
    outer loop
      vertex -1085 1095.11 2219.85
      vertex -1088.12 1094.62 2219.85
      vertex -1085 1088.48 2222
    endloop
  endfacet
  facet normal -0.278295 -0.140582 0.950152
    outer loop
      vertex -1088.31 1083.92 2222
      vertex -1094.62 1081.88 2219.85
      vertex -1087.82 1082.95 2222
    endloop
  endfacet
  facet normal 0.528051 -0.269439 0.805335
    outer loop
      vertex -1070.02 1080.13 2215.75
      vertex -1075.38 1081.88 2219.85
      vertex -1072.26 1075.74 2215.75
    endloop
  endfacet
  facet normal 0.220809 0.220809 0.949993
    outer loop
      vertex -1079.06 1093.18 2219.85
      vertex -1082.18 1087.05 2222
      vertex -1076.82 1090.94 2219.85
    endloop
  endfacet
  facet normal 0.220809 0.220809 0.949993
    outer loop
      vertex -1082.18 1087.05 2222
      vertex -1079.06 1093.18 2219.85
      vertex -1082.95 1087.82 2222
    endloop
  endfacet
  facet normal 0.0484909 0.30806 0.95013
    outer loop
      vertex -1081.88 1094.62 2219.85
      vertex -1085 1088.48 2222
      vertex -1083.92 1088.31 2222
    endloop
  endfacet
  facet normal -0.527892 -0.269562 0.805398
    outer loop
      vertex -1094.62 1081.88 2219.85
      vertex -1097.74 1075.74 2215.75
      vertex -1093.18 1079.06 2219.85
    endloop
  endfacet
  facet normal -0.269562 -0.527892 0.805398
    outer loop
      vertex -1090.94 1076.82 2219.85
      vertex -1094.26 1072.26 2215.75
      vertex -1088.12 1075.38 2219.85
    endloop
  endfacet
  facet normal -0.0971325 -0.585079 0.805138
    outer loop
      vertex -1085 1074.89 2219.85
      vertex -1085.52 1070.27 2216.43
      vertex -1085 1070.28 2216.5
    endloop
  endfacet
  facet normal -0.0919921 -0.585746 0.805257
    outer loop
      vertex -1085.52 1070.27 2216.43
      vertex -1085 1074.89 2219.85
      vertex -1088.12 1075.38 2219.85
    endloop
  endfacet
  facet normal -0.0912015 -0.585515 0.805515
    outer loop
      vertex -1088.12 1075.38 2219.85
      vertex -1089.27 1070.18 2215.94
      vertex -1085.52 1070.27 2216.43
    endloop
  endfacet
  facet normal -0.0994551 -0.58386 0.80574
    outer loop
      vertex -1089.87 1070.02 2215.75
      vertex -1089.27 1070.18 2215.94
      vertex -1088.12 1075.38 2219.85
    endloop
  endfacet
  facet normal -0.0824784 -0.618588 0.781374
    outer loop
      vertex -1089.27 1070.18 2215.94
      vertex -1089.87 1070.02 2215.75
      vertex -1089.72 1070 2215.75
    endloop
  endfacet
  facet normal -0.802356 -0.126963 -0.583185
    outer loop
      vertex -1103.88 1078.87 2189.89
      vertex -1104.85 1085 2189.89
      vertex -1099.98 1080.13 2184.25
    endloop
  endfacet
  facet normal -0.802325 -0.126856 -0.583251
    outer loop
      vertex -1099.98 1080.13 2184.25
      vertex -1104.85 1085 2189.89
      vertex -1100.75 1085 2184.25
    endloop
  endfacet
  facet normal 0.269562 -0.527892 0.805398
    outer loop
      vertex -1079.06 1076.82 2219.85
      vertex -1081.88 1075.38 2219.85
      vertex -1075.74 1072.26 2215.75
    endloop
  endfacet
  facet normal 0.269439 -0.528051 0.805335
    outer loop
      vertex -1075.74 1072.26 2215.75
      vertex -1081.88 1075.38 2219.85
      vertex -1080.13 1070.02 2215.75
    endloop
  endfacet
  facet normal -0.528051 -0.269439 -0.805335
    outer loop
      vertex -1097.74 1075.74 2184.25
      vertex -1099.98 1080.13 2184.25
      vertex -1094.62 1081.88 2180.15
    endloop
  endfacet
  facet normal -0.269439 -0.528051 -0.805335
    outer loop
      vertex -1089.87 1070.02 2184.25
      vertex -1094.26 1072.26 2184.25
      vertex -1088.12 1075.38 2180.15
    endloop
  endfacet
  facet normal 0.419078 -0.419078 -0.805448
    outer loop
      vertex -1075.74 1072.26 2184.25
      vertex -1076.82 1079.06 2180.15
      vertex -1072.26 1075.74 2184.25
    endloop
  endfacet
  facet normal 0.419078 -0.419078 -0.805448
    outer loop
      vertex -1076.82 1079.06 2180.15
      vertex -1075.74 1072.26 2184.25
      vertex -1079.06 1076.82 2180.15
    endloop
  endfacet
  facet normal 0.0971325 -0.585079 -0.805138
    outer loop
      vertex -1085 1074.89 2180.15
      vertex -1084.48 1070.27 2183.57
      vertex -1085 1070.28 2183.5
    endloop
  endfacet
  facet normal 0.0919921 -0.585746 -0.805257
    outer loop
      vertex -1084.48 1070.27 2183.57
      vertex -1085 1074.89 2180.15
      vertex -1081.88 1075.38 2180.15
    endloop
  endfacet
  facet normal 0.269439 -0.528051 -0.805335
    outer loop
      vertex -1080.13 1070.02 2184.25
      vertex -1081.88 1075.38 2180.15
      vertex -1075.74 1072.26 2184.25
    endloop
  endfacet
  facet normal -0.100251 -0.751882 -0.651631
    outer loop
      vertex -1089.83 1069.98 2184.29
      vertex -1089.87 1070.02 2184.25
      vertex -1089.72 1070 2184.25
    endloop
  endfacet
  facet normal -0.196116 -0.784465 -0.588348
    outer loop
      vertex -1089.83 1069.98 2184.29
      vertex -1089.88 1069.97 2184.32
      vertex -1089.87 1070.02 2184.25
    endloop
  endfacet
  facet normal 0.432048 0.848775 0.304822
    outer loop
      vertex -1078.2 1105.92 2203.48
      vertex -1078.87 1103.88 2210.11
      vertex -1073.33 1101.06 2210.11
    endloop
  endfacet
  facet normal -0.673474 0.673474 -0.304739
    outer loop
      vertex -1096.67 1101.06 2189.89
      vertex -1102.8 1097.93 2196.52
      vertex -1097.93 1102.8 2196.52
    endloop
  endfacet
  facet normal -0.673474 0.673474 -0.304739
    outer loop
      vertex -1102.8 1097.93 2196.52
      vertex -1096.67 1101.06 2189.89
      vertex -1101.06 1096.67 2189.89
    endloop
  endfacet
  facet normal -0.432007 0.848782 -0.304858
    outer loop
      vertex -1096.67 1101.06 2189.89
      vertex -1097.93 1102.8 2196.52
      vertex -1091.8 1105.92 2196.52
    endloop
  endfacet
  facet normal -0.891206 0.453599 0
    outer loop
      vertex -1105.92 1091.8 2196.52
      vertex -1102.8 1097.93 2203.48
      vertex -1102.8 1097.93 2196.52
    endloop
  endfacet
  facet normal -0.891206 0.453599 0
    outer loop
      vertex -1102.8 1097.93 2203.48
      vertex -1105.92 1091.8 2196.52
      vertex -1105.92 1091.8 2203.48
    endloop
  endfacet
  facet normal 0.0919551 0.58551 0.805433
    outer loop
      vertex -1085 1100.75 2215.75
      vertex -1085 1095.11 2219.85
      vertex -1081.88 1094.62 2219.85
    endloop
  endfacet
  facet normal 0.140582 -0.278295 0.950152
    outer loop
      vertex -1082.95 1082.18 2222
      vertex -1083.92 1081.69 2222
      vertex -1081.88 1075.38 2219.85
    endloop
  endfacet
  facet normal 0.453599 0.891206 -0
    outer loop
      vertex -1072.07 1102.8 2196.52
      vertex -1078.2 1105.92 2203.48
      vertex -1072.07 1102.8 2203.48
    endloop
  endfacet
  facet normal 0.453599 0.891206 0
    outer loop
      vertex -1078.2 1105.92 2203.48
      vertex -1072.07 1102.8 2196.52
      vertex -1078.2 1105.92 2196.52
    endloop
  endfacet
  facet normal 0.149383 0.940561 0.305008
    outer loop
      vertex -1085 1107 2203.48
      vertex -1085 1104.85 2210.11
      vertex -1078.2 1105.92 2203.48
    endloop
  endfacet
  facet normal 0.0483888 0.308108 0.95012
    outer loop
      vertex -1085 1095.11 2219.85
      vertex -1085 1088.48 2222
      vertex -1081.88 1094.62 2219.85
    endloop
  endfacet
  facet normal 0.0926054 0.585699 -0.805221
    outer loop
      vertex -1081.88 1094.62 2180.15
      vertex -1085 1100.75 2184.25
      vertex -1080.13 1099.98 2184.25
    endloop
  endfacet
  facet normal 0.369098 0.723367 -0.583529
    outer loop
      vertex -1075.74 1097.74 2184.25
      vertex -1080.13 1099.98 2184.25
      vertex -1073.33 1101.06 2189.89
    endloop
  endfacet
  facet normal 0.126856 0.802325 -0.583251
    outer loop
      vertex -1080.13 1099.98 2184.25
      vertex -1085 1100.75 2184.25
      vertex -1085 1104.85 2189.89
    endloop
  endfacet
  facet normal -0.0926054 0.585699 -0.805221
    outer loop
      vertex -1088.12 1094.62 2180.15
      vertex -1089.87 1099.98 2184.25
      vertex -1085 1100.75 2184.25
    endloop
  endfacet
  facet normal 0.527892 0.269562 -0.805398
    outer loop
      vertex -1075.38 1088.12 2180.15
      vertex -1076.82 1090.94 2180.15
      vertex -1072.26 1094.26 2184.25
    endloop
  endfacet
  facet normal -0.0483888 0.308108 -0.95012
    outer loop
      vertex -1085 1088.48 2178
      vertex -1088.12 1094.62 2180.15
      vertex -1085 1095.11 2180.15
    endloop
  endfacet
  facet normal 0.528051 0.269439 -0.805335
    outer loop
      vertex -1070.02 1089.87 2184.25
      vertex -1075.38 1088.12 2180.15
      vertex -1072.26 1094.26 2184.25
    endloop
  endfacet
  facet normal 0.723951 0.366778 -0.584268
    outer loop
      vertex -1070.57 1093.25 2185.71
      vertex -1072.26 1094.26 2184.25
      vertex -1070.3 1095.68 2187.57
    endloop
  endfacet
  facet normal 0.723996 0.368531 -0.583107
    outer loop
      vertex -1070 1090.01 2184.37
      vertex -1072.26 1094.26 2184.25
      vertex -1070.57 1093.25 2185.71
    endloop
  endfacet
  facet normal 0.737022 0.376066 -0.561581
    outer loop
      vertex -1072.26 1094.26 2184.25
      vertex -1070 1090.01 2184.37
      vertex -1070.02 1089.87 2184.25
    endloop
  endfacet
  facet normal 0.576117 -0.576117 -0.57981
    outer loop
      vertex -1070.14 1072.14 2189.89
      vertex -1072.14 1070.14 2189.89
      vertex -1070.52 1073.33 2188.33
    endloop
  endfacet
  facet normal 0.576117 -0.576117 -0.57981
    outer loop
      vertex -1073.33 1070.52 2188.33
      vertex -1070.52 1073.33 2188.33
      vertex -1072.14 1070.14 2189.89
    endloop
  endfacet
  facet normal 0.574049 -0.574049 -0.583898
    outer loop
      vertex -1072.26 1075.74 2184.25
      vertex -1070.52 1073.33 2188.33
      vertex -1073.33 1070.52 2188.33
    endloop
  endfacet
  facet normal 0.572351 -0.575566 -0.58407
    outer loop
      vertex -1070.52 1073.33 2188.33
      vertex -1072.26 1075.74 2184.25
      vertex -1070.3 1074.32 2187.57
    endloop
  endfacet
  facet normal 0.575566 -0.572351 -0.58407
    outer loop
      vertex -1075.74 1072.26 2184.25
      vertex -1073.33 1070.52 2188.33
      vertex -1074.32 1070.3 2187.57
    endloop
  endfacet
  facet normal 0.574049 -0.574049 -0.583898
    outer loop
      vertex -1073.33 1070.52 2188.33
      vertex -1075.74 1072.26 2184.25
      vertex -1072.26 1075.74 2184.25
    endloop
  endfacet
  facet normal 0.269562 -0.527892 -0.805398
    outer loop
      vertex -1075.74 1072.26 2184.25
      vertex -1081.88 1075.38 2180.15
      vertex -1079.06 1076.82 2180.15
    endloop
  endfacet
  facet normal 0.527892 -0.269562 -0.805398
    outer loop
      vertex -1072.26 1075.74 2184.25
      vertex -1076.82 1079.06 2180.15
      vertex -1075.38 1081.88 2180.15
    endloop
  endfacet
  facet normal -0.58551 0.0919551 -0.805433
    outer loop
      vertex -1095.11 1085 2180.15
      vertex -1100.75 1085 2184.25
      vertex -1094.62 1088.12 2180.15
    endloop
  endfacet
  facet normal -0.585699 0.0926054 -0.805221
    outer loop
      vertex -1094.62 1088.12 2180.15
      vertex -1100.75 1085 2184.25
      vertex -1099.98 1089.87 2184.25
    endloop
  endfacet
  facet normal -0.58551 -0.0919551 -0.805433
    outer loop
      vertex -1094.62 1081.88 2180.15
      vertex -1100.75 1085 2184.25
      vertex -1095.11 1085 2180.15
    endloop
  endfacet
  facet normal -0.308108 -0.0483888 -0.95012
    outer loop
      vertex -1094.62 1081.88 2180.15
      vertex -1095.11 1085 2180.15
      vertex -1088.48 1085 2178
    endloop
  endfacet
  facet normal -0.269562 0.527892 -0.805398
    outer loop
      vertex -1090.94 1093.18 2180.15
      vertex -1094.26 1097.74 2184.25
      vertex -1088.12 1094.62 2180.15
    endloop
  endfacet
  facet normal -0.0919551 0.58551 -0.805433
    outer loop
      vertex -1085 1095.11 2180.15
      vertex -1088.12 1094.62 2180.15
      vertex -1085 1100.75 2184.25
    endloop
  endfacet
  facet normal 0.278295 -0.140582 -0.950152
    outer loop
      vertex -1075.38 1081.88 2180.15
      vertex -1082.18 1082.95 2178
      vertex -1081.69 1083.92 2178
    endloop
  endfacet
  facet normal -0.278034 -0.141975 -0.950021
    outer loop
      vertex -1093.18 1079.06 2180.15
      vertex -1094.62 1081.88 2180.15
      vertex -1087.82 1082.95 2178
    endloop
  endfacet
  facet normal -0.848782 0.432007 -0.304858
    outer loop
      vertex -1101.06 1096.67 2189.89
      vertex -1105.92 1091.8 2196.52
      vertex -1102.8 1097.93 2196.52
    endloop
  endfacet
  facet normal -0.9408 0.14887 -0.304521
    outer loop
      vertex -1104.85 1085 2189.89
      vertex -1105.92 1091.8 2196.52
      vertex -1103.88 1091.13 2189.89
    endloop
  endfacet
  facet normal -0.723367 0.369098 0.583529
    outer loop
      vertex -1097.74 1094.26 2215.75
      vertex -1101.06 1096.67 2210.11
      vertex -1099.98 1089.87 2215.75
    endloop
  endfacet
  facet normal -0.528051 0.269439 0.805335
    outer loop
      vertex -1097.74 1094.26 2215.75
      vertex -1099.98 1089.87 2215.75
      vertex -1094.62 1088.12 2219.85
    endloop
  endfacet
  facet normal -0.585699 0.0926054 0.805221
    outer loop
      vertex -1099.98 1089.87 2215.75
      vertex -1100.75 1085 2215.75
      vertex -1094.62 1088.12 2219.85
    endloop
  endfacet
  facet normal -0.58551 0.0919551 0.805433
    outer loop
      vertex -1094.62 1088.12 2219.85
      vertex -1100.75 1085 2215.75
      vertex -1095.11 1085 2219.85
    endloop
  endfacet
  facet normal -0.891206 -0.453599 0
    outer loop
      vertex -1102.8 1072.07 2196.52
      vertex -1105.92 1078.2 2203.48
      vertex -1105.92 1078.2 2196.52
    endloop
  endfacet
  facet normal -0.891206 -0.453599 0
    outer loop
      vertex -1105.92 1078.2 2203.48
      vertex -1102.8 1072.07 2196.52
      vertex -1102.8 1072.07 2203.48
    endloop
  endfacet
  facet normal -0.376066 -0.737022 0.561581
    outer loop
      vertex -1094.26 1072.26 2215.75
      vertex -1090.01 1070 2215.63
      vertex -1089.87 1070.02 2215.75
    endloop
  endfacet
  facet normal -0.368531 -0.723996 0.583107
    outer loop
      vertex -1094.26 1072.26 2215.75
      vertex -1093.25 1070.57 2214.29
      vertex -1090.01 1070 2215.63
    endloop
  endfacet
  facet normal -0.366778 -0.723951 0.584268
    outer loop
      vertex -1093.25 1070.57 2214.29
      vertex -1094.26 1072.26 2215.75
      vertex -1095.68 1070.3 2212.43
    endloop
  endfacet
  facet normal 0.585079 -0.0971325 0.805138
    outer loop
      vertex -1074.89 1085 2219.85
      vertex -1070.27 1084.48 2216.43
      vertex -1070.28 1085 2216.5
    endloop
  endfacet
  facet normal 0.585746 -0.0919921 0.805257
    outer loop
      vertex -1070.27 1084.48 2216.43
      vertex -1074.89 1085 2219.85
      vertex -1075.38 1081.88 2219.85
    endloop
  endfacet
  facet normal 0.308108 -0.0483888 0.95012
    outer loop
      vertex -1074.89 1085 2219.85
      vertex -1081.52 1085 2222
      vertex -1075.38 1081.88 2219.85
    endloop
  endfacet
  facet normal -0.269439 -0.528051 0.805335
    outer loop
      vertex -1088.12 1075.38 2219.85
      vertex -1094.26 1072.26 2215.75
      vertex -1089.87 1070.02 2215.75
    endloop
  endfacet
  facet normal -0.100251 -0.751882 0.651631
    outer loop
      vertex -1089.72 1070 2215.75
      vertex -1089.87 1070.02 2215.75
      vertex -1089.83 1069.98 2215.71
    endloop
  endfacet
  facet normal -0.220809 -0.220809 0.949993
    outer loop
      vertex -1087.82 1082.95 2222
      vertex -1090.94 1076.82 2219.85
      vertex -1087.05 1082.18 2222
    endloop
  endfacet
  facet normal -0.220809 -0.220809 0.949993
    outer loop
      vertex -1090.94 1076.82 2219.85
      vertex -1087.82 1082.95 2222
      vertex -1093.18 1079.06 2219.85
    endloop
  endfacet
  facet normal 0.278034 -0.141975 0.950021
    outer loop
      vertex -1075.38 1081.88 2219.85
      vertex -1082.18 1082.95 2222
      vertex -1076.82 1079.06 2219.85
    endloop
  endfacet
  facet normal -0.419078 -0.419078 0.805448
    outer loop
      vertex -1093.18 1079.06 2219.85
      vertex -1094.26 1072.26 2215.75
      vertex -1090.94 1076.82 2219.85
    endloop
  endfacet
  facet normal -0.419078 -0.419078 0.805448
    outer loop
      vertex -1094.26 1072.26 2215.75
      vertex -1093.18 1079.06 2219.85
      vertex -1097.74 1075.74 2215.75
    endloop
  endfacet
  facet normal 0.196116 -0.784465 0.588348
    outer loop
      vertex -1080.13 1070.02 2215.75
      vertex -1080.17 1069.98 2215.71
      vertex -1080.12 1069.97 2215.68
    endloop
  endfacet
  facet normal 0.0824784 -0.618588 0.781374
    outer loop
      vertex -1080.13 1070.02 2215.75
      vertex -1080.73 1070.18 2215.94
      vertex -1080.28 1070 2215.75
    endloop
  endfacet
  facet normal 0.0994551 -0.58386 0.80574
    outer loop
      vertex -1081.88 1075.38 2219.85
      vertex -1080.73 1070.18 2215.94
      vertex -1080.13 1070.02 2215.75
    endloop
  endfacet
  facet normal 0.0912015 -0.585515 0.805515
    outer loop
      vertex -1080.73 1070.18 2215.94
      vertex -1081.88 1075.38 2219.85
      vertex -1084.48 1070.27 2216.43
    endloop
  endfacet
  facet normal 0.0919921 -0.585746 0.805257
    outer loop
      vertex -1085 1074.89 2219.85
      vertex -1084.48 1070.27 2216.43
      vertex -1081.88 1075.38 2219.85
    endloop
  endfacet
  facet normal 0.0971325 -0.585079 0.805138
    outer loop
      vertex -1084.48 1070.27 2216.43
      vertex -1085 1074.89 2219.85
      vertex -1085 1070.28 2216.5
    endloop
  endfacet
  facet normal 0.572351 -0.575566 0.58407
    outer loop
      vertex -1072.26 1075.74 2215.75
      vertex -1070.52 1073.33 2211.67
      vertex -1070.3 1074.32 2212.43
    endloop
  endfacet
  facet normal 0.574049 -0.574049 0.583898
    outer loop
      vertex -1070.52 1073.33 2211.67
      vertex -1072.26 1075.74 2215.75
      vertex -1073.33 1070.52 2211.67
    endloop
  endfacet
  facet normal 0.576117 -0.576117 0.57981
    outer loop
      vertex -1070.52 1073.33 2211.67
      vertex -1073.33 1070.52 2211.67
      vertex -1072.14 1070.14 2210.11
    endloop
  endfacet
  facet normal 0.574049 -0.574049 0.583898
    outer loop
      vertex -1075.74 1072.26 2215.75
      vertex -1073.33 1070.52 2211.67
      vertex -1072.26 1075.74 2215.75
    endloop
  endfacet
  facet normal 0.575566 -0.572351 0.58407
    outer loop
      vertex -1073.33 1070.52 2211.67
      vertex -1075.74 1072.26 2215.75
      vertex -1074.32 1070.3 2212.43
    endloop
  endfacet
  facet normal 0.576117 -0.576117 0.57981
    outer loop
      vertex -1070.14 1072.14 2210.11
      vertex -1070.52 1073.33 2211.67
      vertex -1072.14 1070.14 2210.11
    endloop
  endfacet
  facet normal -0.848782 -0.432007 -0.304858
    outer loop
      vertex -1102.8 1072.07 2196.52
      vertex -1105.92 1078.2 2196.52
      vertex -1101.06 1073.33 2189.89
    endloop
  endfacet
  facet normal -0.848775 -0.432048 -0.304822
    outer loop
      vertex -1101.06 1073.33 2189.89
      vertex -1105.92 1078.2 2196.52
      vertex -1103.88 1078.87 2189.89
    endloop
  endfacet
  facet normal -0.140582 0.278295 -0.950152
    outer loop
      vertex -1087.05 1087.82 2178
      vertex -1088.12 1094.62 2180.15
      vertex -1086.08 1088.31 2178
    endloop
  endfacet
  facet normal -0.0484909 0.30806 -0.95013
    outer loop
      vertex -1086.08 1088.31 2178
      vertex -1088.12 1094.62 2180.15
      vertex -1085 1088.48 2178
    endloop
  endfacet
  facet normal 0.141975 -0.278034 -0.950021
    outer loop
      vertex -1081.88 1075.38 2180.15
      vertex -1082.95 1082.18 2178
      vertex -1079.06 1076.82 2180.15
    endloop
  endfacet
  facet normal -0.278034 0.141975 -0.950021
    outer loop
      vertex -1087.82 1087.05 2178
      vertex -1094.62 1088.12 2180.15
      vertex -1093.18 1090.94 2180.15
    endloop
  endfacet
  facet normal -0.0971325 -0.585079 -0.805138
    outer loop
      vertex -1085.52 1070.27 2183.57
      vertex -1085 1074.89 2180.15
      vertex -1085 1070.28 2183.5
    endloop
  endfacet
  facet normal -0.0919921 -0.585746 -0.805257
    outer loop
      vertex -1085 1074.89 2180.15
      vertex -1085.52 1070.27 2183.57
      vertex -1088.12 1075.38 2180.15
    endloop
  endfacet
  facet normal 0.671932 0.674967 0.304838
    outer loop
      vertex -1070.56 1100.94 2204.27
      vertex -1072.07 1102.8 2203.48
      vertex -1073.33 1101.06 2210.11
    endloop
  endfacet
  facet normal 0.67477 0.67477 0.298949
    outer loop
      vertex -1072.07 1102.8 2203.48
      vertex -1070.56 1100.94 2204.27
      vertex -1070.31 1101.04 2203.48
    endloop
  endfacet
  facet normal 0.673997 0.672437 0.30587
    outer loop
      vertex -1073.33 1101.06 2210.11
      vertex -1070.72 1099.29 2208.25
      vertex -1070.56 1100.94 2204.27
    endloop
  endfacet
  facet normal 0.674137 0.672031 0.306454
    outer loop
      vertex -1070.72 1099.29 2208.25
      vertex -1073.33 1101.06 2210.11
      vertex -1070.14 1097.86 2210.11
    endloop
  endfacet
  facet normal -0.368562 0.724055 -0.583015
    outer loop
      vertex -1089.87 1099.98 2184.25
      vertex -1096.67 1101.06 2189.89
      vertex -1091.13 1103.88 2189.89
    endloop
  endfacet
  facet normal -0.432048 0.848775 -0.304822
    outer loop
      vertex -1091.13 1103.88 2189.89
      vertex -1096.67 1101.06 2189.89
      vertex -1091.8 1105.92 2196.52
    endloop
  endfacet
  facet normal -0.940561 0.149383 -0.305008
    outer loop
      vertex -1104.85 1085 2189.89
      vertex -1107 1085 2196.52
      vertex -1105.92 1091.8 2196.52
    endloop
  endfacet
  facet normal -0.987621 0.156857 0
    outer loop
      vertex -1107 1085 2196.52
      vertex -1105.92 1091.8 2203.48
      vertex -1105.92 1091.8 2196.52
    endloop
  endfacet
  facet normal -0.987621 0.156857 0
    outer loop
      vertex -1105.92 1091.8 2203.48
      vertex -1107 1085 2196.52
      vertex -1107 1085 2203.48
    endloop
  endfacet
  facet normal -0.673474 0.673474 0.304739
    outer loop
      vertex -1102.8 1097.93 2203.48
      vertex -1096.67 1101.06 2210.11
      vertex -1097.93 1102.8 2203.48
    endloop
  endfacet
  facet normal -0.673474 0.673474 0.304739
    outer loop
      vertex -1096.67 1101.06 2210.11
      vertex -1102.8 1097.93 2203.48
      vertex -1101.06 1096.67 2210.11
    endloop
  endfacet
  facet normal 0.269562 0.527892 0.805398
    outer loop
      vertex -1075.74 1097.74 2215.75
      vertex -1081.88 1094.62 2219.85
      vertex -1079.06 1093.18 2219.85
    endloop
  endfacet
  facet normal 0.126963 0.802356 0.583185
    outer loop
      vertex -1078.87 1103.88 2210.11
      vertex -1085 1104.85 2210.11
      vertex -1080.13 1099.98 2215.75
    endloop
  endfacet
  facet normal 0.126856 0.802325 0.583251
    outer loop
      vertex -1085 1104.85 2210.11
      vertex -1085 1100.75 2215.75
      vertex -1080.13 1099.98 2215.75
    endloop
  endfacet
  facet normal -0.141975 -0.278034 0.950021
    outer loop
      vertex -1087.05 1082.18 2222
      vertex -1090.94 1076.82 2219.85
      vertex -1088.12 1075.38 2219.85
    endloop
  endfacet
  facet normal -0.140582 -0.278295 0.950152
    outer loop
      vertex -1087.05 1082.18 2222
      vertex -1088.12 1075.38 2219.85
      vertex -1086.08 1081.69 2222
    endloop
  endfacet
  facet normal -0.156857 0.987621 0
    outer loop
      vertex -1085 1107 2196.52
      vertex -1091.8 1105.92 2203.48
      vertex -1085 1107 2203.48
    endloop
  endfacet
  facet normal -0.156857 0.987621 0
    outer loop
      vertex -1091.8 1105.92 2203.48
      vertex -1085 1107 2196.52
      vertex -1091.8 1105.92 2196.52
    endloop
  endfacet
  facet normal -0.269562 0.527892 0.805398
    outer loop
      vertex -1088.12 1094.62 2219.85
      vertex -1094.26 1097.74 2215.75
      vertex -1090.94 1093.18 2219.85
    endloop
  endfacet
  facet normal 0.585079 -0.0971325 -0.805138
    outer loop
      vertex -1070.27 1084.48 2183.57
      vertex -1074.89 1085 2180.15
      vertex -1070.28 1085 2183.5
    endloop
  endfacet
  facet normal 0.585746 -0.0919921 -0.805257
    outer loop
      vertex -1074.89 1085 2180.15
      vertex -1070.27 1084.48 2183.57
      vertex -1075.38 1081.88 2180.15
    endloop
  endfacet
  facet normal 0.308108 -0.0483888 -0.95012
    outer loop
      vertex -1075.38 1081.88 2180.15
      vertex -1081.52 1085 2178
      vertex -1074.89 1085 2180.15
    endloop
  endfacet
  facet normal -0.0483888 -0.308108 -0.95012
    outer loop
      vertex -1085 1074.89 2180.15
      vertex -1088.12 1075.38 2180.15
      vertex -1085 1081.52 2178
    endloop
  endfacet
  facet normal -0.0484909 -0.30806 -0.95013
    outer loop
      vertex -1085 1081.52 2178
      vertex -1088.12 1075.38 2180.15
      vertex -1086.08 1081.69 2178
    endloop
  endfacet
  facet normal 0.269439 0.528051 -0.805335
    outer loop
      vertex -1075.74 1097.74 2184.25
      vertex -1081.88 1094.62 2180.15
      vertex -1080.13 1099.98 2184.25
    endloop
  endfacet
  facet normal 0.269562 0.527892 -0.805398
    outer loop
      vertex -1079.06 1093.18 2180.15
      vertex -1081.88 1094.62 2180.15
      vertex -1075.74 1097.74 2184.25
    endloop
  endfacet
  facet normal 0.0484909 -0.30806 -0.95013
    outer loop
      vertex -1081.88 1075.38 2180.15
      vertex -1085 1081.52 2178
      vertex -1083.92 1081.69 2178
    endloop
  endfacet
  facet normal 0.140582 -0.278295 -0.950152
    outer loop
      vertex -1081.88 1075.38 2180.15
      vertex -1083.92 1081.69 2178
      vertex -1082.95 1082.18 2178
    endloop
  endfacet
  facet normal -0.419078 0.419078 -0.805448
    outer loop
      vertex -1093.18 1090.94 2180.15
      vertex -1094.26 1097.74 2184.25
      vertex -1090.94 1093.18 2180.15
    endloop
  endfacet
  facet normal -0.419078 0.419078 -0.805448
    outer loop
      vertex -1094.26 1097.74 2184.25
      vertex -1093.18 1090.94 2180.15
      vertex -1097.74 1094.26 2184.25
    endloop
  endfacet
  facet normal 0.278034 0.141975 -0.950021
    outer loop
      vertex -1075.38 1088.12 2180.15
      vertex -1082.18 1087.05 2178
      vertex -1076.82 1090.94 2180.15
    endloop
  endfacet
  facet normal -0.574279 0.574279 0.583443
    outer loop
      vertex -1096.67 1101.06 2210.11
      vertex -1097.74 1094.26 2215.75
      vertex -1094.26 1097.74 2215.75
    endloop
  endfacet
  facet normal -0.574279 0.574279 0.583443
    outer loop
      vertex -1097.74 1094.26 2215.75
      vertex -1096.67 1101.06 2210.11
      vertex -1101.06 1096.67 2210.11
    endloop
  endfacet
  facet normal -0.278034 0.141975 0.950021
    outer loop
      vertex -1093.18 1090.94 2219.85
      vertex -1094.62 1088.12 2219.85
      vertex -1087.82 1087.05 2222
    endloop
  endfacet
  facet normal -0.575566 -0.572351 -0.58407
    outer loop
      vertex -1096.67 1070.52 2188.33
      vertex -1094.26 1072.26 2184.25
      vertex -1095.68 1070.3 2187.57
    endloop
  endfacet
  facet normal -0.574049 -0.574049 -0.583898
    outer loop
      vertex -1096.67 1070.52 2188.33
      vertex -1097.74 1075.74 2184.25
      vertex -1094.26 1072.26 2184.25
    endloop
  endfacet
  facet normal -0.578592 -0.572589 -0.580839
    outer loop
      vertex -1097.86 1070.14 2189.89
      vertex -1097.74 1075.74 2184.25
      vertex -1096.67 1070.52 2188.33
    endloop
  endfacet
  facet normal -0.573429 -0.575226 -0.583347
    outer loop
      vertex -1097.74 1075.74 2184.25
      vertex -1097.86 1070.14 2189.89
      vertex -1101.06 1073.33 2189.89
    endloop
  endfacet
  facet normal -0.723367 -0.369098 -0.583529
    outer loop
      vertex -1097.74 1075.74 2184.25
      vertex -1101.06 1073.33 2189.89
      vertex -1099.98 1080.13 2184.25
    endloop
  endfacet
  facet normal -0.278295 0.140582 -0.950152
    outer loop
      vertex -1088.31 1086.08 2178
      vertex -1094.62 1088.12 2180.15
      vertex -1087.82 1087.05 2178
    endloop
  endfacet
  facet normal -0.141975 -0.278034 -0.950021
    outer loop
      vertex -1088.12 1075.38 2180.15
      vertex -1090.94 1076.82 2180.15
      vertex -1087.05 1082.18 2178
    endloop
  endfacet
  facet normal -0.140582 -0.278295 -0.950152
    outer loop
      vertex -1086.08 1081.69 2178
      vertex -1088.12 1075.38 2180.15
      vertex -1087.05 1082.18 2178
    endloop
  endfacet
  facet normal -0.278295 -0.140582 -0.950152
    outer loop
      vertex -1087.82 1082.95 2178
      vertex -1094.62 1081.88 2180.15
      vertex -1088.31 1083.92 2178
    endloop
  endfacet
  facet normal 0.220809 -0.220809 -0.949993
    outer loop
      vertex -1079.06 1076.82 2180.15
      vertex -1082.18 1082.95 2178
      vertex -1076.82 1079.06 2180.15
    endloop
  endfacet
  facet normal 0.220809 -0.220809 -0.949993
    outer loop
      vertex -1082.18 1082.95 2178
      vertex -1079.06 1076.82 2180.15
      vertex -1082.95 1082.18 2178
    endloop
  endfacet
  facet normal -0.30806 -0.0484909 -0.95013
    outer loop
      vertex -1088.31 1083.92 2178
      vertex -1094.62 1081.88 2180.15
      vertex -1088.48 1085 2178
    endloop
  endfacet
  facet normal 0.0484909 0.30806 -0.95013
    outer loop
      vertex -1083.92 1088.31 2178
      vertex -1085 1088.48 2178
      vertex -1081.88 1094.62 2180.15
    endloop
  endfacet
  facet normal 0.140582 0.278295 -0.950152
    outer loop
      vertex -1082.95 1087.82 2178
      vertex -1083.92 1088.31 2178
      vertex -1081.88 1094.62 2180.15
    endloop
  endfacet
  facet normal -0.269562 -0.527892 -0.805398
    outer loop
      vertex -1088.12 1075.38 2180.15
      vertex -1094.26 1072.26 2184.25
      vertex -1090.94 1076.82 2180.15
    endloop
  endfacet
  facet normal 0.723328 0.386896 0.571934
    outer loop
      vertex -1070 1090.01 2215.63
      vertex -1070.02 1089.87 2215.75
      vertex -1069.97 1089.88 2215.68
    endloop
  endfacet
  facet normal -0.848775 0.432048 -0.304822
    outer loop
      vertex -1103.88 1091.13 2189.89
      vertex -1105.92 1091.8 2196.52
      vertex -1101.06 1096.67 2189.89
    endloop
  endfacet
  facet normal -0.724055 0.368562 -0.583015
    outer loop
      vertex -1099.98 1089.87 2184.25
      vertex -1103.88 1091.13 2189.89
      vertex -1101.06 1096.67 2189.89
    endloop
  endfacet
  facet normal 0 0 1
    outer loop
      vertex -1081.69 1086.08 2222
      vertex -1081.69 1083.92 2222
      vertex -1081.52 1085 2222
    endloop
  endfacet
  facet normal 0 0 1
    outer loop
      vertex -1082.18 1087.05 2222
      vertex -1081.69 1083.92 2222
      vertex -1081.69 1086.08 2222
    endloop
  endfacet
  facet normal 0 0 1
    outer loop
      vertex -1082.18 1087.05 2222
      vertex -1082.18 1082.95 2222
      vertex -1081.69 1083.92 2222
    endloop
  endfacet
  facet normal 0 0 1
    outer loop
      vertex -1082.95 1087.82 2222
      vertex -1082.18 1082.95 2222
      vertex -1082.18 1087.05 2222
    endloop
  endfacet
  facet normal 0 0 1
    outer loop
      vertex -1082.95 1087.82 2222
      vertex -1082.95 1082.18 2222
      vertex -1082.18 1082.95 2222
    endloop
  endfacet
  facet normal 0 0 1
    outer loop
      vertex -1083.92 1088.31 2222
      vertex -1082.95 1082.18 2222
      vertex -1082.95 1087.82 2222
    endloop
  endfacet
  facet normal 0 0 1
    outer loop
      vertex -1083.92 1088.31 2222
      vertex -1083.92 1081.69 2222
      vertex -1082.95 1082.18 2222
    endloop
  endfacet
  facet normal 0 0 1
    outer loop
      vertex -1085 1088.48 2222
      vertex -1083.92 1081.69 2222
      vertex -1083.92 1088.31 2222
    endloop
  endfacet
  facet normal 0 0 1
    outer loop
      vertex -1085 1088.48 2222
      vertex -1085 1081.52 2222
      vertex -1083.92 1081.69 2222
    endloop
  endfacet
  facet normal -0 0 1
    outer loop
      vertex -1086.08 1088.31 2222
      vertex -1085 1081.52 2222
      vertex -1085 1088.48 2222
    endloop
  endfacet
  facet normal 0 0 1
    outer loop
      vertex -1086.08 1088.31 2222
      vertex -1086.08 1081.69 2222
      vertex -1085 1081.52 2222
    endloop
  endfacet
  facet normal -0 0 1
    outer loop
      vertex -1087.05 1087.82 2222
      vertex -1086.08 1081.69 2222
      vertex -1086.08 1088.31 2222
    endloop
  endfacet
  facet normal 0 0 1
    outer loop
      vertex -1087.05 1087.82 2222
      vertex -1087.05 1082.18 2222
      vertex -1086.08 1081.69 2222
    endloop
  endfacet
  facet normal -0 0 1
    outer loop
      vertex -1087.82 1087.05 2222
      vertex -1087.05 1082.18 2222
      vertex -1087.05 1087.82 2222
    endloop
  endfacet
  facet normal 0 0 1
    outer loop
      vertex -1087.82 1087.05 2222
      vertex -1087.82 1082.95 2222
      vertex -1087.05 1082.18 2222
    endloop
  endfacet
  facet normal -0 0 1
    outer loop
      vertex -1088.31 1086.08 2222
      vertex -1087.82 1082.95 2222
      vertex -1087.82 1087.05 2222
    endloop
  endfacet
  facet normal 0 0 1
    outer loop
      vertex -1088.31 1086.08 2222
      vertex -1088.31 1083.92 2222
      vertex -1087.82 1082.95 2222
    endloop
  endfacet
  facet normal 0 -0 1
    outer loop
      vertex -1088.31 1083.92 2222
      vertex -1088.31 1086.08 2222
      vertex -1088.48 1085 2222
    endloop
  endfacet
  facet normal 0.149383 0.940561 -0.305008
    outer loop
      vertex -1078.2 1105.92 2196.52
      vertex -1085 1104.85 2189.89
      vertex -1085 1107 2196.52
    endloop
  endfacet
  facet normal -0.149383 0.940561 -0.305008
    outer loop
      vertex -1085 1104.85 2189.89
      vertex -1091.8 1105.92 2196.52
      vertex -1085 1107 2196.52
    endloop
  endfacet
  facet normal 0.140582 0.278295 0.950152
    outer loop
      vertex -1081.88 1094.62 2219.85
      vertex -1083.92 1088.31 2222
      vertex -1082.95 1087.82 2222
    endloop
  endfacet
  facet normal -0.278295 0.140582 0.950152
    outer loop
      vertex -1087.82 1087.05 2222
      vertex -1094.62 1088.12 2219.85
      vertex -1088.31 1086.08 2222
    endloop
  endfacet
  facet normal -0.220809 -0.220809 -0.949993
    outer loop
      vertex -1090.94 1076.82 2180.15
      vertex -1087.82 1082.95 2178
      vertex -1087.05 1082.18 2178
    endloop
  endfacet
  facet normal -0.220809 -0.220809 -0.949993
    outer loop
      vertex -1087.82 1082.95 2178
      vertex -1090.94 1076.82 2180.15
      vertex -1093.18 1079.06 2180.15
    endloop
  endfacet
  facet normal 0.0919551 0.58551 -0.805433
    outer loop
      vertex -1081.88 1094.62 2180.15
      vertex -1085 1095.11 2180.15
      vertex -1085 1100.75 2184.25
    endloop
  endfacet
  facet normal 0.0483888 0.308108 -0.95012
    outer loop
      vertex -1081.88 1094.62 2180.15
      vertex -1085 1088.48 2178
      vertex -1085 1095.11 2180.15
    endloop
  endfacet
  facet normal 0.278295 0.140582 -0.950152
    outer loop
      vertex -1081.69 1086.08 2178
      vertex -1082.18 1087.05 2178
      vertex -1075.38 1088.12 2180.15
    endloop
  endfacet
  facet normal 0.30806 0.0484909 -0.95013
    outer loop
      vertex -1081.52 1085 2178
      vertex -1081.69 1086.08 2178
      vertex -1075.38 1088.12 2180.15
    endloop
  endfacet
  facet normal -0.220809 0.220809 0.949993
    outer loop
      vertex -1090.94 1093.18 2219.85
      vertex -1087.82 1087.05 2222
      vertex -1087.05 1087.82 2222
    endloop
  endfacet
  facet normal -0.220809 0.220809 0.949993
    outer loop
      vertex -1087.82 1087.05 2222
      vertex -1090.94 1093.18 2219.85
      vertex -1093.18 1090.94 2219.85
    endloop
  endfacet
  facet normal 0.527892 -0.269562 0.805398
    outer loop
      vertex -1075.38 1081.88 2219.85
      vertex -1076.82 1079.06 2219.85
      vertex -1072.26 1075.74 2215.75
    endloop
  endfacet
  facet normal 0 0 -1
    outer loop
      vertex -1081.69 1083.92 2178
      vertex -1081.69 1086.08 2178
      vertex -1081.52 1085 2178
    endloop
  endfacet
  facet normal 0 0 -1
    outer loop
      vertex -1082.18 1082.95 2178
      vertex -1081.69 1086.08 2178
      vertex -1081.69 1083.92 2178
    endloop
  endfacet
  facet normal 0 0 -1
    outer loop
      vertex -1082.18 1082.95 2178
      vertex -1082.18 1087.05 2178
      vertex -1081.69 1086.08 2178
    endloop
  endfacet
  facet normal 0 0 -1
    outer loop
      vertex -1082.95 1082.18 2178
      vertex -1082.18 1087.05 2178
      vertex -1082.18 1082.95 2178
    endloop
  endfacet
  facet normal 0 0 -1
    outer loop
      vertex -1082.95 1082.18 2178
      vertex -1082.95 1087.82 2178
      vertex -1082.18 1087.05 2178
    endloop
  endfacet
  facet normal 0 0 -1
    outer loop
      vertex -1083.92 1081.69 2178
      vertex -1082.95 1087.82 2178
      vertex -1082.95 1082.18 2178
    endloop
  endfacet
  facet normal 0 0 -1
    outer loop
      vertex -1083.92 1081.69 2178
      vertex -1083.92 1088.31 2178
      vertex -1082.95 1087.82 2178
    endloop
  endfacet
  facet normal 0 0 -1
    outer loop
      vertex -1085 1081.52 2178
      vertex -1083.92 1088.31 2178
      vertex -1083.92 1081.69 2178
    endloop
  endfacet
  facet normal 0 0 -1
    outer loop
      vertex -1085 1081.52 2178
      vertex -1085 1088.48 2178
      vertex -1083.92 1088.31 2178
    endloop
  endfacet
  facet normal 0 0 -1
    outer loop
      vertex -1086.08 1081.69 2178
      vertex -1085 1088.48 2178
      vertex -1085 1081.52 2178
    endloop
  endfacet
  facet normal 0 0 -1
    outer loop
      vertex -1086.08 1081.69 2178
      vertex -1086.08 1088.31 2178
      vertex -1085 1088.48 2178
    endloop
  endfacet
  facet normal 0 0 -1
    outer loop
      vertex -1087.05 1082.18 2178
      vertex -1086.08 1088.31 2178
      vertex -1086.08 1081.69 2178
    endloop
  endfacet
  facet normal 0 0 -1
    outer loop
      vertex -1087.05 1082.18 2178
      vertex -1087.05 1087.82 2178
      vertex -1086.08 1088.31 2178
    endloop
  endfacet
  facet normal 0 0 -1
    outer loop
      vertex -1087.82 1082.95 2178
      vertex -1087.05 1087.82 2178
      vertex -1087.05 1082.18 2178
    endloop
  endfacet
  facet normal 0 0 -1
    outer loop
      vertex -1087.82 1082.95 2178
      vertex -1087.82 1087.05 2178
      vertex -1087.05 1087.82 2178
    endloop
  endfacet
  facet normal 0 0 -1
    outer loop
      vertex -1088.31 1083.92 2178
      vertex -1087.82 1087.05 2178
      vertex -1087.82 1082.95 2178
    endloop
  endfacet
  facet normal 0 0 -1
    outer loop
      vertex -1088.31 1083.92 2178
      vertex -1088.31 1086.08 2178
      vertex -1087.82 1087.05 2178
    endloop
  endfacet
  facet normal 0 -0 -1
    outer loop
      vertex -1088.31 1086.08 2178
      vertex -1088.31 1083.92 2178
      vertex -1088.48 1085 2178
    endloop
  endfacet
  facet normal 0.220809 -0.220809 0.949993
    outer loop
      vertex -1082.18 1082.95 2222
      vertex -1079.06 1076.82 2219.85
      vertex -1076.82 1079.06 2219.85
    endloop
  endfacet
  facet normal 0.220809 -0.220809 0.949993
    outer loop
      vertex -1079.06 1076.82 2219.85
      vertex -1082.18 1082.95 2222
      vertex -1082.95 1082.18 2222
    endloop
  endfacet
  facet normal -0.0484909 0.30806 0.95013
    outer loop
      vertex -1085 1088.48 2222
      vertex -1088.12 1094.62 2219.85
      vertex -1086.08 1088.31 2222
    endloop
  endfacet
  facet normal 0.278295 -0.140582 0.950152
    outer loop
      vertex -1081.69 1083.92 2222
      vertex -1082.18 1082.95 2222
      vertex -1075.38 1081.88 2219.85
    endloop
  endfacet
  facet normal -0.278295 -0.140582 0.950152
    outer loop
      vertex 1081.69 -1086.08 2222
      vertex 1075.38 -1088.12 2219.85
      vertex 1082.18 -1087.05 2222
    endloop
  endfacet
  facet normal -0.751882 -0.100251 -0.651631
    outer loop
      vertex 1070.02 -1089.87 2184.25
      vertex 1069.98 -1089.83 2184.29
      vertex 1070 -1089.72 2184.25
    endloop
  endfacet
  facet normal 0.58551 0.0919551 0.805433
    outer loop
      vertex 1100.75 -1085 2215.75
      vertex 1094.62 -1081.88 2219.85
      vertex 1095.11 -1085 2219.85
    endloop
  endfacet
  facet normal -0.0971325 0.585079 0.805138
    outer loop
      vertex 1084.48 -1070.27 2216.43
      vertex 1085 -1074.89 2219.85
      vertex 1085 -1070.28 2216.5
    endloop
  endfacet
  facet normal -0.0919921 0.585746 0.805257
    outer loop
      vertex 1085 -1074.89 2219.85
      vertex 1084.48 -1070.27 2216.43
      vertex 1081.88 -1075.38 2219.85
    endloop
  endfacet
  facet normal 0.308108 -0.0483888 0.95012
    outer loop
      vertex 1095.11 -1085 2219.85
      vertex 1088.48 -1085 2222
      vertex 1094.62 -1088.12 2219.85
    endloop
  endfacet
  facet normal 0.140582 0.278295 0.950152
    outer loop
      vertex 1088.12 -1075.38 2219.85
      vertex 1086.08 -1081.69 2222
      vertex 1087.05 -1082.18 2222
    endloop
  endfacet
  facet normal 0.369098 -0.723367 -0.583529
    outer loop
      vertex 1096.67 -1101.06 2189.89
      vertex 1089.87 -1099.98 2184.25
      vertex 1094.26 -1097.74 2184.25
    endloop
  endfacet
  facet normal 0.940561 -0.149383 0.305008
    outer loop
      vertex 1107 -1085 2203.48
      vertex 1104.85 -1085 2210.11
      vertex 1105.92 -1091.8 2203.48
    endloop
  endfacet
  facet normal 0.940561 0.149383 0.305008
    outer loop
      vertex 1105.92 -1078.2 2203.48
      vertex 1104.85 -1085 2210.11
      vertex 1107 -1085 2203.48
    endloop
  endfacet
  facet normal 0.149383 -0.940561 0.305008
    outer loop
      vertex 1085 -1104.85 2210.11
      vertex 1085 -1107 2203.48
      vertex 1091.8 -1105.92 2203.48
    endloop
  endfacet
  facet normal -0.30806 0.0484909 -0.95013
    outer loop
      vertex 1081.52 -1085 2178
      vertex 1075.38 -1081.88 2180.15
      vertex 1081.69 -1083.92 2178
    endloop
  endfacet
  facet normal 0.675027 0.670968 -0.306822
    outer loop
      vertex 1100.94 -1070.56 2195.73
      vertex 1102.8 -1072.07 2196.52
      vertex 1099.29 -1070.72 2191.75
    endloop
  endfacet
  facet normal 0.67477 0.67477 -0.298949
    outer loop
      vertex 1102.8 -1072.07 2196.52
      vertex 1100.94 -1070.56 2195.73
      vertex 1101.04 -1070.31 2196.52
    endloop
  endfacet
  facet normal 0.672031 0.674137 -0.306454
    outer loop
      vertex 1099.29 -1070.72 2191.75
      vertex 1101.06 -1073.33 2189.89
      vertex 1097.86 -1070.14 2189.89
    endloop
  endfacet
  facet normal 0.673234 0.67372 -0.304723
    outer loop
      vertex 1101.06 -1073.33 2189.89
      vertex 1099.29 -1070.72 2191.75
      vertex 1102.8 -1072.07 2196.52
    endloop
  endfacet
  facet normal 0.0483888 0.308108 0.95012
    outer loop
      vertex 1085 -1074.89 2219.85
      vertex 1085 -1081.52 2222
      vertex 1088.12 -1075.38 2219.85
    endloop
  endfacet
  facet normal 0.848782 -0.432007 0.304858
    outer loop
      vertex 1105.92 -1091.8 2203.48
      vertex 1101.06 -1096.67 2210.11
      vertex 1102.8 -1097.93 2203.48
    endloop
  endfacet
  facet normal -0.784465 -0.196116 0.588348
    outer loop
      vertex 1069.98 -1089.83 2215.71
      vertex 1069.97 -1089.88 2215.68
      vertex 1070.02 -1089.87 2215.75
    endloop
  endfacet
  facet normal -0.0484909 0.30806 0.95013
    outer loop
      vertex 1085 -1081.52 2222
      vertex 1081.88 -1075.38 2219.85
      vertex 1083.92 -1081.69 2222
    endloop
  endfacet
  facet normal -0.585515 -0.0912015 0.805515
    outer loop
      vertex 1070.18 -1089.27 2215.94
      vertex 1075.38 -1088.12 2219.85
      vertex 1070.27 -1085.52 2216.43
    endloop
  endfacet
  facet normal -0.58386 -0.0994551 0.80574
    outer loop
      vertex 1070.18 -1089.27 2215.94
      vertex 1070.02 -1089.87 2215.75
      vertex 1075.38 -1088.12 2219.85
    endloop
  endfacet
  facet normal -0.618588 -0.0824784 0.781374
    outer loop
      vertex 1070.02 -1089.87 2215.75
      vertex 1070.18 -1089.27 2215.94
      vertex 1070 -1089.72 2215.75
    endloop
  endfacet
  facet normal 0.9408 0.14887 0.304521
    outer loop
      vertex 1105.92 -1078.2 2203.48
      vertex 1103.88 -1078.87 2210.11
      vertex 1104.85 -1085 2210.11
    endloop
  endfacet
  facet normal 0.368562 -0.724055 0.583015
    outer loop
      vertex 1096.67 -1101.06 2210.11
      vertex 1089.87 -1099.98 2215.75
      vertex 1091.13 -1103.88 2210.11
    endloop
  endfacet
  facet normal -0.308108 0.0483888 0.95012
    outer loop
      vertex 1075.38 -1081.88 2219.85
      vertex 1074.89 -1085 2219.85
      vertex 1081.52 -1085 2222
    endloop
  endfacet
  facet normal 0.278295 0.140582 0.950152
    outer loop
      vertex 1094.62 -1081.88 2219.85
      vertex 1087.82 -1082.95 2222
      vertex 1088.31 -1083.92 2222
    endloop
  endfacet
  facet normal 0.891206 0.453599 0
    outer loop
      vertex 1105.92 -1078.2 2203.48
      vertex 1102.8 -1072.07 2196.52
      vertex 1102.8 -1072.07 2203.48
    endloop
  endfacet
  facet normal 0.891206 0.453599 0
    outer loop
      vertex 1102.8 -1072.07 2196.52
      vertex 1105.92 -1078.2 2203.48
      vertex 1105.92 -1078.2 2196.52
    endloop
  endfacet
  facet normal 0.802325 -0.126856 0.583251
    outer loop
      vertex 1100.75 -1085 2215.75
      vertex 1099.98 -1089.87 2215.75
      vertex 1104.85 -1085 2210.11
    endloop
  endfacet
  facet normal -0.572351 -0.575566 0.58407
    outer loop
      vertex 1072.26 -1094.26 2215.75
      vertex 1070.3 -1095.68 2212.43
      vertex 1070.52 -1096.67 2211.67
    endloop
  endfacet
  facet normal -0.574049 -0.574049 0.583898
    outer loop
      vertex 1070.52 -1096.67 2211.67
      vertex 1075.74 -1097.74 2215.75
      vertex 1072.26 -1094.26 2215.75
    endloop
  endfacet
  facet normal -0.572589 -0.578592 0.580839
    outer loop
      vertex 1070.14 -1097.86 2210.11
      vertex 1075.74 -1097.74 2215.75
      vertex 1070.52 -1096.67 2211.67
    endloop
  endfacet
  facet normal -0.575226 -0.573429 0.583347
    outer loop
      vertex 1075.74 -1097.74 2215.75
      vertex 1070.14 -1097.86 2210.11
      vertex 1073.33 -1101.06 2210.11
    endloop
  endfacet
  facet normal -0.737022 -0.376066 -0.561581
    outer loop
      vertex 1072.26 -1094.26 2184.25
      vertex 1070 -1090.01 2184.37
      vertex 1070.02 -1089.87 2184.25
    endloop
  endfacet
  facet normal -0.723996 -0.368531 -0.583107
    outer loop
      vertex 1070 -1090.01 2184.37
      vertex 1072.26 -1094.26 2184.25
      vertex 1070.57 -1093.25 2185.71
    endloop
  endfacet
  facet normal -0.723951 -0.366778 -0.584268
    outer loop
      vertex 1070.57 -1093.25 2185.71
      vertex 1072.26 -1094.26 2184.25
      vertex 1070.3 -1095.68 2187.57
    endloop
  endfacet
  facet normal -0.784465 0.196116 0.588348
    outer loop
      vertex 1070.02 -1080.13 2215.75
      vertex 1069.97 -1080.12 2215.68
      vertex 1069.98 -1080.17 2215.71
    endloop
  endfacet
  facet normal 0.574279 -0.574279 0.583443
    outer loop
      vertex 1097.74 -1094.26 2215.75
      vertex 1096.67 -1101.06 2210.11
      vertex 1101.06 -1096.67 2210.11
    endloop
  endfacet
  facet normal 0.574279 -0.574279 0.583443
    outer loop
      vertex 1096.67 -1101.06 2210.11
      vertex 1097.74 -1094.26 2215.75
      vertex 1094.26 -1097.74 2215.75
    endloop
  endfacet
  facet normal -0.126963 -0.802356 0.583185
    outer loop
      vertex 1080.13 -1099.98 2215.75
      vertex 1078.87 -1103.88 2210.11
      vertex 1085 -1104.85 2210.11
    endloop
  endfacet
  facet normal 0.802325 -0.126856 -0.583251
    outer loop
      vertex 1104.85 -1085 2189.89
      vertex 1099.98 -1089.87 2184.25
      vertex 1100.75 -1085 2184.25
    endloop
  endfacet
  facet normal 0.9408 -0.14887 0.304521
    outer loop
      vertex 1104.85 -1085 2210.11
      vertex 1103.88 -1091.13 2210.11
      vertex 1105.92 -1091.8 2203.48
    endloop
  endfacet
  facet normal 0.987621 -0.156857 0
    outer loop
      vertex 1105.92 -1091.8 2203.48
      vertex 1107 -1085 2196.52
      vertex 1107 -1085 2203.48
    endloop
  endfacet
  facet normal 0.987621 -0.156857 0
    outer loop
      vertex 1107 -1085 2196.52
      vertex 1105.92 -1091.8 2203.48
      vertex 1105.92 -1091.8 2196.52
    endloop
  endfacet
  facet normal 0.585699 -0.0926054 -0.805221
    outer loop
      vertex 1099.98 -1089.87 2184.25
      vertex 1094.62 -1088.12 2180.15
      vertex 1100.75 -1085 2184.25
    endloop
  endfacet
  facet normal 0.0824784 0.618588 -0.781374
    outer loop
      vertex 1089.87 -1070.02 2184.25
      vertex 1089.27 -1070.18 2184.06
      vertex 1089.72 -1070 2184.25
    endloop
  endfacet
  facet normal 0.0994551 0.58386 -0.80574
    outer loop
      vertex 1088.12 -1075.38 2180.15
      vertex 1089.27 -1070.18 2184.06
      vertex 1089.87 -1070.02 2184.25
    endloop
  endfacet
  facet normal 0.0912015 0.585515 -0.805515
    outer loop
      vertex 1089.27 -1070.18 2184.06
      vertex 1088.12 -1075.38 2180.15
      vertex 1085.52 -1070.27 2183.57
    endloop
  endfacet
  facet normal 0.848775 0.432048 -0.304822
    outer loop
      vertex 1103.88 -1078.87 2189.89
      vertex 1101.06 -1073.33 2189.89
      vertex 1105.92 -1078.2 2196.52
    endloop
  endfacet
  facet normal 0.527892 0.269562 -0.805398
    outer loop
      vertex 1094.62 -1081.88 2180.15
      vertex 1093.18 -1079.06 2180.15
      vertex 1097.74 -1075.74 2184.25
    endloop
  endfacet
  facet normal 0.585699 0.0926054 0.805221
    outer loop
      vertex 1099.98 -1080.13 2215.75
      vertex 1094.62 -1081.88 2219.85
      vertex 1100.75 -1085 2215.75
    endloop
  endfacet
  facet normal 0.528051 0.269439 0.805335
    outer loop
      vertex 1097.74 -1075.74 2215.75
      vertex 1094.62 -1081.88 2219.85
      vertex 1099.98 -1080.13 2215.75
    endloop
  endfacet
  facet normal 0.386896 0.723328 -0.571934
    outer loop
      vertex 1090.01 -1070 2184.37
      vertex 1089.87 -1070.02 2184.25
      vertex 1089.88 -1069.97 2184.32
    endloop
  endfacet
  facet normal -0.528051 0.269439 0.805335
    outer loop
      vertex 1072.26 -1075.74 2215.75
      vertex 1070.02 -1080.13 2215.75
      vertex 1075.38 -1081.88 2219.85
    endloop
  endfacet
  facet normal -0.149383 -0.940561 -0.305008
    outer loop
      vertex 1085 -1107 2196.52
      vertex 1078.2 -1105.92 2196.52
      vertex 1085 -1104.85 2189.89
    endloop
  endfacet
  facet normal -0.751882 -0.100251 0.651631
    outer loop
      vertex 1070 -1089.72 2215.75
      vertex 1069.98 -1089.83 2215.71
      vertex 1070.02 -1089.87 2215.75
    endloop
  endfacet
  facet normal -0.419078 0.419078 -0.805448
    outer loop
      vertex 1076.82 -1079.06 2180.15
      vertex 1075.74 -1072.26 2184.25
      vertex 1079.06 -1076.82 2180.15
    endloop
  endfacet
  facet normal -0.419078 0.419078 -0.805448
    outer loop
      vertex 1075.74 -1072.26 2184.25
      vertex 1076.82 -1079.06 2180.15
      vertex 1072.26 -1075.74 2184.25
    endloop
  endfacet
  facet normal 0.58551 0.0919551 -0.805433
    outer loop
      vertex 1095.11 -1085 2180.15
      vertex 1094.62 -1081.88 2180.15
      vertex 1100.75 -1085 2184.25
    endloop
  endfacet
  facet normal 0.30806 -0.0484909 0.95013
    outer loop
      vertex 1088.48 -1085 2222
      vertex 1088.31 -1086.08 2222
      vertex 1094.62 -1088.12 2219.85
    endloop
  endfacet
  facet normal -0.0919551 -0.58551 0.805433
    outer loop
      vertex 1085 -1095.11 2219.85
      vertex 1081.88 -1094.62 2219.85
      vertex 1085 -1100.75 2215.75
    endloop
  endfacet
  facet normal -0.432007 -0.848782 -0.304858
    outer loop
      vertex 1078.2 -1105.92 2196.52
      vertex 1072.07 -1102.8 2196.52
      vertex 1073.33 -1101.06 2189.89
    endloop
  endfacet
  facet normal -0.126856 -0.802325 0.583251
    outer loop
      vertex 1085 -1100.75 2215.75
      vertex 1080.13 -1099.98 2215.75
      vertex 1085 -1104.85 2210.11
    endloop
  endfacet
  facet normal 0.573429 0.575226 -0.583347
    outer loop
      vertex 1097.74 -1075.74 2184.25
      vertex 1097.86 -1070.14 2189.89
      vertex 1101.06 -1073.33 2189.89
    endloop
  endfacet
  facet normal 0.578592 0.572589 -0.580839
    outer loop
      vertex 1097.74 -1075.74 2184.25
      vertex 1096.67 -1070.52 2188.33
      vertex 1097.86 -1070.14 2189.89
    endloop
  endfacet
  facet normal 0.574049 0.574049 -0.583898
    outer loop
      vertex 1094.26 -1072.26 2184.25
      vertex 1096.67 -1070.52 2188.33
      vertex 1097.74 -1075.74 2184.25
    endloop
  endfacet
  facet normal 0.575566 0.572351 -0.58407
    outer loop
      vertex 1096.67 -1070.52 2188.33
      vertex 1094.26 -1072.26 2184.25
      vertex 1095.68 -1070.3 2187.57
    endloop
  endfacet
  facet normal 0.220809 0.220809 -0.949993
    outer loop
      vertex 1087.82 -1082.95 2178
      vertex 1090.94 -1076.82 2180.15
      vertex 1093.18 -1079.06 2180.15
    endloop
  endfacet
  facet normal 0.220809 0.220809 -0.949993
    outer loop
      vertex 1090.94 -1076.82 2180.15
      vertex 1087.82 -1082.95 2178
      vertex 1087.05 -1082.18 2178
    endloop
  endfacet
  facet normal 0.940561 0.149383 -0.305008
    outer loop
      vertex 1107 -1085 2196.52
      vertex 1104.85 -1085 2189.89
      vertex 1105.92 -1078.2 2196.52
    endloop
  endfacet
  facet normal 0.573429 0.575226 0.583347
    outer loop
      vertex 1097.86 -1070.14 2210.11
      vertex 1097.74 -1075.74 2215.75
      vertex 1101.06 -1073.33 2210.11
    endloop
  endfacet
  facet normal 0.578592 0.572589 0.580839
    outer loop
      vertex 1096.67 -1070.52 2211.67
      vertex 1097.74 -1075.74 2215.75
      vertex 1097.86 -1070.14 2210.11
    endloop
  endfacet
  facet normal 0.575566 0.572351 0.58407
    outer loop
      vertex 1094.26 -1072.26 2215.75
      vertex 1096.67 -1070.52 2211.67
      vertex 1095.68 -1070.3 2212.43
    endloop
  endfacet
  facet normal 0.574049 0.574049 0.583898
    outer loop
      vertex 1096.67 -1070.52 2211.67
      vertex 1094.26 -1072.26 2215.75
      vertex 1097.74 -1075.74 2215.75
    endloop
  endfacet
  facet normal -0.14887 -0.9408 0.304521
    outer loop
      vertex 1078.87 -1103.88 2210.11
      vertex 1078.2 -1105.92 2203.48
      vertex 1085 -1104.85 2210.11
    endloop
  endfacet
  facet normal 0.940561 -0.149383 -0.305008
    outer loop
      vertex 1105.92 -1091.8 2196.52
      vertex 1104.85 -1085 2189.89
      vertex 1107 -1085 2196.52
    endloop
  endfacet
  facet normal 0.802325 0.126856 0.583251
    outer loop
      vertex 1104.85 -1085 2210.11
      vertex 1099.98 -1080.13 2215.75
      vertex 1100.75 -1085 2215.75
    endloop
  endfacet
  facet normal 0.126856 -0.802325 0.583251
    outer loop
      vertex 1085 -1100.75 2215.75
      vertex 1085 -1104.85 2210.11
      vertex 1089.87 -1099.98 2215.75
    endloop
  endfacet
  facet normal 0.126963 -0.802356 -0.583185
    outer loop
      vertex 1091.13 -1103.88 2189.89
      vertex 1085 -1104.85 2189.89
      vertex 1089.87 -1099.98 2184.25
    endloop
  endfacet
  facet normal 0.419078 -0.419078 -0.805448
    outer loop
      vertex 1094.26 -1097.74 2184.25
      vertex 1093.18 -1090.94 2180.15
      vertex 1097.74 -1094.26 2184.25
    endloop
  endfacet
  facet normal 0.419078 -0.419078 -0.805448
    outer loop
      vertex 1093.18 -1090.94 2180.15
      vertex 1094.26 -1097.74 2184.25
      vertex 1090.94 -1093.18 2180.15
    endloop
  endfacet
  facet normal 0.58551 -0.0919551 -0.805433
    outer loop
      vertex 1100.75 -1085 2184.25
      vertex 1094.62 -1088.12 2180.15
      vertex 1095.11 -1085 2180.15
    endloop
  endfacet
  facet normal 0.308108 -0.0483888 -0.95012
    outer loop
      vertex 1094.62 -1088.12 2180.15
      vertex 1088.48 -1085 2178
      vertex 1095.11 -1085 2180.15
    endloop
  endfacet
  facet normal 0.0484909 0.30806 -0.95013
    outer loop
      vertex 1086.08 -1081.69 2178
      vertex 1085 -1081.52 2178
      vertex 1088.12 -1075.38 2180.15
    endloop
  endfacet
  facet normal 0.30806 0.0484909 -0.95013
    outer loop
      vertex 1088.48 -1085 2178
      vertex 1088.31 -1083.92 2178
      vertex 1094.62 -1081.88 2180.15
    endloop
  endfacet
  facet normal 0.802356 0.126963 0.583185
    outer loop
      vertex 1103.88 -1078.87 2210.11
      vertex 1099.98 -1080.13 2215.75
      vertex 1104.85 -1085 2210.11
    endloop
  endfacet
  facet normal 0.0971325 0.585079 0.805138
    outer loop
      vertex 1085 -1074.89 2219.85
      vertex 1085.52 -1070.27 2216.43
      vertex 1085 -1070.28 2216.5
    endloop
  endfacet
  facet normal 0.0919921 0.585746 0.805257
    outer loop
      vertex 1085.52 -1070.27 2216.43
      vertex 1085 -1074.89 2219.85
      vertex 1088.12 -1075.38 2219.85
    endloop
  endfacet
  facet normal 0.376066 0.737022 0.561581
    outer loop
      vertex 1094.26 -1072.26 2215.75
      vertex 1090.01 -1070 2215.63
      vertex 1089.87 -1070.02 2215.75
    endloop
  endfacet
  facet normal 0.368531 0.723996 0.583107
    outer loop
      vertex 1094.26 -1072.26 2215.75
      vertex 1093.25 -1070.57 2214.29
      vertex 1090.01 -1070 2215.63
    endloop
  endfacet
  facet normal 0.366778 0.723951 0.584268
    outer loop
      vertex 1093.25 -1070.57 2214.29
      vertex 1094.26 -1072.26 2215.75
      vertex 1095.68 -1070.3 2212.43
    endloop
  endfacet
  facet normal 0.0824784 0.618588 0.781374
    outer loop
      vertex 1089.27 -1070.18 2215.94
      vertex 1089.87 -1070.02 2215.75
      vertex 1089.72 -1070 2215.75
    endloop
  endfacet
  facet normal 0.0994551 0.58386 0.80574
    outer loop
      vertex 1089.27 -1070.18 2215.94
      vertex 1088.12 -1075.38 2219.85
      vertex 1089.87 -1070.02 2215.75
    endloop
  endfacet
  facet normal 0.0912015 0.585515 0.805515
    outer loop
      vertex 1088.12 -1075.38 2219.85
      vertex 1089.27 -1070.18 2215.94
      vertex 1085.52 -1070.27 2216.43
    endloop
  endfacet
  facet normal 0.278034 0.141975 0.950021
    outer loop
      vertex 1093.18 -1079.06 2219.85
      vertex 1087.82 -1082.95 2222
      vertex 1094.62 -1081.88 2219.85
    endloop
  endfacet
  facet normal 0.527892 0.269562 0.805398
    outer loop
      vertex 1097.74 -1075.74 2215.75
      vertex 1093.18 -1079.06 2219.85
      vertex 1094.62 -1081.88 2219.85
    endloop
  endfacet
  facet normal 0.848782 0.432007 -0.304858
    outer loop
      vertex 1105.92 -1078.2 2196.52
      vertex 1101.06 -1073.33 2189.89
      vertex 1102.8 -1072.07 2196.52
    endloop
  endfacet
  facet normal 0.848782 0.432007 0.304858
    outer loop
      vertex 1102.8 -1072.07 2203.48
      vertex 1101.06 -1073.33 2210.11
      vertex 1105.92 -1078.2 2203.48
    endloop
  endfacet
  facet normal -0.585079 -0.0971325 0.805138
    outer loop
      vertex 1070.27 -1085.52 2216.43
      vertex 1074.89 -1085 2219.85
      vertex 1070.28 -1085 2216.5
    endloop
  endfacet
  facet normal -0.585746 -0.0919921 0.805257
    outer loop
      vertex 1074.89 -1085 2219.85
      vertex 1070.27 -1085.52 2216.43
      vertex 1075.38 -1088.12 2219.85
    endloop
  endfacet
  facet normal -0.575566 0.572351 -0.58407
    outer loop
      vertex 1075.74 -1072.26 2184.25
      vertex 1073.33 -1070.52 2188.33
      vertex 1074.32 -1070.3 2187.57
    endloop
  endfacet
  facet normal -0.574049 0.574049 -0.583898
    outer loop
      vertex 1072.26 -1075.74 2184.25
      vertex 1073.33 -1070.52 2188.33
      vertex 1075.74 -1072.26 2184.25
    endloop
  endfacet
  facet normal -0.574049 0.574049 -0.583898
    outer loop
      vertex 1070.52 -1073.33 2188.33
      vertex 1073.33 -1070.52 2188.33
      vertex 1072.26 -1075.74 2184.25
    endloop
  endfacet
  facet normal -0.576117 0.576117 -0.57981
    outer loop
      vertex 1073.33 -1070.52 2188.33
      vertex 1070.52 -1073.33 2188.33
      vertex 1072.14 -1070.14 2189.89
    endloop
  endfacet
  facet normal -0.572351 0.575566 -0.58407
    outer loop
      vertex 1070.52 -1073.33 2188.33
      vertex 1072.26 -1075.74 2184.25
      vertex 1070.3 -1074.32 2187.57
    endloop
  endfacet
  facet normal -0.576117 0.576117 -0.57981
    outer loop
      vertex 1072.14 -1070.14 2189.89
      vertex 1070.52 -1073.33 2188.33
      vertex 1070.14 -1072.14 2189.89
    endloop
  endfacet
  facet normal -0.0912015 0.585515 -0.805515
    outer loop
      vertex 1081.88 -1075.38 2180.15
      vertex 1080.73 -1070.18 2184.06
      vertex 1084.48 -1070.27 2183.57
    endloop
  endfacet
  facet normal -0.0994551 0.58386 -0.80574
    outer loop
      vertex 1080.13 -1070.02 2184.25
      vertex 1080.73 -1070.18 2184.06
      vertex 1081.88 -1075.38 2180.15
    endloop
  endfacet
  facet normal -0.0824784 0.618588 -0.781374
    outer loop
      vertex 1080.73 -1070.18 2184.06
      vertex 1080.13 -1070.02 2184.25
      vertex 1080.28 -1070 2184.25
    endloop
  endfacet
  facet normal -0.386896 0.723328 -0.571934
    outer loop
      vertex 1080.13 -1070.02 2184.25
      vertex 1079.99 -1070 2184.37
      vertex 1080.12 -1069.97 2184.32
    endloop
  endfacet
  facet normal -0.585746 -0.0919921 -0.805257
    outer loop
      vertex 1070.27 -1085.52 2183.57
      vertex 1074.89 -1085 2180.15
      vertex 1075.38 -1088.12 2180.15
    endloop
  endfacet
  facet normal -0.585079 -0.0971325 -0.805138
    outer loop
      vertex 1074.89 -1085 2180.15
      vertex 1070.27 -1085.52 2183.57
      vertex 1070.28 -1085 2183.5
    endloop
  endfacet
  facet normal -0.784465 -0.196116 -0.588348
    outer loop
      vertex 1070.02 -1089.87 2184.25
      vertex 1069.97 -1089.88 2184.32
      vertex 1069.98 -1089.83 2184.29
    endloop
  endfacet
  facet normal 0.141975 0.278034 0.950021
    outer loop
      vertex 1088.12 -1075.38 2219.85
      vertex 1087.05 -1082.18 2222
      vertex 1090.94 -1076.82 2219.85
    endloop
  endfacet
  facet normal -0.0483888 0.308108 0.95012
    outer loop
      vertex 1085 -1074.89 2219.85
      vertex 1081.88 -1075.38 2219.85
      vertex 1085 -1081.52 2222
    endloop
  endfacet
  facet normal -0.30806 -0.0484909 0.95013
    outer loop
      vertex 1081.52 -1085 2222
      vertex 1075.38 -1088.12 2219.85
      vertex 1081.69 -1086.08 2222
    endloop
  endfacet
  facet normal -0.269562 -0.527892 0.805398
    outer loop
      vertex 1079.06 -1093.18 2219.85
      vertex 1075.74 -1097.74 2215.75
      vertex 1081.88 -1094.62 2219.85
    endloop
  endfacet
  facet normal 0.14887 -0.9408 0.304521
    outer loop
      vertex 1091.13 -1103.88 2210.11
      vertex 1085 -1104.85 2210.11
      vertex 1091.8 -1105.92 2203.48
    endloop
  endfacet
  facet normal 0.0484909 -0.30806 0.95013
    outer loop
      vertex 1086.08 -1088.31 2222
      vertex 1085 -1088.48 2222
      vertex 1088.12 -1094.62 2219.85
    endloop
  endfacet
  facet normal -0.269562 0.527892 0.805398
    outer loop
      vertex 1081.88 -1075.38 2219.85
      vertex 1075.74 -1072.26 2215.75
      vertex 1079.06 -1076.82 2219.85
    endloop
  endfacet
  facet normal 0.0919551 -0.58551 0.805433
    outer loop
      vertex 1085 -1095.11 2219.85
      vertex 1085 -1100.75 2215.75
      vertex 1088.12 -1094.62 2219.85
    endloop
  endfacet
  facet normal 0.308108 0.0483888 -0.95012
    outer loop
      vertex 1095.11 -1085 2180.15
      vertex 1088.48 -1085 2178
      vertex 1094.62 -1081.88 2180.15
    endloop
  endfacet
  facet normal -0.30806 -0.0484909 -0.95013
    outer loop
      vertex 1081.69 -1086.08 2178
      vertex 1075.38 -1088.12 2180.15
      vertex 1081.52 -1085 2178
    endloop
  endfacet
  facet normal -0.528051 -0.269439 -0.805335
    outer loop
      vertex 1072.26 -1094.26 2184.25
      vertex 1070.02 -1089.87 2184.25
      vertex 1075.38 -1088.12 2180.15
    endloop
  endfacet
  facet normal -0.0483888 0.308108 -0.95012
    outer loop
      vertex 1085 -1081.52 2178
      vertex 1081.88 -1075.38 2180.15
      vertex 1085 -1074.89 2180.15
    endloop
  endfacet
  facet normal 0.848775 -0.432048 -0.304822
    outer loop
      vertex 1105.92 -1091.8 2196.52
      vertex 1101.06 -1096.67 2189.89
      vertex 1103.88 -1091.13 2189.89
    endloop
  endfacet
  facet normal 0.673234 0.67372 0.304723
    outer loop
      vertex 1099.29 -1070.72 2208.25
      vertex 1101.06 -1073.33 2210.11
      vertex 1102.8 -1072.07 2203.48
    endloop
  endfacet
  facet normal 0.672031 0.674137 0.306454
    outer loop
      vertex 1101.06 -1073.33 2210.11
      vertex 1099.29 -1070.72 2208.25
      vertex 1097.86 -1070.14 2210.11
    endloop
  endfacet
  facet normal 0.67477 0.67477 0.298949
    outer loop
      vertex 1100.94 -1070.56 2204.27
      vertex 1102.8 -1072.07 2203.48
      vertex 1101.04 -1070.31 2203.48
    endloop
  endfacet
  facet normal 0.675027 0.670968 0.306822
    outer loop
      vertex 1102.8 -1072.07 2203.48
      vertex 1100.94 -1070.56 2204.27
      vertex 1099.29 -1070.72 2208.25
    endloop
  endfacet
  facet normal 0.269562 -0.527892 0.805398
    outer loop
      vertex 1090.94 -1093.18 2219.85
      vertex 1088.12 -1094.62 2219.85
      vertex 1094.26 -1097.74 2215.75
    endloop
  endfacet
  facet normal -0.140582 0.278295 -0.950152
    outer loop
      vertex 1082.95 -1082.18 2178
      vertex 1081.88 -1075.38 2180.15
      vertex 1083.92 -1081.69 2178
    endloop
  endfacet
  facet normal 0.368562 -0.724055 -0.583015
    outer loop
      vertex 1091.13 -1103.88 2189.89
      vertex 1089.87 -1099.98 2184.25
      vertex 1096.67 -1101.06 2189.89
    endloop
  endfacet
  facet normal -0.126963 -0.802356 -0.583185
    outer loop
      vertex 1085 -1104.85 2189.89
      vertex 1078.87 -1103.88 2189.89
      vertex 1080.13 -1099.98 2184.25
    endloop
  endfacet
  facet normal -0.369098 -0.723367 -0.583529
    outer loop
      vertex 1080.13 -1099.98 2184.25
      vertex 1073.33 -1101.06 2189.89
      vertex 1075.74 -1097.74 2184.25
    endloop
  endfacet
  facet normal 0.802356 -0.126963 -0.583185
    outer loop
      vertex 1103.88 -1091.13 2189.89
      vertex 1099.98 -1089.87 2184.25
      vertex 1104.85 -1085 2189.89
    endloop
  endfacet
  facet normal 0.724055 -0.368562 -0.583015
    outer loop
      vertex 1101.06 -1096.67 2189.89
      vertex 1099.98 -1089.87 2184.25
      vertex 1103.88 -1091.13 2189.89
    endloop
  endfacet
  facet normal 0.724055 0.368562 -0.583015
    outer loop
      vertex 1103.88 -1078.87 2189.89
      vertex 1099.98 -1080.13 2184.25
      vertex 1101.06 -1073.33 2189.89
    endloop
  endfacet
  facet normal 0.723367 0.369098 -0.583529
    outer loop
      vertex 1099.98 -1080.13 2184.25
      vertex 1097.74 -1075.74 2184.25
      vertex 1101.06 -1073.33 2189.89
    endloop
  endfacet
  facet normal -0.723951 0.366778 -0.584268
    outer loop
      vertex 1072.26 -1075.74 2184.25
      vertex 1070.57 -1076.75 2185.71
      vertex 1070.3 -1074.32 2187.57
    endloop
  endfacet
  facet normal -0.723996 0.368531 -0.583107
    outer loop
      vertex 1072.26 -1075.74 2184.25
      vertex 1070 -1079.99 2184.37
      vertex 1070.57 -1076.75 2185.71
    endloop
  endfacet
  facet normal -0.737022 0.376066 -0.561581
    outer loop
      vertex 1070 -1079.99 2184.37
      vertex 1072.26 -1075.74 2184.25
      vertex 1070.02 -1080.13 2184.25
    endloop
  endfacet
  facet normal 0.278295 0.140582 -0.950152
    outer loop
      vertex 1088.31 -1083.92 2178
      vertex 1087.82 -1082.95 2178
      vertex 1094.62 -1081.88 2180.15
    endloop
  endfacet
  facet normal -0.575226 -0.573429 -0.583347
    outer loop
      vertex 1070.14 -1097.86 2189.89
      vertex 1075.74 -1097.74 2184.25
      vertex 1073.33 -1101.06 2189.89
    endloop
  endfacet
  facet normal -0.574049 -0.574049 -0.583898
    outer loop
      vertex 1075.74 -1097.74 2184.25
      vertex 1070.52 -1096.67 2188.33
      vertex 1072.26 -1094.26 2184.25
    endloop
  endfacet
  facet normal -0.572589 -0.578592 -0.580839
    outer loop
      vertex 1075.74 -1097.74 2184.25
      vertex 1070.14 -1097.86 2189.89
      vertex 1070.52 -1096.67 2188.33
    endloop
  endfacet
  facet normal -0.572351 -0.575566 -0.58407
    outer loop
      vertex 1072.26 -1094.26 2184.25
      vertex 1070.52 -1096.67 2188.33
      vertex 1070.3 -1095.68 2187.57
    endloop
  endfacet
  facet normal 0.30806 0.0484909 0.95013
    outer loop
      vertex 1094.62 -1081.88 2219.85
      vertex 1088.31 -1083.92 2222
      vertex 1088.48 -1085 2222
    endloop
  endfacet
  facet normal 0.308108 0.0483888 0.95012
    outer loop
      vertex 1094.62 -1081.88 2219.85
      vertex 1088.48 -1085 2222
      vertex 1095.11 -1085 2219.85
    endloop
  endfacet
  facet normal 0.220809 0.220809 0.949993
    outer loop
      vertex 1090.94 -1076.82 2219.85
      vertex 1087.82 -1082.95 2222
      vertex 1093.18 -1079.06 2219.85
    endloop
  endfacet
  facet normal 0.220809 0.220809 0.949993
    outer loop
      vertex 1087.82 -1082.95 2222
      vertex 1090.94 -1076.82 2219.85
      vertex 1087.05 -1082.18 2222
    endloop
  endfacet
  facet normal 0.724055 0.368562 0.583015
    outer loop
      vertex 1101.06 -1073.33 2210.11
      vertex 1099.98 -1080.13 2215.75
      vertex 1103.88 -1078.87 2210.11
    endloop
  endfacet
  facet normal 0.9408 -0.14887 -0.304521
    outer loop
      vertex 1105.92 -1091.8 2196.52
      vertex 1103.88 -1091.13 2189.89
      vertex 1104.85 -1085 2189.89
    endloop
  endfacet
  facet normal 0.366778 0.723951 -0.584268
    outer loop
      vertex 1094.26 -1072.26 2184.25
      vertex 1093.25 -1070.57 2185.71
      vertex 1095.68 -1070.3 2187.57
    endloop
  endfacet
  facet normal 0.368531 0.723996 -0.583107
    outer loop
      vertex 1094.26 -1072.26 2184.25
      vertex 1090.01 -1070 2184.37
      vertex 1093.25 -1070.57 2185.71
    endloop
  endfacet
  facet normal 0.376066 0.737022 -0.561581
    outer loop
      vertex 1090.01 -1070 2184.37
      vertex 1094.26 -1072.26 2184.25
      vertex 1089.87 -1070.02 2184.25
    endloop
  endfacet
  facet normal -0.723328 0.386896 0.571934
    outer loop
      vertex 1070 -1079.99 2215.63
      vertex 1069.97 -1080.12 2215.68
      vertex 1070.02 -1080.13 2215.75
    endloop
  endfacet
  facet normal -0.585515 0.0912015 0.805515
    outer loop
      vertex 1075.38 -1081.88 2219.85
      vertex 1070.18 -1080.73 2215.94
      vertex 1070.27 -1084.48 2216.43
    endloop
  endfacet
  facet normal -0.58386 0.0994551 0.80574
    outer loop
      vertex 1070.02 -1080.13 2215.75
      vertex 1070.18 -1080.73 2215.94
      vertex 1075.38 -1081.88 2219.85
    endloop
  endfacet
  facet normal -0.618588 0.0824784 0.781374
    outer loop
      vertex 1070.18 -1080.73 2215.94
      vertex 1070.02 -1080.13 2215.75
      vertex 1070 -1080.28 2215.75
    endloop
  endfacet
  facet normal -0.751882 0.100251 0.651631
    outer loop
      vertex 1070.02 -1080.13 2215.75
      vertex 1069.98 -1080.17 2215.71
      vertex 1070 -1080.28 2215.75
    endloop
  endfacet
  facet normal 0.0484909 0.30806 0.95013
    outer loop
      vertex 1088.12 -1075.38 2219.85
      vertex 1085 -1081.52 2222
      vertex 1086.08 -1081.69 2222
    endloop
  endfacet
  facet normal 0.100251 0.751882 0.651631
    outer loop
      vertex 1089.83 -1069.98 2215.71
      vertex 1089.72 -1070 2215.75
      vertex 1089.87 -1070.02 2215.75
    endloop
  endfacet
  facet normal -0.376066 0.737022 0.561581
    outer loop
      vertex 1079.99 -1070 2215.63
      vertex 1075.74 -1072.26 2215.75
      vertex 1080.13 -1070.02 2215.75
    endloop
  endfacet
  facet normal -0.368531 0.723996 0.583107
    outer loop
      vertex 1076.75 -1070.57 2214.29
      vertex 1075.74 -1072.26 2215.75
      vertex 1079.99 -1070 2215.63
    endloop
  endfacet
  facet normal -0.366778 0.723951 0.584268
    outer loop
      vertex 1075.74 -1072.26 2215.75
      vertex 1076.75 -1070.57 2214.29
      vertex 1074.32 -1070.3 2212.43
    endloop
  endfacet
  facet normal -0.220809 0.220809 0.949993
    outer loop
      vertex 1079.06 -1076.82 2219.85
      vertex 1082.18 -1082.95 2222
      vertex 1082.95 -1082.18 2222
    endloop
  endfacet
  facet normal -0.220809 0.220809 0.949993
    outer loop
      vertex 1082.18 -1082.95 2222
      vertex 1079.06 -1076.82 2219.85
      vertex 1076.82 -1079.06 2219.85
    endloop
  endfacet
  facet normal -0.527892 0.269562 0.805398
    outer loop
      vertex 1076.82 -1079.06 2219.85
      vertex 1072.26 -1075.74 2215.75
      vertex 1075.38 -1081.88 2219.85
    endloop
  endfacet
  facet normal -0.196116 0.784465 -0.588348
    outer loop
      vertex 1080.13 -1070.02 2184.25
      vertex 1080.12 -1069.97 2184.32
      vertex 1080.17 -1069.98 2184.29
    endloop
  endfacet
  facet normal -0.723328 0.386896 -0.571934
    outer loop
      vertex 1070.02 -1080.13 2184.25
      vertex 1069.97 -1080.12 2184.32
      vertex 1070 -1079.99 2184.37
    endloop
  endfacet
  facet normal 0.196116 0.784465 -0.588348
    outer loop
      vertex 1089.87 -1070.02 2184.25
      vertex 1089.83 -1069.98 2184.29
      vertex 1089.88 -1069.97 2184.32
    endloop
  endfacet
  facet normal -0.723328 -0.386896 -0.571934
    outer loop
      vertex 1070 -1090.01 2184.37
      vertex 1069.97 -1089.88 2184.32
      vertex 1070.02 -1089.87 2184.25
    endloop
  endfacet
  facet normal -0.585515 -0.0912015 -0.805515
    outer loop
      vertex 1075.38 -1088.12 2180.15
      vertex 1070.18 -1089.27 2184.06
      vertex 1070.27 -1085.52 2183.57
    endloop
  endfacet
  facet normal -0.58386 -0.0994551 -0.80574
    outer loop
      vertex 1070.02 -1089.87 2184.25
      vertex 1070.18 -1089.27 2184.06
      vertex 1075.38 -1088.12 2180.15
    endloop
  endfacet
  facet normal -0.618588 -0.0824784 -0.781374
    outer loop
      vertex 1070.18 -1089.27 2184.06
      vertex 1070.02 -1089.87 2184.25
      vertex 1070 -1089.72 2184.25
    endloop
  endfacet
  facet normal -0.308108 -0.0483888 0.95012
    outer loop
      vertex 1081.52 -1085 2222
      vertex 1074.89 -1085 2219.85
      vertex 1075.38 -1088.12 2219.85
    endloop
  endfacet
  facet normal -0.723328 -0.386896 0.571934
    outer loop
      vertex 1070.02 -1089.87 2215.75
      vertex 1069.97 -1089.88 2215.68
      vertex 1070 -1090.01 2215.63
    endloop
  endfacet
  facet normal 0.848775 -0.432048 0.304822
    outer loop
      vertex 1103.88 -1091.13 2210.11
      vertex 1101.06 -1096.67 2210.11
      vertex 1105.92 -1091.8 2203.48
    endloop
  endfacet
  facet normal 0.58551 -0.0919551 0.805433
    outer loop
      vertex 1095.11 -1085 2219.85
      vertex 1094.62 -1088.12 2219.85
      vertex 1100.75 -1085 2215.75
    endloop
  endfacet
  facet normal -0.674137 -0.672031 0.306454
    outer loop
      vertex 1070.72 -1099.29 2208.25
      vertex 1073.33 -1101.06 2210.11
      vertex 1070.14 -1097.86 2210.11
    endloop
  endfacet
  facet normal -0.673997 -0.672437 0.30587
    outer loop
      vertex 1070.56 -1100.94 2204.27
      vertex 1073.33 -1101.06 2210.11
      vertex 1070.72 -1099.29 2208.25
    endloop
  endfacet
  facet normal -0.67477 -0.67477 0.298949
    outer loop
      vertex 1072.07 -1102.8 2203.48
      vertex 1070.56 -1100.94 2204.27
      vertex 1070.31 -1101.04 2203.48
    endloop
  endfacet
  facet normal -0.671932 -0.674967 0.304838
    outer loop
      vertex 1070.56 -1100.94 2204.27
      vertex 1072.07 -1102.8 2203.48
      vertex 1073.33 -1101.06 2210.11
    endloop
  endfacet
  facet normal -0.141975 -0.278034 0.950021
    outer loop
      vertex 1082.95 -1087.82 2222
      vertex 1079.06 -1093.18 2219.85
      vertex 1081.88 -1094.62 2219.85
    endloop
  endfacet
  facet normal 0.278295 -0.140582 0.950152
    outer loop
      vertex 1088.31 -1086.08 2222
      vertex 1087.82 -1087.05 2222
      vertex 1094.62 -1088.12 2219.85
    endloop
  endfacet
  facet normal -0.0484909 -0.30806 0.95013
    outer loop
      vertex 1083.92 -1088.31 2222
      vertex 1081.88 -1094.62 2219.85
      vertex 1085 -1088.48 2222
    endloop
  endfacet
  facet normal 0.9408 0.14887 -0.304521
    outer loop
      vertex 1104.85 -1085 2189.89
      vertex 1103.88 -1078.87 2189.89
      vertex 1105.92 -1078.2 2196.52
    endloop
  endfacet
  facet normal 0.278034 0.141975 -0.950021
    outer loop
      vertex 1094.62 -1081.88 2180.15
      vertex 1087.82 -1082.95 2178
      vertex 1093.18 -1079.06 2180.15
    endloop
  endfacet
  facet normal 0.141975 -0.278034 -0.950021
    outer loop
      vertex 1088.12 -1094.62 2180.15
      vertex 1087.05 -1087.82 2178
      vertex 1090.94 -1093.18 2180.15
    endloop
  endfacet
  facet normal 0.278034 -0.141975 -0.950021
    outer loop
      vertex 1093.18 -1090.94 2180.15
      vertex 1087.82 -1087.05 2178
      vertex 1094.62 -1088.12 2180.15
    endloop
  endfacet
  facet normal 0.269562 0.527892 -0.805398
    outer loop
      vertex 1090.94 -1076.82 2180.15
      vertex 1088.12 -1075.38 2180.15
      vertex 1094.26 -1072.26 2184.25
    endloop
  endfacet
  facet normal 0.269439 -0.528051 -0.805335
    outer loop
      vertex 1089.87 -1099.98 2184.25
      vertex 1088.12 -1094.62 2180.15
      vertex 1094.26 -1097.74 2184.25
    endloop
  endfacet
  facet normal -0.751882 0.100251 -0.651631
    outer loop
      vertex 1070 -1080.28 2184.25
      vertex 1069.98 -1080.17 2184.29
      vertex 1070.02 -1080.13 2184.25
    endloop
  endfacet
  facet normal 0.707107 -0.707107 0
    outer loop
      vertex 1097.93 -1102.8 2203.48
      vertex 1102.8 -1097.93 2196.52
      vertex 1102.8 -1097.93 2203.48
    endloop
  endfacet
  facet normal 0.707107 -0.707107 0
    outer loop
      vertex 1102.8 -1097.93 2196.52
      vertex 1097.93 -1102.8 2203.48
      vertex 1097.93 -1102.8 2196.52
    endloop
  endfacet
  facet normal 0.848775 0.432048 0.304822
    outer loop
      vertex 1105.92 -1078.2 2203.48
      vertex 1101.06 -1073.33 2210.11
      vertex 1103.88 -1078.87 2210.11
    endloop
  endfacet
  facet normal 0.723367 0.369098 0.583529
    outer loop
      vertex 1101.06 -1073.33 2210.11
      vertex 1097.74 -1075.74 2215.75
      vertex 1099.98 -1080.13 2215.75
    endloop
  endfacet
  facet normal 0.528051 -0.269439 0.805335
    outer loop
      vertex 1099.98 -1089.87 2215.75
      vertex 1094.62 -1088.12 2219.85
      vertex 1097.74 -1094.26 2215.75
    endloop
  endfacet
  facet normal -0.149383 -0.940561 0.305008
    outer loop
      vertex 1085 -1104.85 2210.11
      vertex 1078.2 -1105.92 2203.48
      vertex 1085 -1107 2203.48
    endloop
  endfacet
  facet normal 0.585699 -0.0926054 0.805221
    outer loop
      vertex 1100.75 -1085 2215.75
      vertex 1094.62 -1088.12 2219.85
      vertex 1099.98 -1089.87 2215.75
    endloop
  endfacet
  facet normal -0.0926054 -0.585699 0.805221
    outer loop
      vertex 1081.88 -1094.62 2219.85
      vertex 1080.13 -1099.98 2215.75
      vertex 1085 -1100.75 2215.75
    endloop
  endfacet
  facet normal -0.269439 -0.528051 -0.805335
    outer loop
      vertex 1080.13 -1099.98 2184.25
      vertex 1075.74 -1097.74 2184.25
      vertex 1081.88 -1094.62 2180.15
    endloop
  endfacet
  facet normal -0.278295 -0.140582 -0.950152
    outer loop
      vertex 1082.18 -1087.05 2178
      vertex 1075.38 -1088.12 2180.15
      vertex 1081.69 -1086.08 2178
    endloop
  endfacet
  facet normal 0.527892 -0.269562 -0.805398
    outer loop
      vertex 1097.74 -1094.26 2184.25
      vertex 1093.18 -1090.94 2180.15
      vertex 1094.62 -1088.12 2180.15
    endloop
  endfacet
  facet normal 0.574279 -0.574279 -0.583443
    outer loop
      vertex 1096.67 -1101.06 2189.89
      vertex 1097.74 -1094.26 2184.25
      vertex 1101.06 -1096.67 2189.89
    endloop
  endfacet
  facet normal 0.574279 -0.574279 -0.583443
    outer loop
      vertex 1097.74 -1094.26 2184.25
      vertex 1096.67 -1101.06 2189.89
      vertex 1094.26 -1097.74 2184.25
    endloop
  endfacet
  facet normal -0.453599 -0.891206 0
    outer loop
      vertex 1072.07 -1102.8 2196.52
      vertex 1078.2 -1105.92 2203.48
      vertex 1072.07 -1102.8 2203.48
    endloop
  endfacet
  facet normal -0.453599 -0.891206 -0
    outer loop
      vertex 1078.2 -1105.92 2203.48
      vertex 1072.07 -1102.8 2196.52
      vertex 1078.2 -1105.92 2196.52
    endloop
  endfacet
  facet normal -0.14887 -0.9408 -0.304521
    outer loop
      vertex 1085 -1104.85 2189.89
      vertex 1078.2 -1105.92 2196.52
      vertex 1078.87 -1103.88 2189.89
    endloop
  endfacet
  facet normal -0.707107 -0.707107 -0
    outer loop
      vertex 1072.07 -1102.8 2203.48
      vertex 1070.77 -1101.5 2200
      vertex 1072.07 -1102.8 2196.52
    endloop
  endfacet
  facet normal -0.707107 -0.707107 0
    outer loop
      vertex 1070.77 -1101.5 2200
      vertex 1072.07 -1102.8 2203.48
      vertex 1070.31 -1101.04 2203.48
    endloop
  endfacet
  facet normal -0.707107 -0.707107 0
    outer loop
      vertex 1070.31 -1101.04 2196.52
      vertex 1072.07 -1102.8 2196.52
      vertex 1070.77 -1101.5 2200
    endloop
  endfacet
  facet normal -0.674137 -0.672031 -0.306454
    outer loop
      vertex 1073.33 -1101.06 2189.89
      vertex 1070.72 -1099.29 2191.75
      vertex 1070.14 -1097.86 2189.89
    endloop
  endfacet
  facet normal -0.673997 -0.672437 -0.30587
    outer loop
      vertex 1073.33 -1101.06 2189.89
      vertex 1070.56 -1100.94 2195.73
      vertex 1070.72 -1099.29 2191.75
    endloop
  endfacet
  facet normal -0.671932 -0.674967 -0.304838
    outer loop
      vertex 1072.07 -1102.8 2196.52
      vertex 1070.56 -1100.94 2195.73
      vertex 1073.33 -1101.06 2189.89
    endloop
  endfacet
  facet normal -0.67477 -0.67477 -0.298949
    outer loop
      vertex 1070.56 -1100.94 2195.73
      vertex 1072.07 -1102.8 2196.52
      vertex 1070.31 -1101.04 2196.52
    endloop
  endfacet
  facet normal 0.528051 -0.269439 -0.805335
    outer loop
      vertex 1097.74 -1094.26 2184.25
      vertex 1094.62 -1088.12 2180.15
      vertex 1099.98 -1089.87 2184.25
    endloop
  endfacet
  facet normal 0.723367 -0.369098 -0.583529
    outer loop
      vertex 1101.06 -1096.67 2189.89
      vertex 1097.74 -1094.26 2184.25
      vertex 1099.98 -1089.87 2184.25
    endloop
  endfacet
  facet normal -0.269562 0.527892 -0.805398
    outer loop
      vertex 1079.06 -1076.82 2180.15
      vertex 1075.74 -1072.26 2184.25
      vertex 1081.88 -1075.38 2180.15
    endloop
  endfacet
  facet normal 0.269562 0.527892 0.805398
    outer loop
      vertex 1094.26 -1072.26 2215.75
      vertex 1088.12 -1075.38 2219.85
      vertex 1090.94 -1076.82 2219.85
    endloop
  endfacet
  facet normal 0.269439 0.528051 0.805335
    outer loop
      vertex 1089.87 -1070.02 2215.75
      vertex 1088.12 -1075.38 2219.85
      vertex 1094.26 -1072.26 2215.75
    endloop
  endfacet
  facet normal 0.196116 0.784465 0.588348
    outer loop
      vertex 1089.88 -1069.97 2215.68
      vertex 1089.83 -1069.98 2215.71
      vertex 1089.87 -1070.02 2215.75
    endloop
  endfacet
  facet normal 0.386896 0.723328 0.571934
    outer loop
      vertex 1089.88 -1069.97 2215.68
      vertex 1089.87 -1070.02 2215.75
      vertex 1090.01 -1070 2215.63
    endloop
  endfacet
  facet normal 0.269439 0.528051 -0.805335
    outer loop
      vertex 1094.26 -1072.26 2184.25
      vertex 1088.12 -1075.38 2180.15
      vertex 1089.87 -1070.02 2184.25
    endloop
  endfacet
  facet normal -0.585746 0.0919921 0.805257
    outer loop
      vertex 1070.27 -1084.48 2216.43
      vertex 1074.89 -1085 2219.85
      vertex 1075.38 -1081.88 2219.85
    endloop
  endfacet
  facet normal -0.585079 0.0971325 0.805138
    outer loop
      vertex 1074.89 -1085 2219.85
      vertex 1070.27 -1084.48 2216.43
      vertex 1070.28 -1085 2216.5
    endloop
  endfacet
  facet normal -0.784465 0.196116 -0.588348
    outer loop
      vertex 1069.98 -1080.17 2184.29
      vertex 1069.97 -1080.12 2184.32
      vertex 1070.02 -1080.13 2184.25
    endloop
  endfacet
  facet normal -0.308108 0.0483888 -0.95012
    outer loop
      vertex 1081.52 -1085 2178
      vertex 1074.89 -1085 2180.15
      vertex 1075.38 -1081.88 2180.15
    endloop
  endfacet
  facet normal -0.673257 0.673257 -0.305695
    outer loop
      vertex 1072.14 -1070.14 2189.89
      vertex 1070.14 -1072.14 2189.89
      vertex 1070.72 -1070.72 2191.74
    endloop
  endfacet
  facet normal 0.0926054 -0.585699 0.805221
    outer loop
      vertex 1088.12 -1094.62 2219.85
      vertex 1085 -1100.75 2215.75
      vertex 1089.87 -1099.98 2215.75
    endloop
  endfacet
  facet normal -0.432007 -0.848782 0.304858
    outer loop
      vertex 1073.33 -1101.06 2210.11
      vertex 1072.07 -1102.8 2203.48
      vertex 1078.2 -1105.92 2203.48
    endloop
  endfacet
  facet normal -0.432048 -0.848775 0.304822
    outer loop
      vertex 1078.87 -1103.88 2210.11
      vertex 1073.33 -1101.06 2210.11
      vertex 1078.2 -1105.92 2203.48
    endloop
  endfacet
  facet normal -0.140582 0.278295 0.950152
    outer loop
      vertex 1083.92 -1081.69 2222
      vertex 1081.88 -1075.38 2219.85
      vertex 1082.95 -1082.18 2222
    endloop
  endfacet
  facet normal -0.141975 0.278034 0.950021
    outer loop
      vertex 1081.88 -1075.38 2219.85
      vertex 1079.06 -1076.82 2219.85
      vertex 1082.95 -1082.18 2222
    endloop
  endfacet
  facet normal 0.278034 -0.141975 0.950021
    outer loop
      vertex 1094.62 -1088.12 2219.85
      vertex 1087.82 -1087.05 2222
      vertex 1093.18 -1090.94 2219.85
    endloop
  endfacet
  facet normal 0.527892 -0.269562 0.805398
    outer loop
      vertex 1094.62 -1088.12 2219.85
      vertex 1093.18 -1090.94 2219.85
      vertex 1097.74 -1094.26 2215.75
    endloop
  endfacet
  facet normal 0.723367 -0.369098 0.583529
    outer loop
      vertex 1099.98 -1089.87 2215.75
      vertex 1097.74 -1094.26 2215.75
      vertex 1101.06 -1096.67 2210.11
    endloop
  endfacet
  facet normal -0.278034 -0.141975 0.950021
    outer loop
      vertex 1082.18 -1087.05 2222
      vertex 1075.38 -1088.12 2219.85
      vertex 1076.82 -1090.94 2219.85
    endloop
  endfacet
  facet normal -0.278295 0.140582 0.950152
    outer loop
      vertex 1082.18 -1082.95 2222
      vertex 1075.38 -1081.88 2219.85
      vertex 1081.69 -1083.92 2222
    endloop
  endfacet
  facet normal 0.220809 -0.220809 0.949993
    outer loop
      vertex 1087.82 -1087.05 2222
      vertex 1090.94 -1093.18 2219.85
      vertex 1093.18 -1090.94 2219.85
    endloop
  endfacet
  facet normal 0.220809 -0.220809 0.949993
    outer loop
      vertex 1090.94 -1093.18 2219.85
      vertex 1087.82 -1087.05 2222
      vertex 1087.05 -1087.82 2222
    endloop
  endfacet
  facet normal 0.802356 0.126963 -0.583185
    outer loop
      vertex 1104.85 -1085 2189.89
      vertex 1099.98 -1080.13 2184.25
      vertex 1103.88 -1078.87 2189.89
    endloop
  endfacet
  facet normal 0.802325 0.126856 -0.583251
    outer loop
      vertex 1100.75 -1085 2184.25
      vertex 1099.98 -1080.13 2184.25
      vertex 1104.85 -1085 2189.89
    endloop
  endfacet
  facet normal -0.0971325 0.585079 -0.805138
    outer loop
      vertex 1085 -1074.89 2180.15
      vertex 1084.48 -1070.27 2183.57
      vertex 1085 -1070.28 2183.5
    endloop
  endfacet
  facet normal -0.0919921 0.585746 -0.805257
    outer loop
      vertex 1084.48 -1070.27 2183.57
      vertex 1085 -1074.89 2180.15
      vertex 1081.88 -1075.38 2180.15
    endloop
  endfacet
  facet normal 0.0919921 0.585746 -0.805257
    outer loop
      vertex 1085 -1074.89 2180.15
      vertex 1085.52 -1070.27 2183.57
      vertex 1088.12 -1075.38 2180.15
    endloop
  endfacet
  facet normal 0.0971325 0.585079 -0.805138
    outer loop
      vertex 1085.52 -1070.27 2183.57
      vertex 1085 -1074.89 2180.15
      vertex 1085 -1070.28 2183.5
    endloop
  endfacet
  facet normal 0.528051 0.269439 -0.805335
    outer loop
      vertex 1099.98 -1080.13 2184.25
      vertex 1094.62 -1081.88 2180.15
      vertex 1097.74 -1075.74 2184.25
    endloop
  endfacet
  facet normal 0.585699 0.0926054 -0.805221
    outer loop
      vertex 1100.75 -1085 2184.25
      vertex 1094.62 -1081.88 2180.15
      vertex 1099.98 -1080.13 2184.25
    endloop
  endfacet
  facet normal 0.140582 0.278295 -0.950152
    outer loop
      vertex 1087.05 -1082.18 2178
      vertex 1086.08 -1081.69 2178
      vertex 1088.12 -1075.38 2180.15
    endloop
  endfacet
  facet normal 0.141975 0.278034 -0.950021
    outer loop
      vertex 1090.94 -1076.82 2180.15
      vertex 1087.05 -1082.18 2178
      vertex 1088.12 -1075.38 2180.15
    endloop
  endfacet
  facet normal -0.220809 0.220809 -0.949993
    outer loop
      vertex 1082.18 -1082.95 2178
      vertex 1079.06 -1076.82 2180.15
      vertex 1082.95 -1082.18 2178
    endloop
  endfacet
  facet normal -0.220809 0.220809 -0.949993
    outer loop
      vertex 1079.06 -1076.82 2180.15
      vertex 1082.18 -1082.95 2178
      vertex 1076.82 -1079.06 2180.15
    endloop
  endfacet
  facet normal -0.0484909 -0.30806 -0.95013
    outer loop
      vertex 1085 -1088.48 2178
      vertex 1081.88 -1094.62 2180.15
      vertex 1083.92 -1088.31 2178
    endloop
  endfacet
  facet normal -0.419078 -0.419078 -0.805448
    outer loop
      vertex 1075.74 -1097.74 2184.25
      vertex 1076.82 -1090.94 2180.15
      vertex 1079.06 -1093.18 2180.15
    endloop
  endfacet
  facet normal -0.419078 -0.419078 -0.805448
    outer loop
      vertex 1076.82 -1090.94 2180.15
      vertex 1075.74 -1097.74 2184.25
      vertex 1072.26 -1094.26 2184.25
    endloop
  endfacet
  facet normal 0.891206 -0.453599 0
    outer loop
      vertex 1102.8 -1097.93 2203.48
      vertex 1105.92 -1091.8 2196.52
      vertex 1105.92 -1091.8 2203.48
    endloop
  endfacet
  facet normal 0.891206 -0.453599 0
    outer loop
      vertex 1105.92 -1091.8 2196.52
      vertex 1102.8 -1097.93 2203.48
      vertex 1102.8 -1097.93 2196.52
    endloop
  endfacet
  facet normal 0.848782 -0.432007 -0.304858
    outer loop
      vertex 1102.8 -1097.93 2196.52
      vertex 1101.06 -1096.67 2189.89
      vertex 1105.92 -1091.8 2196.52
    endloop
  endfacet
  facet normal 0.707107 0.707107 0
    outer loop
      vertex 1101.04 -1070.31 2203.48
      vertex 1102.8 -1072.07 2203.48
      vertex 1101.5 -1070.77 2200
    endloop
  endfacet
  facet normal 0.707107 0.707107 -0
    outer loop
      vertex 1102.8 -1072.07 2196.52
      vertex 1101.5 -1070.77 2200
      vertex 1102.8 -1072.07 2203.48
    endloop
  endfacet
  facet normal 0.707107 0.707107 0
    outer loop
      vertex 1101.5 -1070.77 2200
      vertex 1102.8 -1072.07 2196.52
      vertex 1101.04 -1070.31 2196.52
    endloop
  endfacet
  facet normal 0.987621 0.156857 0
    outer loop
      vertex 1107 -1085 2203.48
      vertex 1105.92 -1078.2 2196.52
      vertex 1105.92 -1078.2 2203.48
    endloop
  endfacet
  facet normal 0.987621 0.156857 0
    outer loop
      vertex 1105.92 -1078.2 2196.52
      vertex 1107 -1085 2203.48
      vertex 1107 -1085 2196.52
    endloop
  endfacet
  facet normal 0.369098 -0.723367 0.583529
    outer loop
      vertex 1094.26 -1097.74 2215.75
      vertex 1089.87 -1099.98 2215.75
      vertex 1096.67 -1101.06 2210.11
    endloop
  endfacet
  facet normal 0.724055 -0.368562 0.583015
    outer loop
      vertex 1103.88 -1091.13 2210.11
      vertex 1099.98 -1089.87 2215.75
      vertex 1101.06 -1096.67 2210.11
    endloop
  endfacet
  facet normal 0.802356 -0.126963 0.583185
    outer loop
      vertex 1104.85 -1085 2210.11
      vertex 1099.98 -1089.87 2215.75
      vertex 1103.88 -1091.13 2210.11
    endloop
  endfacet
  facet normal 0.269439 -0.528051 0.805335
    outer loop
      vertex 1094.26 -1097.74 2215.75
      vertex 1088.12 -1094.62 2219.85
      vertex 1089.87 -1099.98 2215.75
    endloop
  endfacet
  facet normal -0.419078 -0.419078 0.805448
    outer loop
      vertex 1076.82 -1090.94 2219.85
      vertex 1075.74 -1097.74 2215.75
      vertex 1079.06 -1093.18 2219.85
    endloop
  endfacet
  facet normal -0.419078 -0.419078 0.805448
    outer loop
      vertex 1075.74 -1097.74 2215.75
      vertex 1076.82 -1090.94 2219.85
      vertex 1072.26 -1094.26 2215.75
    endloop
  endfacet
  facet normal 0.156857 -0.987621 0
    outer loop
      vertex 1085 -1107 2196.52
      vertex 1091.8 -1105.92 2203.48
      vertex 1085 -1107 2203.48
    endloop
  endfacet
  facet normal 0.156857 -0.987621 0
    outer loop
      vertex 1091.8 -1105.92 2203.48
      vertex 1085 -1107 2196.52
      vertex 1091.8 -1105.92 2196.52
    endloop
  endfacet
  facet normal 0.126963 -0.802356 0.583185
    outer loop
      vertex 1089.87 -1099.98 2215.75
      vertex 1085 -1104.85 2210.11
      vertex 1091.13 -1103.88 2210.11
    endloop
  endfacet
  facet normal 0.432048 -0.848775 0.304822
    outer loop
      vertex 1096.67 -1101.06 2210.11
      vertex 1091.13 -1103.88 2210.11
      vertex 1091.8 -1105.92 2203.48
    endloop
  endfacet
  facet normal 0.0926054 -0.585699 -0.805221
    outer loop
      vertex 1089.87 -1099.98 2184.25
      vertex 1085 -1100.75 2184.25
      vertex 1088.12 -1094.62 2180.15
    endloop
  endfacet
  facet normal 0.0919551 -0.58551 -0.805433
    outer loop
      vertex 1088.12 -1094.62 2180.15
      vertex 1085 -1100.75 2184.25
      vertex 1085 -1095.11 2180.15
    endloop
  endfacet
  facet normal 0.126856 -0.802325 -0.583251
    outer loop
      vertex 1089.87 -1099.98 2184.25
      vertex 1085 -1104.85 2189.89
      vertex 1085 -1100.75 2184.25
    endloop
  endfacet
  facet normal -0.126856 -0.802325 -0.583251
    outer loop
      vertex 1085 -1104.85 2189.89
      vertex 1080.13 -1099.98 2184.25
      vertex 1085 -1100.75 2184.25
    endloop
  endfacet
  facet normal -0.156857 -0.987621 0
    outer loop
      vertex 1078.2 -1105.92 2196.52
      vertex 1085 -1107 2203.48
      vertex 1078.2 -1105.92 2203.48
    endloop
  endfacet
  facet normal -0.156857 -0.987621 -0
    outer loop
      vertex 1085 -1107 2203.48
      vertex 1078.2 -1105.92 2196.52
      vertex 1085 -1107 2196.52
    endloop
  endfacet
  facet normal -0.376066 0.737022 -0.561581
    outer loop
      vertex 1075.74 -1072.26 2184.25
      vertex 1079.99 -1070 2184.37
      vertex 1080.13 -1070.02 2184.25
    endloop
  endfacet
  facet normal -0.366778 0.723951 -0.584268
    outer loop
      vertex 1076.75 -1070.57 2185.71
      vertex 1075.74 -1072.26 2184.25
      vertex 1074.32 -1070.3 2187.57
    endloop
  endfacet
  facet normal -0.368531 0.723996 -0.583107
    outer loop
      vertex 1079.99 -1070 2184.37
      vertex 1075.74 -1072.26 2184.25
      vertex 1076.75 -1070.57 2185.71
    endloop
  endfacet
  facet normal -0.269439 0.528051 -0.805335
    outer loop
      vertex 1081.88 -1075.38 2180.15
      vertex 1075.74 -1072.26 2184.25
      vertex 1080.13 -1070.02 2184.25
    endloop
  endfacet
  facet normal 0.419078 0.419078 0.805448
    outer loop
      vertex 1094.26 -1072.26 2215.75
      vertex 1093.18 -1079.06 2219.85
      vertex 1097.74 -1075.74 2215.75
    endloop
  endfacet
  facet normal 0.419078 0.419078 0.805448
    outer loop
      vertex 1093.18 -1079.06 2219.85
      vertex 1094.26 -1072.26 2215.75
      vertex 1090.94 -1076.82 2219.85
    endloop
  endfacet
  facet normal 0.419078 0.419078 -0.805448
    outer loop
      vertex 1093.18 -1079.06 2180.15
      vertex 1094.26 -1072.26 2184.25
      vertex 1097.74 -1075.74 2184.25
    endloop
  endfacet
  facet normal 0.419078 0.419078 -0.805448
    outer loop
      vertex 1094.26 -1072.26 2184.25
      vertex 1093.18 -1079.06 2180.15
      vertex 1090.94 -1076.82 2180.15
    endloop
  endfacet
  facet normal -0.278034 0.141975 0.950021
    outer loop
      vertex 1076.82 -1079.06 2219.85
      vertex 1075.38 -1081.88 2219.85
      vertex 1082.18 -1082.95 2222
    endloop
  endfacet
  facet normal -0.527892 0.269562 -0.805398
    outer loop
      vertex 1075.38 -1081.88 2180.15
      vertex 1072.26 -1075.74 2184.25
      vertex 1076.82 -1079.06 2180.15
    endloop
  endfacet
  facet normal -0.528051 0.269439 -0.805335
    outer loop
      vertex 1075.38 -1081.88 2180.15
      vertex 1070.02 -1080.13 2184.25
      vertex 1072.26 -1075.74 2184.25
    endloop
  endfacet
  facet normal -0.269439 0.528051 0.805335
    outer loop
      vertex 1080.13 -1070.02 2215.75
      vertex 1075.74 -1072.26 2215.75
      vertex 1081.88 -1075.38 2219.85
    endloop
  endfacet
  facet normal -0.576117 0.576117 0.57981
    outer loop
      vertex 1072.14 -1070.14 2210.11
      vertex 1070.14 -1072.14 2210.11
      vertex 1070.52 -1073.33 2211.67
    endloop
  endfacet
  facet normal -0.575566 0.572351 0.58407
    outer loop
      vertex 1073.33 -1070.52 2211.67
      vertex 1075.74 -1072.26 2215.75
      vertex 1074.32 -1070.3 2212.43
    endloop
  endfacet
  facet normal -0.574049 0.574049 0.583898
    outer loop
      vertex 1073.33 -1070.52 2211.67
      vertex 1072.26 -1075.74 2215.75
      vertex 1075.74 -1072.26 2215.75
    endloop
  endfacet
  facet normal -0.576117 0.576117 0.57981
    outer loop
      vertex 1070.52 -1073.33 2211.67
      vertex 1073.33 -1070.52 2211.67
      vertex 1072.14 -1070.14 2210.11
    endloop
  endfacet
  facet normal -0.574049 0.574049 0.583898
    outer loop
      vertex 1073.33 -1070.52 2211.67
      vertex 1070.52 -1073.33 2211.67
      vertex 1072.26 -1075.74 2215.75
    endloop
  endfacet
  facet normal -0.572351 0.575566 0.58407
    outer loop
      vertex 1072.26 -1075.74 2215.75
      vertex 1070.52 -1073.33 2211.67
      vertex 1070.3 -1074.32 2212.43
    endloop
  endfacet
  facet normal -0.527892 -0.269562 0.805398
    outer loop
      vertex 1075.38 -1088.12 2219.85
      vertex 1072.26 -1094.26 2215.75
      vertex 1076.82 -1090.94 2219.85
    endloop
  endfacet
  facet normal -0.368562 -0.724055 0.583015
    outer loop
      vertex 1080.13 -1099.98 2215.75
      vertex 1073.33 -1101.06 2210.11
      vertex 1078.87 -1103.88 2210.11
    endloop
  endfacet
  facet normal 0.419078 -0.419078 0.805448
    outer loop
      vertex 1093.18 -1090.94 2219.85
      vertex 1094.26 -1097.74 2215.75
      vertex 1097.74 -1094.26 2215.75
    endloop
  endfacet
  facet normal 0.419078 -0.419078 0.805448
    outer loop
      vertex 1094.26 -1097.74 2215.75
      vertex 1093.18 -1090.94 2219.85
      vertex 1090.94 -1093.18 2219.85
    endloop
  endfacet
  facet normal -0.220809 -0.220809 0.949993
    outer loop
      vertex 1082.18 -1087.05 2222
      vertex 1079.06 -1093.18 2219.85
      vertex 1082.95 -1087.82 2222
    endloop
  endfacet
  facet normal -0.220809 -0.220809 0.949993
    outer loop
      vertex 1079.06 -1093.18 2219.85
      vertex 1082.18 -1087.05 2222
      vertex 1076.82 -1090.94 2219.85
    endloop
  endfacet
  facet normal -0.140582 -0.278295 0.950152
    outer loop
      vertex 1082.95 -1087.82 2222
      vertex 1081.88 -1094.62 2219.85
      vertex 1083.92 -1088.31 2222
    endloop
  endfacet
  facet normal -0.528051 -0.269439 0.805335
    outer loop
      vertex 1075.38 -1088.12 2219.85
      vertex 1070.02 -1089.87 2215.75
      vertex 1072.26 -1094.26 2215.75
    endloop
  endfacet
  facet normal -0.723996 -0.368531 0.583107
    outer loop
      vertex 1072.26 -1094.26 2215.75
      vertex 1070 -1090.01 2215.63
      vertex 1070.57 -1093.25 2214.29
    endloop
  endfacet
  facet normal -0.737022 -0.376066 0.561581
    outer loop
      vertex 1070 -1090.01 2215.63
      vertex 1072.26 -1094.26 2215.75
      vertex 1070.02 -1089.87 2215.75
    endloop
  endfacet
  facet normal -0.723951 -0.366778 0.584268
    outer loop
      vertex 1072.26 -1094.26 2215.75
      vertex 1070.57 -1093.25 2214.29
      vertex 1070.3 -1095.68 2212.43
    endloop
  endfacet
  facet normal 0.141975 -0.278034 0.950021
    outer loop
      vertex 1090.94 -1093.18 2219.85
      vertex 1087.05 -1087.82 2222
      vertex 1088.12 -1094.62 2219.85
    endloop
  endfacet
  facet normal 0.140582 -0.278295 0.950152
    outer loop
      vertex 1087.05 -1087.82 2222
      vertex 1086.08 -1088.31 2222
      vertex 1088.12 -1094.62 2219.85
    endloop
  endfacet
  facet normal -0.100251 0.751882 -0.651631
    outer loop
      vertex 1080.28 -1070 2184.25
      vertex 1080.13 -1070.02 2184.25
      vertex 1080.17 -1069.98 2184.29
    endloop
  endfacet
  facet normal 0.100251 0.751882 -0.651631
    outer loop
      vertex 1089.87 -1070.02 2184.25
      vertex 1089.72 -1070 2184.25
      vertex 1089.83 -1069.98 2184.29
    endloop
  endfacet
  facet normal 0.140582 -0.278295 -0.950152
    outer loop
      vertex 1088.12 -1094.62 2180.15
      vertex 1086.08 -1088.31 2178
      vertex 1087.05 -1087.82 2178
    endloop
  endfacet
  facet normal 0.0483888 0.308108 -0.95012
    outer loop
      vertex 1088.12 -1075.38 2180.15
      vertex 1085 -1081.52 2178
      vertex 1085 -1074.89 2180.15
    endloop
  endfacet
  facet normal -0.278034 -0.141975 -0.950021
    outer loop
      vertex 1076.82 -1090.94 2180.15
      vertex 1075.38 -1088.12 2180.15
      vertex 1082.18 -1087.05 2178
    endloop
  endfacet
  facet normal -0.527892 -0.269562 -0.805398
    outer loop
      vertex 1076.82 -1090.94 2180.15
      vertex 1072.26 -1094.26 2184.25
      vertex 1075.38 -1088.12 2180.15
    endloop
  endfacet
  facet normal -0.0483888 -0.308108 -0.95012
    outer loop
      vertex 1085 -1095.11 2180.15
      vertex 1081.88 -1094.62 2180.15
      vertex 1085 -1088.48 2178
    endloop
  endfacet
  facet normal -0.220809 -0.220809 -0.949993
    outer loop
      vertex 1079.06 -1093.18 2180.15
      vertex 1082.18 -1087.05 2178
      vertex 1082.95 -1087.82 2178
    endloop
  endfacet
  facet normal -0.220809 -0.220809 -0.949993
    outer loop
      vertex 1082.18 -1087.05 2178
      vertex 1079.06 -1093.18 2180.15
      vertex 1076.82 -1090.94 2180.15
    endloop
  endfacet
  facet normal 0.220809 -0.220809 -0.949993
    outer loop
      vertex 1090.94 -1093.18 2180.15
      vertex 1087.82 -1087.05 2178
      vertex 1093.18 -1090.94 2180.15
    endloop
  endfacet
  facet normal 0.220809 -0.220809 -0.949993
    outer loop
      vertex 1087.82 -1087.05 2178
      vertex 1090.94 -1093.18 2180.15
      vertex 1087.05 -1087.82 2178
    endloop
  endfacet
  facet normal 0.278295 -0.140582 -0.950152
    outer loop
      vertex 1094.62 -1088.12 2180.15
      vertex 1087.82 -1087.05 2178
      vertex 1088.31 -1086.08 2178
    endloop
  endfacet
  facet normal 0.149383 -0.940561 -0.305008
    outer loop
      vertex 1091.8 -1105.92 2196.52
      vertex 1085 -1107 2196.52
      vertex 1085 -1104.85 2189.89
    endloop
  endfacet
  facet normal 0.453599 -0.891206 0
    outer loop
      vertex 1091.8 -1105.92 2196.52
      vertex 1097.93 -1102.8 2203.48
      vertex 1091.8 -1105.92 2203.48
    endloop
  endfacet
  facet normal 0.453599 -0.891206 0
    outer loop
      vertex 1097.93 -1102.8 2203.48
      vertex 1091.8 -1105.92 2196.52
      vertex 1097.93 -1102.8 2196.52
    endloop
  endfacet
  facet normal 0.14887 -0.9408 -0.304521
    outer loop
      vertex 1091.8 -1105.92 2196.52
      vertex 1085 -1104.85 2189.89
      vertex 1091.13 -1103.88 2189.89
    endloop
  endfacet
  facet normal 0.432048 -0.848775 -0.304822
    outer loop
      vertex 1091.8 -1105.92 2196.52
      vertex 1091.13 -1103.88 2189.89
      vertex 1096.67 -1101.06 2189.89
    endloop
  endfacet
  facet normal -0.0919551 -0.58551 -0.805433
    outer loop
      vertex 1085 -1100.75 2184.25
      vertex 1081.88 -1094.62 2180.15
      vertex 1085 -1095.11 2180.15
    endloop
  endfacet
  facet normal -0.0926054 -0.585699 -0.805221
    outer loop
      vertex 1085 -1100.75 2184.25
      vertex 1080.13 -1099.98 2184.25
      vertex 1081.88 -1094.62 2180.15
    endloop
  endfacet
  facet normal -0.141975 -0.278034 -0.950021
    outer loop
      vertex 1081.88 -1094.62 2180.15
      vertex 1079.06 -1093.18 2180.15
      vertex 1082.95 -1087.82 2178
    endloop
  endfacet
  facet normal 0.269562 -0.527892 -0.805398
    outer loop
      vertex 1094.26 -1097.74 2184.25
      vertex 1088.12 -1094.62 2180.15
      vertex 1090.94 -1093.18 2180.15
    endloop
  endfacet
  facet normal -0.432048 -0.848775 -0.304822
    outer loop
      vertex 1078.2 -1105.92 2196.52
      vertex 1073.33 -1101.06 2189.89
      vertex 1078.87 -1103.88 2189.89
    endloop
  endfacet
  facet normal -0.368562 -0.724055 -0.583015
    outer loop
      vertex 1078.87 -1103.88 2189.89
      vertex 1073.33 -1101.06 2189.89
      vertex 1080.13 -1099.98 2184.25
    endloop
  endfacet
  facet normal -0.30806 0.0484909 0.95013
    outer loop
      vertex 1081.69 -1083.92 2222
      vertex 1075.38 -1081.88 2219.85
      vertex 1081.52 -1085 2222
    endloop
  endfacet
  facet normal -0.585515 0.0912015 -0.805515
    outer loop
      vertex 1070.18 -1080.73 2184.06
      vertex 1075.38 -1081.88 2180.15
      vertex 1070.27 -1084.48 2183.57
    endloop
  endfacet
  facet normal -0.58386 0.0994551 -0.80574
    outer loop
      vertex 1070.18 -1080.73 2184.06
      vertex 1070.02 -1080.13 2184.25
      vertex 1075.38 -1081.88 2180.15
    endloop
  endfacet
  facet normal -0.618588 0.0824784 -0.781374
    outer loop
      vertex 1070.02 -1080.13 2184.25
      vertex 1070.18 -1080.73 2184.06
      vertex 1070 -1080.28 2184.25
    endloop
  endfacet
  facet normal -0.585079 0.0971325 -0.805138
    outer loop
      vertex 1070.27 -1084.48 2183.57
      vertex 1074.89 -1085 2180.15
      vertex 1070.28 -1085 2183.5
    endloop
  endfacet
  facet normal -0.585746 0.0919921 -0.805257
    outer loop
      vertex 1074.89 -1085 2180.15
      vertex 1070.27 -1084.48 2183.57
      vertex 1075.38 -1081.88 2180.15
    endloop
  endfacet
  facet normal -0.196116 0.784465 0.588348
    outer loop
      vertex 1080.17 -1069.98 2215.71
      vertex 1080.12 -1069.97 2215.68
      vertex 1080.13 -1070.02 2215.75
    endloop
  endfacet
  facet normal -0.386896 0.723328 0.571934
    outer loop
      vertex 1080.12 -1069.97 2215.68
      vertex 1079.99 -1070 2215.63
      vertex 1080.13 -1070.02 2215.75
    endloop
  endfacet
  facet normal -0.723951 0.366778 0.584268
    outer loop
      vertex 1070.57 -1076.75 2214.29
      vertex 1072.26 -1075.74 2215.75
      vertex 1070.3 -1074.32 2212.43
    endloop
  endfacet
  facet normal -0.723996 0.368531 0.583107
    outer loop
      vertex 1070 -1079.99 2215.63
      vertex 1072.26 -1075.74 2215.75
      vertex 1070.57 -1076.75 2214.29
    endloop
  endfacet
  facet normal -0.737022 0.376066 0.561581
    outer loop
      vertex 1072.26 -1075.74 2215.75
      vertex 1070 -1079.99 2215.63
      vertex 1070.02 -1080.13 2215.75
    endloop
  endfacet
  facet normal -0.419078 0.419078 0.805448
    outer loop
      vertex 1075.74 -1072.26 2215.75
      vertex 1076.82 -1079.06 2219.85
      vertex 1079.06 -1076.82 2219.85
    endloop
  endfacet
  facet normal -0.419078 0.419078 0.805448
    outer loop
      vertex 1076.82 -1079.06 2219.85
      vertex 1075.74 -1072.26 2215.75
      vertex 1072.26 -1075.74 2215.75
    endloop
  endfacet
  facet normal -0.369098 -0.723367 0.583529
    outer loop
      vertex 1075.74 -1097.74 2215.75
      vertex 1073.33 -1101.06 2210.11
      vertex 1080.13 -1099.98 2215.75
    endloop
  endfacet
  facet normal -0.269439 -0.528051 0.805335
    outer loop
      vertex 1081.88 -1094.62 2219.85
      vertex 1075.74 -1097.74 2215.75
      vertex 1080.13 -1099.98 2215.75
    endloop
  endfacet
  facet normal 0 0 1
    outer loop
      vertex 1088.31 -1083.92 2222
      vertex 1088.31 -1086.08 2222
      vertex 1088.48 -1085 2222
    endloop
  endfacet
  facet normal 0 0 1
    outer loop
      vertex 1087.82 -1082.95 2222
      vertex 1088.31 -1086.08 2222
      vertex 1088.31 -1083.92 2222
    endloop
  endfacet
  facet normal 0 0 1
    outer loop
      vertex 1087.82 -1082.95 2222
      vertex 1087.82 -1087.05 2222
      vertex 1088.31 -1086.08 2222
    endloop
  endfacet
  facet normal 0 0 1
    outer loop
      vertex 1087.05 -1082.18 2222
      vertex 1087.82 -1087.05 2222
      vertex 1087.82 -1082.95 2222
    endloop
  endfacet
  facet normal 0 0 1
    outer loop
      vertex 1087.05 -1082.18 2222
      vertex 1087.05 -1087.82 2222
      vertex 1087.82 -1087.05 2222
    endloop
  endfacet
  facet normal 0 0 1
    outer loop
      vertex 1086.08 -1081.69 2222
      vertex 1087.05 -1087.82 2222
      vertex 1087.05 -1082.18 2222
    endloop
  endfacet
  facet normal 0 0 1
    outer loop
      vertex 1086.08 -1081.69 2222
      vertex 1086.08 -1088.31 2222
      vertex 1087.05 -1087.82 2222
    endloop
  endfacet
  facet normal 0 0 1
    outer loop
      vertex 1085 -1081.52 2222
      vertex 1086.08 -1088.31 2222
      vertex 1086.08 -1081.69 2222
    endloop
  endfacet
  facet normal 0 0 1
    outer loop
      vertex 1085 -1081.52 2222
      vertex 1085 -1088.48 2222
      vertex 1086.08 -1088.31 2222
    endloop
  endfacet
  facet normal -0 0 1
    outer loop
      vertex 1083.92 -1081.69 2222
      vertex 1085 -1088.48 2222
      vertex 1085 -1081.52 2222
    endloop
  endfacet
  facet normal 0 0 1
    outer loop
      vertex 1083.92 -1081.69 2222
      vertex 1083.92 -1088.31 2222
      vertex 1085 -1088.48 2222
    endloop
  endfacet
  facet normal -0 0 1
    outer loop
      vertex 1082.95 -1082.18 2222
      vertex 1083.92 -1088.31 2222
      vertex 1083.92 -1081.69 2222
    endloop
  endfacet
  facet normal 0 0 1
    outer loop
      vertex 1082.95 -1082.18 2222
      vertex 1082.95 -1087.82 2222
      vertex 1083.92 -1088.31 2222
    endloop
  endfacet
  facet normal -0 0 1
    outer loop
      vertex 1082.18 -1082.95 2222
      vertex 1082.95 -1087.82 2222
      vertex 1082.95 -1082.18 2222
    endloop
  endfacet
  facet normal 0 0 1
    outer loop
      vertex 1082.18 -1082.95 2222
      vertex 1082.18 -1087.05 2222
      vertex 1082.95 -1087.82 2222
    endloop
  endfacet
  facet normal -0 0 1
    outer loop
      vertex 1081.69 -1083.92 2222
      vertex 1082.18 -1087.05 2222
      vertex 1082.18 -1082.95 2222
    endloop
  endfacet
  facet normal 0 0 1
    outer loop
      vertex 1081.69 -1083.92 2222
      vertex 1081.69 -1086.08 2222
      vertex 1082.18 -1087.05 2222
    endloop
  endfacet
  facet normal 0 -0 1
    outer loop
      vertex 1081.69 -1086.08 2222
      vertex 1081.69 -1083.92 2222
      vertex 1081.52 -1085 2222
    endloop
  endfacet
  facet normal 0.0483888 -0.308108 0.95012
    outer loop
      vertex 1085 -1088.48 2222
      vertex 1085 -1095.11 2219.85
      vertex 1088.12 -1094.62 2219.85
    endloop
  endfacet
  facet normal -0.0483888 -0.308108 0.95012
    outer loop
      vertex 1085 -1088.48 2222
      vertex 1081.88 -1094.62 2219.85
      vertex 1085 -1095.11 2219.85
    endloop
  endfacet
  facet normal -0.308108 -0.0483888 -0.95012
    outer loop
      vertex 1075.38 -1088.12 2180.15
      vertex 1074.89 -1085 2180.15
      vertex 1081.52 -1085 2178
    endloop
  endfacet
  facet normal -0.0484909 0.30806 -0.95013
    outer loop
      vertex 1083.92 -1081.69 2178
      vertex 1081.88 -1075.38 2180.15
      vertex 1085 -1081.52 2178
    endloop
  endfacet
  facet normal -0.141975 0.278034 -0.950021
    outer loop
      vertex 1082.95 -1082.18 2178
      vertex 1079.06 -1076.82 2180.15
      vertex 1081.88 -1075.38 2180.15
    endloop
  endfacet
  facet normal 0.0483888 -0.308108 -0.95012
    outer loop
      vertex 1088.12 -1094.62 2180.15
      vertex 1085 -1095.11 2180.15
      vertex 1085 -1088.48 2178
    endloop
  endfacet
  facet normal 0.0484909 -0.30806 -0.95013
    outer loop
      vertex 1088.12 -1094.62 2180.15
      vertex 1085 -1088.48 2178
      vertex 1086.08 -1088.31 2178
    endloop
  endfacet
  facet normal 0.30806 -0.0484909 -0.95013
    outer loop
      vertex 1094.62 -1088.12 2180.15
      vertex 1088.31 -1086.08 2178
      vertex 1088.48 -1085 2178
    endloop
  endfacet
  facet normal 0.432007 -0.848782 0.304858
    outer loop
      vertex 1096.67 -1101.06 2210.11
      vertex 1091.8 -1105.92 2203.48
      vertex 1097.93 -1102.8 2203.48
    endloop
  endfacet
  facet normal 0.673474 -0.673474 0.304739
    outer loop
      vertex 1096.67 -1101.06 2210.11
      vertex 1102.8 -1097.93 2203.48
      vertex 1101.06 -1096.67 2210.11
    endloop
  endfacet
  facet normal 0.673474 -0.673474 0.304739
    outer loop
      vertex 1102.8 -1097.93 2203.48
      vertex 1096.67 -1101.06 2210.11
      vertex 1097.93 -1102.8 2203.48
    endloop
  endfacet
  facet normal 0.432007 -0.848782 -0.304858
    outer loop
      vertex 1097.93 -1102.8 2196.52
      vertex 1091.8 -1105.92 2196.52
      vertex 1096.67 -1101.06 2189.89
    endloop
  endfacet
  facet normal 0.673474 -0.673474 -0.304739
    outer loop
      vertex 1102.8 -1097.93 2196.52
      vertex 1096.67 -1101.06 2189.89
      vertex 1101.06 -1096.67 2189.89
    endloop
  endfacet
  facet normal 0.673474 -0.673474 -0.304739
    outer loop
      vertex 1096.67 -1101.06 2189.89
      vertex 1102.8 -1097.93 2196.52
      vertex 1097.93 -1102.8 2196.52
    endloop
  endfacet
  facet normal -0.269562 -0.527892 -0.805398
    outer loop
      vertex 1081.88 -1094.62 2180.15
      vertex 1075.74 -1097.74 2184.25
      vertex 1079.06 -1093.18 2180.15
    endloop
  endfacet
  facet normal -0.278295 0.140582 -0.950152
    outer loop
      vertex 1081.69 -1083.92 2178
      vertex 1075.38 -1081.88 2180.15
      vertex 1082.18 -1082.95 2178
    endloop
  endfacet
  facet normal -0.278034 0.141975 -0.950021
    outer loop
      vertex 1082.18 -1082.95 2178
      vertex 1075.38 -1081.88 2180.15
      vertex 1076.82 -1079.06 2180.15
    endloop
  endfacet
  facet normal -0.673257 0.673257 0.305695
    outer loop
      vertex 1070.72 -1070.72 2208.26
      vertex 1070.14 -1072.14 2210.11
      vertex 1072.14 -1070.14 2210.11
    endloop
  endfacet
  facet normal -0.0912015 0.585515 0.805515
    outer loop
      vertex 1080.73 -1070.18 2215.94
      vertex 1081.88 -1075.38 2219.85
      vertex 1084.48 -1070.27 2216.43
    endloop
  endfacet
  facet normal -0.0824784 0.618588 0.781374
    outer loop
      vertex 1080.13 -1070.02 2215.75
      vertex 1080.73 -1070.18 2215.94
      vertex 1080.28 -1070 2215.75
    endloop
  endfacet
  facet normal -0.0994551 0.58386 0.80574
    outer loop
      vertex 1080.73 -1070.18 2215.94
      vertex 1080.13 -1070.02 2215.75
      vertex 1081.88 -1075.38 2219.85
    endloop
  endfacet
  facet normal -0.100251 0.751882 0.651631
    outer loop
      vertex 1080.17 -1069.98 2215.71
      vertex 1080.13 -1070.02 2215.75
      vertex 1080.28 -1070 2215.75
    endloop
  endfacet
  facet normal 0 0 -1
    outer loop
      vertex 1088.31 -1086.08 2178
      vertex 1088.31 -1083.92 2178
      vertex 1088.48 -1085 2178
    endloop
  endfacet
  facet normal 0 0 -1
    outer loop
      vertex 1087.82 -1087.05 2178
      vertex 1088.31 -1083.92 2178
      vertex 1088.31 -1086.08 2178
    endloop
  endfacet
  facet normal 0 0 -1
    outer loop
      vertex 1087.82 -1087.05 2178
      vertex 1087.82 -1082.95 2178
      vertex 1088.31 -1083.92 2178
    endloop
  endfacet
  facet normal 0 0 -1
    outer loop
      vertex 1087.05 -1087.82 2178
      vertex 1087.82 -1082.95 2178
      vertex 1087.82 -1087.05 2178
    endloop
  endfacet
  facet normal 0 0 -1
    outer loop
      vertex 1087.05 -1087.82 2178
      vertex 1087.05 -1082.18 2178
      vertex 1087.82 -1082.95 2178
    endloop
  endfacet
  facet normal 0 0 -1
    outer loop
      vertex 1086.08 -1088.31 2178
      vertex 1087.05 -1082.18 2178
      vertex 1087.05 -1087.82 2178
    endloop
  endfacet
  facet normal 0 0 -1
    outer loop
      vertex 1086.08 -1088.31 2178
      vertex 1086.08 -1081.69 2178
      vertex 1087.05 -1082.18 2178
    endloop
  endfacet
  facet normal 0 0 -1
    outer loop
      vertex 1085 -1088.48 2178
      vertex 1086.08 -1081.69 2178
      vertex 1086.08 -1088.31 2178
    endloop
  endfacet
  facet normal 0 0 -1
    outer loop
      vertex 1085 -1088.48 2178
      vertex 1085 -1081.52 2178
      vertex 1086.08 -1081.69 2178
    endloop
  endfacet
  facet normal 0 0 -1
    outer loop
      vertex 1083.92 -1088.31 2178
      vertex 1085 -1081.52 2178
      vertex 1085 -1088.48 2178
    endloop
  endfacet
  facet normal 0 0 -1
    outer loop
      vertex 1083.92 -1088.31 2178
      vertex 1083.92 -1081.69 2178
      vertex 1085 -1081.52 2178
    endloop
  endfacet
  facet normal 0 0 -1
    outer loop
      vertex 1082.95 -1087.82 2178
      vertex 1083.92 -1081.69 2178
      vertex 1083.92 -1088.31 2178
    endloop
  endfacet
  facet normal 0 0 -1
    outer loop
      vertex 1082.95 -1087.82 2178
      vertex 1082.95 -1082.18 2178
      vertex 1083.92 -1081.69 2178
    endloop
  endfacet
  facet normal 0 0 -1
    outer loop
      vertex 1082.18 -1087.05 2178
      vertex 1082.95 -1082.18 2178
      vertex 1082.95 -1087.82 2178
    endloop
  endfacet
  facet normal 0 0 -1
    outer loop
      vertex 1082.18 -1087.05 2178
      vertex 1082.18 -1082.95 2178
      vertex 1082.95 -1082.18 2178
    endloop
  endfacet
  facet normal 0 0 -1
    outer loop
      vertex 1081.69 -1086.08 2178
      vertex 1082.18 -1082.95 2178
      vertex 1082.18 -1087.05 2178
    endloop
  endfacet
  facet normal 0 0 -1
    outer loop
      vertex 1081.69 -1086.08 2178
      vertex 1081.69 -1083.92 2178
      vertex 1082.18 -1082.95 2178
    endloop
  endfacet
  facet normal 0 -0 -1
    outer loop
      vertex 1081.69 -1083.92 2178
      vertex 1081.69 -1086.08 2178
      vertex 1081.52 -1085 2178
    endloop
  endfacet
  facet normal -0.140582 -0.278295 -0.950152
    outer loop
      vertex 1083.92 -1088.31 2178
      vertex 1081.88 -1094.62 2180.15
      vertex 1082.95 -1087.82 2178
    endloop
  endfacet
  facet normal 0.419078 -0.419078 0.805448
    outer loop
      vertex 1093.18 1079.06 2219.85
      vertex 1094.26 1072.26 2215.75
      vertex 1097.74 1075.74 2215.75
    endloop
  endfacet
  facet normal 0.419078 -0.419078 0.805448
    outer loop
      vertex 1094.26 1072.26 2215.75
      vertex 1093.18 1079.06 2219.85
      vertex 1090.94 1076.82 2219.85
    endloop
  endfacet
  facet normal -0.723951 0.366778 0.584268
    outer loop
      vertex 1070.57 1093.25 2214.29
      vertex 1072.26 1094.26 2215.75
      vertex 1070.3 1095.68 2212.43
    endloop
  endfacet
  facet normal -0.723996 0.368531 0.583107
    outer loop
      vertex 1070 1090.01 2215.63
      vertex 1072.26 1094.26 2215.75
      vertex 1070.57 1093.25 2214.29
    endloop
  endfacet
  facet normal -0.737022 0.376066 0.561581
    outer loop
      vertex 1072.26 1094.26 2215.75
      vertex 1070 1090.01 2215.63
      vertex 1070.02 1089.87 2215.75
    endloop
  endfacet
  facet normal -0.723328 0.386896 -0.571934
    outer loop
      vertex 1070.02 1089.87 2184.25
      vertex 1069.97 1089.88 2184.32
      vertex 1070 1090.01 2184.37
    endloop
  endfacet
  facet normal -0.723328 -0.386896 0.571934
    outer loop
      vertex 1070.02 1080.13 2215.75
      vertex 1069.97 1080.12 2215.68
      vertex 1070 1079.99 2215.63
    endloop
  endfacet
  facet normal 0.723367 -0.369098 0.583529
    outer loop
      vertex 1099.98 1080.13 2215.75
      vertex 1097.74 1075.74 2215.75
      vertex 1101.06 1073.33 2210.11
    endloop
  endfacet
  facet normal -0.100251 -0.751882 -0.651631
    outer loop
      vertex 1080.17 1069.98 2184.29
      vertex 1080.13 1070.02 2184.25
      vertex 1080.28 1070 2184.25
    endloop
  endfacet
  facet normal -0.528051 0.269439 0.805335
    outer loop
      vertex 1072.26 1094.26 2215.75
      vertex 1070.02 1089.87 2215.75
      vertex 1075.38 1088.12 2219.85
    endloop
  endfacet
  facet normal 0.724055 0.368562 0.583015
    outer loop
      vertex 1101.06 1096.67 2210.11
      vertex 1099.98 1089.87 2215.75
      vertex 1103.88 1091.13 2210.11
    endloop
  endfacet
  facet normal 0.574279 0.574279 0.583443
    outer loop
      vertex 1096.67 1101.06 2210.11
      vertex 1097.74 1094.26 2215.75
      vertex 1101.06 1096.67 2210.11
    endloop
  endfacet
  facet normal 0.574279 0.574279 0.583443
    outer loop
      vertex 1097.74 1094.26 2215.75
      vertex 1096.67 1101.06 2210.11
      vertex 1094.26 1097.74 2215.75
    endloop
  endfacet
  facet normal 0.58551 0.0919551 0.805433
    outer loop
      vertex 1100.75 1085 2215.75
      vertex 1094.62 1088.12 2219.85
      vertex 1095.11 1085 2219.85
    endloop
  endfacet
  facet normal 0.14887 0.9408 0.304521
    outer loop
      vertex 1091.8 1105.92 2203.48
      vertex 1085 1104.85 2210.11
      vertex 1091.13 1103.88 2210.11
    endloop
  endfacet
  facet normal 0.278295 0.140582 0.950152
    outer loop
      vertex 1094.62 1088.12 2219.85
      vertex 1087.82 1087.05 2222
      vertex 1088.31 1086.08 2222
    endloop
  endfacet
  facet normal -0.419078 -0.419078 0.805448
    outer loop
      vertex 1076.82 1079.06 2219.85
      vertex 1075.74 1072.26 2215.75
      vertex 1079.06 1076.82 2219.85
    endloop
  endfacet
  facet normal -0.419078 -0.419078 0.805448
    outer loop
      vertex 1075.74 1072.26 2215.75
      vertex 1076.82 1079.06 2219.85
      vertex 1072.26 1075.74 2215.75
    endloop
  endfacet
  facet normal -0.141975 -0.278034 0.950021
    outer loop
      vertex 1082.95 1082.18 2222
      vertex 1079.06 1076.82 2219.85
      vertex 1081.88 1075.38 2219.85
    endloop
  endfacet
  facet normal -0.269439 -0.528051 0.805335
    outer loop
      vertex 1081.88 1075.38 2219.85
      vertex 1075.74 1072.26 2215.75
      vertex 1080.13 1070.02 2215.75
    endloop
  endfacet
  facet normal 0.9408 -0.14887 -0.304521
    outer loop
      vertex 1105.92 1078.2 2196.52
      vertex 1103.88 1078.87 2189.89
      vertex 1104.85 1085 2189.89
    endloop
  endfacet
  facet normal 0.30806 -0.0484909 -0.95013
    outer loop
      vertex 1094.62 1081.88 2180.15
      vertex 1088.31 1083.92 2178
      vertex 1088.48 1085 2178
    endloop
  endfacet
  facet normal -0.528051 0.269439 -0.805335
    outer loop
      vertex 1075.38 1088.12 2180.15
      vertex 1070.02 1089.87 2184.25
      vertex 1072.26 1094.26 2184.25
    endloop
  endfacet
  facet normal -0.278295 -0.140582 -0.950152
    outer loop
      vertex 1082.18 1082.95 2178
      vertex 1075.38 1081.88 2180.15
      vertex 1081.69 1083.92 2178
    endloop
  endfacet
  facet normal 0.802325 0.126856 0.583251
    outer loop
      vertex 1104.85 1085 2210.11
      vertex 1099.98 1089.87 2215.75
      vertex 1100.75 1085 2215.75
    endloop
  endfacet
  facet normal -0.528051 -0.269439 0.805335
    outer loop
      vertex 1075.38 1081.88 2219.85
      vertex 1070.02 1080.13 2215.75
      vertex 1072.26 1075.74 2215.75
    endloop
  endfacet
  facet normal -0.723996 -0.368531 0.583107
    outer loop
      vertex 1072.26 1075.74 2215.75
      vertex 1070 1079.99 2215.63
      vertex 1070.57 1076.75 2214.29
    endloop
  endfacet
  facet normal -0.737022 -0.376066 0.561581
    outer loop
      vertex 1070 1079.99 2215.63
      vertex 1072.26 1075.74 2215.75
      vertex 1070.02 1080.13 2215.75
    endloop
  endfacet
  facet normal -0.723951 -0.366778 0.584268
    outer loop
      vertex 1072.26 1075.74 2215.75
      vertex 1070.57 1076.75 2214.29
      vertex 1070.3 1074.32 2212.43
    endloop
  endfacet
  facet normal -0.784465 -0.196116 0.588348
    outer loop
      vertex 1069.98 1080.17 2215.71
      vertex 1069.97 1080.12 2215.68
      vertex 1070.02 1080.13 2215.75
    endloop
  endfacet
  facet normal 0.196116 -0.784465 -0.588348
    outer loop
      vertex 1089.88 1069.97 2184.32
      vertex 1089.83 1069.98 2184.29
      vertex 1089.87 1070.02 2184.25
    endloop
  endfacet
  facet normal -0.527892 -0.269562 0.805398
    outer loop
      vertex 1075.38 1081.88 2219.85
      vertex 1072.26 1075.74 2215.75
      vertex 1076.82 1079.06 2219.85
    endloop
  endfacet
  facet normal 0.802356 -0.126963 0.583185
    outer loop
      vertex 1104.85 1085 2210.11
      vertex 1099.98 1080.13 2215.75
      vertex 1103.88 1078.87 2210.11
    endloop
  endfacet
  facet normal 0.848775 -0.432048 -0.304822
    outer loop
      vertex 1105.92 1078.2 2196.52
      vertex 1101.06 1073.33 2189.89
      vertex 1103.88 1078.87 2189.89
    endloop
  endfacet
  facet normal 0.848782 0.432007 0.304858
    outer loop
      vertex 1102.8 1097.93 2203.48
      vertex 1101.06 1096.67 2210.11
      vertex 1105.92 1091.8 2203.48
    endloop
  endfacet
  facet normal 0.0484909 0.30806 0.95013
    outer loop
      vertex 1088.12 1094.62 2219.85
      vertex 1085 1088.48 2222
      vertex 1086.08 1088.31 2222
    endloop
  endfacet
  facet normal -0.278295 0.140582 -0.950152
    outer loop
      vertex 1081.69 1086.08 2178
      vertex 1075.38 1088.12 2180.15
      vertex 1082.18 1087.05 2178
    endloop
  endfacet
  facet normal 0.891206 -0.453599 0
    outer loop
      vertex 1102.8 1072.07 2203.48
      vertex 1105.92 1078.2 2196.52
      vertex 1105.92 1078.2 2203.48
    endloop
  endfacet
  facet normal 0.891206 -0.453599 0
    outer loop
      vertex 1105.92 1078.2 2196.52
      vertex 1102.8 1072.07 2203.48
      vertex 1102.8 1072.07 2196.52
    endloop
  endfacet
  facet normal -0.432007 0.848782 0.304858
    outer loop
      vertex 1078.2 1105.92 2203.48
      vertex 1072.07 1102.8 2203.48
      vertex 1073.33 1101.06 2210.11
    endloop
  endfacet
  facet normal -0.572351 0.575566 -0.58407
    outer loop
      vertex 1072.26 1094.26 2184.25
      vertex 1070.3 1095.68 2187.57
      vertex 1070.52 1096.67 2188.33
    endloop
  endfacet
  facet normal -0.574049 0.574049 -0.583898
    outer loop
      vertex 1070.52 1096.67 2188.33
      vertex 1075.74 1097.74 2184.25
      vertex 1072.26 1094.26 2184.25
    endloop
  endfacet
  facet normal -0.572589 0.578592 -0.580839
    outer loop
      vertex 1070.14 1097.86 2189.89
      vertex 1075.74 1097.74 2184.25
      vertex 1070.52 1096.67 2188.33
    endloop
  endfacet
  facet normal -0.575226 0.573429 -0.583347
    outer loop
      vertex 1075.74 1097.74 2184.25
      vertex 1070.14 1097.86 2189.89
      vertex 1073.33 1101.06 2189.89
    endloop
  endfacet
  facet normal 0.802356 0.126963 -0.583185
    outer loop
      vertex 1104.85 1085 2189.89
      vertex 1099.98 1089.87 2184.25
      vertex 1103.88 1091.13 2189.89
    endloop
  endfacet
  facet normal 0.220809 0.220809 0.949993
    outer loop
      vertex 1090.94 1093.18 2219.85
      vertex 1087.82 1087.05 2222
      vertex 1093.18 1090.94 2219.85
    endloop
  endfacet
  facet normal 0.220809 0.220809 0.949993
    outer loop
      vertex 1087.82 1087.05 2222
      vertex 1090.94 1093.18 2219.85
      vertex 1087.05 1087.82 2222
    endloop
  endfacet
  facet normal -0.196116 -0.784465 0.588348
    outer loop
      vertex 1080.13 1070.02 2215.75
      vertex 1080.12 1069.97 2215.68
      vertex 1080.17 1069.98 2215.71
    endloop
  endfacet
  facet normal 0.308108 -0.0483888 0.95012
    outer loop
      vertex 1095.11 1085 2219.85
      vertex 1088.48 1085 2222
      vertex 1094.62 1081.88 2219.85
    endloop
  endfacet
  facet normal 0.269439 -0.528051 0.805335
    outer loop
      vertex 1094.26 1072.26 2215.75
      vertex 1088.12 1075.38 2219.85
      vertex 1089.87 1070.02 2215.75
    endloop
  endfacet
  facet normal 0.140582 0.278295 0.950152
    outer loop
      vertex 1088.12 1094.62 2219.85
      vertex 1086.08 1088.31 2222
      vertex 1087.05 1087.82 2222
    endloop
  endfacet
  facet normal -0.751882 0.100251 0.651631
    outer loop
      vertex 1070.02 1089.87 2215.75
      vertex 1069.98 1089.83 2215.71
      vertex 1070 1089.72 2215.75
    endloop
  endfacet
  facet normal 0.673234 -0.67372 0.304723
    outer loop
      vertex 1101.06 1073.33 2210.11
      vertex 1099.29 1070.72 2208.25
      vertex 1102.8 1072.07 2203.48
    endloop
  endfacet
  facet normal 0.672031 -0.674137 0.306454
    outer loop
      vertex 1099.29 1070.72 2208.25
      vertex 1101.06 1073.33 2210.11
      vertex 1097.86 1070.14 2210.11
    endloop
  endfacet
  facet normal 0.675027 -0.670968 0.306822
    outer loop
      vertex 1100.94 1070.56 2204.27
      vertex 1102.8 1072.07 2203.48
      vertex 1099.29 1070.72 2208.25
    endloop
  endfacet
  facet normal 0.67477 -0.67477 0.298949
    outer loop
      vertex 1102.8 1072.07 2203.48
      vertex 1100.94 1070.56 2204.27
      vertex 1101.04 1070.31 2203.48
    endloop
  endfacet
  facet normal 0.269562 -0.527892 0.805398
    outer loop
      vertex 1090.94 1076.82 2219.85
      vertex 1088.12 1075.38 2219.85
      vertex 1094.26 1072.26 2215.75
    endloop
  endfacet
  facet normal -0.141975 0.278034 0.950021
    outer loop
      vertex 1081.88 1094.62 2219.85
      vertex 1079.06 1093.18 2219.85
      vertex 1082.95 1087.82 2222
    endloop
  endfacet
  facet normal 0.9408 -0.14887 0.304521
    outer loop
      vertex 1104.85 1085 2210.11
      vertex 1103.88 1078.87 2210.11
      vertex 1105.92 1078.2 2203.48
    endloop
  endfacet
  facet normal -0.751882 -0.100251 -0.651631
    outer loop
      vertex 1070.02 1080.13 2184.25
      vertex 1069.98 1080.17 2184.29
      vertex 1070 1080.28 2184.25
    endloop
  endfacet
  facet normal 0.707107 -0.707107 0
    outer loop
      vertex 1102.8 1072.07 2203.48
      vertex 1101.5 1070.77 2200
      vertex 1102.8 1072.07 2196.52
    endloop
  endfacet
  facet normal 0.707107 -0.707107 0
    outer loop
      vertex 1101.5 1070.77 2200
      vertex 1102.8 1072.07 2203.48
      vertex 1101.04 1070.31 2203.48
    endloop
  endfacet
  facet normal 0.707107 -0.707107 0
    outer loop
      vertex 1102.8 1072.07 2196.52
      vertex 1101.5 1070.77 2200
      vertex 1101.04 1070.31 2196.52
    endloop
  endfacet
  facet normal 0.0971325 -0.585079 -0.805138
    outer loop
      vertex 1085 1074.89 2180.15
      vertex 1085.52 1070.27 2183.57
      vertex 1085 1070.28 2183.5
    endloop
  endfacet
  facet normal 0.0919921 -0.585746 -0.805257
    outer loop
      vertex 1085.52 1070.27 2183.57
      vertex 1085 1074.89 2180.15
      vertex 1088.12 1075.38 2180.15
    endloop
  endfacet
  facet normal 0.724055 -0.368562 -0.583015
    outer loop
      vertex 1101.06 1073.33 2189.89
      vertex 1099.98 1080.13 2184.25
      vertex 1103.88 1078.87 2189.89
    endloop
  endfacet
  facet normal 0.585699 0.0926054 0.805221
    outer loop
      vertex 1099.98 1089.87 2215.75
      vertex 1094.62 1088.12 2219.85
      vertex 1100.75 1085 2215.75
    endloop
  endfacet
  facet normal 0.0483888 0.308108 0.95012
    outer loop
      vertex 1085 1095.11 2219.85
      vertex 1085 1088.48 2222
      vertex 1088.12 1094.62 2219.85
    endloop
  endfacet
  facet normal 0.987621 0.156857 0
    outer loop
      vertex 1107 1085 2203.48
      vertex 1105.92 1091.8 2196.52
      vertex 1105.92 1091.8 2203.48
    endloop
  endfacet
  facet normal 0.987621 0.156857 0
    outer loop
      vertex 1105.92 1091.8 2196.52
      vertex 1107 1085 2203.48
      vertex 1107 1085 2196.52
    endloop
  endfacet
  facet normal 0.528051 0.269439 0.805335
    outer loop
      vertex 1097.74 1094.26 2215.75
      vertex 1094.62 1088.12 2219.85
      vertex 1099.98 1089.87 2215.75
    endloop
  endfacet
  facet normal -0.149383 0.940561 -0.305008
    outer loop
      vertex 1085 1104.85 2189.89
      vertex 1078.2 1105.92 2196.52
      vertex 1085 1107 2196.52
    endloop
  endfacet
  facet normal 0.156857 0.987621 -0
    outer loop
      vertex 1091.8 1105.92 2196.52
      vertex 1085 1107 2203.48
      vertex 1091.8 1105.92 2203.48
    endloop
  endfacet
  facet normal 0.156857 0.987621 0
    outer loop
      vertex 1085 1107 2203.48
      vertex 1091.8 1105.92 2196.52
      vertex 1085 1107 2196.52
    endloop
  endfacet
  facet normal -0.369098 0.723367 0.583529
    outer loop
      vertex 1080.13 1099.98 2215.75
      vertex 1073.33 1101.06 2210.11
      vertex 1075.74 1097.74 2215.75
    endloop
  endfacet
  facet normal -0.156857 0.987621 0
    outer loop
      vertex 1085 1107 2196.52
      vertex 1078.2 1105.92 2203.48
      vertex 1085 1107 2203.48
    endloop
  endfacet
  facet normal -0.156857 0.987621 0
    outer loop
      vertex 1078.2 1105.92 2203.48
      vertex 1085 1107 2196.52
      vertex 1078.2 1105.92 2196.52
    endloop
  endfacet
  facet normal 0.848775 0.432048 -0.304822
    outer loop
      vertex 1103.88 1091.13 2189.89
      vertex 1101.06 1096.67 2189.89
      vertex 1105.92 1091.8 2196.52
    endloop
  endfacet
  facet normal 0.987621 -0.156857 0
    outer loop
      vertex 1105.92 1078.2 2203.48
      vertex 1107 1085 2196.52
      vertex 1107 1085 2203.48
    endloop
  endfacet
  facet normal 0.987621 -0.156857 0
    outer loop
      vertex 1107 1085 2196.52
      vertex 1105.92 1078.2 2203.48
      vertex 1105.92 1078.2 2196.52
    endloop
  endfacet
  facet normal 0.673474 0.673474 -0.304739
    outer loop
      vertex 1102.8 1097.93 2196.52
      vertex 1096.67 1101.06 2189.89
      vertex 1097.93 1102.8 2196.52
    endloop
  endfacet
  facet normal 0.673474 0.673474 -0.304739
    outer loop
      vertex 1096.67 1101.06 2189.89
      vertex 1102.8 1097.93 2196.52
      vertex 1101.06 1096.67 2189.89
    endloop
  endfacet
  facet normal 0.432007 0.848782 -0.304858
    outer loop
      vertex 1096.67 1101.06 2189.89
      vertex 1091.8 1105.92 2196.52
      vertex 1097.93 1102.8 2196.52
    endloop
  endfacet
  facet normal 0.100251 -0.751882 -0.651631
    outer loop
      vertex 1089.83 1069.98 2184.29
      vertex 1089.72 1070 2184.25
      vertex 1089.87 1070.02 2184.25
    endloop
  endfacet
  facet normal 0.573429 -0.575226 -0.583347
    outer loop
      vertex 1097.86 1070.14 2189.89
      vertex 1097.74 1075.74 2184.25
      vertex 1101.06 1073.33 2189.89
    endloop
  endfacet
  facet normal 0.578592 -0.572589 -0.580839
    outer loop
      vertex 1096.67 1070.52 2188.33
      vertex 1097.74 1075.74 2184.25
      vertex 1097.86 1070.14 2189.89
    endloop
  endfacet
  facet normal 0.575566 -0.572351 -0.58407
    outer loop
      vertex 1094.26 1072.26 2184.25
      vertex 1096.67 1070.52 2188.33
      vertex 1095.68 1070.3 2187.57
    endloop
  endfacet
  facet normal 0.574049 -0.574049 -0.583898
    outer loop
      vertex 1096.67 1070.52 2188.33
      vertex 1094.26 1072.26 2184.25
      vertex 1097.74 1075.74 2184.25
    endloop
  endfacet
  facet normal -0.0484909 -0.30806 -0.95013
    outer loop
      vertex 1085 1081.52 2178
      vertex 1081.88 1075.38 2180.15
      vertex 1083.92 1081.69 2178
    endloop
  endfacet
  facet normal -0.527892 0.269562 -0.805398
    outer loop
      vertex 1075.38 1088.12 2180.15
      vertex 1072.26 1094.26 2184.25
      vertex 1076.82 1090.94 2180.15
    endloop
  endfacet
  facet normal -0.308108 -0.0483888 0.95012
    outer loop
      vertex 1081.52 1085 2222
      vertex 1074.89 1085 2219.85
      vertex 1075.38 1081.88 2219.85
    endloop
  endfacet
  facet normal 0.528051 -0.269439 -0.805335
    outer loop
      vertex 1097.74 1075.74 2184.25
      vertex 1094.62 1081.88 2180.15
      vertex 1099.98 1080.13 2184.25
    endloop
  endfacet
  facet normal 0.369098 0.723367 -0.583529
    outer loop
      vertex 1094.26 1097.74 2184.25
      vertex 1089.87 1099.98 2184.25
      vertex 1096.67 1101.06 2189.89
    endloop
  endfacet
  facet normal -0.308108 0.0483888 0.95012
    outer loop
      vertex 1075.38 1088.12 2219.85
      vertex 1074.89 1085 2219.85
      vertex 1081.52 1085 2222
    endloop
  endfacet
  facet normal -0.30806 0.0484909 0.95013
    outer loop
      vertex 1081.69 1086.08 2222
      vertex 1075.38 1088.12 2219.85
      vertex 1081.52 1085 2222
    endloop
  endfacet
  facet normal -0.220809 0.220809 0.949993
    outer loop
      vertex 1079.06 1093.18 2219.85
      vertex 1082.18 1087.05 2222
      vertex 1082.95 1087.82 2222
    endloop
  endfacet
  facet normal -0.220809 0.220809 0.949993
    outer loop
      vertex 1082.18 1087.05 2222
      vertex 1079.06 1093.18 2219.85
      vertex 1076.82 1090.94 2219.85
    endloop
  endfacet
  facet normal 0.528051 -0.269439 0.805335
    outer loop
      vertex 1099.98 1080.13 2215.75
      vertex 1094.62 1081.88 2219.85
      vertex 1097.74 1075.74 2215.75
    endloop
  endfacet
  facet normal 0.386896 -0.723328 0.571934
    outer loop
      vertex 1090.01 1070 2215.63
      vertex 1089.87 1070.02 2215.75
      vertex 1089.88 1069.97 2215.68
    endloop
  endfacet
  facet normal -0.196116 -0.784465 -0.588348
    outer loop
      vertex 1080.17 1069.98 2184.29
      vertex 1080.12 1069.97 2184.32
      vertex 1080.13 1070.02 2184.25
    endloop
  endfacet
  facet normal 0.848782 -0.432007 -0.304858
    outer loop
      vertex 1102.8 1072.07 2196.52
      vertex 1101.06 1073.33 2189.89
      vertex 1105.92 1078.2 2196.52
    endloop
  endfacet
  facet normal 0.802356 0.126963 0.583185
    outer loop
      vertex 1103.88 1091.13 2210.11
      vertex 1099.98 1089.87 2215.75
      vertex 1104.85 1085 2210.11
    endloop
  endfacet
  facet normal 0.802325 -0.126856 0.583251
    outer loop
      vertex 1100.75 1085 2215.75
      vertex 1099.98 1080.13 2215.75
      vertex 1104.85 1085 2210.11
    endloop
  endfacet
  facet normal 0.675027 -0.670968 -0.306822
    outer loop
      vertex 1102.8 1072.07 2196.52
      vertex 1100.94 1070.56 2195.73
      vertex 1099.29 1070.72 2191.75
    endloop
  endfacet
  facet normal 0.67477 -0.67477 -0.298949
    outer loop
      vertex 1100.94 1070.56 2195.73
      vertex 1102.8 1072.07 2196.52
      vertex 1101.04 1070.31 2196.52
    endloop
  endfacet
  facet normal 0.673234 -0.67372 -0.304723
    outer loop
      vertex 1099.29 1070.72 2191.75
      vertex 1101.06 1073.33 2189.89
      vertex 1102.8 1072.07 2196.52
    endloop
  endfacet
  facet normal 0.672031 -0.674137 -0.306454
    outer loop
      vertex 1101.06 1073.33 2189.89
      vertex 1099.29 1070.72 2191.75
      vertex 1097.86 1070.14 2189.89
    endloop
  endfacet
  facet normal -0.386896 -0.723328 -0.571934
    outer loop
      vertex 1080.12 1069.97 2184.32
      vertex 1079.99 1070 2184.37
      vertex 1080.13 1070.02 2184.25
    endloop
  endfacet
  facet normal 0.0824784 -0.618588 -0.781374
    outer loop
      vertex 1089.27 1070.18 2184.06
      vertex 1089.87 1070.02 2184.25
      vertex 1089.72 1070 2184.25
    endloop
  endfacet
  facet normal 0.0994551 -0.58386 -0.80574
    outer loop
      vertex 1089.27 1070.18 2184.06
      vertex 1088.12 1075.38 2180.15
      vertex 1089.87 1070.02 2184.25
    endloop
  endfacet
  facet normal 0.0912015 -0.585515 -0.805515
    outer loop
      vertex 1088.12 1075.38 2180.15
      vertex 1089.27 1070.18 2184.06
      vertex 1085.52 1070.27 2183.57
    endloop
  endfacet
  facet normal 0.269439 -0.528051 -0.805335
    outer loop
      vertex 1089.87 1070.02 2184.25
      vertex 1088.12 1075.38 2180.15
      vertex 1094.26 1072.26 2184.25
    endloop
  endfacet
  facet normal 0.0926054 0.585699 0.805221
    outer loop
      vertex 1089.87 1099.98 2215.75
      vertex 1085 1100.75 2215.75
      vertex 1088.12 1094.62 2219.85
    endloop
  endfacet
  facet normal -0.269562 0.527892 0.805398
    outer loop
      vertex 1081.88 1094.62 2219.85
      vertex 1075.74 1097.74 2215.75
      vertex 1079.06 1093.18 2219.85
    endloop
  endfacet
  facet normal 0.0919921 -0.585746 0.805257
    outer loop
      vertex 1085 1074.89 2219.85
      vertex 1085.52 1070.27 2216.43
      vertex 1088.12 1075.38 2219.85
    endloop
  endfacet
  facet normal 0.0971325 -0.585079 0.805138
    outer loop
      vertex 1085.52 1070.27 2216.43
      vertex 1085 1074.89 2219.85
      vertex 1085 1070.28 2216.5
    endloop
  endfacet
  facet normal 0.149383 0.940561 0.305008
    outer loop
      vertex 1085 1107 2203.48
      vertex 1085 1104.85 2210.11
      vertex 1091.8 1105.92 2203.48
    endloop
  endfacet
  facet normal -0.126963 0.802356 0.583185
    outer loop
      vertex 1085 1104.85 2210.11
      vertex 1078.87 1103.88 2210.11
      vertex 1080.13 1099.98 2215.75
    endloop
  endfacet
  facet normal -0.126856 0.802325 -0.583251
    outer loop
      vertex 1085 1100.75 2184.25
      vertex 1080.13 1099.98 2184.25
      vertex 1085 1104.85 2189.89
    endloop
  endfacet
  facet normal 0.432048 0.848775 -0.304822
    outer loop
      vertex 1096.67 1101.06 2189.89
      vertex 1091.13 1103.88 2189.89
      vertex 1091.8 1105.92 2196.52
    endloop
  endfacet
  facet normal 0.368562 0.724055 0.583015
    outer loop
      vertex 1091.13 1103.88 2210.11
      vertex 1089.87 1099.98 2215.75
      vertex 1096.67 1101.06 2210.11
    endloop
  endfacet
  facet normal -0.14887 0.9408 0.304521
    outer loop
      vertex 1085 1104.85 2210.11
      vertex 1078.2 1105.92 2203.48
      vertex 1078.87 1103.88 2210.11
    endloop
  endfacet
  facet normal -0.575226 0.573429 0.583347
    outer loop
      vertex 1070.14 1097.86 2210.11
      vertex 1075.74 1097.74 2215.75
      vertex 1073.33 1101.06 2210.11
    endloop
  endfacet
  facet normal -0.574049 0.574049 0.583898
    outer loop
      vertex 1075.74 1097.74 2215.75
      vertex 1070.52 1096.67 2211.67
      vertex 1072.26 1094.26 2215.75
    endloop
  endfacet
  facet normal -0.572589 0.578592 0.580839
    outer loop
      vertex 1075.74 1097.74 2215.75
      vertex 1070.14 1097.86 2210.11
      vertex 1070.52 1096.67 2211.67
    endloop
  endfacet
  facet normal -0.572351 0.575566 0.58407
    outer loop
      vertex 1072.26 1094.26 2215.75
      vertex 1070.52 1096.67 2211.67
      vertex 1070.3 1095.68 2212.43
    endloop
  endfacet
  facet normal -0.368562 0.724055 0.583015
    outer loop
      vertex 1078.87 1103.88 2210.11
      vertex 1073.33 1101.06 2210.11
      vertex 1080.13 1099.98 2215.75
    endloop
  endfacet
  facet normal 0.940561 -0.149383 -0.305008
    outer loop
      vertex 1105.92 1078.2 2196.52
      vertex 1104.85 1085 2189.89
      vertex 1107 1085 2196.52
    endloop
  endfacet
  facet normal 0.802356 -0.126963 -0.583185
    outer loop
      vertex 1103.88 1078.87 2189.89
      vertex 1099.98 1080.13 2184.25
      vertex 1104.85 1085 2189.89
    endloop
  endfacet
  facet normal 0.723367 -0.369098 -0.583529
    outer loop
      vertex 1101.06 1073.33 2189.89
      vertex 1097.74 1075.74 2184.25
      vertex 1099.98 1080.13 2184.25
    endloop
  endfacet
  facet normal 0.940561 0.149383 -0.305008
    outer loop
      vertex 1107 1085 2196.52
      vertex 1104.85 1085 2189.89
      vertex 1105.92 1091.8 2196.52
    endloop
  endfacet
  facet normal 0.9408 0.14887 -0.304521
    outer loop
      vertex 1104.85 1085 2189.89
      vertex 1103.88 1091.13 2189.89
      vertex 1105.92 1091.8 2196.52
    endloop
  endfacet
  facet normal 0.940561 0.149383 0.305008
    outer loop
      vertex 1105.92 1091.8 2203.48
      vertex 1104.85 1085 2210.11
      vertex 1107 1085 2203.48
    endloop
  endfacet
  facet normal 0.940561 -0.149383 0.305008
    outer loop
      vertex 1107 1085 2203.48
      vertex 1104.85 1085 2210.11
      vertex 1105.92 1078.2 2203.48
    endloop
  endfacet
  facet normal -0.269562 -0.527892 -0.805398
    outer loop
      vertex 1081.88 1075.38 2180.15
      vertex 1075.74 1072.26 2184.25
      vertex 1079.06 1076.82 2180.15
    endloop
  endfacet
  facet normal -0.723328 -0.386896 -0.571934
    outer loop
      vertex 1070 1079.99 2184.37
      vertex 1069.97 1080.12 2184.32
      vertex 1070.02 1080.13 2184.25
    endloop
  endfacet
  facet normal 0.269562 -0.527892 -0.805398
    outer loop
      vertex 1094.26 1072.26 2184.25
      vertex 1088.12 1075.38 2180.15
      vertex 1090.94 1076.82 2180.15
    endloop
  endfacet
  facet normal -0.0971325 -0.585079 -0.805138
    outer loop
      vertex 1084.48 1070.27 2183.57
      vertex 1085 1074.89 2180.15
      vertex 1085 1070.28 2183.5
    endloop
  endfacet
  facet normal -0.0919921 -0.585746 -0.805257
    outer loop
      vertex 1085 1074.89 2180.15
      vertex 1084.48 1070.27 2183.57
      vertex 1081.88 1075.38 2180.15
    endloop
  endfacet
  facet normal 0.126856 0.802325 -0.583251
    outer loop
      vertex 1089.87 1099.98 2184.25
      vertex 1085 1100.75 2184.25
      vertex 1085 1104.85 2189.89
    endloop
  endfacet
  facet normal -0.369098 0.723367 -0.583529
    outer loop
      vertex 1075.74 1097.74 2184.25
      vertex 1073.33 1101.06 2189.89
      vertex 1080.13 1099.98 2184.25
    endloop
  endfacet
  facet normal -0.671932 0.674967 -0.304838
    outer loop
      vertex 1070.56 1100.94 2195.73
      vertex 1072.07 1102.8 2196.52
      vertex 1073.33 1101.06 2189.89
    endloop
  endfacet
  facet normal -0.67477 0.67477 -0.298949
    outer loop
      vertex 1072.07 1102.8 2196.52
      vertex 1070.56 1100.94 2195.73
      vertex 1070.31 1101.04 2196.52
    endloop
  endfacet
  facet normal -0.673997 0.672437 -0.30587
    outer loop
      vertex 1073.33 1101.06 2189.89
      vertex 1070.72 1099.29 2191.75
      vertex 1070.56 1100.94 2195.73
    endloop
  endfacet
  facet normal -0.674137 0.672031 -0.306454
    outer loop
      vertex 1070.72 1099.29 2191.75
      vertex 1073.33 1101.06 2189.89
      vertex 1070.14 1097.86 2189.89
    endloop
  endfacet
  facet normal -0.585079 -0.0971325 0.805138
    outer loop
      vertex 1070.27 1084.48 2216.43
      vertex 1074.89 1085 2219.85
      vertex 1070.28 1085 2216.5
    endloop
  endfacet
  facet normal -0.585746 -0.0919921 0.805257
    outer loop
      vertex 1074.89 1085 2219.85
      vertex 1070.27 1084.48 2216.43
      vertex 1075.38 1081.88 2219.85
    endloop
  endfacet
  facet normal 0.308108 -0.0483888 -0.95012
    outer loop
      vertex 1094.62 1081.88 2180.15
      vertex 1088.48 1085 2178
      vertex 1095.11 1085 2180.15
    endloop
  endfacet
  facet normal 0.58551 -0.0919551 -0.805433
    outer loop
      vertex 1100.75 1085 2184.25
      vertex 1094.62 1081.88 2180.15
      vertex 1095.11 1085 2180.15
    endloop
  endfacet
  facet normal -0.585746 0.0919921 0.805257
    outer loop
      vertex 1070.27 1085.52 2216.43
      vertex 1074.89 1085 2219.85
      vertex 1075.38 1088.12 2219.85
    endloop
  endfacet
  facet normal -0.585079 0.0971325 0.805138
    outer loop
      vertex 1074.89 1085 2219.85
      vertex 1070.27 1085.52 2216.43
      vertex 1070.28 1085 2216.5
    endloop
  endfacet
  facet normal -0.585515 0.0912015 0.805515
    outer loop
      vertex 1075.38 1088.12 2219.85
      vertex 1070.18 1089.27 2215.94
      vertex 1070.27 1085.52 2216.43
    endloop
  endfacet
  facet normal -0.58386 0.0994551 0.80574
    outer loop
      vertex 1070.02 1089.87 2215.75
      vertex 1070.18 1089.27 2215.94
      vertex 1075.38 1088.12 2219.85
    endloop
  endfacet
  facet normal -0.618588 0.0824784 0.781374
    outer loop
      vertex 1070.18 1089.27 2215.94
      vertex 1070.02 1089.87 2215.75
      vertex 1070 1089.72 2215.75
    endloop
  endfacet
  facet normal 0.278295 -0.140582 0.950152
    outer loop
      vertex 1088.31 1083.92 2222
      vertex 1087.82 1082.95 2222
      vertex 1094.62 1081.88 2219.85
    endloop
  endfacet
  facet normal 0.527892 -0.269562 0.805398
    outer loop
      vertex 1094.62 1081.88 2219.85
      vertex 1093.18 1079.06 2219.85
      vertex 1097.74 1075.74 2215.75
    endloop
  endfacet
  facet normal 0.0824784 -0.618588 0.781374
    outer loop
      vertex 1089.87 1070.02 2215.75
      vertex 1089.27 1070.18 2215.94
      vertex 1089.72 1070 2215.75
    endloop
  endfacet
  facet normal 0.0994551 -0.58386 0.80574
    outer loop
      vertex 1088.12 1075.38 2219.85
      vertex 1089.27 1070.18 2215.94
      vertex 1089.87 1070.02 2215.75
    endloop
  endfacet
  facet normal 0.0912015 -0.585515 0.805515
    outer loop
      vertex 1089.27 1070.18 2215.94
      vertex 1088.12 1075.38 2219.85
      vertex 1085.52 1070.27 2216.43
    endloop
  endfacet
  facet normal 0.278034 -0.141975 0.950021
    outer loop
      vertex 1094.62 1081.88 2219.85
      vertex 1087.82 1082.95 2222
      vertex 1093.18 1079.06 2219.85
    endloop
  endfacet
  facet normal 0.196116 -0.784465 0.588348
    outer loop
      vertex 1089.87 1070.02 2215.75
      vertex 1089.83 1069.98 2215.71
      vertex 1089.88 1069.97 2215.68
    endloop
  endfacet
  facet normal -0.575566 -0.572351 0.58407
    outer loop
      vertex 1075.74 1072.26 2215.75
      vertex 1073.33 1070.52 2211.67
      vertex 1074.32 1070.3 2212.43
    endloop
  endfacet
  facet normal -0.574049 -0.574049 0.583898
    outer loop
      vertex 1072.26 1075.74 2215.75
      vertex 1073.33 1070.52 2211.67
      vertex 1075.74 1072.26 2215.75
    endloop
  endfacet
  facet normal -0.574049 -0.574049 0.583898
    outer loop
      vertex 1070.52 1073.33 2211.67
      vertex 1073.33 1070.52 2211.67
      vertex 1072.26 1075.74 2215.75
    endloop
  endfacet
  facet normal -0.576117 -0.576117 0.57981
    outer loop
      vertex 1073.33 1070.52 2211.67
      vertex 1070.52 1073.33 2211.67
      vertex 1072.14 1070.14 2210.11
    endloop
  endfacet
  facet normal -0.572351 -0.575566 0.58407
    outer loop
      vertex 1070.52 1073.33 2211.67
      vertex 1072.26 1075.74 2215.75
      vertex 1070.3 1074.32 2212.43
    endloop
  endfacet
  facet normal -0.576117 -0.576117 0.57981
    outer loop
      vertex 1072.14 1070.14 2210.11
      vertex 1070.52 1073.33 2211.67
      vertex 1070.14 1072.14 2210.11
    endloop
  endfacet
  facet normal 0.9408 0.14887 0.304521
    outer loop
      vertex 1105.92 1091.8 2203.48
      vertex 1103.88 1091.13 2210.11
      vertex 1104.85 1085 2210.11
    endloop
  endfacet
  facet normal 0.848775 0.432048 0.304822
    outer loop
      vertex 1105.92 1091.8 2203.48
      vertex 1101.06 1096.67 2210.11
      vertex 1103.88 1091.13 2210.11
    endloop
  endfacet
  facet normal 0.58551 -0.0919551 0.805433
    outer loop
      vertex 1095.11 1085 2219.85
      vertex 1094.62 1081.88 2219.85
      vertex 1100.75 1085 2215.75
    endloop
  endfacet
  facet normal 0.585699 -0.0926054 0.805221
    outer loop
      vertex 1100.75 1085 2215.75
      vertex 1094.62 1081.88 2219.85
      vertex 1099.98 1080.13 2215.75
    endloop
  endfacet
  facet normal -0.140582 0.278295 0.950152
    outer loop
      vertex 1083.92 1088.31 2222
      vertex 1081.88 1094.62 2219.85
      vertex 1082.95 1087.82 2222
    endloop
  endfacet
  facet normal -0.527892 0.269562 0.805398
    outer loop
      vertex 1076.82 1090.94 2219.85
      vertex 1072.26 1094.26 2215.75
      vertex 1075.38 1088.12 2219.85
    endloop
  endfacet
  facet normal -0.126856 0.802325 0.583251
    outer loop
      vertex 1085 1104.85 2210.11
      vertex 1080.13 1099.98 2215.75
      vertex 1085 1100.75 2215.75
    endloop
  endfacet
  facet normal -0.269439 0.528051 0.805335
    outer loop
      vertex 1080.13 1099.98 2215.75
      vertex 1075.74 1097.74 2215.75
      vertex 1081.88 1094.62 2219.85
    endloop
  endfacet
  facet normal 0.269439 0.528051 0.805335
    outer loop
      vertex 1089.87 1099.98 2215.75
      vertex 1088.12 1094.62 2219.85
      vertex 1094.26 1097.74 2215.75
    endloop
  endfacet
  facet normal 0.419078 0.419078 0.805448
    outer loop
      vertex 1094.26 1097.74 2215.75
      vertex 1093.18 1090.94 2219.85
      vertex 1097.74 1094.26 2215.75
    endloop
  endfacet
  facet normal 0.419078 0.419078 0.805448
    outer loop
      vertex 1093.18 1090.94 2219.85
      vertex 1094.26 1097.74 2215.75
      vertex 1090.94 1093.18 2219.85
    endloop
  endfacet
  facet normal 0.141975 0.278034 0.950021
    outer loop
      vertex 1088.12 1094.62 2219.85
      vertex 1087.05 1087.82 2222
      vertex 1090.94 1093.18 2219.85
    endloop
  endfacet
  facet normal 0.140582 -0.278295 0.950152
    outer loop
      vertex 1087.05 1082.18 2222
      vertex 1086.08 1081.69 2222
      vertex 1088.12 1075.38 2219.85
    endloop
  endfacet
  facet normal 0.30806 0.0484909 0.95013
    outer loop
      vertex 1094.62 1088.12 2219.85
      vertex 1088.31 1086.08 2222
      vertex 1088.48 1085 2222
    endloop
  endfacet
  facet normal 0.308108 0.0483888 0.95012
    outer loop
      vertex 1094.62 1088.12 2219.85
      vertex 1088.48 1085 2222
      vertex 1095.11 1085 2219.85
    endloop
  endfacet
  facet normal 0.673474 0.673474 0.304739
    outer loop
      vertex 1096.67 1101.06 2210.11
      vertex 1102.8 1097.93 2203.48
      vertex 1097.93 1102.8 2203.48
    endloop
  endfacet
  facet normal 0.673474 0.673474 0.304739
    outer loop
      vertex 1102.8 1097.93 2203.48
      vertex 1096.67 1101.06 2210.11
      vertex 1101.06 1096.67 2210.11
    endloop
  endfacet
  facet normal 0.14887 0.9408 -0.304521
    outer loop
      vertex 1091.13 1103.88 2189.89
      vertex 1085 1104.85 2189.89
      vertex 1091.8 1105.92 2196.52
    endloop
  endfacet
  facet normal 0.149383 0.940561 -0.305008
    outer loop
      vertex 1091.8 1105.92 2196.52
      vertex 1085 1104.85 2189.89
      vertex 1085 1107 2196.52
    endloop
  endfacet
  facet normal -0.453599 0.891206 0
    outer loop
      vertex 1078.2 1105.92 2196.52
      vertex 1072.07 1102.8 2203.48
      vertex 1078.2 1105.92 2203.48
    endloop
  endfacet
  facet normal -0.453599 0.891206 0
    outer loop
      vertex 1072.07 1102.8 2203.48
      vertex 1078.2 1105.92 2196.52
      vertex 1072.07 1102.8 2196.52
    endloop
  endfacet
  facet normal -0.432048 0.848775 0.304822
    outer loop
      vertex 1078.2 1105.92 2203.48
      vertex 1073.33 1101.06 2210.11
      vertex 1078.87 1103.88 2210.11
    endloop
  endfacet
  facet normal -0.0919551 0.58551 -0.805433
    outer loop
      vertex 1085 1095.11 2180.15
      vertex 1081.88 1094.62 2180.15
      vertex 1085 1100.75 2184.25
    endloop
  endfacet
  facet normal 0.220809 0.220809 -0.949993
    outer loop
      vertex 1087.82 1087.05 2178
      vertex 1090.94 1093.18 2180.15
      vertex 1093.18 1090.94 2180.15
    endloop
  endfacet
  facet normal 0.220809 0.220809 -0.949993
    outer loop
      vertex 1090.94 1093.18 2180.15
      vertex 1087.82 1087.05 2178
      vertex 1087.05 1087.82 2178
    endloop
  endfacet
  facet normal -0.707107 0.707107 0
    outer loop
      vertex 1072.07 1102.8 2196.52
      vertex 1070.77 1101.5 2200
      vertex 1072.07 1102.8 2203.48
    endloop
  endfacet
  facet normal -0.707107 0.707107 0
    outer loop
      vertex 1070.77 1101.5 2200
      vertex 1072.07 1102.8 2196.52
      vertex 1070.31 1101.04 2196.52
    endloop
  endfacet
  facet normal -0.707107 0.707107 0
    outer loop
      vertex 1072.07 1102.8 2203.48
      vertex 1070.77 1101.5 2200
      vertex 1070.31 1101.04 2203.48
    endloop
  endfacet
  facet normal -0.67477 0.67477 0.298949
    outer loop
      vertex 1070.56 1100.94 2204.27
      vertex 1072.07 1102.8 2203.48
      vertex 1070.31 1101.04 2203.48
    endloop
  endfacet
  facet normal -0.671932 0.674967 0.304838
    outer loop
      vertex 1072.07 1102.8 2203.48
      vertex 1070.56 1100.94 2204.27
      vertex 1073.33 1101.06 2210.11
    endloop
  endfacet
  facet normal -0.673997 0.672437 0.30587
    outer loop
      vertex 1070.72 1099.29 2208.25
      vertex 1073.33 1101.06 2210.11
      vertex 1070.56 1100.94 2204.27
    endloop
  endfacet
  facet normal -0.674137 0.672031 0.306454
    outer loop
      vertex 1073.33 1101.06 2210.11
      vertex 1070.72 1099.29 2208.25
      vertex 1070.14 1097.86 2210.11
    endloop
  endfacet
  facet normal -0.140582 0.278295 -0.950152
    outer loop
      vertex 1082.95 1087.82 2178
      vertex 1081.88 1094.62 2180.15
      vertex 1083.92 1088.31 2178
    endloop
  endfacet
  facet normal 0.802325 -0.126856 -0.583251
    outer loop
      vertex 1104.85 1085 2189.89
      vertex 1099.98 1080.13 2184.25
      vertex 1100.75 1085 2184.25
    endloop
  endfacet
  facet normal -0.585515 -0.0912015 -0.805515
    outer loop
      vertex 1075.38 1081.88 2180.15
      vertex 1070.18 1080.73 2184.06
      vertex 1070.27 1084.48 2183.57
    endloop
  endfacet
  facet normal -0.58386 -0.0994551 -0.80574
    outer loop
      vertex 1070.02 1080.13 2184.25
      vertex 1070.18 1080.73 2184.06
      vertex 1075.38 1081.88 2180.15
    endloop
  endfacet
  facet normal -0.618588 -0.0824784 -0.781374
    outer loop
      vertex 1070.18 1080.73 2184.06
      vertex 1070.02 1080.13 2184.25
      vertex 1070 1080.28 2184.25
    endloop
  endfacet
  facet normal -0.527892 -0.269562 -0.805398
    outer loop
      vertex 1076.82 1079.06 2180.15
      vertex 1072.26 1075.74 2184.25
      vertex 1075.38 1081.88 2180.15
    endloop
  endfacet
  facet normal -0.0483888 -0.308108 -0.95012
    outer loop
      vertex 1085 1074.89 2180.15
      vertex 1081.88 1075.38 2180.15
      vertex 1085 1081.52 2178
    endloop
  endfacet
  facet normal -0.30806 0.0484909 -0.95013
    outer loop
      vertex 1081.52 1085 2178
      vertex 1075.38 1088.12 2180.15
      vertex 1081.69 1086.08 2178
    endloop
  endfacet
  facet normal 0.585699 -0.0926054 -0.805221
    outer loop
      vertex 1099.98 1080.13 2184.25
      vertex 1094.62 1081.88 2180.15
      vertex 1100.75 1085 2184.25
    endloop
  endfacet
  facet normal 0.527892 -0.269562 -0.805398
    outer loop
      vertex 1097.74 1075.74 2184.25
      vertex 1093.18 1079.06 2180.15
      vertex 1094.62 1081.88 2180.15
    endloop
  endfacet
  facet normal 0.376066 -0.737022 -0.561581
    outer loop
      vertex 1094.26 1072.26 2184.25
      vertex 1090.01 1070 2184.37
      vertex 1089.87 1070.02 2184.25
    endloop
  endfacet
  facet normal 0.366778 -0.723951 -0.584268
    outer loop
      vertex 1093.25 1070.57 2185.71
      vertex 1094.26 1072.26 2184.25
      vertex 1095.68 1070.3 2187.57
    endloop
  endfacet
  facet normal 0.368531 -0.723996 -0.583107
    outer loop
      vertex 1090.01 1070 2184.37
      vertex 1094.26 1072.26 2184.25
      vertex 1093.25 1070.57 2185.71
    endloop
  endfacet
  facet normal 0.386896 -0.723328 -0.571934
    outer loop
      vertex 1089.88 1069.97 2184.32
      vertex 1089.87 1070.02 2184.25
      vertex 1090.01 1070 2184.37
    endloop
  endfacet
  facet normal -0.366778 -0.723951 -0.584268
    outer loop
      vertex 1075.74 1072.26 2184.25
      vertex 1076.75 1070.57 2185.71
      vertex 1074.32 1070.3 2187.57
    endloop
  endfacet
  facet normal -0.368531 -0.723996 -0.583107
    outer loop
      vertex 1075.74 1072.26 2184.25
      vertex 1079.99 1070 2184.37
      vertex 1076.75 1070.57 2185.71
    endloop
  endfacet
  facet normal -0.376066 -0.737022 -0.561581
    outer loop
      vertex 1079.99 1070 2184.37
      vertex 1075.74 1072.26 2184.25
      vertex 1080.13 1070.02 2184.25
    endloop
  endfacet
  facet normal -0.0912015 -0.585515 -0.805515
    outer loop
      vertex 1080.73 1070.18 2184.06
      vertex 1081.88 1075.38 2180.15
      vertex 1084.48 1070.27 2183.57
    endloop
  endfacet
  facet normal -0.0824784 -0.618588 -0.781374
    outer loop
      vertex 1080.13 1070.02 2184.25
      vertex 1080.73 1070.18 2184.06
      vertex 1080.28 1070 2184.25
    endloop
  endfacet
  facet normal -0.0994551 -0.58386 -0.80574
    outer loop
      vertex 1080.73 1070.18 2184.06
      vertex 1080.13 1070.02 2184.25
      vertex 1081.88 1075.38 2180.15
    endloop
  endfacet
  facet normal -0.751882 0.100251 -0.651631
    outer loop
      vertex 1070 1089.72 2184.25
      vertex 1069.98 1089.83 2184.29
      vertex 1070.02 1089.87 2184.25
    endloop
  endfacet
  facet normal -0.723951 0.366778 -0.584268
    outer loop
      vertex 1072.26 1094.26 2184.25
      vertex 1070.57 1093.25 2185.71
      vertex 1070.3 1095.68 2187.57
    endloop
  endfacet
  facet normal -0.723996 0.368531 -0.583107
    outer loop
      vertex 1072.26 1094.26 2184.25
      vertex 1070 1090.01 2184.37
      vertex 1070.57 1093.25 2185.71
    endloop
  endfacet
  facet normal -0.737022 0.376066 -0.561581
    outer loop
      vertex 1070 1090.01 2184.37
      vertex 1072.26 1094.26 2184.25
      vertex 1070.02 1089.87 2184.25
    endloop
  endfacet
  facet normal -0.432007 0.848782 -0.304858
    outer loop
      vertex 1073.33 1101.06 2189.89
      vertex 1072.07 1102.8 2196.52
      vertex 1078.2 1105.92 2196.52
    endloop
  endfacet
  facet normal -0.269562 0.527892 -0.805398
    outer loop
      vertex 1079.06 1093.18 2180.15
      vertex 1075.74 1097.74 2184.25
      vertex 1081.88 1094.62 2180.15
    endloop
  endfacet
  facet normal -0.784465 0.196116 -0.588348
    outer loop
      vertex 1069.98 1089.83 2184.29
      vertex 1069.97 1089.88 2184.32
      vertex 1070.02 1089.87 2184.25
    endloop
  endfacet
  facet normal -0.751882 -0.100251 0.651631
    outer loop
      vertex 1070 1080.28 2215.75
      vertex 1069.98 1080.17 2215.71
      vertex 1070.02 1080.13 2215.75
    endloop
  endfacet
  facet normal -0.585515 -0.0912015 0.805515
    outer loop
      vertex 1070.18 1080.73 2215.94
      vertex 1075.38 1081.88 2219.85
      vertex 1070.27 1084.48 2216.43
    endloop
  endfacet
  facet normal -0.58386 -0.0994551 0.80574
    outer loop
      vertex 1070.18 1080.73 2215.94
      vertex 1070.02 1080.13 2215.75
      vertex 1075.38 1081.88 2219.85
    endloop
  endfacet
  facet normal -0.618588 -0.0824784 0.781374
    outer loop
      vertex 1070.02 1080.13 2215.75
      vertex 1070.18 1080.73 2215.94
      vertex 1070 1080.28 2215.75
    endloop
  endfacet
  facet normal -0.419078 0.419078 -0.805448
    outer loop
      vertex 1076.82 1090.94 2180.15
      vertex 1075.74 1097.74 2184.25
      vertex 1079.06 1093.18 2180.15
    endloop
  endfacet
  facet normal -0.419078 0.419078 -0.805448
    outer loop
      vertex 1075.74 1097.74 2184.25
      vertex 1076.82 1090.94 2180.15
      vertex 1072.26 1094.26 2184.25
    endloop
  endfacet
  facet normal -0.269439 0.528051 -0.805335
    outer loop
      vertex 1081.88 1094.62 2180.15
      vertex 1075.74 1097.74 2184.25
      vertex 1080.13 1099.98 2184.25
    endloop
  endfacet
  facet normal 0.0926054 0.585699 -0.805221
    outer loop
      vertex 1088.12 1094.62 2180.15
      vertex 1085 1100.75 2184.25
      vertex 1089.87 1099.98 2184.25
    endloop
  endfacet
  facet normal 0.30806 -0.0484909 0.95013
    outer loop
      vertex 1088.48 1085 2222
      vertex 1088.31 1083.92 2222
      vertex 1094.62 1081.88 2219.85
    endloop
  endfacet
  facet normal 0.141975 -0.278034 0.950021
    outer loop
      vertex 1090.94 1076.82 2219.85
      vertex 1087.05 1082.18 2222
      vertex 1088.12 1075.38 2219.85
    endloop
  endfacet
  facet normal 0.573429 -0.575226 0.583347
    outer loop
      vertex 1097.74 1075.74 2215.75
      vertex 1097.86 1070.14 2210.11
      vertex 1101.06 1073.33 2210.11
    endloop
  endfacet
  facet normal 0.578592 -0.572589 0.580839
    outer loop
      vertex 1097.74 1075.74 2215.75
      vertex 1096.67 1070.52 2211.67
      vertex 1097.86 1070.14 2210.11
    endloop
  endfacet
  facet normal 0.574049 -0.574049 0.583898
    outer loop
      vertex 1094.26 1072.26 2215.75
      vertex 1096.67 1070.52 2211.67
      vertex 1097.74 1075.74 2215.75
    endloop
  endfacet
  facet normal 0.575566 -0.572351 0.58407
    outer loop
      vertex 1096.67 1070.52 2211.67
      vertex 1094.26 1072.26 2215.75
      vertex 1095.68 1070.3 2212.43
    endloop
  endfacet
  facet normal 0.848782 -0.432007 0.304858
    outer loop
      vertex 1105.92 1078.2 2203.48
      vertex 1101.06 1073.33 2210.11
      vertex 1102.8 1072.07 2203.48
    endloop
  endfacet
  facet normal 0.376066 -0.737022 0.561581
    outer loop
      vertex 1090.01 1070 2215.63
      vertex 1094.26 1072.26 2215.75
      vertex 1089.87 1070.02 2215.75
    endloop
  endfacet
  facet normal 0.368531 -0.723996 0.583107
    outer loop
      vertex 1093.25 1070.57 2214.29
      vertex 1094.26 1072.26 2215.75
      vertex 1090.01 1070 2215.63
    endloop
  endfacet
  facet normal 0.366778 -0.723951 0.584268
    outer loop
      vertex 1094.26 1072.26 2215.75
      vertex 1093.25 1070.57 2214.29
      vertex 1095.68 1070.3 2212.43
    endloop
  endfacet
  facet normal -0.673257 -0.673257 0.305695
    outer loop
      vertex 1072.14 1070.14 2210.11
      vertex 1070.14 1072.14 2210.11
      vertex 1070.72 1070.72 2208.26
    endloop
  endfacet
  facet normal -0.673257 -0.673257 -0.305695
    outer loop
      vertex 1070.72 1070.72 2191.74
      vertex 1070.14 1072.14 2189.89
      vertex 1072.14 1070.14 2189.89
    endloop
  endfacet
  facet normal -0.278295 -0.140582 0.950152
    outer loop
      vertex 1081.69 1083.92 2222
      vertex 1075.38 1081.88 2219.85
      vertex 1082.18 1082.95 2222
    endloop
  endfacet
  facet normal -0.278034 0.141975 0.950021
    outer loop
      vertex 1076.82 1090.94 2219.85
      vertex 1075.38 1088.12 2219.85
      vertex 1082.18 1087.05 2222
    endloop
  endfacet
  facet normal 0.0919551 0.58551 0.805433
    outer loop
      vertex 1085 1100.75 2215.75
      vertex 1085 1095.11 2219.85
      vertex 1088.12 1094.62 2219.85
    endloop
  endfacet
  facet normal 0.126963 0.802356 0.583185
    outer loop
      vertex 1091.13 1103.88 2210.11
      vertex 1085 1104.85 2210.11
      vertex 1089.87 1099.98 2215.75
    endloop
  endfacet
  facet normal 0.269562 0.527892 0.805398
    outer loop
      vertex 1094.26 1097.74 2215.75
      vertex 1088.12 1094.62 2219.85
      vertex 1090.94 1093.18 2219.85
    endloop
  endfacet
  facet normal 0.126856 0.802325 0.583251
    outer loop
      vertex 1085 1104.85 2210.11
      vertex 1085 1100.75 2215.75
      vertex 1089.87 1099.98 2215.75
    endloop
  endfacet
  facet normal 0.369098 0.723367 0.583529
    outer loop
      vertex 1096.67 1101.06 2210.11
      vertex 1089.87 1099.98 2215.75
      vertex 1094.26 1097.74 2215.75
    endloop
  endfacet
  facet normal 0.453599 0.891206 -0
    outer loop
      vertex 1097.93 1102.8 2196.52
      vertex 1091.8 1105.92 2203.48
      vertex 1097.93 1102.8 2203.48
    endloop
  endfacet
  facet normal 0.453599 0.891206 0
    outer loop
      vertex 1091.8 1105.92 2203.48
      vertex 1097.93 1102.8 2196.52
      vertex 1091.8 1105.92 2196.52
    endloop
  endfacet
  facet normal 0.368562 0.724055 -0.583015
    outer loop
      vertex 1096.67 1101.06 2189.89
      vertex 1089.87 1099.98 2184.25
      vertex 1091.13 1103.88 2189.89
    endloop
  endfacet
  facet normal 0.126963 0.802356 -0.583185
    outer loop
      vertex 1089.87 1099.98 2184.25
      vertex 1085 1104.85 2189.89
      vertex 1091.13 1103.88 2189.89
    endloop
  endfacet
  facet normal -0.149383 0.940561 0.305008
    outer loop
      vertex 1085 1107 2203.48
      vertex 1078.2 1105.92 2203.48
      vertex 1085 1104.85 2210.11
    endloop
  endfacet
  facet normal -0.0483888 0.308108 -0.95012
    outer loop
      vertex 1085 1088.48 2178
      vertex 1081.88 1094.62 2180.15
      vertex 1085 1095.11 2180.15
    endloop
  endfacet
  facet normal -0.0926054 0.585699 -0.805221
    outer loop
      vertex 1081.88 1094.62 2180.15
      vertex 1080.13 1099.98 2184.25
      vertex 1085 1100.75 2184.25
    endloop
  endfacet
  facet normal 0.723367 0.369098 -0.583529
    outer loop
      vertex 1099.98 1089.87 2184.25
      vertex 1097.74 1094.26 2184.25
      vertex 1101.06 1096.67 2189.89
    endloop
  endfacet
  facet normal -0.784465 0.196116 0.588348
    outer loop
      vertex 1070.02 1089.87 2215.75
      vertex 1069.97 1089.88 2215.68
      vertex 1069.98 1089.83 2215.71
    endloop
  endfacet
  facet normal -0.368562 0.724055 -0.583015
    outer loop
      vertex 1080.13 1099.98 2184.25
      vertex 1073.33 1101.06 2189.89
      vertex 1078.87 1103.88 2189.89
    endloop
  endfacet
  facet normal -0.432048 0.848775 -0.304822
    outer loop
      vertex 1078.87 1103.88 2189.89
      vertex 1073.33 1101.06 2189.89
      vertex 1078.2 1105.92 2196.52
    endloop
  endfacet
  facet normal 0.278034 0.141975 -0.950021
    outer loop
      vertex 1094.62 1088.12 2180.15
      vertex 1087.82 1087.05 2178
      vertex 1093.18 1090.94 2180.15
    endloop
  endfacet
  facet normal 0.724055 0.368562 -0.583015
    outer loop
      vertex 1103.88 1091.13 2189.89
      vertex 1099.98 1089.87 2184.25
      vertex 1101.06 1096.67 2189.89
    endloop
  endfacet
  facet normal -0.737022 -0.376066 -0.561581
    outer loop
      vertex 1072.26 1075.74 2184.25
      vertex 1070 1079.99 2184.37
      vertex 1070.02 1080.13 2184.25
    endloop
  endfacet
  facet normal -0.723996 -0.368531 -0.583107
    outer loop
      vertex 1070 1079.99 2184.37
      vertex 1072.26 1075.74 2184.25
      vertex 1070.57 1076.75 2185.71
    endloop
  endfacet
  facet normal -0.723951 -0.366778 -0.584268
    outer loop
      vertex 1070.57 1076.75 2185.71
      vertex 1072.26 1075.74 2184.25
      vertex 1070.3 1074.32 2187.57
    endloop
  endfacet
  facet normal -0.528051 -0.269439 -0.805335
    outer loop
      vertex 1072.26 1075.74 2184.25
      vertex 1070.02 1080.13 2184.25
      vertex 1075.38 1081.88 2180.15
    endloop
  endfacet
  facet normal -0.278034 -0.141975 -0.950021
    outer loop
      vertex 1076.82 1079.06 2180.15
      vertex 1075.38 1081.88 2180.15
      vertex 1082.18 1082.95 2178
    endloop
  endfacet
  facet normal -0.308108 -0.0483888 -0.95012
    outer loop
      vertex 1075.38 1081.88 2180.15
      vertex 1074.89 1085 2180.15
      vertex 1081.52 1085 2178
    endloop
  endfacet
  facet normal -0.269439 -0.528051 -0.805335
    outer loop
      vertex 1080.13 1070.02 2184.25
      vertex 1075.74 1072.26 2184.25
      vertex 1081.88 1075.38 2180.15
    endloop
  endfacet
  facet normal -0.278034 0.141975 -0.950021
    outer loop
      vertex 1082.18 1087.05 2178
      vertex 1075.38 1088.12 2180.15
      vertex 1076.82 1090.94 2180.15
    endloop
  endfacet
  facet normal -0.308108 0.0483888 -0.95012
    outer loop
      vertex 1081.52 1085 2178
      vertex 1074.89 1085 2180.15
      vertex 1075.38 1088.12 2180.15
    endloop
  endfacet
  facet normal -0.30806 -0.0484909 -0.95013
    outer loop
      vertex 1081.69 1083.92 2178
      vertex 1075.38 1081.88 2180.15
      vertex 1081.52 1085 2178
    endloop
  endfacet
  facet normal -0.585746 -0.0919921 -0.805257
    outer loop
      vertex 1070.27 1084.48 2183.57
      vertex 1074.89 1085 2180.15
      vertex 1075.38 1081.88 2180.15
    endloop
  endfacet
  facet normal -0.585079 -0.0971325 -0.805138
    outer loop
      vertex 1074.89 1085 2180.15
      vertex 1070.27 1084.48 2183.57
      vertex 1070.28 1085 2183.5
    endloop
  endfacet
  facet normal -0.784465 -0.196116 -0.588348
    outer loop
      vertex 1070.02 1080.13 2184.25
      vertex 1069.97 1080.12 2184.32
      vertex 1069.98 1080.17 2184.29
    endloop
  endfacet
  facet normal 0.269439 0.528051 -0.805335
    outer loop
      vertex 1094.26 1097.74 2184.25
      vertex 1088.12 1094.62 2180.15
      vertex 1089.87 1099.98 2184.25
    endloop
  endfacet
  facet normal 0.269562 0.527892 -0.805398
    outer loop
      vertex 1090.94 1093.18 2180.15
      vertex 1088.12 1094.62 2180.15
      vertex 1094.26 1097.74 2184.25
    endloop
  endfacet
  facet normal -0.0484909 0.30806 -0.95013
    outer loop
      vertex 1083.92 1088.31 2178
      vertex 1081.88 1094.62 2180.15
      vertex 1085 1088.48 2178
    endloop
  endfacet
  facet normal 0.278295 0.140582 -0.950152
    outer loop
      vertex 1088.31 1086.08 2178
      vertex 1087.82 1087.05 2178
      vertex 1094.62 1088.12 2180.15
    endloop
  endfacet
  facet normal -0.0484909 0.30806 0.95013
    outer loop
      vertex 1085 1088.48 2222
      vertex 1081.88 1094.62 2219.85
      vertex 1083.92 1088.31 2222
    endloop
  endfacet
  facet normal -0.0483888 0.308108 0.95012
    outer loop
      vertex 1085 1095.11 2219.85
      vertex 1081.88 1094.62 2219.85
      vertex 1085 1088.48 2222
    endloop
  endfacet
  facet normal 0.220809 -0.220809 0.949993
    outer loop
      vertex 1087.82 1082.95 2222
      vertex 1090.94 1076.82 2219.85
      vertex 1093.18 1079.06 2219.85
    endloop
  endfacet
  facet normal 0.220809 -0.220809 0.949993
    outer loop
      vertex 1090.94 1076.82 2219.85
      vertex 1087.82 1082.95 2222
      vertex 1087.05 1082.18 2222
    endloop
  endfacet
  facet normal -0.220809 -0.220809 0.949993
    outer loop
      vertex 1082.18 1082.95 2222
      vertex 1079.06 1076.82 2219.85
      vertex 1082.95 1082.18 2222
    endloop
  endfacet
  facet normal -0.220809 -0.220809 0.949993
    outer loop
      vertex 1079.06 1076.82 2219.85
      vertex 1082.18 1082.95 2222
      vertex 1076.82 1079.06 2219.85
    endloop
  endfacet
  facet normal -0.376066 -0.737022 0.561581
    outer loop
      vertex 1075.74 1072.26 2215.75
      vertex 1079.99 1070 2215.63
      vertex 1080.13 1070.02 2215.75
    endloop
  endfacet
  facet normal -0.368531 -0.723996 0.583107
    outer loop
      vertex 1075.74 1072.26 2215.75
      vertex 1076.75 1070.57 2214.29
      vertex 1079.99 1070 2215.63
    endloop
  endfacet
  facet normal -0.366778 -0.723951 0.584268
    outer loop
      vertex 1076.75 1070.57 2214.29
      vertex 1075.74 1072.26 2215.75
      vertex 1074.32 1070.3 2212.43
    endloop
  endfacet
  facet normal -0.386896 -0.723328 0.571934
    outer loop
      vertex 1080.13 1070.02 2215.75
      vertex 1079.99 1070 2215.63
      vertex 1080.12 1069.97 2215.68
    endloop
  endfacet
  facet normal -0.0912015 -0.585515 0.805515
    outer loop
      vertex 1081.88 1075.38 2219.85
      vertex 1080.73 1070.18 2215.94
      vertex 1084.48 1070.27 2216.43
    endloop
  endfacet
  facet normal -0.0994551 -0.58386 0.80574
    outer loop
      vertex 1080.13 1070.02 2215.75
      vertex 1080.73 1070.18 2215.94
      vertex 1081.88 1075.38 2219.85
    endloop
  endfacet
  facet normal -0.0824784 -0.618588 0.781374
    outer loop
      vertex 1080.73 1070.18 2215.94
      vertex 1080.13 1070.02 2215.75
      vertex 1080.28 1070 2215.75
    endloop
  endfacet
  facet normal 0.0483888 -0.308108 0.95012
    outer loop
      vertex 1085 1081.52 2222
      vertex 1085 1074.89 2219.85
      vertex 1088.12 1075.38 2219.85
    endloop
  endfacet
  facet normal 0.848775 -0.432048 0.304822
    outer loop
      vertex 1103.88 1078.87 2210.11
      vertex 1101.06 1073.33 2210.11
      vertex 1105.92 1078.2 2203.48
    endloop
  endfacet
  facet normal 0.724055 -0.368562 0.583015
    outer loop
      vertex 1103.88 1078.87 2210.11
      vertex 1099.98 1080.13 2215.75
      vertex 1101.06 1073.33 2210.11
    endloop
  endfacet
  facet normal -0.576117 -0.576117 -0.57981
    outer loop
      vertex 1072.14 1070.14 2189.89
      vertex 1070.14 1072.14 2189.89
      vertex 1070.52 1073.33 2188.33
    endloop
  endfacet
  facet normal -0.575566 -0.572351 -0.58407
    outer loop
      vertex 1073.33 1070.52 2188.33
      vertex 1075.74 1072.26 2184.25
      vertex 1074.32 1070.3 2187.57
    endloop
  endfacet
  facet normal -0.574049 -0.574049 -0.583898
    outer loop
      vertex 1073.33 1070.52 2188.33
      vertex 1072.26 1075.74 2184.25
      vertex 1075.74 1072.26 2184.25
    endloop
  endfacet
  facet normal -0.576117 -0.576117 -0.57981
    outer loop
      vertex 1070.52 1073.33 2188.33
      vertex 1073.33 1070.52 2188.33
      vertex 1072.14 1070.14 2189.89
    endloop
  endfacet
  facet normal -0.574049 -0.574049 -0.583898
    outer loop
      vertex 1073.33 1070.52 2188.33
      vertex 1070.52 1073.33 2188.33
      vertex 1072.26 1075.74 2184.25
    endloop
  endfacet
  facet normal -0.572351 -0.575566 -0.58407
    outer loop
      vertex 1072.26 1075.74 2184.25
      vertex 1070.52 1073.33 2188.33
      vertex 1070.3 1074.32 2187.57
    endloop
  endfacet
  facet normal -0.278295 0.140582 0.950152
    outer loop
      vertex 1082.18 1087.05 2222
      vertex 1075.38 1088.12 2219.85
      vertex 1081.69 1086.08 2222
    endloop
  endfacet
  facet normal 0.0484909 -0.30806 0.95013
    outer loop
      vertex 1086.08 1081.69 2222
      vertex 1085 1081.52 2222
      vertex 1088.12 1075.38 2219.85
    endloop
  endfacet
  facet normal -0.0926054 0.585699 0.805221
    outer loop
      vertex 1085 1100.75 2215.75
      vertex 1080.13 1099.98 2215.75
      vertex 1081.88 1094.62 2219.85
    endloop
  endfacet
  facet normal -0.0919551 0.58551 0.805433
    outer loop
      vertex 1085 1100.75 2215.75
      vertex 1081.88 1094.62 2219.85
      vertex 1085 1095.11 2219.85
    endloop
  endfacet
  facet normal 0.432007 0.848782 0.304858
    outer loop
      vertex 1097.93 1102.8 2203.48
      vertex 1091.8 1105.92 2203.48
      vertex 1096.67 1101.06 2210.11
    endloop
  endfacet
  facet normal 0.432048 0.848775 0.304822
    outer loop
      vertex 1091.8 1105.92 2203.48
      vertex 1091.13 1103.88 2210.11
      vertex 1096.67 1101.06 2210.11
    endloop
  endfacet
  facet normal 0.723367 0.369098 0.583529
    outer loop
      vertex 1101.06 1096.67 2210.11
      vertex 1097.74 1094.26 2215.75
      vertex 1099.98 1089.87 2215.75
    endloop
  endfacet
  facet normal 0.891206 0.453599 0
    outer loop
      vertex 1105.92 1091.8 2203.48
      vertex 1102.8 1097.93 2196.52
      vertex 1102.8 1097.93 2203.48
    endloop
  endfacet
  facet normal 0.891206 0.453599 0
    outer loop
      vertex 1102.8 1097.93 2196.52
      vertex 1105.92 1091.8 2203.48
      vertex 1105.92 1091.8 2196.52
    endloop
  endfacet
  facet normal 0.848782 0.432007 -0.304858
    outer loop
      vertex 1105.92 1091.8 2196.52
      vertex 1101.06 1096.67 2189.89
      vertex 1102.8 1097.93 2196.52
    endloop
  endfacet
  facet normal -0.723328 0.386896 0.571934
    outer loop
      vertex 1070 1090.01 2215.63
      vertex 1069.97 1089.88 2215.68
      vertex 1070.02 1089.87 2215.75
    endloop
  endfacet
  facet normal -0.419078 0.419078 0.805448
    outer loop
      vertex 1075.74 1097.74 2215.75
      vertex 1076.82 1090.94 2219.85
      vertex 1079.06 1093.18 2219.85
    endloop
  endfacet
  facet normal -0.419078 0.419078 0.805448
    outer loop
      vertex 1076.82 1090.94 2219.85
      vertex 1075.74 1097.74 2215.75
      vertex 1072.26 1094.26 2215.75
    endloop
  endfacet
  facet normal -0.14887 0.9408 -0.304521
    outer loop
      vertex 1078.87 1103.88 2189.89
      vertex 1078.2 1105.92 2196.52
      vertex 1085 1104.85 2189.89
    endloop
  endfacet
  facet normal -0.126963 0.802356 -0.583185
    outer loop
      vertex 1080.13 1099.98 2184.25
      vertex 1078.87 1103.88 2189.89
      vertex 1085 1104.85 2189.89
    endloop
  endfacet
  facet normal 0.278034 -0.141975 -0.950021
    outer loop
      vertex 1093.18 1079.06 2180.15
      vertex 1087.82 1082.95 2178
      vertex 1094.62 1081.88 2180.15
    endloop
  endfacet
  facet normal 0.802325 0.126856 -0.583251
    outer loop
      vertex 1100.75 1085 2184.25
      vertex 1099.98 1089.87 2184.25
      vertex 1104.85 1085 2189.89
    endloop
  endfacet
  facet normal 0.574279 0.574279 -0.583443
    outer loop
      vertex 1097.74 1094.26 2184.25
      vertex 1096.67 1101.06 2189.89
      vertex 1101.06 1096.67 2189.89
    endloop
  endfacet
  facet normal 0.574279 0.574279 -0.583443
    outer loop
      vertex 1096.67 1101.06 2189.89
      vertex 1097.74 1094.26 2184.25
      vertex 1094.26 1097.74 2184.25
    endloop
  endfacet
  facet normal -0.419078 -0.419078 -0.805448
    outer loop
      vertex 1075.74 1072.26 2184.25
      vertex 1076.82 1079.06 2180.15
      vertex 1079.06 1076.82 2180.15
    endloop
  endfacet
  facet normal -0.419078 -0.419078 -0.805448
    outer loop
      vertex 1076.82 1079.06 2180.15
      vertex 1075.74 1072.26 2184.25
      vertex 1072.26 1075.74 2184.25
    endloop
  endfacet
  facet normal 0.0484909 -0.30806 -0.95013
    outer loop
      vertex 1088.12 1075.38 2180.15
      vertex 1085 1081.52 2178
      vertex 1086.08 1081.69 2178
    endloop
  endfacet
  facet normal 0.0483888 -0.308108 -0.95012
    outer loop
      vertex 1088.12 1075.38 2180.15
      vertex 1085 1074.89 2180.15
      vertex 1085 1081.52 2178
    endloop
  endfacet
  facet normal -0.220809 0.220809 -0.949993
    outer loop
      vertex 1082.18 1087.05 2178
      vertex 1079.06 1093.18 2180.15
      vertex 1082.95 1087.82 2178
    endloop
  endfacet
  facet normal -0.220809 0.220809 -0.949993
    outer loop
      vertex 1079.06 1093.18 2180.15
      vertex 1082.18 1087.05 2178
      vertex 1076.82 1090.94 2180.15
    endloop
  endfacet
  facet normal 0.0484909 0.30806 -0.95013
    outer loop
      vertex 1086.08 1088.31 2178
      vertex 1085 1088.48 2178
      vertex 1088.12 1094.62 2180.15
    endloop
  endfacet
  facet normal -0.141975 0.278034 -0.950021
    outer loop
      vertex 1082.95 1087.82 2178
      vertex 1079.06 1093.18 2180.15
      vertex 1081.88 1094.62 2180.15
    endloop
  endfacet
  facet normal 0.419078 -0.419078 -0.805448
    outer loop
      vertex 1094.26 1072.26 2184.25
      vertex 1093.18 1079.06 2180.15
      vertex 1097.74 1075.74 2184.25
    endloop
  endfacet
  facet normal 0.419078 -0.419078 -0.805448
    outer loop
      vertex 1093.18 1079.06 2180.15
      vertex 1094.26 1072.26 2184.25
      vertex 1090.94 1076.82 2180.15
    endloop
  endfacet
  facet normal 0.141975 0.278034 -0.950021
    outer loop
      vertex 1090.94 1093.18 2180.15
      vertex 1087.05 1087.82 2178
      vertex 1088.12 1094.62 2180.15
    endloop
  endfacet
  facet normal -0.585515 0.0912015 -0.805515
    outer loop
      vertex 1070.18 1089.27 2184.06
      vertex 1075.38 1088.12 2180.15
      vertex 1070.27 1085.52 2183.57
    endloop
  endfacet
  facet normal -0.58386 0.0994551 -0.80574
    outer loop
      vertex 1070.18 1089.27 2184.06
      vertex 1070.02 1089.87 2184.25
      vertex 1075.38 1088.12 2180.15
    endloop
  endfacet
  facet normal -0.618588 0.0824784 -0.781374
    outer loop
      vertex 1070.02 1089.87 2184.25
      vertex 1070.18 1089.27 2184.06
      vertex 1070 1089.72 2184.25
    endloop
  endfacet
  facet normal -0.585079 0.0971325 -0.805138
    outer loop
      vertex 1070.27 1085.52 2183.57
      vertex 1074.89 1085 2180.15
      vertex 1070.28 1085 2183.5
    endloop
  endfacet
  facet normal -0.585746 0.0919921 -0.805257
    outer loop
      vertex 1074.89 1085 2180.15
      vertex 1070.27 1085.52 2183.57
      vertex 1075.38 1088.12 2180.15
    endloop
  endfacet
  facet normal 0.0919551 0.58551 -0.805433
    outer loop
      vertex 1088.12 1094.62 2180.15
      vertex 1085 1095.11 2180.15
      vertex 1085 1100.75 2184.25
    endloop
  endfacet
  facet normal 0.0483888 0.308108 -0.95012
    outer loop
      vertex 1088.12 1094.62 2180.15
      vertex 1085 1088.48 2178
      vertex 1085 1095.11 2180.15
    endloop
  endfacet
  facet normal -0.30806 -0.0484909 0.95013
    outer loop
      vertex 1081.52 1085 2222
      vertex 1075.38 1081.88 2219.85
      vertex 1081.69 1083.92 2222
    endloop
  endfacet
  facet normal -0.278034 -0.141975 0.950021
    outer loop
      vertex 1082.18 1082.95 2222
      vertex 1075.38 1081.88 2219.85
      vertex 1076.82 1079.06 2219.85
    endloop
  endfacet
  facet normal -0.100251 -0.751882 0.651631
    outer loop
      vertex 1080.28 1070 2215.75
      vertex 1080.13 1070.02 2215.75
      vertex 1080.17 1069.98 2215.71
    endloop
  endfacet
  facet normal 0.100251 -0.751882 0.651631
    outer loop
      vertex 1089.87 1070.02 2215.75
      vertex 1089.72 1070 2215.75
      vertex 1089.83 1069.98 2215.71
    endloop
  endfacet
  facet normal -0.269562 -0.527892 0.805398
    outer loop
      vertex 1079.06 1076.82 2219.85
      vertex 1075.74 1072.26 2215.75
      vertex 1081.88 1075.38 2219.85
    endloop
  endfacet
  facet normal -0.0483888 -0.308108 0.95012
    outer loop
      vertex 1085 1081.52 2222
      vertex 1081.88 1075.38 2219.85
      vertex 1085 1074.89 2219.85
    endloop
  endfacet
  facet normal -0.0971325 -0.585079 0.805138
    outer loop
      vertex 1085 1074.89 2219.85
      vertex 1084.48 1070.27 2216.43
      vertex 1085 1070.28 2216.5
    endloop
  endfacet
  facet normal -0.0919921 -0.585746 0.805257
    outer loop
      vertex 1084.48 1070.27 2216.43
      vertex 1085 1074.89 2219.85
      vertex 1081.88 1075.38 2219.85
    endloop
  endfacet
  facet normal 0 0 1
    outer loop
      vertex 1088.31 1086.08 2222
      vertex 1088.31 1083.92 2222
      vertex 1088.48 1085 2222
    endloop
  endfacet
  facet normal 0 0 1
    outer loop
      vertex 1087.82 1087.05 2222
      vertex 1088.31 1083.92 2222
      vertex 1088.31 1086.08 2222
    endloop
  endfacet
  facet normal 0 0 1
    outer loop
      vertex 1087.82 1087.05 2222
      vertex 1087.82 1082.95 2222
      vertex 1088.31 1083.92 2222
    endloop
  endfacet
  facet normal 0 0 1
    outer loop
      vertex 1087.05 1087.82 2222
      vertex 1087.82 1082.95 2222
      vertex 1087.82 1087.05 2222
    endloop
  endfacet
  facet normal 0 0 1
    outer loop
      vertex 1087.05 1087.82 2222
      vertex 1087.05 1082.18 2222
      vertex 1087.82 1082.95 2222
    endloop
  endfacet
  facet normal 0 0 1
    outer loop
      vertex 1086.08 1088.31 2222
      vertex 1087.05 1082.18 2222
      vertex 1087.05 1087.82 2222
    endloop
  endfacet
  facet normal 0 0 1
    outer loop
      vertex 1086.08 1088.31 2222
      vertex 1086.08 1081.69 2222
      vertex 1087.05 1082.18 2222
    endloop
  endfacet
  facet normal 0 0 1
    outer loop
      vertex 1085 1088.48 2222
      vertex 1086.08 1081.69 2222
      vertex 1086.08 1088.31 2222
    endloop
  endfacet
  facet normal 0 0 1
    outer loop
      vertex 1085 1088.48 2222
      vertex 1085 1081.52 2222
      vertex 1086.08 1081.69 2222
    endloop
  endfacet
  facet normal -0 0 1
    outer loop
      vertex 1083.92 1088.31 2222
      vertex 1085 1081.52 2222
      vertex 1085 1088.48 2222
    endloop
  endfacet
  facet normal 0 0 1
    outer loop
      vertex 1083.92 1088.31 2222
      vertex 1083.92 1081.69 2222
      vertex 1085 1081.52 2222
    endloop
  endfacet
  facet normal -0 0 1
    outer loop
      vertex 1082.95 1087.82 2222
      vertex 1083.92 1081.69 2222
      vertex 1083.92 1088.31 2222
    endloop
  endfacet
  facet normal 0 0 1
    outer loop
      vertex 1082.95 1087.82 2222
      vertex 1082.95 1082.18 2222
      vertex 1083.92 1081.69 2222
    endloop
  endfacet
  facet normal -0 0 1
    outer loop
      vertex 1082.18 1087.05 2222
      vertex 1082.95 1082.18 2222
      vertex 1082.95 1087.82 2222
    endloop
  endfacet
  facet normal 0 0 1
    outer loop
      vertex 1082.18 1087.05 2222
      vertex 1082.18 1082.95 2222
      vertex 1082.95 1082.18 2222
    endloop
  endfacet
  facet normal -0 0 1
    outer loop
      vertex 1081.69 1086.08 2222
      vertex 1082.18 1082.95 2222
      vertex 1082.18 1087.05 2222
    endloop
  endfacet
  facet normal 0 0 1
    outer loop
      vertex 1081.69 1086.08 2222
      vertex 1081.69 1083.92 2222
      vertex 1082.18 1082.95 2222
    endloop
  endfacet
  facet normal 0 -0 1
    outer loop
      vertex 1081.69 1083.92 2222
      vertex 1081.69 1086.08 2222
      vertex 1081.52 1085 2222
    endloop
  endfacet
  facet normal -0.0484909 -0.30806 0.95013
    outer loop
      vertex 1083.92 1081.69 2222
      vertex 1081.88 1075.38 2219.85
      vertex 1085 1081.52 2222
    endloop
  endfacet
  facet normal -0.140582 -0.278295 0.950152
    outer loop
      vertex 1082.95 1082.18 2222
      vertex 1081.88 1075.38 2219.85
      vertex 1083.92 1081.69 2222
    endloop
  endfacet
  facet normal 0.278034 0.141975 0.950021
    outer loop
      vertex 1093.18 1090.94 2219.85
      vertex 1087.82 1087.05 2222
      vertex 1094.62 1088.12 2219.85
    endloop
  endfacet
  facet normal 0.527892 0.269562 0.805398
    outer loop
      vertex 1097.74 1094.26 2215.75
      vertex 1093.18 1090.94 2219.85
      vertex 1094.62 1088.12 2219.85
    endloop
  endfacet
  facet normal 0.707107 0.707107 0
    outer loop
      vertex 1102.8 1097.93 2203.48
      vertex 1097.93 1102.8 2196.52
      vertex 1097.93 1102.8 2203.48
    endloop
  endfacet
  facet normal 0.707107 0.707107 0
    outer loop
      vertex 1097.93 1102.8 2196.52
      vertex 1102.8 1097.93 2203.48
      vertex 1102.8 1097.93 2196.52
    endloop
  endfacet
  facet normal 0.30806 0.0484909 -0.95013
    outer loop
      vertex 1088.48 1085 2178
      vertex 1088.31 1086.08 2178
      vertex 1094.62 1088.12 2180.15
    endloop
  endfacet
  facet normal 0.527892 0.269562 -0.805398
    outer loop
      vertex 1094.62 1088.12 2180.15
      vertex 1093.18 1090.94 2180.15
      vertex 1097.74 1094.26 2184.25
    endloop
  endfacet
  facet normal 0.140582 -0.278295 -0.950152
    outer loop
      vertex 1088.12 1075.38 2180.15
      vertex 1086.08 1081.69 2178
      vertex 1087.05 1082.18 2178
    endloop
  endfacet
  facet normal 0.278295 -0.140582 -0.950152
    outer loop
      vertex 1094.62 1081.88 2180.15
      vertex 1087.82 1082.95 2178
      vertex 1088.31 1083.92 2178
    endloop
  endfacet
  facet normal 0.141975 -0.278034 -0.950021
    outer loop
      vertex 1088.12 1075.38 2180.15
      vertex 1087.05 1082.18 2178
      vertex 1090.94 1076.82 2180.15
    endloop
  endfacet
  facet normal 0.220809 -0.220809 -0.949993
    outer loop
      vertex 1090.94 1076.82 2180.15
      vertex 1087.82 1082.95 2178
      vertex 1093.18 1079.06 2180.15
    endloop
  endfacet
  facet normal 0.220809 -0.220809 -0.949993
    outer loop
      vertex 1087.82 1082.95 2178
      vertex 1090.94 1076.82 2180.15
      vertex 1087.05 1082.18 2178
    endloop
  endfacet
  facet normal 0.140582 0.278295 -0.950152
    outer loop
      vertex 1087.05 1087.82 2178
      vertex 1086.08 1088.31 2178
      vertex 1088.12 1094.62 2180.15
    endloop
  endfacet
  facet normal -0.220809 -0.220809 -0.949993
    outer loop
      vertex 1079.06 1076.82 2180.15
      vertex 1082.18 1082.95 2178
      vertex 1082.95 1082.18 2178
    endloop
  endfacet
  facet normal -0.220809 -0.220809 -0.949993
    outer loop
      vertex 1082.18 1082.95 2178
      vertex 1079.06 1076.82 2180.15
      vertex 1076.82 1079.06 2180.15
    endloop
  endfacet
  facet normal 0.528051 0.269439 -0.805335
    outer loop
      vertex 1099.98 1089.87 2184.25
      vertex 1094.62 1088.12 2180.15
      vertex 1097.74 1094.26 2184.25
    endloop
  endfacet
  facet normal 0.585699 0.0926054 -0.805221
    outer loop
      vertex 1100.75 1085 2184.25
      vertex 1094.62 1088.12 2180.15
      vertex 1099.98 1089.87 2184.25
    endloop
  endfacet
  facet normal 0 0 -1
    outer loop
      vertex 1088.31 1083.92 2178
      vertex 1088.31 1086.08 2178
      vertex 1088.48 1085 2178
    endloop
  endfacet
  facet normal 0 0 -1
    outer loop
      vertex 1087.82 1082.95 2178
      vertex 1088.31 1086.08 2178
      vertex 1088.31 1083.92 2178
    endloop
  endfacet
  facet normal 0 0 -1
    outer loop
      vertex 1087.82 1082.95 2178
      vertex 1087.82 1087.05 2178
      vertex 1088.31 1086.08 2178
    endloop
  endfacet
  facet normal 0 0 -1
    outer loop
      vertex 1087.05 1082.18 2178
      vertex 1087.82 1087.05 2178
      vertex 1087.82 1082.95 2178
    endloop
  endfacet
  facet normal 0 0 -1
    outer loop
      vertex 1087.05 1082.18 2178
      vertex 1087.05 1087.82 2178
      vertex 1087.82 1087.05 2178
    endloop
  endfacet
  facet normal 0 0 -1
    outer loop
      vertex 1086.08 1081.69 2178
      vertex 1087.05 1087.82 2178
      vertex 1087.05 1082.18 2178
    endloop
  endfacet
  facet normal 0 0 -1
    outer loop
      vertex 1086.08 1081.69 2178
      vertex 1086.08 1088.31 2178
      vertex 1087.05 1087.82 2178
    endloop
  endfacet
  facet normal 0 0 -1
    outer loop
      vertex 1085 1081.52 2178
      vertex 1086.08 1088.31 2178
      vertex 1086.08 1081.69 2178
    endloop
  endfacet
  facet normal 0 0 -1
    outer loop
      vertex 1085 1081.52 2178
      vertex 1085 1088.48 2178
      vertex 1086.08 1088.31 2178
    endloop
  endfacet
  facet normal 0 0 -1
    outer loop
      vertex 1083.92 1081.69 2178
      vertex 1085 1088.48 2178
      vertex 1085 1081.52 2178
    endloop
  endfacet
  facet normal 0 0 -1
    outer loop
      vertex 1083.92 1081.69 2178
      vertex 1083.92 1088.31 2178
      vertex 1085 1088.48 2178
    endloop
  endfacet
  facet normal 0 0 -1
    outer loop
      vertex 1082.95 1082.18 2178
      vertex 1083.92 1088.31 2178
      vertex 1083.92 1081.69 2178
    endloop
  endfacet
  facet normal 0 0 -1
    outer loop
      vertex 1082.95 1082.18 2178
      vertex 1082.95 1087.82 2178
      vertex 1083.92 1088.31 2178
    endloop
  endfacet
  facet normal 0 0 -1
    outer loop
      vertex 1082.18 1082.95 2178
      vertex 1082.95 1087.82 2178
      vertex 1082.95 1082.18 2178
    endloop
  endfacet
  facet normal 0 0 -1
    outer loop
      vertex 1082.18 1082.95 2178
      vertex 1082.18 1087.05 2178
      vertex 1082.95 1087.82 2178
    endloop
  endfacet
  facet normal 0 0 -1
    outer loop
      vertex 1081.69 1083.92 2178
      vertex 1082.18 1087.05 2178
      vertex 1082.18 1082.95 2178
    endloop
  endfacet
  facet normal 0 0 -1
    outer loop
      vertex 1081.69 1083.92 2178
      vertex 1081.69 1086.08 2178
      vertex 1082.18 1087.05 2178
    endloop
  endfacet
  facet normal 0 -0 -1
    outer loop
      vertex 1081.69 1086.08 2178
      vertex 1081.69 1083.92 2178
      vertex 1081.52 1085 2178
    endloop
  endfacet
  facet normal -0.140582 -0.278295 -0.950152
    outer loop
      vertex 1083.92 1081.69 2178
      vertex 1081.88 1075.38 2180.15
      vertex 1082.95 1082.18 2178
    endloop
  endfacet
  facet normal -0.141975 -0.278034 -0.950021
    outer loop
      vertex 1081.88 1075.38 2180.15
      vertex 1079.06 1076.82 2180.15
      vertex 1082.95 1082.18 2178
    endloop
  endfacet
  facet normal 0.308108 0.0483888 -0.95012
    outer loop
      vertex 1095.11 1085 2180.15
      vertex 1088.48 1085 2178
      vertex 1094.62 1088.12 2180.15
    endloop
  endfacet
  facet normal 0.58551 0.0919551 -0.805433
    outer loop
      vertex 1095.11 1085 2180.15
      vertex 1094.62 1088.12 2180.15
      vertex 1100.75 1085 2184.25
    endloop
  endfacet
  facet normal 0.419078 0.419078 -0.805448
    outer loop
      vertex 1093.18 1090.94 2180.15
      vertex 1094.26 1097.74 2184.25
      vertex 1097.74 1094.26 2184.25
    endloop
  endfacet
  facet normal 0.419078 0.419078 -0.805448
    outer loop
      vertex 1094.26 1097.74 2184.25
      vertex 1093.18 1090.94 2180.15
      vertex 1090.94 1093.18 2180.15
    endloop
  endfacet
endsolid OpenSCAD_Model
