solid OpenSCAD_Model
  facet normal -1 0 0
    outer loop
      vertex -876 876 2605.23
      vertex -876 28.5578 2885.91
      vertex -876 876 2718.21
    endloop
  endfacet
  facet normal -1 0 0
    outer loop
      vertex -876 876 2605.23
      vertex -876 2.46233 2889.57
      vertex -876 28.5578 2885.91
    endloop
  endfacet
  facet normal -1 0 -0
    outer loop
      vertex -876 2.46233 2889.57
      vertex -876 876 2605.23
      vertex -876 -876 2851.46
    endloop
  endfacet
  facet normal -1 0 0
    outer loop
      vertex -876 1980.54 2450
      vertex -876 1963.19 2614.01
      vertex -876 2002.8 2608.44
    endloop
  endfacet
  facet normal -1 0 0
    outer loop
      vertex -876 976 2591.18
      vertex -876 1963.19 2614.01
      vertex -876 1980.54 2450
    endloop
  endfacet
  facet normal -1 0 0
    outer loop
      vertex -876 976 2718.21
      vertex -876 1963.19 2614.01
      vertex -876 976 2591.18
    endloop
  endfacet
  facet normal -1 0 0
    outer loop
      vertex -876 976 2718.21
      vertex -876 28.5578 2885.91
      vertex -876 1963.19 2614.01
    endloop
  endfacet
  facet normal -1 0 0
    outer loop
      vertex -876 28.5578 2885.91
      vertex -876 976 2718.21
      vertex -876 876 2718.21
    endloop
  endfacet
  facet normal -1 0 0
    outer loop
      vertex -876 -876 2978.49
      vertex -876 2.46233 2889.57
      vertex -876 -876 2851.46
    endloop
  endfacet
  facet normal -1 0 0
    outer loop
      vertex -876 -938.292 3021.79
      vertex -876 2.46233 2889.57
      vertex -876 -876 2978.49
    endloop
  endfacet
  facet normal -1 0 0
    outer loop
      vertex -876 -976 2978.49
      vertex -876 -938.292 3021.79
      vertex -876 -876 2978.49
    endloop
  endfacet
  facet normal -1 -0 0
    outer loop
      vertex -876 -938.292 3021.79
      vertex -876 -976 2978.49
      vertex -876 -977.903 3027.35
    endloop
  endfacet
  facet normal -1 0 0
    outer loop
      vertex -876 -1918.66 3159.57
      vertex -876 -976 2978.49
      vertex -876 -976 2865.51
    endloop
  endfacet
  facet normal -1 0 0
    outer loop
      vertex -876 -976 2978.49
      vertex -876 -1918.66 3159.57
      vertex -876 -977.903 3027.35
    endloop
  endfacet
  facet normal -1 0 0
    outer loop
      vertex -876 -1980.54 3006.69
      vertex -876 -1918.66 3159.57
      vertex -876 -976 2865.51
    endloop
  endfacet
  facet normal -1 -0 0
    outer loop
      vertex -876 -1918.66 3159.57
      vertex -876 -1980.54 3006.69
      vertex -876 -1958.27 3165.14
    endloop
  endfacet
  facet normal 1 0 0
    outer loop
      vertex -876 -976 0
      vertex -876 -876 2851.46
      vertex -876 -976 2865.51
    endloop
  endfacet
  facet normal 1 0 0
    outer loop
      vertex -876 -876 2851.46
      vertex -876 -976 0
      vertex -876 -876 0
    endloop
  endfacet
  facet normal 1 0 0
    outer loop
      vertex -876 876 0
      vertex -876 976 2591.18
      vertex -876 876 2605.23
    endloop
  endfacet
  facet normal 1 0 0
    outer loop
      vertex -876 976 2591.18
      vertex -876 876 0
      vertex -876 976 0
    endloop
  endfacet
  facet normal -0 0 1
    outer loop
      vertex -976 -876 2978.49
      vertex -876 -976 2978.49
      vertex -876 -876 2978.49
    endloop
  endfacet
  facet normal 0 0 1
    outer loop
      vertex -876 -976 2978.49
      vertex -976 -876 2978.49
      vertex -976 -976 2978.49
    endloop
  endfacet
  facet normal 0 0 -1
    outer loop
      vertex -976 -976 0
      vertex -876 -876 0
      vertex -876 -976 0
    endloop
  endfacet
  facet normal -0 0 -1
    outer loop
      vertex -876 -876 0
      vertex -976 -976 0
      vertex -976 -876 0
    endloop
  endfacet
  facet normal -1 0 0
    outer loop
      vertex -976 -876 0
      vertex -976 -880.8 2888.49
      vertex -976 -876 2978.49
    endloop
  endfacet
  facet normal -1 0 0
    outer loop
      vertex -976 -876 0
      vertex -976 -881.446 2884.41
      vertex -976 -880.8 2888.49
    endloop
  endfacet
  facet normal -1 0 0
    outer loop
      vertex -976 -876 0
      vertex -976 -883.321 2880.73
      vertex -976 -881.446 2884.41
    endloop
  endfacet
  facet normal -1 0 0
    outer loop
      vertex -976 -876 0
      vertex -976 -886.241 2877.81
      vertex -976 -883.321 2880.73
    endloop
  endfacet
  facet normal -1 0 0
    outer loop
      vertex -976 -876 0
      vertex -976 -889.921 2875.93
      vertex -976 -886.241 2877.81
    endloop
  endfacet
  facet normal -1 0 0
    outer loop
      vertex -976 -876 0
      vertex -976 -894 2875.29
      vertex -976 -889.921 2875.93
    endloop
  endfacet
  facet normal -1 0 0
    outer loop
      vertex -976 -976 0
      vertex -976 -894 2875.29
      vertex -976 -876 0
    endloop
  endfacet
  facet normal -1 -0 0
    outer loop
      vertex -976 -894 2875.29
      vertex -976 -976 0
      vertex -976 -898.079 2875.93
    endloop
  endfacet
  facet normal -1 -0 0
    outer loop
      vertex -976 -898.079 2875.93
      vertex -976 -976 0
      vertex -976 -901.759 2877.81
    endloop
  endfacet
  facet normal -1 0 -0
    outer loop
      vertex -976 -965.759 2932.81
      vertex -976 -901.759 2877.81
      vertex -976 -976 0
    endloop
  endfacet
  facet normal -1 0 0
    outer loop
      vertex -976 -901.759 2877.81
      vertex -976 -965.759 2932.81
      vertex -976 -904.679 2880.73
    endloop
  endfacet
  facet normal -1 -0 -0
    outer loop
      vertex -976 -962.079 2930.93
      vertex -976 -904.679 2880.73
      vertex -976 -965.759 2932.81
    endloop
  endfacet
  facet normal -1 0 0
    outer loop
      vertex -976 -907.2 2888.49
      vertex -976 -945.446 2939.41
      vertex -976 -944.8 2943.49
    endloop
  endfacet
  facet normal -1 0 0
    outer loop
      vertex -976 -907.2 2888.49
      vertex -976 -947.321 2935.73
      vertex -976 -945.446 2939.41
    endloop
  endfacet
  facet normal -1 0 0
    outer loop
      vertex -976 -907.2 2888.49
      vertex -976 -950.241 2932.81
      vertex -976 -947.321 2935.73
    endloop
  endfacet
  facet normal -1 0 0
    outer loop
      vertex -976 -907.2 2888.49
      vertex -976 -953.921 2930.93
      vertex -976 -950.241 2932.81
    endloop
  endfacet
  facet normal -1 0 0
    outer loop
      vertex -976 -907.2 2888.49
      vertex -976 -958 2930.29
      vertex -976 -953.921 2930.93
    endloop
  endfacet
  facet normal -1 0 0
    outer loop
      vertex -976 -904.679 2880.73
      vertex -976 -962.079 2930.93
      vertex -976 -906.554 2884.41
    endloop
  endfacet
  facet normal -1 0 0
    outer loop
      vertex -976 -906.554 2884.41
      vertex -976 -958 2930.29
      vertex -976 -907.2 2888.49
    endloop
  endfacet
  facet normal -1 -0 -0
    outer loop
      vertex -976 -958 2930.29
      vertex -976 -906.554 2884.41
      vertex -976 -962.079 2930.93
    endloop
  endfacet
  facet normal -1 -0 0
    outer loop
      vertex -976 -965.759 2932.81
      vertex -976 -976 0
      vertex -976 -968.679 2935.73
    endloop
  endfacet
  facet normal -1 -0 0
    outer loop
      vertex -976 -968.679 2935.73
      vertex -976 -976 0
      vertex -976 -970.554 2939.41
    endloop
  endfacet
  facet normal -1 -0 0
    outer loop
      vertex -976 -970.554 2939.41
      vertex -976 -976 0
      vertex -976 -971.2 2943.49
    endloop
  endfacet
  facet normal -1 0 0
    outer loop
      vertex -976 -881.446 2892.57
      vertex -976 -876 2978.49
      vertex -976 -880.8 2888.49
    endloop
  endfacet
  facet normal -1 0 0
    outer loop
      vertex -976 -883.321 2896.25
      vertex -976 -876 2978.49
      vertex -976 -881.446 2892.57
    endloop
  endfacet
  facet normal -1 0 0
    outer loop
      vertex -976 -886.241 2899.17
      vertex -976 -876 2978.49
      vertex -976 -883.321 2896.25
    endloop
  endfacet
  facet normal -1 0 0
    outer loop
      vertex -976 -889.921 2901.04
      vertex -976 -876 2978.49
      vertex -976 -886.241 2899.17
    endloop
  endfacet
  facet normal -1 0 0
    outer loop
      vertex -976 -894 2901.69
      vertex -976 -876 2978.49
      vertex -976 -889.921 2901.04
    endloop
  endfacet
  facet normal -1 0 0
    outer loop
      vertex -976 -944.8 2943.49
      vertex -976 -894 2901.69
      vertex -976 -898.079 2901.04
    endloop
  endfacet
  facet normal -1 0 0
    outer loop
      vertex -976 -944.8 2943.49
      vertex -976 -898.079 2901.04
      vertex -976 -901.759 2899.17
    endloop
  endfacet
  facet normal -1 0 0
    outer loop
      vertex -976 -944.8 2943.49
      vertex -976 -901.759 2899.17
      vertex -976 -904.679 2896.25
    endloop
  endfacet
  facet normal -1 0 0
    outer loop
      vertex -976 -944.8 2943.49
      vertex -976 -904.679 2896.25
      vertex -976 -906.554 2892.57
    endloop
  endfacet
  facet normal -1 0 0
    outer loop
      vertex -976 -944.8 2943.49
      vertex -976 -906.554 2892.57
      vertex -976 -907.2 2888.49
    endloop
  endfacet
  facet normal -1 0 0
    outer loop
      vertex -976 -894 2901.69
      vertex -976 -944.8 2943.49
      vertex -976 -876 2978.49
    endloop
  endfacet
  facet normal -1 0 0
    outer loop
      vertex -976 -945.446 2947.57
      vertex -976 -876 2978.49
      vertex -976 -944.8 2943.49
    endloop
  endfacet
  facet normal -1 0 0
    outer loop
      vertex -976 -947.321 2951.25
      vertex -976 -876 2978.49
      vertex -976 -945.446 2947.57
    endloop
  endfacet
  facet normal -1 0 0
    outer loop
      vertex -976 -950.241 2954.17
      vertex -976 -876 2978.49
      vertex -976 -947.321 2951.25
    endloop
  endfacet
  facet normal -1 0 0
    outer loop
      vertex -976 -953.921 2956.04
      vertex -976 -876 2978.49
      vertex -976 -950.241 2954.17
    endloop
  endfacet
  facet normal -1 0 0
    outer loop
      vertex -976 -976 2978.49
      vertex -976 -953.921 2956.04
      vertex -976 -958 2956.69
    endloop
  endfacet
  facet normal -1 0 0
    outer loop
      vertex -976 -976 2978.49
      vertex -976 -958 2956.69
      vertex -976 -962.079 2956.04
    endloop
  endfacet
  facet normal -1 0 0
    outer loop
      vertex -976 -953.921 2956.04
      vertex -976 -976 2978.49
      vertex -976 -876 2978.49
    endloop
  endfacet
  facet normal -1 0 0
    outer loop
      vertex -976 -965.759 2954.17
      vertex -976 -976 2978.49
      vertex -976 -962.079 2956.04
    endloop
  endfacet
  facet normal -1 0 0
    outer loop
      vertex -976 -968.679 2951.25
      vertex -976 -976 2978.49
      vertex -976 -965.759 2954.17
    endloop
  endfacet
  facet normal -1 0 0
    outer loop
      vertex -976 -970.554 2947.57
      vertex -976 -976 2978.49
      vertex -976 -968.679 2951.25
    endloop
  endfacet
  facet normal -1 0 0
    outer loop
      vertex -976 -971.2 2943.49
      vertex -976 -976 2978.49
      vertex -976 -970.554 2947.57
    endloop
  endfacet
  facet normal -1 0 0
    outer loop
      vertex -976 -976 2978.49
      vertex -976 -971.2 2943.49
      vertex -976 -976 0
    endloop
  endfacet
  facet normal 0 1 -0
    outer loop
      vertex -876 -876 2851.46
      vertex -976 -876 2978.49
      vertex -876 -876 2978.49
    endloop
  endfacet
  facet normal 0 1 0
    outer loop
      vertex -976 -876 0
      vertex -876 -876 2851.46
      vertex -876 -876 0
    endloop
  endfacet
  facet normal 0 1 0
    outer loop
      vertex -876 -876 2851.46
      vertex -976 -876 0
      vertex -976 -876 2978.49
    endloop
  endfacet
  facet normal 0 -1 0
    outer loop
      vertex -976 -976 2978.49
      vertex -876 -976 2865.51
      vertex -876 -976 2978.49
    endloop
  endfacet
  facet normal 0 -1 0
    outer loop
      vertex -976 -976 0
      vertex -876 -976 2865.51
      vertex -976 -976 2978.49
    endloop
  endfacet
  facet normal 0 -1 -0
    outer loop
      vertex -876 -976 2865.51
      vertex -976 -976 0
      vertex -876 -976 0
    endloop
  endfacet
  facet normal -0 0 1
    outer loop
      vertex -976 976 2718.21
      vertex -876 876 2718.21
      vertex -876 976 2718.21
    endloop
  endfacet
  facet normal 0 0 1
    outer loop
      vertex -876 876 2718.21
      vertex -976 976 2718.21
      vertex -976 876 2718.21
    endloop
  endfacet
  facet normal 0 0 -1
    outer loop
      vertex -976 876 0
      vertex -876 976 0
      vertex -876 876 0
    endloop
  endfacet
  facet normal -0 0 -1
    outer loop
      vertex -876 976 0
      vertex -976 876 0
      vertex -976 976 0
    endloop
  endfacet
  facet normal -1 0 0
    outer loop
      vertex -976 976 0
      vertex -976 971.2 2628.21
      vertex -976 976 2718.21
    endloop
  endfacet
  facet normal -1 0 0
    outer loop
      vertex -976 976 0
      vertex -976 970.554 2624.13
      vertex -976 971.2 2628.21
    endloop
  endfacet
  facet normal -1 0 0
    outer loop
      vertex -976 976 0
      vertex -976 968.679 2620.45
      vertex -976 970.554 2624.13
    endloop
  endfacet
  facet normal -1 0 0
    outer loop
      vertex -976 976 0
      vertex -976 965.759 2617.53
      vertex -976 968.679 2620.45
    endloop
  endfacet
  facet normal -1 0 0
    outer loop
      vertex -976 976 0
      vertex -976 962.079 2615.65
      vertex -976 965.759 2617.53
    endloop
  endfacet
  facet normal -1 0 0
    outer loop
      vertex -976 976 0
      vertex -976 958 2615.01
      vertex -976 962.079 2615.65
    endloop
  endfacet
  facet normal -1 0 0
    outer loop
      vertex -976 876 0
      vertex -976 958 2615.01
      vertex -976 976 0
    endloop
  endfacet
  facet normal -1 -0 0
    outer loop
      vertex -976 958 2615.01
      vertex -976 876 0
      vertex -976 953.921 2615.65
    endloop
  endfacet
  facet normal -1 -0 0
    outer loop
      vertex -976 953.921 2615.65
      vertex -976 876 0
      vertex -976 950.241 2617.53
    endloop
  endfacet
  facet normal -1 0 -0
    outer loop
      vertex -976 886.241 2672.53
      vertex -976 950.241 2617.53
      vertex -976 876 0
    endloop
  endfacet
  facet normal -1 0 0
    outer loop
      vertex -976 950.241 2617.53
      vertex -976 886.241 2672.53
      vertex -976 947.321 2620.45
    endloop
  endfacet
  facet normal -1 -0 -0
    outer loop
      vertex -976 889.921 2670.65
      vertex -976 947.321 2620.45
      vertex -976 886.241 2672.53
    endloop
  endfacet
  facet normal -1 0 0
    outer loop
      vertex -976 944.8 2628.21
      vertex -976 906.554 2679.13
      vertex -976 907.2 2683.21
    endloop
  endfacet
  facet normal -1 0 0
    outer loop
      vertex -976 944.8 2628.21
      vertex -976 904.679 2675.45
      vertex -976 906.554 2679.13
    endloop
  endfacet
  facet normal -1 0 0
    outer loop
      vertex -976 944.8 2628.21
      vertex -976 901.759 2672.53
      vertex -976 904.679 2675.45
    endloop
  endfacet
  facet normal -1 0 0
    outer loop
      vertex -976 944.8 2628.21
      vertex -976 898.079 2670.65
      vertex -976 901.759 2672.53
    endloop
  endfacet
  facet normal -1 0 0
    outer loop
      vertex -976 944.8 2628.21
      vertex -976 894 2670.01
      vertex -976 898.079 2670.65
    endloop
  endfacet
  facet normal -1 0 0
    outer loop
      vertex -976 947.321 2620.45
      vertex -976 889.921 2670.65
      vertex -976 945.446 2624.13
    endloop
  endfacet
  facet normal -1 0 0
    outer loop
      vertex -976 945.446 2624.13
      vertex -976 894 2670.01
      vertex -976 944.8 2628.21
    endloop
  endfacet
  facet normal -1 -0 -0
    outer loop
      vertex -976 894 2670.01
      vertex -976 945.446 2624.13
      vertex -976 889.921 2670.65
    endloop
  endfacet
  facet normal -1 -0 0
    outer loop
      vertex -976 886.241 2672.53
      vertex -976 876 0
      vertex -976 883.321 2675.45
    endloop
  endfacet
  facet normal -1 -0 0
    outer loop
      vertex -976 883.321 2675.45
      vertex -976 876 0
      vertex -976 881.446 2679.13
    endloop
  endfacet
  facet normal -1 -0 0
    outer loop
      vertex -976 881.446 2679.13
      vertex -976 876 0
      vertex -976 880.8 2683.21
    endloop
  endfacet
  facet normal -1 0 0
    outer loop
      vertex -976 970.554 2632.28
      vertex -976 976 2718.21
      vertex -976 971.2 2628.21
    endloop
  endfacet
  facet normal -1 0 0
    outer loop
      vertex -976 968.679 2635.96
      vertex -976 976 2718.21
      vertex -976 970.554 2632.28
    endloop
  endfacet
  facet normal -1 0 0
    outer loop
      vertex -976 965.759 2638.88
      vertex -976 976 2718.21
      vertex -976 968.679 2635.96
    endloop
  endfacet
  facet normal -1 0 0
    outer loop
      vertex -976 962.079 2640.76
      vertex -976 976 2718.21
      vertex -976 965.759 2638.88
    endloop
  endfacet
  facet normal -1 0 0
    outer loop
      vertex -976 958 2641.41
      vertex -976 976 2718.21
      vertex -976 962.079 2640.76
    endloop
  endfacet
  facet normal -1 0 0
    outer loop
      vertex -976 907.2 2683.21
      vertex -976 958 2641.41
      vertex -976 953.921 2640.76
    endloop
  endfacet
  facet normal -1 0 0
    outer loop
      vertex -976 907.2 2683.21
      vertex -976 953.921 2640.76
      vertex -976 950.241 2638.88
    endloop
  endfacet
  facet normal -1 0 0
    outer loop
      vertex -976 907.2 2683.21
      vertex -976 950.241 2638.88
      vertex -976 947.321 2635.96
    endloop
  endfacet
  facet normal -1 0 0
    outer loop
      vertex -976 907.2 2683.21
      vertex -976 947.321 2635.96
      vertex -976 945.446 2632.28
    endloop
  endfacet
  facet normal -1 0 0
    outer loop
      vertex -976 907.2 2683.21
      vertex -976 945.446 2632.28
      vertex -976 944.8 2628.21
    endloop
  endfacet
  facet normal -1 0 0
    outer loop
      vertex -976 958 2641.41
      vertex -976 907.2 2683.21
      vertex -976 976 2718.21
    endloop
  endfacet
  facet normal -1 0 0
    outer loop
      vertex -976 906.554 2687.28
      vertex -976 976 2718.21
      vertex -976 907.2 2683.21
    endloop
  endfacet
  facet normal -1 0 0
    outer loop
      vertex -976 904.679 2690.96
      vertex -976 976 2718.21
      vertex -976 906.554 2687.28
    endloop
  endfacet
  facet normal -1 0 0
    outer loop
      vertex -976 901.759 2693.88
      vertex -976 976 2718.21
      vertex -976 904.679 2690.96
    endloop
  endfacet
  facet normal -1 0 0
    outer loop
      vertex -976 898.079 2695.76
      vertex -976 976 2718.21
      vertex -976 901.759 2693.88
    endloop
  endfacet
  facet normal -1 0 0
    outer loop
      vertex -976 876 2718.21
      vertex -976 898.079 2695.76
      vertex -976 894 2696.41
    endloop
  endfacet
  facet normal -1 0 0
    outer loop
      vertex -976 876 2718.21
      vertex -976 894 2696.41
      vertex -976 889.921 2695.76
    endloop
  endfacet
  facet normal -1 0 0
    outer loop
      vertex -976 898.079 2695.76
      vertex -976 876 2718.21
      vertex -976 976 2718.21
    endloop
  endfacet
  facet normal -1 0 0
    outer loop
      vertex -976 886.241 2693.88
      vertex -976 876 2718.21
      vertex -976 889.921 2695.76
    endloop
  endfacet
  facet normal -1 0 0
    outer loop
      vertex -976 883.321 2690.96
      vertex -976 876 2718.21
      vertex -976 886.241 2693.88
    endloop
  endfacet
  facet normal -1 0 0
    outer loop
      vertex -976 881.446 2687.28
      vertex -976 876 2718.21
      vertex -976 883.321 2690.96
    endloop
  endfacet
  facet normal -1 0 0
    outer loop
      vertex -976 880.8 2683.21
      vertex -976 876 2718.21
      vertex -976 881.446 2687.28
    endloop
  endfacet
  facet normal -1 0 0
    outer loop
      vertex -976 876 2718.21
      vertex -976 880.8 2683.21
      vertex -976 876 0
    endloop
  endfacet
  facet normal 0 1 -0
    outer loop
      vertex -876 976 2591.18
      vertex -976 976 2718.21
      vertex -876 976 2718.21
    endloop
  endfacet
  facet normal 0 1 0
    outer loop
      vertex -976 976 0
      vertex -876 976 2591.18
      vertex -876 976 0
    endloop
  endfacet
  facet normal 0 1 0
    outer loop
      vertex -876 976 2591.18
      vertex -976 976 0
      vertex -976 976 2718.21
    endloop
  endfacet
  facet normal 0 -1 0
    outer loop
      vertex -976 876 2718.21
      vertex -876 876 2605.23
      vertex -876 876 2718.21
    endloop
  endfacet
  facet normal 0 -1 0
    outer loop
      vertex -976 876 0
      vertex -876 876 2605.23
      vertex -976 876 2718.21
    endloop
  endfacet
  facet normal 0 -1 -0
    outer loop
      vertex -876 876 2605.23
      vertex -976 876 0
      vertex -876 876 0
    endloop
  endfacet
  facet normal 1 0 0
    outer loop
      vertex 976 -876 2978.49
      vertex 976 -880.8 2888.49
      vertex 976 -876 0
    endloop
  endfacet
  facet normal 1 0 0
    outer loop
      vertex 976 -876 2978.49
      vertex 976 -881.446 2892.57
      vertex 976 -880.8 2888.49
    endloop
  endfacet
  facet normal 1 0 0
    outer loop
      vertex 976 -876 2978.49
      vertex 976 -883.321 2896.25
      vertex 976 -881.446 2892.57
    endloop
  endfacet
  facet normal 1 0 0
    outer loop
      vertex 976 -876 2978.49
      vertex 976 -886.241 2899.17
      vertex 976 -883.321 2896.25
    endloop
  endfacet
  facet normal 1 0 0
    outer loop
      vertex 976 -876 2978.49
      vertex 976 -889.921 2901.04
      vertex 976 -886.241 2899.17
    endloop
  endfacet
  facet normal 1 0 0
    outer loop
      vertex 976 -876 2978.49
      vertex 976 -894 2901.69
      vertex 976 -889.921 2901.04
    endloop
  endfacet
  facet normal 1 -0 0
    outer loop
      vertex 976 -944.8 2943.49
      vertex 976 -894 2901.69
      vertex 976 -876 2978.49
    endloop
  endfacet
  facet normal 1 0 0
    outer loop
      vertex 976 -894 2901.69
      vertex 976 -944.8 2943.49
      vertex 976 -898.079 2901.04
    endloop
  endfacet
  facet normal 1 -0 0
    outer loop
      vertex 976 -945.446 2939.41
      vertex 976 -898.079 2901.04
      vertex 976 -944.8 2943.49
    endloop
  endfacet
  facet normal 1 0 0
    outer loop
      vertex 976 -898.079 2901.04
      vertex 976 -945.446 2939.41
      vertex 976 -901.759 2899.17
    endloop
  endfacet
  facet normal 1 0 0
    outer loop
      vertex 976 -901.759 2899.17
      vertex 976 -947.321 2935.73
      vertex 976 -904.679 2896.25
    endloop
  endfacet
  facet normal 1 -0 0
    outer loop
      vertex 976 -947.321 2935.73
      vertex 976 -901.759 2899.17
      vertex 976 -945.446 2939.41
    endloop
  endfacet
  facet normal 1 0 0
    outer loop
      vertex 976 -876 2978.49
      vertex 976 -945.446 2947.57
      vertex 976 -944.8 2943.49
    endloop
  endfacet
  facet normal 1 0 0
    outer loop
      vertex 976 -876 2978.49
      vertex 976 -947.321 2951.25
      vertex 976 -945.446 2947.57
    endloop
  endfacet
  facet normal 1 0 0
    outer loop
      vertex 976 -876 2978.49
      vertex 976 -950.241 2954.17
      vertex 976 -947.321 2951.25
    endloop
  endfacet
  facet normal 1 0 0
    outer loop
      vertex 976 -876 2978.49
      vertex 976 -953.921 2956.04
      vertex 976 -950.241 2954.17
    endloop
  endfacet
  facet normal 1 -0 0
    outer loop
      vertex 976 -976 2978.49
      vertex 976 -953.921 2956.04
      vertex 976 -876 2978.49
    endloop
  endfacet
  facet normal 1 0 0
    outer loop
      vertex 976 -953.921 2956.04
      vertex 976 -976 2978.49
      vertex 976 -958 2956.69
    endloop
  endfacet
  facet normal 1 0 0
    outer loop
      vertex 976 -970.554 2947.57
      vertex 976 -976 2978.49
      vertex 976 -971.2 2943.49
    endloop
  endfacet
  facet normal 1 0 0
    outer loop
      vertex 976 -968.679 2951.25
      vertex 976 -976 2978.49
      vertex 976 -970.554 2947.57
    endloop
  endfacet
  facet normal 1 0 0
    outer loop
      vertex 976 -965.759 2954.17
      vertex 976 -976 2978.49
      vertex 976 -968.679 2951.25
    endloop
  endfacet
  facet normal 1 0 0
    outer loop
      vertex 976 -962.079 2956.04
      vertex 976 -976 2978.49
      vertex 976 -965.759 2954.17
    endloop
  endfacet
  facet normal 1 0 0
    outer loop
      vertex 976 -958 2956.69
      vertex 976 -976 2978.49
      vertex 976 -962.079 2956.04
    endloop
  endfacet
  facet normal 1 -0 0
    outer loop
      vertex 976 -881.446 2884.41
      vertex 976 -876 0
      vertex 976 -880.8 2888.49
    endloop
  endfacet
  facet normal 1 -0 0
    outer loop
      vertex 976 -883.321 2880.73
      vertex 976 -876 0
      vertex 976 -881.446 2884.41
    endloop
  endfacet
  facet normal 1 -0 0
    outer loop
      vertex 976 -886.241 2877.81
      vertex 976 -876 0
      vertex 976 -883.321 2880.73
    endloop
  endfacet
  facet normal 1 -0 0
    outer loop
      vertex 976 -889.921 2875.93
      vertex 976 -876 0
      vertex 976 -886.241 2877.81
    endloop
  endfacet
  facet normal 1 -0 0
    outer loop
      vertex 976 -894 2875.29
      vertex 976 -876 0
      vertex 976 -889.921 2875.93
    endloop
  endfacet
  facet normal 1 0 0
    outer loop
      vertex 976 -976 0
      vertex 976 -894 2875.29
      vertex 976 -898.079 2875.93
    endloop
  endfacet
  facet normal 1 0 0
    outer loop
      vertex 976 -976 0
      vertex 976 -898.079 2875.93
      vertex 976 -901.759 2877.81
    endloop
  endfacet
  facet normal 1 0 0
    outer loop
      vertex 976 -965.759 2932.81
      vertex 976 -901.759 2877.81
      vertex 976 -904.679 2880.73
    endloop
  endfacet
  facet normal 1 0 0
    outer loop
      vertex 976 -962.079 2930.93
      vertex 976 -904.679 2880.73
      vertex 976 -906.554 2884.41
    endloop
  endfacet
  facet normal 1 0 0
    outer loop
      vertex 976 -958 2930.29
      vertex 976 -906.554 2884.41
      vertex 976 -907.2 2888.49
    endloop
  endfacet
  facet normal 1 -0 0
    outer loop
      vertex 976 -950.241 2932.81
      vertex 976 -904.679 2896.25
      vertex 976 -947.321 2935.73
    endloop
  endfacet
  facet normal 1 0 0
    outer loop
      vertex 976 -904.679 2896.25
      vertex 976 -950.241 2932.81
      vertex 976 -906.554 2892.57
    endloop
  endfacet
  facet normal 1 -0 0
    outer loop
      vertex 976 -953.921 2930.93
      vertex 976 -906.554 2892.57
      vertex 976 -950.241 2932.81
    endloop
  endfacet
  facet normal 1 0 0
    outer loop
      vertex 976 -906.554 2892.57
      vertex 976 -953.921 2930.93
      vertex 976 -907.2 2888.49
    endloop
  endfacet
  facet normal 1 -0 0
    outer loop
      vertex 976 -958 2930.29
      vertex 976 -907.2 2888.49
      vertex 976 -953.921 2930.93
    endloop
  endfacet
  facet normal 1 0 0
    outer loop
      vertex 976 -906.554 2884.41
      vertex 976 -958 2930.29
      vertex 976 -962.079 2930.93
    endloop
  endfacet
  facet normal 1 0 0
    outer loop
      vertex 976 -904.679 2880.73
      vertex 976 -962.079 2930.93
      vertex 976 -965.759 2932.81
    endloop
  endfacet
  facet normal 1 0 0
    outer loop
      vertex 976 -901.759 2877.81
      vertex 976 -965.759 2932.81
      vertex 976 -976 0
    endloop
  endfacet
  facet normal 1 0 0
    outer loop
      vertex 976 -976 0
      vertex 976 -965.759 2932.81
      vertex 976 -968.679 2935.73
    endloop
  endfacet
  facet normal 1 0 0
    outer loop
      vertex 976 -976 0
      vertex 976 -968.679 2935.73
      vertex 976 -970.554 2939.41
    endloop
  endfacet
  facet normal 1 0 0
    outer loop
      vertex 976 -976 0
      vertex 976 -970.554 2939.41
      vertex 976 -971.2 2943.49
    endloop
  endfacet
  facet normal 1 0 0
    outer loop
      vertex 976 -976 0
      vertex 976 -971.2 2943.49
      vertex 976 -976 2978.49
    endloop
  endfacet
  facet normal 1 0 0
    outer loop
      vertex 976 -894 2875.29
      vertex 976 -976 0
      vertex 976 -876 0
    endloop
  endfacet
  facet normal -0 0 1
    outer loop
      vertex 876 -876 2978.49
      vertex 976 -976 2978.49
      vertex 976 -876 2978.49
    endloop
  endfacet
  facet normal 0 0 1
    outer loop
      vertex 976 -976 2978.49
      vertex 876 -876 2978.49
      vertex 876 -976 2978.49
    endloop
  endfacet
  facet normal 0 0 -1
    outer loop
      vertex 876 -976 0
      vertex 976 -876 0
      vertex 976 -976 0
    endloop
  endfacet
  facet normal -0 0 -1
    outer loop
      vertex 976 -876 0
      vertex 876 -976 0
      vertex 876 -876 0
    endloop
  endfacet
  facet normal 1 0 0
    outer loop
      vertex 876 2.46233 2889.57
      vertex 876 -938.292 3021.79
      vertex 876 -876 2978.49
    endloop
  endfacet
  facet normal 1 0 0
    outer loop
      vertex 876 -938.292 3021.79
      vertex 876 -976 2978.49
      vertex 876 -876 2978.49
    endloop
  endfacet
  facet normal 1 0 0
    outer loop
      vertex 876 -977.903 3027.35
      vertex 876 -976 2978.49
      vertex 876 -938.292 3021.79
    endloop
  endfacet
  facet normal 1 0 0
    outer loop
      vertex 876 -1918.66 3159.57
      vertex 876 -976 2978.49
      vertex 876 -977.903 3027.35
    endloop
  endfacet
  facet normal 1 0 0
    outer loop
      vertex 876 -976 2978.49
      vertex 876 -1918.66 3159.57
      vertex 876 -976 2865.51
    endloop
  endfacet
  facet normal 1 0 0
    outer loop
      vertex 876 -1980.54 3006.69
      vertex 876 -1918.66 3159.57
      vertex 876 -1958.27 3165.14
    endloop
  endfacet
  facet normal 1 0 0
    outer loop
      vertex 876 -1918.66 3159.57
      vertex 876 -1980.54 3006.69
      vertex 876 -976 2865.51
    endloop
  endfacet
  facet normal 1 0 0
    outer loop
      vertex 876 28.5578 2885.91
      vertex 876 976 2718.21
      vertex 876 1963.19 2614.01
    endloop
  endfacet
  facet normal 1 0 0
    outer loop
      vertex 876 28.5578 2885.91
      vertex 876 876 2718.21
      vertex 876 976 2718.21
    endloop
  endfacet
  facet normal 1 0 0
    outer loop
      vertex 876 28.5578 2885.91
      vertex 876 876 2605.23
      vertex 876 876 2718.21
    endloop
  endfacet
  facet normal 1 0 0
    outer loop
      vertex 876 2.46233 2889.57
      vertex 876 876 2605.23
      vertex 876 28.5578 2885.91
    endloop
  endfacet
  facet normal 1 0 0
    outer loop
      vertex 876 -876 2851.46
      vertex 876 2.46233 2889.57
      vertex 876 -876 2978.49
    endloop
  endfacet
  facet normal 1 0 0
    outer loop
      vertex 876 2.46233 2889.57
      vertex 876 -876 2851.46
      vertex 876 876 2605.23
    endloop
  endfacet
  facet normal 1 0 0
    outer loop
      vertex 876 1963.19 2614.01
      vertex 876 1980.54 2450
      vertex 876 2002.8 2608.44
    endloop
  endfacet
  facet normal 1 0 0
    outer loop
      vertex 876 976 2591.18
      vertex 876 1963.19 2614.01
      vertex 876 976 2718.21
    endloop
  endfacet
  facet normal 1 0 0
    outer loop
      vertex 876 1963.19 2614.01
      vertex 876 976 2591.18
      vertex 876 1980.54 2450
    endloop
  endfacet
  facet normal -1 0 0
    outer loop
      vertex 876 876 0
      vertex 876 976 2591.18
      vertex 876 976 0
    endloop
  endfacet
  facet normal -1 -0 0
    outer loop
      vertex 876 976 2591.18
      vertex 876 876 0
      vertex 876 876 2605.23
    endloop
  endfacet
  facet normal -1 0 0
    outer loop
      vertex 876 -976 0
      vertex 876 -876 2851.46
      vertex 876 -876 0
    endloop
  endfacet
  facet normal -1 -0 0
    outer loop
      vertex 876 -876 2851.46
      vertex 876 -976 0
      vertex 876 -976 2865.51
    endloop
  endfacet
  facet normal 0 1 0
    outer loop
      vertex 976 -876 2978.49
      vertex 876 -876 2851.46
      vertex 876 -876 2978.49
    endloop
  endfacet
  facet normal 0 1 -0
    outer loop
      vertex 976 -876 0
      vertex 876 -876 2851.46
      vertex 976 -876 2978.49
    endloop
  endfacet
  facet normal 0 1 0
    outer loop
      vertex 876 -876 2851.46
      vertex 976 -876 0
      vertex 876 -876 0
    endloop
  endfacet
  facet normal 0 -1 0
    outer loop
      vertex 876 -976 2865.51
      vertex 976 -976 2978.49
      vertex 876 -976 2978.49
    endloop
  endfacet
  facet normal 0 -1 0
    outer loop
      vertex 976 -976 0
      vertex 876 -976 2865.51
      vertex 876 -976 0
    endloop
  endfacet
  facet normal 0 -1 0
    outer loop
      vertex 876 -976 2865.51
      vertex 976 -976 0
      vertex 976 -976 2978.49
    endloop
  endfacet
  facet normal 1 0 0
    outer loop
      vertex 976 976 2718.21
      vertex 976 971.2 2628.21
      vertex 976 976 0
    endloop
  endfacet
  facet normal 1 0 0
    outer loop
      vertex 976 976 2718.21
      vertex 976 970.554 2632.28
      vertex 976 971.2 2628.21
    endloop
  endfacet
  facet normal 1 0 0
    outer loop
      vertex 976 976 2718.21
      vertex 976 968.679 2635.96
      vertex 976 970.554 2632.28
    endloop
  endfacet
  facet normal 1 0 0
    outer loop
      vertex 976 976 2718.21
      vertex 976 965.759 2638.88
      vertex 976 968.679 2635.96
    endloop
  endfacet
  facet normal 1 0 0
    outer loop
      vertex 976 976 2718.21
      vertex 976 962.079 2640.76
      vertex 976 965.759 2638.88
    endloop
  endfacet
  facet normal 1 0 0
    outer loop
      vertex 976 976 2718.21
      vertex 976 958 2641.41
      vertex 976 962.079 2640.76
    endloop
  endfacet
  facet normal 1 -0 0
    outer loop
      vertex 976 907.2 2683.21
      vertex 976 958 2641.41
      vertex 976 976 2718.21
    endloop
  endfacet
  facet normal 1 0 0
    outer loop
      vertex 976 958 2641.41
      vertex 976 907.2 2683.21
      vertex 976 953.921 2640.76
    endloop
  endfacet
  facet normal 1 -0 0
    outer loop
      vertex 976 906.554 2679.13
      vertex 976 953.921 2640.76
      vertex 976 907.2 2683.21
    endloop
  endfacet
  facet normal 1 0 0
    outer loop
      vertex 976 953.921 2640.76
      vertex 976 906.554 2679.13
      vertex 976 950.241 2638.88
    endloop
  endfacet
  facet normal 1 0 0
    outer loop
      vertex 976 950.241 2638.88
      vertex 976 904.679 2675.45
      vertex 976 947.321 2635.96
    endloop
  endfacet
  facet normal 1 -0 0
    outer loop
      vertex 976 904.679 2675.45
      vertex 976 950.241 2638.88
      vertex 976 906.554 2679.13
    endloop
  endfacet
  facet normal 1 0 0
    outer loop
      vertex 976 976 2718.21
      vertex 976 906.554 2687.28
      vertex 976 907.2 2683.21
    endloop
  endfacet
  facet normal 1 0 0
    outer loop
      vertex 976 976 2718.21
      vertex 976 904.679 2690.96
      vertex 976 906.554 2687.28
    endloop
  endfacet
  facet normal 1 0 0
    outer loop
      vertex 976 976 2718.21
      vertex 976 901.759 2693.88
      vertex 976 904.679 2690.96
    endloop
  endfacet
  facet normal 1 0 0
    outer loop
      vertex 976 976 2718.21
      vertex 976 898.079 2695.76
      vertex 976 901.759 2693.88
    endloop
  endfacet
  facet normal 1 -0 0
    outer loop
      vertex 976 876 2718.21
      vertex 976 898.079 2695.76
      vertex 976 976 2718.21
    endloop
  endfacet
  facet normal 1 0 0
    outer loop
      vertex 976 898.079 2695.76
      vertex 976 876 2718.21
      vertex 976 894 2696.41
    endloop
  endfacet
  facet normal 1 0 0
    outer loop
      vertex 976 881.446 2687.28
      vertex 976 876 2718.21
      vertex 976 880.8 2683.21
    endloop
  endfacet
  facet normal 1 0 0
    outer loop
      vertex 976 883.321 2690.96
      vertex 976 876 2718.21
      vertex 976 881.446 2687.28
    endloop
  endfacet
  facet normal 1 0 0
    outer loop
      vertex 976 886.241 2693.88
      vertex 976 876 2718.21
      vertex 976 883.321 2690.96
    endloop
  endfacet
  facet normal 1 0 0
    outer loop
      vertex 976 889.921 2695.76
      vertex 976 876 2718.21
      vertex 976 886.241 2693.88
    endloop
  endfacet
  facet normal 1 0 0
    outer loop
      vertex 976 894 2696.41
      vertex 976 876 2718.21
      vertex 976 889.921 2695.76
    endloop
  endfacet
  facet normal 1 -0 0
    outer loop
      vertex 976 970.554 2624.13
      vertex 976 976 0
      vertex 976 971.2 2628.21
    endloop
  endfacet
  facet normal 1 -0 0
    outer loop
      vertex 976 968.679 2620.45
      vertex 976 976 0
      vertex 976 970.554 2624.13
    endloop
  endfacet
  facet normal 1 -0 0
    outer loop
      vertex 976 965.759 2617.53
      vertex 976 976 0
      vertex 976 968.679 2620.45
    endloop
  endfacet
  facet normal 1 -0 0
    outer loop
      vertex 976 962.079 2615.65
      vertex 976 976 0
      vertex 976 965.759 2617.53
    endloop
  endfacet
  facet normal 1 -0 0
    outer loop
      vertex 976 958 2615.01
      vertex 976 976 0
      vertex 976 962.079 2615.65
    endloop
  endfacet
  facet normal 1 0 0
    outer loop
      vertex 976 876 0
      vertex 976 958 2615.01
      vertex 976 953.921 2615.65
    endloop
  endfacet
  facet normal 1 0 0
    outer loop
      vertex 976 876 0
      vertex 976 953.921 2615.65
      vertex 976 950.241 2617.53
    endloop
  endfacet
  facet normal 1 0 0
    outer loop
      vertex 976 886.241 2672.53
      vertex 976 950.241 2617.53
      vertex 976 947.321 2620.45
    endloop
  endfacet
  facet normal 1 0 0
    outer loop
      vertex 976 889.921 2670.65
      vertex 976 947.321 2620.45
      vertex 976 945.446 2624.13
    endloop
  endfacet
  facet normal 1 0 0
    outer loop
      vertex 976 894 2670.01
      vertex 976 945.446 2624.13
      vertex 976 944.8 2628.21
    endloop
  endfacet
  facet normal 1 -0 0
    outer loop
      vertex 976 901.759 2672.53
      vertex 976 947.321 2635.96
      vertex 976 904.679 2675.45
    endloop
  endfacet
  facet normal 1 0 0
    outer loop
      vertex 976 947.321 2635.96
      vertex 976 901.759 2672.53
      vertex 976 945.446 2632.28
    endloop
  endfacet
  facet normal 1 -0 0
    outer loop
      vertex 976 898.079 2670.65
      vertex 976 945.446 2632.28
      vertex 976 901.759 2672.53
    endloop
  endfacet
  facet normal 1 0 0
    outer loop
      vertex 976 945.446 2632.28
      vertex 976 898.079 2670.65
      vertex 976 944.8 2628.21
    endloop
  endfacet
  facet normal 1 -0 0
    outer loop
      vertex 976 894 2670.01
      vertex 976 944.8 2628.21
      vertex 976 898.079 2670.65
    endloop
  endfacet
  facet normal 1 0 0
    outer loop
      vertex 976 945.446 2624.13
      vertex 976 894 2670.01
      vertex 976 889.921 2670.65
    endloop
  endfacet
  facet normal 1 0 0
    outer loop
      vertex 976 947.321 2620.45
      vertex 976 889.921 2670.65
      vertex 976 886.241 2672.53
    endloop
  endfacet
  facet normal 1 0 0
    outer loop
      vertex 976 950.241 2617.53
      vertex 976 886.241 2672.53
      vertex 976 876 0
    endloop
  endfacet
  facet normal 1 0 0
    outer loop
      vertex 976 876 0
      vertex 976 886.241 2672.53
      vertex 976 883.321 2675.45
    endloop
  endfacet
  facet normal 1 0 0
    outer loop
      vertex 976 876 0
      vertex 976 883.321 2675.45
      vertex 976 881.446 2679.13
    endloop
  endfacet
  facet normal 1 0 0
    outer loop
      vertex 976 876 0
      vertex 976 881.446 2679.13
      vertex 976 880.8 2683.21
    endloop
  endfacet
  facet normal 1 0 0
    outer loop
      vertex 976 876 0
      vertex 976 880.8 2683.21
      vertex 976 876 2718.21
    endloop
  endfacet
  facet normal 1 0 0
    outer loop
      vertex 976 958 2615.01
      vertex 976 876 0
      vertex 976 976 0
    endloop
  endfacet
  facet normal -0 0 1
    outer loop
      vertex 876 976 2718.21
      vertex 976 876 2718.21
      vertex 976 976 2718.21
    endloop
  endfacet
  facet normal 0 0 1
    outer loop
      vertex 976 876 2718.21
      vertex 876 976 2718.21
      vertex 876 876 2718.21
    endloop
  endfacet
  facet normal 0 0 -1
    outer loop
      vertex 876 876 0
      vertex 976 976 0
      vertex 976 876 0
    endloop
  endfacet
  facet normal -0 0 -1
    outer loop
      vertex 976 976 0
      vertex 876 876 0
      vertex 876 976 0
    endloop
  endfacet
  facet normal 0 1 0
    outer loop
      vertex 976 976 2718.21
      vertex 876 976 2591.18
      vertex 876 976 2718.21
    endloop
  endfacet
  facet normal 0 1 -0
    outer loop
      vertex 976 976 0
      vertex 876 976 2591.18
      vertex 976 976 2718.21
    endloop
  endfacet
  facet normal 0 1 0
    outer loop
      vertex 876 976 2591.18
      vertex 976 976 0
      vertex 876 976 0
    endloop
  endfacet
  facet normal 0 -1 0
    outer loop
      vertex 876 876 2605.23
      vertex 976 876 2718.21
      vertex 876 876 2718.21
    endloop
  endfacet
  facet normal 0 -1 0
    outer loop
      vertex 976 876 0
      vertex 876 876 2605.23
      vertex 876 876 0
    endloop
  endfacet
  facet normal 0 -1 0
    outer loop
      vertex 876 876 2605.23
      vertex 976 876 0
      vertex 976 876 2718.21
    endloop
  endfacet
  facet normal -0 0.139176 0.990268
    outer loop
      vertex -876 1963.19 2614.01
      vertex -816 28.5578 2885.91
      vertex -816 1963.19 2614.01
    endloop
  endfacet
  facet normal 0 0.139176 0.990268
    outer loop
      vertex -816 28.5578 2885.91
      vertex -876 1963.19 2614.01
      vertex -876 28.5578 2885.91
    endloop
  endfacet
  facet normal -0 0.139179 0.990267
    outer loop
      vertex -876 2.46233 2889.57
      vertex -816 -938.292 3021.79
      vertex -816 2.46233 2889.57
    endloop
  endfacet
  facet normal 0 0.139179 0.990267
    outer loop
      vertex -816 -938.292 3021.79
      vertex -876 2.46233 2889.57
      vertex -876 -938.292 3021.79
    endloop
  endfacet
  facet normal -0 0.139178 0.990267
    outer loop
      vertex -876 -977.903 3027.35
      vertex -816 -1918.66 3159.57
      vertex -816 -977.903 3027.35
    endloop
  endfacet
  facet normal 0 0.139178 0.990267
    outer loop
      vertex -816 -1918.66 3159.57
      vertex -876 -977.903 3027.35
      vertex -876 -1918.66 3159.57
    endloop
  endfacet
  facet normal 1 0 0
    outer loop
      vertex -816 -894 2901.69
      vertex -816 -945.446 2947.57
      vertex -816 -944.8 2943.49
    endloop
  endfacet
  facet normal 1 0 0
    outer loop
      vertex -816 -938.292 3021.79
      vertex -816 -947.321 2951.25
      vertex -816 -945.446 2947.57
    endloop
  endfacet
  facet normal 1 0 0
    outer loop
      vertex -816 -938.292 3021.79
      vertex -816 -950.241 2954.17
      vertex -816 -947.321 2951.25
    endloop
  endfacet
  facet normal 1 0 0
    outer loop
      vertex -816 -938.292 3021.79
      vertex -816 -953.921 2956.04
      vertex -816 -950.241 2954.17
    endloop
  endfacet
  facet normal 1 0 0
    outer loop
      vertex -816 -938.292 3021.79
      vertex -816 -958 2956.69
      vertex -816 -953.921 2956.04
    endloop
  endfacet
  facet normal 1 0 0
    outer loop
      vertex -816 -977.903 3027.35
      vertex -816 -958 2956.69
      vertex -816 -938.292 3021.79
    endloop
  endfacet
  facet normal 1 0 0
    outer loop
      vertex -816 -958 2956.69
      vertex -816 -977.903 3027.35
      vertex -816 -962.079 2956.04
    endloop
  endfacet
  facet normal 1 0 0
    outer loop
      vertex -816 -962.079 2956.04
      vertex -816 -977.903 3027.35
      vertex -816 -965.759 2954.17
    endloop
  endfacet
  facet normal 1 0 0
    outer loop
      vertex -816 -965.759 2954.17
      vertex -816 -977.903 3027.35
      vertex -816 -968.679 2951.25
    endloop
  endfacet
  facet normal 1 0 0
    outer loop
      vertex -816 -970.554 2947.57
      vertex -816 -977.903 3027.35
      vertex -816 -971.2 2943.49
    endloop
  endfacet
  facet normal 1 0 0
    outer loop
      vertex -816 -968.679 2951.25
      vertex -816 -977.903 3027.35
      vertex -816 -970.554 2947.57
    endloop
  endfacet
  facet normal 1 0 0
    outer loop
      vertex -816 2.46233 2889.57
      vertex -816 -881.446 2892.57
      vertex -816 -880.8 2888.49
    endloop
  endfacet
  facet normal 1 0 0
    outer loop
      vertex -816 2.46233 2889.57
      vertex -816 -883.321 2896.25
      vertex -816 -881.446 2892.57
    endloop
  endfacet
  facet normal 1 0 0
    outer loop
      vertex -816 2.46233 2889.57
      vertex -816 -938.292 3021.79
      vertex -816 -883.321 2896.25
    endloop
  endfacet
  facet normal 1 0 0
    outer loop
      vertex -816 -883.321 2896.25
      vertex -816 -938.292 3021.79
      vertex -816 -886.241 2899.17
    endloop
  endfacet
  facet normal 1 0 0
    outer loop
      vertex -816 -886.241 2899.17
      vertex -816 -938.292 3021.79
      vertex -816 -889.921 2901.04
    endloop
  endfacet
  facet normal 1 -0 0
    outer loop
      vertex -816 -947.321 2935.73
      vertex -816 -901.759 2899.17
      vertex -816 -945.446 2939.41
    endloop
  endfacet
  facet normal 1 0 0
    outer loop
      vertex -816 -898.079 2901.04
      vertex -816 -945.446 2939.41
      vertex -816 -901.759 2899.17
    endloop
  endfacet
  facet normal 1 -0 0
    outer loop
      vertex -816 -945.446 2939.41
      vertex -816 -898.079 2901.04
      vertex -816 -944.8 2943.49
    endloop
  endfacet
  facet normal 1 0 0
    outer loop
      vertex -816 -894 2901.69
      vertex -816 -944.8 2943.49
      vertex -816 -898.079 2901.04
    endloop
  endfacet
  facet normal 1 0 0
    outer loop
      vertex -816 -945.446 2947.57
      vertex -816 -894 2901.69
      vertex -816 -889.921 2901.04
    endloop
  endfacet
  facet normal 1 -0 0
    outer loop
      vertex -816 -945.446 2947.57
      vertex -816 -889.921 2901.04
      vertex -816 -938.292 3021.79
    endloop
  endfacet
  facet normal 1 0 0
    outer loop
      vertex -816 1963.19 2614.01
      vertex -816 970.554 2632.28
      vertex -816 971.2 2628.21
    endloop
  endfacet
  facet normal 1 0 0
    outer loop
      vertex -816 1963.19 2614.01
      vertex -816 968.679 2635.96
      vertex -816 970.554 2632.28
    endloop
  endfacet
  facet normal 1 0 0
    outer loop
      vertex -816 1963.19 2614.01
      vertex -816 965.759 2638.88
      vertex -816 968.679 2635.96
    endloop
  endfacet
  facet normal 1 0 0
    outer loop
      vertex -816 901.759 2693.88
      vertex -816 965.759 2638.88
      vertex -816 1963.19 2614.01
    endloop
  endfacet
  facet normal 1 -0 -0
    outer loop
      vertex -816 904.679 2690.96
      vertex -816 965.759 2638.88
      vertex -816 901.759 2693.88
    endloop
  endfacet
  facet normal 1 0 0
    outer loop
      vertex -816 950.241 2638.88
      vertex -816 904.679 2675.45
      vertex -816 947.321 2635.96
    endloop
  endfacet
  facet normal 1 -0 0
    outer loop
      vertex -816 904.679 2675.45
      vertex -816 950.241 2638.88
      vertex -816 906.554 2679.13
    endloop
  endfacet
  facet normal 1 0 0
    outer loop
      vertex -816 953.921 2640.76
      vertex -816 906.554 2679.13
      vertex -816 950.241 2638.88
    endloop
  endfacet
  facet normal 1 -0 0
    outer loop
      vertex -816 906.554 2679.13
      vertex -816 953.921 2640.76
      vertex -816 907.2 2683.21
    endloop
  endfacet
  facet normal 1 0 0
    outer loop
      vertex -816 958 2641.41
      vertex -816 907.2 2683.21
      vertex -816 953.921 2640.76
    endloop
  endfacet
  facet normal 1 -0 -0
    outer loop
      vertex -816 906.554 2687.28
      vertex -816 962.079 2640.76
      vertex -816 904.679 2690.96
    endloop
  endfacet
  facet normal 1 0 0
    outer loop
      vertex -816 958 2641.41
      vertex -816 906.554 2687.28
      vertex -816 907.2 2683.21
    endloop
  endfacet
  facet normal 1 0 0
    outer loop
      vertex -816 962.079 2640.76
      vertex -816 906.554 2687.28
      vertex -816 958 2641.41
    endloop
  endfacet
  facet normal 1 0 0
    outer loop
      vertex -816 965.759 2638.88
      vertex -816 904.679 2690.96
      vertex -816 962.079 2640.76
    endloop
  endfacet
  facet normal 1 0 0
    outer loop
      vertex -816 1963.19 2614.01
      vertex -816 898.079 2695.76
      vertex -816 901.759 2693.88
    endloop
  endfacet
  facet normal 1 0 0
    outer loop
      vertex -816 1963.19 2614.01
      vertex -816 894 2696.41
      vertex -816 898.079 2695.76
    endloop
  endfacet
  facet normal 1 0 0
    outer loop
      vertex -816 881.446 2687.28
      vertex -816 28.5578 2885.91
      vertex -816 880.8 2683.21
    endloop
  endfacet
  facet normal 1 0 0
    outer loop
      vertex -816 883.321 2690.96
      vertex -816 28.5578 2885.91
      vertex -816 881.446 2687.28
    endloop
  endfacet
  facet normal 1 0 0
    outer loop
      vertex -816 886.241 2693.88
      vertex -816 28.5578 2885.91
      vertex -816 883.321 2690.96
    endloop
  endfacet
  facet normal 1 0 0
    outer loop
      vertex -816 889.921 2695.76
      vertex -816 28.5578 2885.91
      vertex -816 886.241 2693.88
    endloop
  endfacet
  facet normal 1 0 0
    outer loop
      vertex -816 894 2696.41
      vertex -816 28.5578 2885.91
      vertex -816 889.921 2695.76
    endloop
  endfacet
  facet normal 1 0 0
    outer loop
      vertex -816 28.5578 2885.91
      vertex -816 894 2696.41
      vertex -816 1963.19 2614.01
    endloop
  endfacet
  facet normal 1 0 0
    outer loop
      vertex -816 1963.19 2614.01
      vertex -816 1980.54 2450
      vertex -816 2002.8 2608.44
    endloop
  endfacet
  facet normal 1 -0 0
    outer loop
      vertex -816 970.554 2624.13
      vertex -816 1963.19 2614.01
      vertex -816 971.2 2628.21
    endloop
  endfacet
  facet normal 1 0 0
    outer loop
      vertex -816 1963.19 2614.01
      vertex -816 970.554 2624.13
      vertex -816 1980.54 2450
    endloop
  endfacet
  facet normal 1 -0 0
    outer loop
      vertex -816 968.679 2620.45
      vertex -816 1980.54 2450
      vertex -816 970.554 2624.13
    endloop
  endfacet
  facet normal 1 -0 0
    outer loop
      vertex -816 965.759 2617.53
      vertex -816 1980.54 2450
      vertex -816 968.679 2620.45
    endloop
  endfacet
  facet normal 1 -0 0
    outer loop
      vertex -816 962.079 2615.65
      vertex -816 1980.54 2450
      vertex -816 965.759 2617.53
    endloop
  endfacet
  facet normal 1 -0 0
    outer loop
      vertex -816 958 2615.01
      vertex -816 1980.54 2450
      vertex -816 962.079 2615.65
    endloop
  endfacet
  facet normal 1 0 0
    outer loop
      vertex -816 953.921 2615.65
      vertex -816 1980.54 2450
      vertex -816 958 2615.01
    endloop
  endfacet
  facet normal 1 -0 0
    outer loop
      vertex -816 901.759 2672.53
      vertex -816 947.321 2635.96
      vertex -816 904.679 2675.45
    endloop
  endfacet
  facet normal 1 0 0
    outer loop
      vertex -816 947.321 2635.96
      vertex -816 901.759 2672.53
      vertex -816 945.446 2632.28
    endloop
  endfacet
  facet normal 1 -0 0
    outer loop
      vertex -816 898.079 2670.65
      vertex -816 945.446 2632.28
      vertex -816 901.759 2672.53
    endloop
  endfacet
  facet normal 1 0 0
    outer loop
      vertex -816 945.446 2632.28
      vertex -816 898.079 2670.65
      vertex -816 944.8 2628.21
    endloop
  endfacet
  facet normal 1 -0 0
    outer loop
      vertex -816 894 2670.01
      vertex -816 944.8 2628.21
      vertex -816 898.079 2670.65
    endloop
  endfacet
  facet normal 1 0 0
    outer loop
      vertex -816 944.8 2628.21
      vertex -816 894 2670.01
      vertex -816 945.446 2624.13
    endloop
  endfacet
  facet normal 1 0 0
    outer loop
      vertex -816 889.921 2670.65
      vertex -816 945.446 2624.13
      vertex -816 894 2670.01
    endloop
  endfacet
  facet normal 1 0 0
    outer loop
      vertex -816 945.446 2624.13
      vertex -816 889.921 2670.65
      vertex -816 947.321 2620.45
    endloop
  endfacet
  facet normal 1 0 0
    outer loop
      vertex -816 886.241 2672.53
      vertex -816 947.321 2620.45
      vertex -816 889.921 2670.65
    endloop
  endfacet
  facet normal 1 0 0
    outer loop
      vertex -816 947.321 2620.45
      vertex -816 886.241 2672.53
      vertex -816 950.241 2617.53
    endloop
  endfacet
  facet normal 1 0 0
    outer loop
      vertex -816 28.5578 2885.91
      vertex -816 881.446 2679.13
      vertex -816 880.8 2683.21
    endloop
  endfacet
  facet normal 1 0 0
    outer loop
      vertex -816 28.5578 2885.91
      vertex -816 883.321 2675.45
      vertex -816 881.446 2679.13
    endloop
  endfacet
  facet normal 1 0 0
    outer loop
      vertex -816 28.5578 2885.91
      vertex -816 886.241 2672.53
      vertex -816 883.321 2675.45
    endloop
  endfacet
  facet normal 1 0 0
    outer loop
      vertex -816 28.5578 2885.91
      vertex -816 950.241 2617.53
      vertex -816 886.241 2672.53
    endloop
  endfacet
  facet normal 1 0 0
    outer loop
      vertex -816 28.5578 2885.91
      vertex -816 953.921 2615.65
      vertex -816 950.241 2617.53
    endloop
  endfacet
  facet normal 1 0 0
    outer loop
      vertex -816 -889.921 2875.93
      vertex -816 28.5578 2885.91
      vertex -816 2.46233 2889.57
    endloop
  endfacet
  facet normal 1 0 0
    outer loop
      vertex -816 -881.446 2884.41
      vertex -816 2.46233 2889.57
      vertex -816 -880.8 2888.49
    endloop
  endfacet
  facet normal 1 0 0
    outer loop
      vertex -816 -883.321 2880.73
      vertex -816 2.46233 2889.57
      vertex -816 -881.446 2884.41
    endloop
  endfacet
  facet normal 1 0 0
    outer loop
      vertex -816 -886.241 2877.81
      vertex -816 2.46233 2889.57
      vertex -816 -883.321 2880.73
    endloop
  endfacet
  facet normal 1 0 0
    outer loop
      vertex -816 -889.921 2875.93
      vertex -816 2.46233 2889.57
      vertex -816 -886.241 2877.81
    endloop
  endfacet
  facet normal 1 0 0
    outer loop
      vertex -816 28.5578 2885.91
      vertex -816 -889.921 2875.93
      vertex -816 953.921 2615.65
    endloop
  endfacet
  facet normal 1 -0 0
    outer loop
      vertex -816 -894 2875.29
      vertex -816 953.921 2615.65
      vertex -816 -889.921 2875.93
    endloop
  endfacet
  facet normal 1 0 0
    outer loop
      vertex -816 953.921 2615.65
      vertex -816 -894 2875.29
      vertex -816 1980.54 2450
    endloop
  endfacet
  facet normal 1 0 0
    outer loop
      vertex -816 -901.759 2899.17
      vertex -816 -947.321 2935.73
      vertex -816 -904.679 2896.25
    endloop
  endfacet
  facet normal 1 -0 0
    outer loop
      vertex -816 -950.241 2932.81
      vertex -816 -904.679 2896.25
      vertex -816 -947.321 2935.73
    endloop
  endfacet
  facet normal 1 0 0
    outer loop
      vertex -816 -904.679 2896.25
      vertex -816 -950.241 2932.81
      vertex -816 -906.554 2892.57
    endloop
  endfacet
  facet normal 1 -0 0
    outer loop
      vertex -816 -953.921 2930.93
      vertex -816 -906.554 2892.57
      vertex -816 -950.241 2932.81
    endloop
  endfacet
  facet normal 1 0 0
    outer loop
      vertex -816 -906.554 2892.57
      vertex -816 -953.921 2930.93
      vertex -816 -907.2 2888.49
    endloop
  endfacet
  facet normal 1 -0 0
    outer loop
      vertex -816 -958 2930.29
      vertex -816 -907.2 2888.49
      vertex -816 -953.921 2930.93
    endloop
  endfacet
  facet normal 1 0 0
    outer loop
      vertex -816 -907.2 2888.49
      vertex -816 -958 2930.29
      vertex -816 -906.554 2884.41
    endloop
  endfacet
  facet normal 1 0 0
    outer loop
      vertex -816 -962.079 2930.93
      vertex -816 -906.554 2884.41
      vertex -816 -958 2930.29
    endloop
  endfacet
  facet normal 1 0 0
    outer loop
      vertex -816 -906.554 2884.41
      vertex -816 -962.079 2930.93
      vertex -816 -904.679 2880.73
    endloop
  endfacet
  facet normal 1 0 0
    outer loop
      vertex -816 -965.759 2932.81
      vertex -816 -904.679 2880.73
      vertex -816 -962.079 2930.93
    endloop
  endfacet
  facet normal 1 0 0
    outer loop
      vertex -816 -904.679 2880.73
      vertex -816 -965.759 2932.81
      vertex -816 -901.759 2877.81
    endloop
  endfacet
  facet normal 1 0 0
    outer loop
      vertex -816 -1918.66 3159.57
      vertex -816 -971.2 2943.49
      vertex -816 -977.903 3027.35
    endloop
  endfacet
  facet normal 1 -0 0
    outer loop
      vertex -816 -1980.54 3006.69
      vertex -816 -971.2 2943.49
      vertex -816 -1918.66 3159.57
    endloop
  endfacet
  facet normal 1 0 0
    outer loop
      vertex -816 -971.2 2943.49
      vertex -816 -1980.54 3006.69
      vertex -816 -970.554 2939.41
    endloop
  endfacet
  facet normal 1 0 0
    outer loop
      vertex -816 -970.554 2939.41
      vertex -816 -1980.54 3006.69
      vertex -816 -968.679 2935.73
    endloop
  endfacet
  facet normal 1 0 0
    outer loop
      vertex -816 -968.679 2935.73
      vertex -816 -1980.54 3006.69
      vertex -816 -965.759 2932.81
    endloop
  endfacet
  facet normal 1 0 0
    outer loop
      vertex -816 -965.759 2932.81
      vertex -816 -1980.54 3006.69
      vertex -816 -901.759 2877.81
    endloop
  endfacet
  facet normal 1 0 0
    outer loop
      vertex -816 -1980.54 3006.69
      vertex -816 -1918.66 3159.57
      vertex -816 -1958.27 3165.14
    endloop
  endfacet
  facet normal 1 0 0
    outer loop
      vertex -816 -894 2875.29
      vertex -816 -1980.54 3006.69
      vertex -816 1980.54 2450
    endloop
  endfacet
  facet normal 1 0 0
    outer loop
      vertex -816 -898.079 2875.93
      vertex -816 -1980.54 3006.69
      vertex -816 -894 2875.29
    endloop
  endfacet
  facet normal 1 0 0
    outer loop
      vertex -816 -901.759 2877.81
      vertex -816 -1980.54 3006.69
      vertex -816 -898.079 2875.93
    endloop
  endfacet
  facet normal 0 0.990274 -0.139128
    outer loop
      vertex -816 1980.54 2450
      vertex -876 2002.8 2608.44
      vertex -816 2002.8 2608.44
    endloop
  endfacet
  facet normal 0 0.990274 -0.139128
    outer loop
      vertex -876 2002.8 2608.44
      vertex -816 1980.54 2450
      vertex -876 1980.54 2450
    endloop
  endfacet
  facet normal 0 -0.990267 0.139181
    outer loop
      vertex -876 -1980.54 3006.69
      vertex -816 -1958.27 3165.14
      vertex -876 -1958.27 3165.14
    endloop
  endfacet
  facet normal 0 -0.990267 0.139181
    outer loop
      vertex -816 -1958.27 3165.14
      vertex -876 -1980.54 3006.69
      vertex -816 -1980.54 3006.69
    endloop
  endfacet
  facet normal 0 -0.139174 -0.990268
    outer loop
      vertex -876 -976 2865.51
      vertex -816 -1980.54 3006.69
      vertex -876 -1980.54 3006.69
    endloop
  endfacet
  facet normal 0.000695337 -0.139133 -0.990273
    outer loop
      vertex -876 -876 2851.46
      vertex -816 -1980.54 3006.69
      vertex -876 -976 2865.51
    endloop
  endfacet
  facet normal -3.30174e-05 -0.139172 -0.990268
    outer loop
      vertex -816 -1980.54 3006.69
      vertex -876 -876 2851.46
      vertex -816 1980.54 2450
    endloop
  endfacet
  facet normal 7.46488e-05 -0.139174 -0.990268
    outer loop
      vertex -876 876 2605.23
      vertex -816 1980.54 2450
      vertex -876 -876 2851.46
    endloop
  endfacet
  facet normal -0.000695337 -0.139133 -0.990273
    outer loop
      vertex -876 976 2591.18
      vertex -816 1980.54 2450
      vertex -876 876 2605.23
    endloop
  endfacet
  facet normal -0 -0.139174 -0.990268
    outer loop
      vertex -816 1980.54 2450
      vertex -876 976 2591.18
      vertex -876 1980.54 2450
    endloop
  endfacet
  facet normal -0 0.139176 0.990268
    outer loop
      vertex 816 1963.19 2614.01
      vertex 876 28.5578 2885.91
      vertex 876 1963.19 2614.01
    endloop
  endfacet
  facet normal 0 0.139176 0.990268
    outer loop
      vertex 876 28.5578 2885.91
      vertex 816 1963.19 2614.01
      vertex 816 28.5578 2885.91
    endloop
  endfacet
  facet normal -0 0.139179 0.990267
    outer loop
      vertex 816 2.46233 2889.57
      vertex 876 -938.292 3021.79
      vertex 876 2.46233 2889.57
    endloop
  endfacet
  facet normal 0 0.139179 0.990267
    outer loop
      vertex 876 -938.292 3021.79
      vertex 816 2.46233 2889.57
      vertex 816 -938.292 3021.79
    endloop
  endfacet
  facet normal -0 0.139178 0.990267
    outer loop
      vertex 816 -977.903 3027.35
      vertex 876 -1918.66 3159.57
      vertex 876 -977.903 3027.35
    endloop
  endfacet
  facet normal 0 0.139178 0.990267
    outer loop
      vertex 876 -1918.66 3159.57
      vertex 816 -977.903 3027.35
      vertex 816 -1918.66 3159.57
    endloop
  endfacet
  facet normal -1 0 0
    outer loop
      vertex 816 1980.54 2450
      vertex 816 1963.19 2614.01
      vertex 816 2002.8 2608.44
    endloop
  endfacet
  facet normal -1 0 0
    outer loop
      vertex 816 970.554 2624.13
      vertex 816 1963.19 2614.01
      vertex 816 1980.54 2450
    endloop
  endfacet
  facet normal -1 0 0
    outer loop
      vertex 816 1963.19 2614.01
      vertex 816 970.554 2624.13
      vertex 816 971.2 2628.21
    endloop
  endfacet
  facet normal -1 0 0
    outer loop
      vertex 816 1980.54 2450
      vertex 816 968.679 2620.45
      vertex 816 970.554 2624.13
    endloop
  endfacet
  facet normal -1 0 0
    outer loop
      vertex 816 1980.54 2450
      vertex 816 965.759 2617.53
      vertex 816 968.679 2620.45
    endloop
  endfacet
  facet normal -1 0 0
    outer loop
      vertex 816 1980.54 2450
      vertex 816 962.079 2615.65
      vertex 816 965.759 2617.53
    endloop
  endfacet
  facet normal -1 0 0
    outer loop
      vertex 816 1980.54 2450
      vertex 816 958 2615.01
      vertex 816 962.079 2615.65
    endloop
  endfacet
  facet normal -1 0 0
    outer loop
      vertex 816 1980.54 2450
      vertex 816 953.921 2615.65
      vertex 816 958 2615.01
    endloop
  endfacet
  facet normal -1 0 0
    outer loop
      vertex 816 894 2670.01
      vertex 816 944.8 2628.21
      vertex 816 945.446 2624.13
    endloop
  endfacet
  facet normal -1 0 0
    outer loop
      vertex 816 889.921 2670.65
      vertex 816 945.446 2624.13
      vertex 816 947.321 2620.45
    endloop
  endfacet
  facet normal -1 0 0
    outer loop
      vertex 816 944.8 2628.21
      vertex 816 906.554 2679.13
      vertex 816 907.2 2683.21
    endloop
  endfacet
  facet normal -1 0 0
    outer loop
      vertex 816 944.8 2628.21
      vertex 816 904.679 2675.45
      vertex 816 906.554 2679.13
    endloop
  endfacet
  facet normal -1 0 0
    outer loop
      vertex 816 944.8 2628.21
      vertex 816 901.759 2672.53
      vertex 816 904.679 2675.45
    endloop
  endfacet
  facet normal -1 0 0
    outer loop
      vertex 816 944.8 2628.21
      vertex 816 898.079 2670.65
      vertex 816 901.759 2672.53
    endloop
  endfacet
  facet normal -1 0 0
    outer loop
      vertex 816 944.8 2628.21
      vertex 816 894 2670.01
      vertex 816 898.079 2670.65
    endloop
  endfacet
  facet normal -1 0 0
    outer loop
      vertex 816 886.241 2672.53
      vertex 816 947.321 2620.45
      vertex 816 950.241 2617.53
    endloop
  endfacet
  facet normal -1 0 0
    outer loop
      vertex 816 945.446 2624.13
      vertex 816 889.921 2670.65
      vertex 816 894 2670.01
    endloop
  endfacet
  facet normal -1 0 0
    outer loop
      vertex 816 947.321 2620.45
      vertex 816 886.241 2672.53
      vertex 816 889.921 2670.65
    endloop
  endfacet
  facet normal -1 0 0
    outer loop
      vertex 816 881.446 2679.13
      vertex 816 28.5578 2885.91
      vertex 816 880.8 2683.21
    endloop
  endfacet
  facet normal -1 0 0
    outer loop
      vertex 816 883.321 2675.45
      vertex 816 28.5578 2885.91
      vertex 816 881.446 2679.13
    endloop
  endfacet
  facet normal -1 0 0
    outer loop
      vertex 816 886.241 2672.53
      vertex 816 28.5578 2885.91
      vertex 816 883.321 2675.45
    endloop
  endfacet
  facet normal -1 0 0
    outer loop
      vertex 816 950.241 2617.53
      vertex 816 28.5578 2885.91
      vertex 816 886.241 2672.53
    endloop
  endfacet
  facet normal -1 0 0
    outer loop
      vertex 816 953.921 2615.65
      vertex 816 28.5578 2885.91
      vertex 816 950.241 2617.53
    endloop
  endfacet
  facet normal -1 0 0
    outer loop
      vertex 816 -889.921 2875.93
      vertex 816 28.5578 2885.91
      vertex 816 953.921 2615.65
    endloop
  endfacet
  facet normal -1 -0 0
    outer loop
      vertex 816 28.5578 2885.91
      vertex 816 -889.921 2875.93
      vertex 816 2.46233 2889.57
    endloop
  endfacet
  facet normal -1 0 0
    outer loop
      vertex 816 -894 2875.29
      vertex 816 953.921 2615.65
      vertex 816 1980.54 2450
    endloop
  endfacet
  facet normal -1 0 0
    outer loop
      vertex 816 2.46233 2889.57
      vertex 816 -881.446 2884.41
      vertex 816 -880.8 2888.49
    endloop
  endfacet
  facet normal -1 0 0
    outer loop
      vertex 816 2.46233 2889.57
      vertex 816 -883.321 2880.73
      vertex 816 -881.446 2884.41
    endloop
  endfacet
  facet normal -1 0 0
    outer loop
      vertex 816 2.46233 2889.57
      vertex 816 -886.241 2877.81
      vertex 816 -883.321 2880.73
    endloop
  endfacet
  facet normal -1 0 0
    outer loop
      vertex 816 2.46233 2889.57
      vertex 816 -889.921 2875.93
      vertex 816 -886.241 2877.81
    endloop
  endfacet
  facet normal -1 0 0
    outer loop
      vertex 816 953.921 2615.65
      vertex 816 -894 2875.29
      vertex 816 -889.921 2875.93
    endloop
  endfacet
  facet normal -1 0 0
    outer loop
      vertex 816 -958 2930.29
      vertex 816 -907.2 2888.49
      vertex 816 -906.554 2884.41
    endloop
  endfacet
  facet normal -1 0 0
    outer loop
      vertex 816 -907.2 2888.49
      vertex 816 -945.446 2947.57
      vertex 816 -938.292 3021.79
    endloop
  endfacet
  facet normal -1 0 0
    outer loop
      vertex 816 -907.2 2888.49
      vertex 816 -944.8 2943.49
      vertex 816 -945.446 2947.57
    endloop
  endfacet
  facet normal -1 0 0
    outer loop
      vertex 816 -962.079 2930.93
      vertex 816 -906.554 2884.41
      vertex 816 -904.679 2880.73
    endloop
  endfacet
  facet normal -1 0 0
    outer loop
      vertex 816 -907.2 2888.49
      vertex 816 -945.446 2939.41
      vertex 816 -944.8 2943.49
    endloop
  endfacet
  facet normal -1 0 0
    outer loop
      vertex 816 -907.2 2888.49
      vertex 816 -947.321 2935.73
      vertex 816 -945.446 2939.41
    endloop
  endfacet
  facet normal -1 0 0
    outer loop
      vertex 816 -907.2 2888.49
      vertex 816 -950.241 2932.81
      vertex 816 -947.321 2935.73
    endloop
  endfacet
  facet normal -1 0 0
    outer loop
      vertex 816 -907.2 2888.49
      vertex 816 -953.921 2930.93
      vertex 816 -950.241 2932.81
    endloop
  endfacet
  facet normal -1 0 0
    outer loop
      vertex 816 -907.2 2888.49
      vertex 816 -958 2930.29
      vertex 816 -953.921 2930.93
    endloop
  endfacet
  facet normal -1 0 0
    outer loop
      vertex 816 -965.759 2932.81
      vertex 816 -904.679 2880.73
      vertex 816 -901.759 2877.81
    endloop
  endfacet
  facet normal -1 0 0
    outer loop
      vertex 816 -906.554 2884.41
      vertex 816 -962.079 2930.93
      vertex 816 -958 2930.29
    endloop
  endfacet
  facet normal -1 0 0
    outer loop
      vertex 816 -904.679 2880.73
      vertex 816 -965.759 2932.81
      vertex 816 -962.079 2930.93
    endloop
  endfacet
  facet normal -1 0 0
    outer loop
      vertex 816 -971.2 2943.49
      vertex 816 -1918.66 3159.57
      vertex 816 -977.903 3027.35
    endloop
  endfacet
  facet normal -1 0 0
    outer loop
      vertex 816 -1980.54 3006.69
      vertex 816 -971.2 2943.49
      vertex 816 -970.554 2939.41
    endloop
  endfacet
  facet normal -1 0 0
    outer loop
      vertex 816 -1980.54 3006.69
      vertex 816 -970.554 2939.41
      vertex 816 -968.679 2935.73
    endloop
  endfacet
  facet normal -1 0 0
    outer loop
      vertex 816 -1980.54 3006.69
      vertex 816 -968.679 2935.73
      vertex 816 -965.759 2932.81
    endloop
  endfacet
  facet normal -1 0 0
    outer loop
      vertex 816 -1980.54 3006.69
      vertex 816 -965.759 2932.81
      vertex 816 -901.759 2877.81
    endloop
  endfacet
  facet normal -1 0 0
    outer loop
      vertex 816 -1980.54 3006.69
      vertex 816 -901.759 2877.81
      vertex 816 -898.079 2875.93
    endloop
  endfacet
  facet normal -1 0 0
    outer loop
      vertex 816 -971.2 2943.49
      vertex 816 -1980.54 3006.69
      vertex 816 -1918.66 3159.57
    endloop
  endfacet
  facet normal -1 -0 0
    outer loop
      vertex 816 -1918.66 3159.57
      vertex 816 -1980.54 3006.69
      vertex 816 -1958.27 3165.14
    endloop
  endfacet
  facet normal -1 0 0
    outer loop
      vertex 816 -894 2875.29
      vertex 816 -1980.54 3006.69
      vertex 816 -898.079 2875.93
    endloop
  endfacet
  facet normal -1 0 0
    outer loop
      vertex 816 -1980.54 3006.69
      vertex 816 -894 2875.29
      vertex 816 1980.54 2450
    endloop
  endfacet
  facet normal -1 0 0
    outer loop
      vertex 816 970.554 2632.28
      vertex 816 1963.19 2614.01
      vertex 816 971.2 2628.21
    endloop
  endfacet
  facet normal -1 0 0
    outer loop
      vertex 816 968.679 2635.96
      vertex 816 1963.19 2614.01
      vertex 816 970.554 2632.28
    endloop
  endfacet
  facet normal -1 0 0
    outer loop
      vertex 816 965.759 2638.88
      vertex 816 1963.19 2614.01
      vertex 816 968.679 2635.96
    endloop
  endfacet
  facet normal -1 0 0
    outer loop
      vertex 816 904.679 2690.96
      vertex 816 965.759 2638.88
      vertex 816 962.079 2640.76
    endloop
  endfacet
  facet normal -1 0 0
    outer loop
      vertex 816 906.554 2687.28
      vertex 816 962.079 2640.76
      vertex 816 958 2641.41
    endloop
  endfacet
  facet normal -1 0 0
    outer loop
      vertex 816 907.2 2683.21
      vertex 816 945.446 2632.28
      vertex 816 944.8 2628.21
    endloop
  endfacet
  facet normal -1 0 0
    outer loop
      vertex 816 907.2 2683.21
      vertex 816 947.321 2635.96
      vertex 816 945.446 2632.28
    endloop
  endfacet
  facet normal -1 0 0
    outer loop
      vertex 816 907.2 2683.21
      vertex 816 950.241 2638.88
      vertex 816 947.321 2635.96
    endloop
  endfacet
  facet normal -1 0 0
    outer loop
      vertex 816 907.2 2683.21
      vertex 816 953.921 2640.76
      vertex 816 950.241 2638.88
    endloop
  endfacet
  facet normal -1 0 0
    outer loop
      vertex 816 907.2 2683.21
      vertex 816 958 2641.41
      vertex 816 953.921 2640.76
    endloop
  endfacet
  facet normal -1 0 0
    outer loop
      vertex 816 906.554 2687.28
      vertex 816 958 2641.41
      vertex 816 907.2 2683.21
    endloop
  endfacet
  facet normal -1 0 0
    outer loop
      vertex 816 962.079 2640.76
      vertex 816 906.554 2687.28
      vertex 816 904.679 2690.96
    endloop
  endfacet
  facet normal -1 0 0
    outer loop
      vertex 816 965.759 2638.88
      vertex 816 904.679 2690.96
      vertex 816 901.759 2693.88
    endloop
  endfacet
  facet normal -1 0 0
    outer loop
      vertex 816 965.759 2638.88
      vertex 816 901.759 2693.88
      vertex 816 1963.19 2614.01
    endloop
  endfacet
  facet normal -1 0 0
    outer loop
      vertex 816 898.079 2695.76
      vertex 816 1963.19 2614.01
      vertex 816 901.759 2693.88
    endloop
  endfacet
  facet normal -1 0 0
    outer loop
      vertex 816 894 2696.41
      vertex 816 1963.19 2614.01
      vertex 816 898.079 2695.76
    endloop
  endfacet
  facet normal -1 0 0
    outer loop
      vertex 816 894 2696.41
      vertex 816 28.5578 2885.91
      vertex 816 1963.19 2614.01
    endloop
  endfacet
  facet normal -1 0 0
    outer loop
      vertex 816 889.921 2695.76
      vertex 816 28.5578 2885.91
      vertex 816 894 2696.41
    endloop
  endfacet
  facet normal -1 0 0
    outer loop
      vertex 816 886.241 2693.88
      vertex 816 28.5578 2885.91
      vertex 816 889.921 2695.76
    endloop
  endfacet
  facet normal -1 0 0
    outer loop
      vertex 816 883.321 2690.96
      vertex 816 28.5578 2885.91
      vertex 816 886.241 2693.88
    endloop
  endfacet
  facet normal -1 0 0
    outer loop
      vertex 816 881.446 2687.28
      vertex 816 28.5578 2885.91
      vertex 816 883.321 2690.96
    endloop
  endfacet
  facet normal -1 0 0
    outer loop
      vertex 816 28.5578 2885.91
      vertex 816 881.446 2687.28
      vertex 816 880.8 2683.21
    endloop
  endfacet
  facet normal -1 0 0
    outer loop
      vertex 816 -881.446 2892.57
      vertex 816 2.46233 2889.57
      vertex 816 -880.8 2888.49
    endloop
  endfacet
  facet normal -1 0 0
    outer loop
      vertex 816 -883.321 2896.25
      vertex 816 2.46233 2889.57
      vertex 816 -881.446 2892.57
    endloop
  endfacet
  facet normal -1 0 0
    outer loop
      vertex 816 -938.292 3021.79
      vertex 816 2.46233 2889.57
      vertex 816 -883.321 2896.25
    endloop
  endfacet
  facet normal -1 0 0
    outer loop
      vertex 816 -938.292 3021.79
      vertex 816 -883.321 2896.25
      vertex 816 -886.241 2899.17
    endloop
  endfacet
  facet normal -1 0 0
    outer loop
      vertex 816 -938.292 3021.79
      vertex 816 -886.241 2899.17
      vertex 816 -889.921 2901.04
    endloop
  endfacet
  facet normal -1 0 0
    outer loop
      vertex 816 -938.292 3021.79
      vertex 816 -889.921 2901.04
      vertex 816 -894 2901.69
    endloop
  endfacet
  facet normal -1 0 0
    outer loop
      vertex 816 -898.079 2901.04
      vertex 816 -938.292 3021.79
      vertex 816 -894 2901.69
    endloop
  endfacet
  facet normal -1 0 0
    outer loop
      vertex 816 -901.759 2899.17
      vertex 816 -938.292 3021.79
      vertex 816 -898.079 2901.04
    endloop
  endfacet
  facet normal -1 0 0
    outer loop
      vertex 816 -904.679 2896.25
      vertex 816 -938.292 3021.79
      vertex 816 -901.759 2899.17
    endloop
  endfacet
  facet normal -1 0 0
    outer loop
      vertex 816 -906.554 2892.57
      vertex 816 -938.292 3021.79
      vertex 816 -904.679 2896.25
    endloop
  endfacet
  facet normal -1 0 0
    outer loop
      vertex 816 -938.292 3021.79
      vertex 816 -906.554 2892.57
      vertex 816 -907.2 2888.49
    endloop
  endfacet
  facet normal -1 0 0
    outer loop
      vertex 816 -947.321 2951.25
      vertex 816 -938.292 3021.79
      vertex 816 -945.446 2947.57
    endloop
  endfacet
  facet normal -1 0 0
    outer loop
      vertex 816 -950.241 2954.17
      vertex 816 -938.292 3021.79
      vertex 816 -947.321 2951.25
    endloop
  endfacet
  facet normal -1 0 0
    outer loop
      vertex 816 -953.921 2956.04
      vertex 816 -938.292 3021.79
      vertex 816 -950.241 2954.17
    endloop
  endfacet
  facet normal -1 0 0
    outer loop
      vertex 816 -958 2956.69
      vertex 816 -938.292 3021.79
      vertex 816 -953.921 2956.04
    endloop
  endfacet
  facet normal -1 0 0
    outer loop
      vertex 816 -977.903 3027.35
      vertex 816 -958 2956.69
      vertex 816 -962.079 2956.04
    endloop
  endfacet
  facet normal -1 0 0
    outer loop
      vertex 816 -977.903 3027.35
      vertex 816 -962.079 2956.04
      vertex 816 -965.759 2954.17
    endloop
  endfacet
  facet normal -1 0 0
    outer loop
      vertex 816 -977.903 3027.35
      vertex 816 -965.759 2954.17
      vertex 816 -968.679 2951.25
    endloop
  endfacet
  facet normal -1 0 0
    outer loop
      vertex 816 -977.903 3027.35
      vertex 816 -968.679 2951.25
      vertex 816 -970.554 2947.57
    endloop
  endfacet
  facet normal -1 0 0
    outer loop
      vertex 816 -958 2956.69
      vertex 816 -977.903 3027.35
      vertex 816 -938.292 3021.79
    endloop
  endfacet
  facet normal -1 0 0
    outer loop
      vertex 816 -977.903 3027.35
      vertex 816 -970.554 2947.57
      vertex 816 -971.2 2943.49
    endloop
  endfacet
  facet normal 0 0.990274 -0.139128
    outer loop
      vertex 876 1980.54 2450
      vertex 816 2002.8 2608.44
      vertex 876 2002.8 2608.44
    endloop
  endfacet
  facet normal 0 0.990274 -0.139128
    outer loop
      vertex 816 2002.8 2608.44
      vertex 876 1980.54 2450
      vertex 816 1980.54 2450
    endloop
  endfacet
  facet normal 0 -0.990267 0.139181
    outer loop
      vertex 816 -1980.54 3006.69
      vertex 876 -1958.27 3165.14
      vertex 816 -1958.27 3165.14
    endloop
  endfacet
  facet normal 0 -0.990267 0.139181
    outer loop
      vertex 876 -1958.27 3165.14
      vertex 816 -1980.54 3006.69
      vertex 876 -1980.54 3006.69
    endloop
  endfacet
  facet normal 0 -0.139174 -0.990268
    outer loop
      vertex 816 -1980.54 3006.69
      vertex 876 -976 2865.51
      vertex 876 -1980.54 3006.69
    endloop
  endfacet
  facet normal -0.000695337 -0.139133 -0.990273
    outer loop
      vertex 876 -976 2865.51
      vertex 816 -1980.54 3006.69
      vertex 876 -876 2851.46
    endloop
  endfacet
  facet normal 7.46488e-05 -0.139174 -0.990268
    outer loop
      vertex 876 -876 2851.46
      vertex 816 -1980.54 3006.69
      vertex 876 876 2605.23
    endloop
  endfacet
  facet normal -3.30174e-05 -0.139172 -0.990268
    outer loop
      vertex 816 1980.54 2450
      vertex 876 876 2605.23
      vertex 816 -1980.54 3006.69
    endloop
  endfacet
  facet normal 0.000695337 -0.139133 -0.990273
    outer loop
      vertex 876 876 2605.23
      vertex 816 1980.54 2450
      vertex 876 976 2591.18
    endloop
  endfacet
  facet normal 0 -0.139174 -0.990268
    outer loop
      vertex 876 976 2591.18
      vertex 816 1980.54 2450
      vertex 876 1980.54 2450
    endloop
  endfacet
  facet normal -1 0 0
    outer loop
      vertex -2000 2002.8 2608.44
      vertex -2000 1977.11 2713.04
      vertex -2000 2016.72 2707.47
    endloop
  endfacet
  facet normal -1 0 -0
    outer loop
      vertex -2000 1977.11 2713.04
      vertex -2000 2002.8 2608.44
      vertex -2000 1963.19 2614.01
    endloop
  endfacet
  facet normal 0 -0.139251 -0.990257
    outer loop
      vertex -2000 1963.19 2614.01
      vertex -876 2002.8 2608.44
      vertex -876 1963.19 2614.01
    endloop
  endfacet
  facet normal -0 -0.139251 -0.990257
    outer loop
      vertex -876 2002.8 2608.44
      vertex -2000 1963.19 2614.01
      vertex -2000 2002.8 2608.44
    endloop
  endfacet
  facet normal 0 -0.139251 -0.990257
    outer loop
      vertex 876 1963.19 2614.01
      vertex 2000 2002.8 2608.44
      vertex 2000 1963.19 2614.01
    endloop
  endfacet
  facet normal -0 -0.139251 -0.990257
    outer loop
      vertex 2000 2002.8 2608.44
      vertex 876 1963.19 2614.01
      vertex 876 2002.8 2608.44
    endloop
  endfacet
  facet normal 0 -0.139251 -0.990257
    outer loop
      vertex -816 1963.19 2614.01
      vertex 816 2002.8 2608.44
      vertex 816 1963.19 2614.01
    endloop
  endfacet
  facet normal -0 -0.139251 -0.990257
    outer loop
      vertex 816 2002.8 2608.44
      vertex -816 1963.19 2614.01
      vertex -816 2002.8 2608.44
    endloop
  endfacet
  facet normal 0 -0.990265 0.139195
    outer loop
      vertex -876 1963.19 2614.01
      vertex -2000 1977.11 2713.04
      vertex -2000 1963.19 2614.01
    endloop
  endfacet
  facet normal 0 -0.990265 0.139195
    outer loop
      vertex -816 1963.19 2614.01
      vertex -2000 1977.11 2713.04
      vertex -876 1963.19 2614.01
    endloop
  endfacet
  facet normal 0 -0.990265 0.139195
    outer loop
      vertex -2000 1977.11 2713.04
      vertex -816 1963.19 2614.01
      vertex 2000 1977.11 2713.04
    endloop
  endfacet
  facet normal 0 -0.990265 0.139195
    outer loop
      vertex 816 1963.19 2614.01
      vertex 2000 1977.11 2713.04
      vertex -816 1963.19 2614.01
    endloop
  endfacet
  facet normal 0 -0.990265 0.139195
    outer loop
      vertex 876 1963.19 2614.01
      vertex 2000 1977.11 2713.04
      vertex 816 1963.19 2614.01
    endloop
  endfacet
  facet normal 0 -0.990265 0.139195
    outer loop
      vertex 2000 1977.11 2713.04
      vertex 876 1963.19 2614.01
      vertex 2000 1963.19 2614.01
    endloop
  endfacet
  facet normal 1 0 0
    outer loop
      vertex 2000 1977.11 2713.04
      vertex 2000 2002.8 2608.44
      vertex 2000 2016.72 2707.47
    endloop
  endfacet
  facet normal 1 0 0
    outer loop
      vertex 2000 2002.8 2608.44
      vertex 2000 1977.11 2713.04
      vertex 2000 1963.19 2614.01
    endloop
  endfacet
  facet normal -0 0.139251 0.990257
    outer loop
      vertex -2000 2016.72 2707.47
      vertex 2000 1977.11 2713.04
      vertex 2000 2016.72 2707.47
    endloop
  endfacet
  facet normal 0 0.139251 0.990257
    outer loop
      vertex 2000 1977.11 2713.04
      vertex -2000 2016.72 2707.47
      vertex -2000 1977.11 2713.04
    endloop
  endfacet
  facet normal 0 0.990265 -0.139195
    outer loop
      vertex 876 2002.8 2608.44
      vertex 2000 2016.72 2707.47
      vertex 2000 2002.8 2608.44
    endloop
  endfacet
  facet normal 0 0.990265 -0.139195
    outer loop
      vertex 816 2002.8 2608.44
      vertex 2000 2016.72 2707.47
      vertex 876 2002.8 2608.44
    endloop
  endfacet
  facet normal 0 0.990265 -0.139195
    outer loop
      vertex 2000 2016.72 2707.47
      vertex 816 2002.8 2608.44
      vertex -2000 2016.72 2707.47
    endloop
  endfacet
  facet normal 0 0.990265 -0.139195
    outer loop
      vertex -816 2002.8 2608.44
      vertex -2000 2016.72 2707.47
      vertex 816 2002.8 2608.44
    endloop
  endfacet
  facet normal 0 0.990265 -0.139195
    outer loop
      vertex -876 2002.8 2608.44
      vertex -2000 2016.72 2707.47
      vertex -816 2002.8 2608.44
    endloop
  endfacet
  facet normal 0 0.990265 -0.139195
    outer loop
      vertex -2000 2016.72 2707.47
      vertex -876 2002.8 2608.44
      vertex -2000 2002.8 2608.44
    endloop
  endfacet
  facet normal -1 0 0
    outer loop
      vertex -2000 1022.44 2746.22
      vertex -2000 996.745 2850.82
      vertex -2000 1036.36 2845.25
    endloop
  endfacet
  facet normal -1 0 -0
    outer loop
      vertex -2000 996.745 2850.82
      vertex -2000 1022.44 2746.22
      vertex -2000 982.828 2751.79
    endloop
  endfacet
  facet normal 0 -0.139244 -0.990258
    outer loop
      vertex -2000 982.828 2751.79
      vertex 2000 1022.44 2746.22
      vertex 2000 982.828 2751.79
    endloop
  endfacet
  facet normal -0 -0.139244 -0.990258
    outer loop
      vertex 2000 1022.44 2746.22
      vertex -2000 982.828 2751.79
      vertex -2000 1022.44 2746.22
    endloop
  endfacet
  facet normal 0 -0.990269 0.139166
    outer loop
      vertex -2000 982.828 2751.79
      vertex 2000 996.745 2850.82
      vertex -2000 996.745 2850.82
    endloop
  endfacet
  facet normal 0 -0.990269 0.139166
    outer loop
      vertex 2000 996.745 2850.82
      vertex -2000 982.828 2751.79
      vertex 2000 982.828 2751.79
    endloop
  endfacet
  facet normal 1 0 0
    outer loop
      vertex 2000 996.745 2850.82
      vertex 2000 1022.44 2746.22
      vertex 2000 1036.36 2845.25
    endloop
  endfacet
  facet normal 1 0 0
    outer loop
      vertex 2000 1022.44 2746.22
      vertex 2000 996.745 2850.82
      vertex 2000 982.828 2751.79
    endloop
  endfacet
  facet normal -0 0.139234 0.99026
    outer loop
      vertex -2000 1036.36 2845.25
      vertex 2000 996.745 2850.82
      vertex 2000 1036.36 2845.25
    endloop
  endfacet
  facet normal 0 0.139234 0.99026
    outer loop
      vertex 2000 996.745 2850.82
      vertex -2000 1036.36 2845.25
      vertex -2000 996.745 2850.82
    endloop
  endfacet
  facet normal 0 0.990265 -0.139195
    outer loop
      vertex 2000 1022.44 2746.22
      vertex -2000 1036.36 2845.25
      vertex 2000 1036.36 2845.25
    endloop
  endfacet
  facet normal 0 0.990265 -0.139195
    outer loop
      vertex -2000 1036.36 2845.25
      vertex 2000 1022.44 2746.22
      vertex -2000 1022.44 2746.22
    endloop
  endfacet
  facet normal 0 -0.990269 0.139168
    outer loop
      vertex -876 2.46233 2889.57
      vertex -2000 16.3796 2988.6
      vertex -2000 2.46233 2889.57
    endloop
  endfacet
  facet normal 0 -0.990269 0.139168
    outer loop
      vertex -816 2.46233 2889.57
      vertex -2000 16.3796 2988.6
      vertex -876 2.46233 2889.57
    endloop
  endfacet
  facet normal 0 -0.990269 0.139168
    outer loop
      vertex -2000 16.3796 2988.6
      vertex -816 2.46233 2889.57
      vertex 2000 16.3796 2988.6
    endloop
  endfacet
  facet normal 0 -0.990269 0.139168
    outer loop
      vertex 816 2.46233 2889.57
      vertex 2000 16.3796 2988.6
      vertex -816 2.46233 2889.57
    endloop
  endfacet
  facet normal 0 -0.990269 0.139168
    outer loop
      vertex 876 2.46233 2889.57
      vertex 2000 16.3796 2988.6
      vertex 816 2.46233 2889.57
    endloop
  endfacet
  facet normal 0 -0.990269 0.139168
    outer loop
      vertex 2000 16.3796 2988.6
      vertex 876 2.46233 2889.57
      vertex 2000 2.46233 2889.57
    endloop
  endfacet
  facet normal -0 0.139248 0.990258
    outer loop
      vertex -2000 55.9904 2983.03
      vertex 2000 16.3796 2988.6
      vertex 2000 55.9904 2983.03
    endloop
  endfacet
  facet normal 0 0.139248 0.990258
    outer loop
      vertex 2000 16.3796 2988.6
      vertex -2000 55.9904 2983.03
      vertex -2000 16.3796 2988.6
    endloop
  endfacet
  facet normal -0 -0.138895 -0.990307
    outer loop
      vertex -876 2.46233 2889.57
      vertex -2000 2.46233 2889.57
      vertex -876 28.5578 2885.91
    endloop
  endfacet
  facet normal -0 -0.138895 -0.990307
    outer loop
      vertex 816 2.46233 2889.57
      vertex -816 2.46233 2889.57
      vertex 816 28.5578 2885.91
    endloop
  endfacet
  facet normal 0 -0.138895 -0.990307
    outer loop
      vertex 876 28.5578 2885.91
      vertex 2000 2.46233 2889.57
      vertex 876 2.46233 2889.57
    endloop
  endfacet
  facet normal -2.57482e-06 -0.139004 -0.990292
    outer loop
      vertex 2000 2.46233 2889.57
      vertex 876 28.5578 2885.91
      vertex 2000 42.073 2884.01
    endloop
  endfacet
  facet normal 0 -0.139214 -0.990262
    outer loop
      vertex 816 28.5578 2885.91
      vertex 2000 42.073 2884.01
      vertex 876 28.5578 2885.91
    endloop
  endfacet
  facet normal 0 -0.138895 -0.990307
    outer loop
      vertex -816 28.5578 2885.91
      vertex 816 28.5578 2885.91
      vertex -816 2.46233 2889.57
    endloop
  endfacet
  facet normal 0 -0.139214 -0.990262
    outer loop
      vertex -816 28.5578 2885.91
      vertex 2000 42.073 2884.01
      vertex 816 28.5578 2885.91
    endloop
  endfacet
  facet normal 0 -0.139214 -0.990262
    outer loop
      vertex -876 28.5578 2885.91
      vertex 2000 42.073 2884.01
      vertex -816 28.5578 2885.91
    endloop
  endfacet
  facet normal 0 -0.139214 -0.990262
    outer loop
      vertex -876 28.5578 2885.91
      vertex -2000 42.073 2884.01
      vertex 2000 42.073 2884.01
    endloop
  endfacet
  facet normal 2.57482e-06 -0.139004 -0.990292
    outer loop
      vertex -2000 42.073 2884.01
      vertex -876 28.5578 2885.91
      vertex -2000 2.46233 2889.57
    endloop
  endfacet
  facet normal 1 0 0
    outer loop
      vertex 2000 16.3796 2988.6
      vertex 2000 42.073 2884.01
      vertex 2000 55.9904 2983.03
    endloop
  endfacet
  facet normal 1 0 0
    outer loop
      vertex 2000 42.073 2884.01
      vertex 2000 16.3796 2988.6
      vertex 2000 2.46233 2889.57
    endloop
  endfacet
  facet normal 0 0.990267 -0.139183
    outer loop
      vertex 2000 42.073 2884.01
      vertex -2000 55.9904 2983.03
      vertex 2000 55.9904 2983.03
    endloop
  endfacet
  facet normal 0 0.990267 -0.139183
    outer loop
      vertex -2000 55.9904 2983.03
      vertex 2000 42.073 2884.01
      vertex -2000 42.073 2884.01
    endloop
  endfacet
  facet normal -1 0 0
    outer loop
      vertex -2000 42.073 2884.01
      vertex -2000 16.3796 2988.6
      vertex -2000 55.9904 2983.03
    endloop
  endfacet
  facet normal -1 0 -0
    outer loop
      vertex -2000 16.3796 2988.6
      vertex -2000 42.073 2884.01
      vertex -2000 2.46233 2889.57
    endloop
  endfacet
  facet normal -1 0 0
    outer loop
      vertex -2000 -938.292 3021.79
      vertex -2000 -963.986 3126.38
      vertex -2000 -924.375 3120.81
    endloop
  endfacet
  facet normal -1 0 -0
    outer loop
      vertex -2000 -963.986 3126.38
      vertex -2000 -938.292 3021.79
      vertex -2000 -977.903 3027.35
    endloop
  endfacet
  facet normal 0 -0.139002 -0.990292
    outer loop
      vertex -2000 -977.903 3027.35
      vertex -876 -938.292 3021.79
      vertex -876 -977.903 3027.35
    endloop
  endfacet
  facet normal -0 -0.139002 -0.990292
    outer loop
      vertex -876 -938.292 3021.79
      vertex -2000 -977.903 3027.35
      vertex -2000 -938.292 3021.79
    endloop
  endfacet
  facet normal 0 -0.139002 -0.990292
    outer loop
      vertex 876 -977.903 3027.35
      vertex 2000 -938.292 3021.79
      vertex 2000 -977.903 3027.35
    endloop
  endfacet
  facet normal -0 -0.139002 -0.990292
    outer loop
      vertex 2000 -938.292 3021.79
      vertex 876 -977.903 3027.35
      vertex 876 -938.292 3021.79
    endloop
  endfacet
  facet normal 0 -0.139002 -0.990292
    outer loop
      vertex -816 -977.903 3027.35
      vertex 816 -938.292 3021.79
      vertex 816 -977.903 3027.35
    endloop
  endfacet
  facet normal -0 -0.139002 -0.990292
    outer loop
      vertex 816 -938.292 3021.79
      vertex -816 -977.903 3027.35
      vertex -816 -938.292 3021.79
    endloop
  endfacet
  facet normal 0 -0.990269 0.139166
    outer loop
      vertex -876 -977.903 3027.35
      vertex -2000 -963.986 3126.38
      vertex -2000 -977.903 3027.35
    endloop
  endfacet
  facet normal 0 -0.990269 0.139166
    outer loop
      vertex -816 -977.903 3027.35
      vertex -2000 -963.986 3126.38
      vertex -876 -977.903 3027.35
    endloop
  endfacet
  facet normal 0 -0.990269 0.139166
    outer loop
      vertex -2000 -963.986 3126.38
      vertex -816 -977.903 3027.35
      vertex 2000 -963.986 3126.38
    endloop
  endfacet
  facet normal 0 -0.990269 0.139166
    outer loop
      vertex 816 -977.903 3027.35
      vertex 2000 -963.986 3126.38
      vertex -816 -977.903 3027.35
    endloop
  endfacet
  facet normal 0 -0.990269 0.139166
    outer loop
      vertex 876 -977.903 3027.35
      vertex 2000 -963.986 3126.38
      vertex 816 -977.903 3027.35
    endloop
  endfacet
  facet normal 0 -0.990269 0.139166
    outer loop
      vertex 2000 -963.986 3126.38
      vertex 876 -977.903 3027.35
      vertex 2000 -977.903 3027.35
    endloop
  endfacet
  facet normal 1 0 0
    outer loop
      vertex 2000 -963.986 3126.38
      vertex 2000 -938.292 3021.79
      vertex 2000 -924.375 3120.81
    endloop
  endfacet
  facet normal 1 0 0
    outer loop
      vertex 2000 -938.292 3021.79
      vertex 2000 -963.986 3126.38
      vertex 2000 -977.903 3027.35
    endloop
  endfacet
  facet normal -0 0.139248 0.990258
    outer loop
      vertex -2000 -924.375 3120.81
      vertex 2000 -963.986 3126.38
      vertex 2000 -924.375 3120.81
    endloop
  endfacet
  facet normal 0 0.139248 0.990258
    outer loop
      vertex 2000 -963.986 3126.38
      vertex -2000 -924.375 3120.81
      vertex -2000 -963.986 3126.38
    endloop
  endfacet
  facet normal 0 0.990267 -0.139179
    outer loop
      vertex 876 -938.292 3021.79
      vertex 2000 -924.375 3120.81
      vertex 2000 -938.292 3021.79
    endloop
  endfacet
  facet normal 0 0.990267 -0.139179
    outer loop
      vertex 816 -938.292 3021.79
      vertex 2000 -924.375 3120.81
      vertex 876 -938.292 3021.79
    endloop
  endfacet
  facet normal 0 0.990267 -0.139179
    outer loop
      vertex 2000 -924.375 3120.81
      vertex 816 -938.292 3021.79
      vertex -2000 -924.375 3120.81
    endloop
  endfacet
  facet normal 0 0.990267 -0.139179
    outer loop
      vertex -816 -938.292 3021.79
      vertex -2000 -924.375 3120.81
      vertex 816 -938.292 3021.79
    endloop
  endfacet
  facet normal 0 0.990267 -0.139179
    outer loop
      vertex -876 -938.292 3021.79
      vertex -2000 -924.375 3120.81
      vertex -816 -938.292 3021.79
    endloop
  endfacet
  facet normal 0 0.990267 -0.139179
    outer loop
      vertex -2000 -924.375 3120.81
      vertex -876 -938.292 3021.79
      vertex -2000 -938.292 3021.79
    endloop
  endfacet
  facet normal -1 0 0
    outer loop
      vertex -2000 -1918.66 3159.57
      vertex -2000 -1944.35 3264.16
      vertex -2000 -1904.74 3258.6
    endloop
  endfacet
  facet normal -1 0 -0
    outer loop
      vertex -2000 -1944.35 3264.16
      vertex -2000 -1918.66 3159.57
      vertex -2000 -1958.27 3165.14
    endloop
  endfacet
  facet normal 0 -0.139251 -0.990257
    outer loop
      vertex -2000 -1958.27 3165.14
      vertex -876 -1918.66 3159.57
      vertex -876 -1958.27 3165.14
    endloop
  endfacet
  facet normal -0 -0.139251 -0.990257
    outer loop
      vertex -876 -1918.66 3159.57
      vertex -2000 -1958.27 3165.14
      vertex -2000 -1918.66 3159.57
    endloop
  endfacet
  facet normal 0 -0.139251 -0.990257
    outer loop
      vertex 876 -1958.27 3165.14
      vertex 2000 -1918.66 3159.57
      vertex 2000 -1958.27 3165.14
    endloop
  endfacet
  facet normal -0 -0.139251 -0.990257
    outer loop
      vertex 2000 -1918.66 3159.57
      vertex 876 -1958.27 3165.14
      vertex 876 -1918.66 3159.57
    endloop
  endfacet
  facet normal 0 -0.139251 -0.990257
    outer loop
      vertex -816 -1958.27 3165.14
      vertex 816 -1918.66 3159.57
      vertex 816 -1958.27 3165.14
    endloop
  endfacet
  facet normal -0 -0.139251 -0.990257
    outer loop
      vertex 816 -1918.66 3159.57
      vertex -816 -1958.27 3165.14
      vertex -816 -1918.66 3159.57
    endloop
  endfacet
  facet normal 0 -0.990263 0.139209
    outer loop
      vertex -876 -1958.27 3165.14
      vertex -2000 -1944.35 3264.16
      vertex -2000 -1958.27 3165.14
    endloop
  endfacet
  facet normal 0 -0.990263 0.139209
    outer loop
      vertex -816 -1958.27 3165.14
      vertex -2000 -1944.35 3264.16
      vertex -876 -1958.27 3165.14
    endloop
  endfacet
  facet normal 0 -0.990263 0.139209
    outer loop
      vertex -2000 -1944.35 3264.16
      vertex -816 -1958.27 3165.14
      vertex 2000 -1944.35 3264.16
    endloop
  endfacet
  facet normal 0 -0.990263 0.139209
    outer loop
      vertex 816 -1958.27 3165.14
      vertex 2000 -1944.35 3264.16
      vertex -816 -1958.27 3165.14
    endloop
  endfacet
  facet normal 0 -0.990263 0.139209
    outer loop
      vertex 876 -1958.27 3165.14
      vertex 2000 -1944.35 3264.16
      vertex 816 -1958.27 3165.14
    endloop
  endfacet
  facet normal 0 -0.990263 0.139209
    outer loop
      vertex 2000 -1944.35 3264.16
      vertex 876 -1958.27 3165.14
      vertex 2000 -1958.27 3165.14
    endloop
  endfacet
  facet normal 1 0 0
    outer loop
      vertex 2000 -1944.35 3264.16
      vertex 2000 -1918.66 3159.57
      vertex 2000 -1904.74 3258.6
    endloop
  endfacet
  facet normal 1 0 0
    outer loop
      vertex 2000 -1918.66 3159.57
      vertex 2000 -1944.35 3264.16
      vertex 2000 -1958.27 3165.14
    endloop
  endfacet
  facet normal -0 0.139006 0.990292
    outer loop
      vertex -2000 -1904.74 3258.6
      vertex 2000 -1944.35 3264.16
      vertex 2000 -1904.74 3258.6
    endloop
  endfacet
  facet normal 0 0.139006 0.990292
    outer loop
      vertex 2000 -1944.35 3264.16
      vertex -2000 -1904.74 3258.6
      vertex -2000 -1944.35 3264.16
    endloop
  endfacet
  facet normal 0 0.990265 -0.139195
    outer loop
      vertex 876 -1918.66 3159.57
      vertex 2000 -1904.74 3258.6
      vertex 2000 -1918.66 3159.57
    endloop
  endfacet
  facet normal 0 0.990265 -0.139195
    outer loop
      vertex 816 -1918.66 3159.57
      vertex 2000 -1904.74 3258.6
      vertex 876 -1918.66 3159.57
    endloop
  endfacet
  facet normal 0 0.990265 -0.139195
    outer loop
      vertex 2000 -1904.74 3258.6
      vertex 816 -1918.66 3159.57
      vertex -2000 -1904.74 3258.6
    endloop
  endfacet
  facet normal 0 0.990265 -0.139195
    outer loop
      vertex -816 -1918.66 3159.57
      vertex -2000 -1904.74 3258.6
      vertex 816 -1918.66 3159.57
    endloop
  endfacet
  facet normal 0 0.990265 -0.139195
    outer loop
      vertex -876 -1918.66 3159.57
      vertex -2000 -1904.74 3258.6
      vertex -816 -1918.66 3159.57
    endloop
  endfacet
  facet normal 0 0.990265 -0.139195
    outer loop
      vertex -2000 -1904.74 3258.6
      vertex -876 -1918.66 3159.57
      vertex -2000 -1918.66 3159.57
    endloop
  endfacet
  facet normal -0 0.453018 0.891501
    outer loop
      vertex -979 -950.241 2954.17
      vertex -976 -953.921 2956.04
      vertex -976 -950.241 2954.17
    endloop
  endfacet
  facet normal 0 0.453018 0.891501
    outer loop
      vertex -976 -953.921 2956.04
      vertex -979 -950.241 2954.17
      vertex -979 -953.921 2956.04
    endloop
  endfacet
  facet normal -0 0.157367 0.98754
    outer loop
      vertex -979 -953.921 2956.04
      vertex -976 -958 2956.69
      vertex -976 -953.921 2956.04
    endloop
  endfacet
  facet normal 0 0.157367 0.98754
    outer loop
      vertex -976 -958 2956.69
      vertex -979 -953.921 2956.04
      vertex -979 -958 2956.69
    endloop
  endfacet
  facet normal -0 0.707107 0.707107
    outer loop
      vertex -979 -947.321 2951.25
      vertex -976 -950.241 2954.17
      vertex -976 -947.321 2951.25
    endloop
  endfacet
  facet normal 0 0.707107 0.707107
    outer loop
      vertex -976 -950.241 2954.17
      vertex -979 -947.321 2951.25
      vertex -979 -950.241 2954.17
    endloop
  endfacet
  facet normal 0 -0.987696 0.156385
    outer loop
      vertex -979 -971.2 2943.49
      vertex -976 -970.554 2947.57
      vertex -979 -970.554 2947.57
    endloop
  endfacet
  facet normal 0 -0.987696 0.156385
    outer loop
      vertex -976 -970.554 2947.57
      vertex -979 -971.2 2943.49
      vertex -976 -971.2 2943.49
    endloop
  endfacet
  facet normal 0 0.891012 -0.45398
    outer loop
      vertex -976 -947.321 2935.73
      vertex -979 -945.446 2939.41
      vertex -976 -945.446 2939.41
    endloop
  endfacet
  facet normal 0 0.891012 -0.45398
    outer loop
      vertex -979 -945.446 2939.41
      vertex -976 -947.321 2935.73
      vertex -979 -947.321 2935.73
    endloop
  endfacet
  facet normal 0 -0.891012 0.45398
    outer loop
      vertex -979 -970.554 2947.57
      vertex -976 -968.679 2951.25
      vertex -979 -968.679 2951.25
    endloop
  endfacet
  facet normal 0 -0.891012 0.45398
    outer loop
      vertex -976 -968.679 2951.25
      vertex -979 -970.554 2947.57
      vertex -976 -970.554 2947.57
    endloop
  endfacet
  facet normal 0 -0.707107 0.707107
    outer loop
      vertex -979 -965.759 2954.17
      vertex -976 -968.679 2951.25
      vertex -976 -965.759 2954.17
    endloop
  endfacet
  facet normal 0 -0.707107 0.707107
    outer loop
      vertex -976 -968.679 2951.25
      vertex -979 -965.759 2954.17
      vertex -979 -968.679 2951.25
    endloop
  endfacet
  facet normal 0 -0.987696 -0.156385
    outer loop
      vertex -979 -970.554 2939.41
      vertex -976 -971.2 2943.49
      vertex -979 -971.2 2943.49
    endloop
  endfacet
  facet normal 0 -0.987696 -0.156385
    outer loop
      vertex -976 -971.2 2943.49
      vertex -979 -970.554 2939.41
      vertex -976 -970.554 2939.41
    endloop
  endfacet
  facet normal 0 0.454941 -0.890522
    outer loop
      vertex -979 -953.921 2930.93
      vertex -976 -950.241 2932.81
      vertex -976 -953.921 2930.93
    endloop
  endfacet
  facet normal 0 0.454941 -0.890522
    outer loop
      vertex -976 -950.241 2932.81
      vertex -979 -953.921 2930.93
      vertex -979 -950.241 2932.81
    endloop
  endfacet
  facet normal 0 -0.157367 0.98754
    outer loop
      vertex -979 -958 2956.69
      vertex -976 -962.079 2956.04
      vertex -976 -958 2956.69
    endloop
  endfacet
  facet normal 0 -0.157367 0.98754
    outer loop
      vertex -976 -962.079 2956.04
      vertex -979 -958 2956.69
      vertex -979 -962.079 2956.04
    endloop
  endfacet
  facet normal 0 0.155005 -0.987914
    outer loop
      vertex -979 -958 2930.29
      vertex -976 -953.921 2930.93
      vertex -976 -958 2930.29
    endloop
  endfacet
  facet normal 0 0.155005 -0.987914
    outer loop
      vertex -976 -953.921 2930.93
      vertex -979 -958 2930.29
      vertex -979 -953.921 2930.93
    endloop
  endfacet
  facet normal 0 -0.453018 0.891501
    outer loop
      vertex -979 -962.079 2956.04
      vertex -976 -965.759 2954.17
      vertex -976 -962.079 2956.04
    endloop
  endfacet
  facet normal 0 -0.453018 0.891501
    outer loop
      vertex -976 -965.759 2954.17
      vertex -979 -962.079 2956.04
      vertex -979 -965.759 2954.17
    endloop
  endfacet
  facet normal 0 0.987696 0.156385
    outer loop
      vertex -976 -944.8 2943.49
      vertex -979 -945.446 2947.57
      vertex -976 -945.446 2947.57
    endloop
  endfacet
  facet normal 0 0.987696 0.156385
    outer loop
      vertex -979 -945.446 2947.57
      vertex -976 -944.8 2943.49
      vertex -979 -944.8 2943.49
    endloop
  endfacet
  facet normal 0 0.891012 0.45398
    outer loop
      vertex -976 -945.446 2947.57
      vertex -979 -947.321 2951.25
      vertex -976 -947.321 2951.25
    endloop
  endfacet
  facet normal 0 0.891012 0.45398
    outer loop
      vertex -979 -947.321 2951.25
      vertex -976 -945.446 2947.57
      vertex -979 -945.446 2947.57
    endloop
  endfacet
  facet normal 0 -0.454941 -0.890522
    outer loop
      vertex -979 -965.759 2932.81
      vertex -976 -962.079 2930.93
      vertex -976 -965.759 2932.81
    endloop
  endfacet
  facet normal -0 -0.454941 -0.890522
    outer loop
      vertex -976 -962.079 2930.93
      vertex -979 -965.759 2932.81
      vertex -979 -962.079 2930.93
    endloop
  endfacet
  facet normal 0 0.987696 -0.156385
    outer loop
      vertex -976 -945.446 2939.41
      vertex -979 -944.8 2943.49
      vertex -976 -944.8 2943.49
    endloop
  endfacet
  facet normal 0 0.987696 -0.156385
    outer loop
      vertex -979 -944.8 2943.49
      vertex -976 -945.446 2939.41
      vertex -979 -945.446 2939.41
    endloop
  endfacet
  facet normal 0 -0.707107 -0.707107
    outer loop
      vertex -979 -968.679 2935.73
      vertex -976 -965.759 2932.81
      vertex -976 -968.679 2935.73
    endloop
  endfacet
  facet normal -0 -0.707107 -0.707107
    outer loop
      vertex -976 -965.759 2932.81
      vertex -979 -968.679 2935.73
      vertex -979 -965.759 2932.81
    endloop
  endfacet
  facet normal -1 0 0
    outer loop
      vertex -979 -948.907 2938.24
      vertex -979 -944.8 2943.49
      vertex -979 -945.446 2939.41
    endloop
  endfacet
  facet normal -1 0 0
    outer loop
      vertex -979 -948.907 2938.24
      vertex -979 -945.446 2939.41
      vertex -979 -947.321 2935.73
    endloop
  endfacet
  facet normal -1 0 0
    outer loop
      vertex -979 -948.907 2948.74
      vertex -979 -944.8 2943.49
      vertex -979 -948.907 2938.24
    endloop
  endfacet
  facet normal -1 0 0
    outer loop
      vertex -979 -944.8 2943.49
      vertex -979 -948.907 2948.74
      vertex -979 -945.446 2947.57
    endloop
  endfacet
  facet normal -1 0 0
    outer loop
      vertex -979 -950.241 2932.81
      vertex -979 -948.907 2938.24
      vertex -979 -947.321 2935.73
    endloop
  endfacet
  facet normal -1 0 0
    outer loop
      vertex -979 -958 2932.99
      vertex -979 -950.241 2932.81
      vertex -979 -953.921 2930.93
    endloop
  endfacet
  facet normal -1 0 0
    outer loop
      vertex -979 -958 2932.99
      vertex -979 -953.921 2930.93
      vertex -979 -958 2930.29
    endloop
  endfacet
  facet normal -1 0 0
    outer loop
      vertex -979 -950.241 2932.81
      vertex -979 -958 2932.99
      vertex -979 -948.907 2938.24
    endloop
  endfacet
  facet normal -1 0 0
    outer loop
      vertex -979 -962.079 2930.93
      vertex -979 -958 2932.99
      vertex -979 -958 2930.29
    endloop
  endfacet
  facet normal -1 0 0
    outer loop
      vertex -979 -965.759 2932.81
      vertex -979 -958 2932.99
      vertex -979 -962.079 2930.93
    endloop
  endfacet
  facet normal -1 0 0
    outer loop
      vertex -979 -965.759 2932.81
      vertex -979 -967.093 2938.24
      vertex -979 -958 2932.99
    endloop
  endfacet
  facet normal -1 0 0
    outer loop
      vertex -979 -970.554 2939.41
      vertex -979 -967.093 2938.24
      vertex -979 -968.679 2935.73
    endloop
  endfacet
  facet normal -1 0 0
    outer loop
      vertex -979 -968.679 2935.73
      vertex -979 -967.093 2938.24
      vertex -979 -965.759 2932.81
    endloop
  endfacet
  facet normal -1 0 0
    outer loop
      vertex -979 -945.446 2947.57
      vertex -979 -948.907 2948.74
      vertex -979 -947.321 2951.25
    endloop
  endfacet
  facet normal -1 0 0
    outer loop
      vertex -979 -948.907 2948.74
      vertex -979 -950.241 2954.17
      vertex -979 -947.321 2951.25
    endloop
  endfacet
  facet normal -1 0 0
    outer loop
      vertex -979 -958 2953.99
      vertex -979 -950.241 2954.17
      vertex -979 -948.907 2948.74
    endloop
  endfacet
  facet normal -1 -0 0
    outer loop
      vertex -979 -950.241 2954.17
      vertex -979 -958 2953.99
      vertex -979 -953.921 2956.04
    endloop
  endfacet
  facet normal -1 0 0
    outer loop
      vertex -979 -958 2953.99
      vertex -979 -958 2956.69
      vertex -979 -953.921 2956.04
    endloop
  endfacet
  facet normal -1 0 0
    outer loop
      vertex -979 -958 2953.99
      vertex -979 -962.079 2956.04
      vertex -979 -958 2956.69
    endloop
  endfacet
  facet normal -1 0 0
    outer loop
      vertex -979 -958 2953.99
      vertex -979 -965.759 2954.17
      vertex -979 -962.079 2956.04
    endloop
  endfacet
  facet normal -1 0 0
    outer loop
      vertex -979 -967.093 2948.74
      vertex -979 -965.759 2954.17
      vertex -979 -958 2953.99
    endloop
  endfacet
  facet normal -1 0 0
    outer loop
      vertex -979 -967.093 2948.74
      vertex -979 -968.679 2951.25
      vertex -979 -965.759 2954.17
    endloop
  endfacet
  facet normal -1 0 0
    outer loop
      vertex -979 -971.2 2943.49
      vertex -979 -967.093 2938.24
      vertex -979 -970.554 2939.41
    endloop
  endfacet
  facet normal -1 0 0
    outer loop
      vertex -979 -967.093 2938.24
      vertex -979 -971.2 2943.49
      vertex -979 -967.093 2948.74
    endloop
  endfacet
  facet normal -1 -0 0
    outer loop
      vertex -979 -967.093 2948.74
      vertex -979 -970.554 2947.57
      vertex -979 -968.679 2951.25
    endloop
  endfacet
  facet normal -1 0 0
    outer loop
      vertex -979 -967.093 2948.74
      vertex -979 -971.2 2943.49
      vertex -979 -970.554 2947.57
    endloop
  endfacet
  facet normal 0 -0.155005 -0.987914
    outer loop
      vertex -979 -962.079 2930.93
      vertex -976 -958 2930.29
      vertex -976 -962.079 2930.93
    endloop
  endfacet
  facet normal -0 -0.155005 -0.987914
    outer loop
      vertex -976 -958 2930.29
      vertex -979 -962.079 2930.93
      vertex -979 -958 2930.29
    endloop
  endfacet
  facet normal 0 -0.891012 -0.45398
    outer loop
      vertex -979 -968.679 2935.73
      vertex -976 -970.554 2939.41
      vertex -979 -970.554 2939.41
    endloop
  endfacet
  facet normal 0 -0.891012 -0.45398
    outer loop
      vertex -976 -970.554 2939.41
      vertex -979 -968.679 2935.73
      vertex -976 -968.679 2935.73
    endloop
  endfacet
  facet normal 0 0.707107 -0.707107
    outer loop
      vertex -979 -950.241 2932.81
      vertex -976 -947.321 2935.73
      vertex -976 -950.241 2932.81
    endloop
  endfacet
  facet normal 0 0.707107 -0.707107
    outer loop
      vertex -976 -947.321 2935.73
      vertex -979 -950.241 2932.81
      vertex -979 -947.321 2935.73
    endloop
  endfacet
  facet normal 0 -1 0
    outer loop
      vertex -987 -967.093 2938.24
      vertex -979 -967.093 2948.74
      vertex -987 -967.093 2948.74
    endloop
  endfacet
  facet normal 0 -1 -0
    outer loop
      vertex -979 -967.093 2948.74
      vertex -987 -967.093 2938.24
      vertex -979 -967.093 2938.24
    endloop
  endfacet
  facet normal 0 -0.500011 0.866019
    outer loop
      vertex -987 -958 2953.99
      vertex -979 -967.093 2948.74
      vertex -979 -958 2953.99
    endloop
  endfacet
  facet normal 0 -0.500011 0.866019
    outer loop
      vertex -979 -967.093 2948.74
      vertex -987 -958 2953.99
      vertex -987 -967.093 2948.74
    endloop
  endfacet
  facet normal 0 1 -0
    outer loop
      vertex -979 -948.907 2938.24
      vertex -987 -948.907 2948.74
      vertex -979 -948.907 2948.74
    endloop
  endfacet
  facet normal 0 1 0
    outer loop
      vertex -987 -948.907 2948.74
      vertex -979 -948.907 2938.24
      vertex -987 -948.907 2938.24
    endloop
  endfacet
  facet normal -0 0.500011 0.866019
    outer loop
      vertex -987 -948.907 2948.74
      vertex -979 -958 2953.99
      vertex -979 -948.907 2948.74
    endloop
  endfacet
  facet normal 0 0.500011 0.866019
    outer loop
      vertex -979 -958 2953.99
      vertex -987 -948.907 2948.74
      vertex -987 -958 2953.99
    endloop
  endfacet
  facet normal 0 0.500011 -0.866019
    outer loop
      vertex -987 -958 2932.99
      vertex -979 -948.907 2938.24
      vertex -979 -958 2932.99
    endloop
  endfacet
  facet normal 0 0.500011 -0.866019
    outer loop
      vertex -979 -948.907 2938.24
      vertex -987 -958 2932.99
      vertex -987 -948.907 2938.24
    endloop
  endfacet
  facet normal 0 -0.500011 -0.866019
    outer loop
      vertex -987 -967.093 2938.24
      vertex -979 -958 2932.99
      vertex -979 -967.093 2938.24
    endloop
  endfacet
  facet normal -0 -0.500011 -0.866019
    outer loop
      vertex -979 -958 2932.99
      vertex -987 -967.093 2938.24
      vertex -987 -958 2932.99
    endloop
  endfacet
  facet normal -1 0 0
    outer loop
      vertex -987 -958 2932.99
      vertex -987 -948.907 2948.74
      vertex -987 -948.907 2938.24
    endloop
  endfacet
  facet normal -1 0 0
    outer loop
      vertex -987 -958 2932.99
      vertex -987 -958 2953.99
      vertex -987 -948.907 2948.74
    endloop
  endfacet
  facet normal -1 0 0
    outer loop
      vertex -987 -967.093 2938.24
      vertex -987 -958 2953.99
      vertex -987 -958 2932.99
    endloop
  endfacet
  facet normal -1 0 0
    outer loop
      vertex -987 -958 2953.99
      vertex -987 -967.093 2938.24
      vertex -987 -967.093 2948.74
    endloop
  endfacet
  facet normal 0 0.155005 -0.987914
    outer loop
      vertex -816 -958 2930.29
      vertex -813 -953.921 2930.93
      vertex -813 -958 2930.29
    endloop
  endfacet
  facet normal 0 0.155005 -0.987914
    outer loop
      vertex -813 -953.921 2930.93
      vertex -816 -958 2930.29
      vertex -816 -953.921 2930.93
    endloop
  endfacet
  facet normal 0 0.454941 -0.890522
    outer loop
      vertex -816 -953.921 2930.93
      vertex -813 -950.241 2932.81
      vertex -813 -953.921 2930.93
    endloop
  endfacet
  facet normal 0 0.454941 -0.890522
    outer loop
      vertex -813 -950.241 2932.81
      vertex -816 -953.921 2930.93
      vertex -816 -950.241 2932.81
    endloop
  endfacet
  facet normal 0 -0.987696 -0.156385
    outer loop
      vertex -816 -970.554 2939.41
      vertex -813 -971.2 2943.49
      vertex -816 -971.2 2943.49
    endloop
  endfacet
  facet normal 0 -0.987696 -0.156385
    outer loop
      vertex -813 -971.2 2943.49
      vertex -816 -970.554 2939.41
      vertex -813 -970.554 2939.41
    endloop
  endfacet
  facet normal 0 -0.454941 -0.890522
    outer loop
      vertex -816 -965.759 2932.81
      vertex -813 -962.079 2930.93
      vertex -813 -965.759 2932.81
    endloop
  endfacet
  facet normal -0 -0.454941 -0.890522
    outer loop
      vertex -813 -962.079 2930.93
      vertex -816 -965.759 2932.81
      vertex -816 -962.079 2930.93
    endloop
  endfacet
  facet normal 0 -0.707107 -0.707107
    outer loop
      vertex -816 -968.679 2935.73
      vertex -813 -965.759 2932.81
      vertex -813 -968.679 2935.73
    endloop
  endfacet
  facet normal -0 -0.707107 -0.707107
    outer loop
      vertex -813 -965.759 2932.81
      vertex -816 -968.679 2935.73
      vertex -816 -965.759 2932.81
    endloop
  endfacet
  facet normal 0 0.707107 -0.707107
    outer loop
      vertex -816 -950.241 2932.81
      vertex -813 -947.321 2935.73
      vertex -813 -950.241 2932.81
    endloop
  endfacet
  facet normal 0 0.707107 -0.707107
    outer loop
      vertex -813 -947.321 2935.73
      vertex -816 -950.241 2932.81
      vertex -816 -947.321 2935.73
    endloop
  endfacet
  facet normal 0 -0.987696 0.156385
    outer loop
      vertex -816 -971.2 2943.49
      vertex -813 -970.554 2947.57
      vertex -816 -970.554 2947.57
    endloop
  endfacet
  facet normal 0 -0.987696 0.156385
    outer loop
      vertex -813 -970.554 2947.57
      vertex -816 -971.2 2943.49
      vertex -813 -971.2 2943.49
    endloop
  endfacet
  facet normal 0 -0.891012 0.45398
    outer loop
      vertex -816 -970.554 2947.57
      vertex -813 -968.679 2951.25
      vertex -816 -968.679 2951.25
    endloop
  endfacet
  facet normal 0 -0.891012 0.45398
    outer loop
      vertex -813 -968.679 2951.25
      vertex -816 -970.554 2947.57
      vertex -813 -970.554 2947.57
    endloop
  endfacet
  facet normal 1 0 0
    outer loop
      vertex -813 -948.907 2948.74
      vertex -813 -944.8 2943.49
      vertex -813 -945.446 2947.57
    endloop
  endfacet
  facet normal 1 -0 0
    outer loop
      vertex -813 -948.907 2948.74
      vertex -813 -945.446 2947.57
      vertex -813 -947.321 2951.25
    endloop
  endfacet
  facet normal 1 0 0
    outer loop
      vertex -813 -948.907 2938.24
      vertex -813 -944.8 2943.49
      vertex -813 -948.907 2948.74
    endloop
  endfacet
  facet normal 1 0 0
    outer loop
      vertex -813 -944.8 2943.49
      vertex -813 -948.907 2938.24
      vertex -813 -945.446 2939.41
    endloop
  endfacet
  facet normal 1 0 0
    outer loop
      vertex -813 -950.241 2954.17
      vertex -813 -948.907 2948.74
      vertex -813 -947.321 2951.25
    endloop
  endfacet
  facet normal 1 0 0
    outer loop
      vertex -813 -958 2953.99
      vertex -813 -950.241 2954.17
      vertex -813 -953.921 2956.04
    endloop
  endfacet
  facet normal 1 0 0
    outer loop
      vertex -813 -958 2953.99
      vertex -813 -953.921 2956.04
      vertex -813 -958 2956.69
    endloop
  endfacet
  facet normal 1 0 0
    outer loop
      vertex -813 -950.241 2954.17
      vertex -813 -958 2953.99
      vertex -813 -948.907 2948.74
    endloop
  endfacet
  facet normal 1 -0 0
    outer loop
      vertex -813 -962.079 2956.04
      vertex -813 -958 2953.99
      vertex -813 -958 2956.69
    endloop
  endfacet
  facet normal 1 -0 0
    outer loop
      vertex -813 -965.759 2954.17
      vertex -813 -958 2953.99
      vertex -813 -962.079 2956.04
    endloop
  endfacet
  facet normal 1 0 0
    outer loop
      vertex -813 -965.759 2954.17
      vertex -813 -967.093 2948.74
      vertex -813 -958 2953.99
    endloop
  endfacet
  facet normal 1 0 0
    outer loop
      vertex -813 -970.554 2947.57
      vertex -813 -967.093 2948.74
      vertex -813 -968.679 2951.25
    endloop
  endfacet
  facet normal 1 -0 0
    outer loop
      vertex -813 -968.679 2951.25
      vertex -813 -967.093 2948.74
      vertex -813 -965.759 2954.17
    endloop
  endfacet
  facet normal 1 0 0
    outer loop
      vertex -813 -945.446 2939.41
      vertex -813 -948.907 2938.24
      vertex -813 -947.321 2935.73
    endloop
  endfacet
  facet normal 1 0 0
    outer loop
      vertex -813 -948.907 2938.24
      vertex -813 -950.241 2932.81
      vertex -813 -947.321 2935.73
    endloop
  endfacet
  facet normal 1 -0 0
    outer loop
      vertex -813 -958 2932.99
      vertex -813 -950.241 2932.81
      vertex -813 -948.907 2938.24
    endloop
  endfacet
  facet normal 1 0 0
    outer loop
      vertex -813 -950.241 2932.81
      vertex -813 -958 2932.99
      vertex -813 -953.921 2930.93
    endloop
  endfacet
  facet normal 1 0 0
    outer loop
      vertex -813 -958 2932.99
      vertex -813 -958 2930.29
      vertex -813 -953.921 2930.93
    endloop
  endfacet
  facet normal 1 0 0
    outer loop
      vertex -813 -958 2932.99
      vertex -813 -962.079 2930.93
      vertex -813 -958 2930.29
    endloop
  endfacet
  facet normal 1 0 0
    outer loop
      vertex -813 -958 2932.99
      vertex -813 -965.759 2932.81
      vertex -813 -962.079 2930.93
    endloop
  endfacet
  facet normal 1 0 0
    outer loop
      vertex -813 -967.093 2938.24
      vertex -813 -965.759 2932.81
      vertex -813 -958 2932.99
    endloop
  endfacet
  facet normal 1 0 0
    outer loop
      vertex -813 -967.093 2938.24
      vertex -813 -968.679 2935.73
      vertex -813 -965.759 2932.81
    endloop
  endfacet
  facet normal 1 0 0
    outer loop
      vertex -813 -971.2 2943.49
      vertex -813 -967.093 2948.74
      vertex -813 -970.554 2947.57
    endloop
  endfacet
  facet normal 1 0 0
    outer loop
      vertex -813 -967.093 2948.74
      vertex -813 -971.2 2943.49
      vertex -813 -967.093 2938.24
    endloop
  endfacet
  facet normal 1 0 0
    outer loop
      vertex -813 -967.093 2938.24
      vertex -813 -970.554 2939.41
      vertex -813 -968.679 2935.73
    endloop
  endfacet
  facet normal 1 0 0
    outer loop
      vertex -813 -967.093 2938.24
      vertex -813 -971.2 2943.49
      vertex -813 -970.554 2939.41
    endloop
  endfacet
  facet normal -0 0.157367 0.98754
    outer loop
      vertex -816 -953.921 2956.04
      vertex -813 -958 2956.69
      vertex -813 -953.921 2956.04
    endloop
  endfacet
  facet normal 0 0.157367 0.98754
    outer loop
      vertex -813 -958 2956.69
      vertex -816 -953.921 2956.04
      vertex -816 -958 2956.69
    endloop
  endfacet
  facet normal -0 0.707107 0.707107
    outer loop
      vertex -816 -947.321 2951.25
      vertex -813 -950.241 2954.17
      vertex -813 -947.321 2951.25
    endloop
  endfacet
  facet normal 0 0.707107 0.707107
    outer loop
      vertex -813 -950.241 2954.17
      vertex -816 -947.321 2951.25
      vertex -816 -950.241 2954.17
    endloop
  endfacet
  facet normal 0 -0.157367 0.98754
    outer loop
      vertex -816 -958 2956.69
      vertex -813 -962.079 2956.04
      vertex -813 -958 2956.69
    endloop
  endfacet
  facet normal 0 -0.157367 0.98754
    outer loop
      vertex -813 -962.079 2956.04
      vertex -816 -958 2956.69
      vertex -816 -962.079 2956.04
    endloop
  endfacet
  facet normal 0 0.891012 -0.45398
    outer loop
      vertex -813 -947.321 2935.73
      vertex -816 -945.446 2939.41
      vertex -813 -945.446 2939.41
    endloop
  endfacet
  facet normal 0 0.891012 -0.45398
    outer loop
      vertex -816 -945.446 2939.41
      vertex -813 -947.321 2935.73
      vertex -816 -947.321 2935.73
    endloop
  endfacet
  facet normal 0 0.987696 0.156385
    outer loop
      vertex -813 -944.8 2943.49
      vertex -816 -945.446 2947.57
      vertex -813 -945.446 2947.57
    endloop
  endfacet
  facet normal 0 0.987696 0.156385
    outer loop
      vertex -816 -945.446 2947.57
      vertex -813 -944.8 2943.49
      vertex -816 -944.8 2943.49
    endloop
  endfacet
  facet normal 0 0.987696 -0.156385
    outer loop
      vertex -813 -945.446 2939.41
      vertex -816 -944.8 2943.49
      vertex -813 -944.8 2943.49
    endloop
  endfacet
  facet normal 0 0.987696 -0.156385
    outer loop
      vertex -816 -944.8 2943.49
      vertex -813 -945.446 2939.41
      vertex -816 -945.446 2939.41
    endloop
  endfacet
  facet normal 0 -0.707107 0.707107
    outer loop
      vertex -816 -965.759 2954.17
      vertex -813 -968.679 2951.25
      vertex -813 -965.759 2954.17
    endloop
  endfacet
  facet normal 0 -0.707107 0.707107
    outer loop
      vertex -813 -968.679 2951.25
      vertex -816 -965.759 2954.17
      vertex -816 -968.679 2951.25
    endloop
  endfacet
  facet normal 0 -0.891012 -0.45398
    outer loop
      vertex -816 -968.679 2935.73
      vertex -813 -970.554 2939.41
      vertex -816 -970.554 2939.41
    endloop
  endfacet
  facet normal 0 -0.891012 -0.45398
    outer loop
      vertex -813 -970.554 2939.41
      vertex -816 -968.679 2935.73
      vertex -813 -968.679 2935.73
    endloop
  endfacet
  facet normal 0 0.891012 0.45398
    outer loop
      vertex -813 -945.446 2947.57
      vertex -816 -947.321 2951.25
      vertex -813 -947.321 2951.25
    endloop
  endfacet
  facet normal 0 0.891012 0.45398
    outer loop
      vertex -816 -947.321 2951.25
      vertex -813 -945.446 2947.57
      vertex -816 -945.446 2947.57
    endloop
  endfacet
  facet normal 0 -0.453018 0.891501
    outer loop
      vertex -816 -962.079 2956.04
      vertex -813 -965.759 2954.17
      vertex -813 -962.079 2956.04
    endloop
  endfacet
  facet normal 0 -0.453018 0.891501
    outer loop
      vertex -813 -965.759 2954.17
      vertex -816 -962.079 2956.04
      vertex -816 -965.759 2954.17
    endloop
  endfacet
  facet normal -0 0.453018 0.891501
    outer loop
      vertex -816 -950.241 2954.17
      vertex -813 -953.921 2956.04
      vertex -813 -950.241 2954.17
    endloop
  endfacet
  facet normal 0 0.453018 0.891501
    outer loop
      vertex -813 -953.921 2956.04
      vertex -816 -950.241 2954.17
      vertex -816 -953.921 2956.04
    endloop
  endfacet
  facet normal 0 -0.155005 -0.987914
    outer loop
      vertex -816 -962.079 2930.93
      vertex -813 -958 2930.29
      vertex -813 -962.079 2930.93
    endloop
  endfacet
  facet normal -0 -0.155005 -0.987914
    outer loop
      vertex -813 -958 2930.29
      vertex -816 -962.079 2930.93
      vertex -816 -958 2930.29
    endloop
  endfacet
  facet normal 0 -1 0
    outer loop
      vertex -813 -967.093 2938.24
      vertex -803 -967.093 2948.74
      vertex -813 -967.093 2948.74
    endloop
  endfacet
  facet normal 0 -1 -0
    outer loop
      vertex -803 -967.093 2948.74
      vertex -813 -967.093 2938.24
      vertex -803 -967.093 2938.24
    endloop
  endfacet
  facet normal 0 -0.500011 -0.866019
    outer loop
      vertex -813 -967.093 2938.24
      vertex -803 -958 2932.99
      vertex -803 -967.093 2938.24
    endloop
  endfacet
  facet normal -0 -0.500011 -0.866019
    outer loop
      vertex -803 -958 2932.99
      vertex -813 -967.093 2938.24
      vertex -813 -958 2932.99
    endloop
  endfacet
  facet normal 0 1 -0
    outer loop
      vertex -803 -948.907 2938.24
      vertex -813 -948.907 2948.74
      vertex -803 -948.907 2948.74
    endloop
  endfacet
  facet normal 0 1 0
    outer loop
      vertex -813 -948.907 2948.74
      vertex -803 -948.907 2938.24
      vertex -813 -948.907 2938.24
    endloop
  endfacet
  facet normal 0 0.500011 -0.866019
    outer loop
      vertex -813 -958 2932.99
      vertex -803 -948.907 2938.24
      vertex -803 -958 2932.99
    endloop
  endfacet
  facet normal 0 0.500011 -0.866019
    outer loop
      vertex -803 -948.907 2938.24
      vertex -813 -958 2932.99
      vertex -813 -948.907 2938.24
    endloop
  endfacet
  facet normal -0 0.500011 0.866019
    outer loop
      vertex -813 -948.907 2948.74
      vertex -803 -958 2953.99
      vertex -803 -948.907 2948.74
    endloop
  endfacet
  facet normal 0 0.500011 0.866019
    outer loop
      vertex -803 -958 2953.99
      vertex -813 -948.907 2948.74
      vertex -813 -958 2953.99
    endloop
  endfacet
  facet normal 0 -0.500011 0.866019
    outer loop
      vertex -813 -958 2953.99
      vertex -803 -967.093 2948.74
      vertex -803 -958 2953.99
    endloop
  endfacet
  facet normal 0 -0.500011 0.866019
    outer loop
      vertex -803 -967.093 2948.74
      vertex -813 -958 2953.99
      vertex -813 -967.093 2948.74
    endloop
  endfacet
  facet normal 1 0 0
    outer loop
      vertex -803 -958 2953.99
      vertex -803 -948.907 2938.24
      vertex -803 -948.907 2948.74
    endloop
  endfacet
  facet normal 1 0 0
    outer loop
      vertex -803 -958 2953.99
      vertex -803 -958 2932.99
      vertex -803 -948.907 2938.24
    endloop
  endfacet
  facet normal 1 -0 0
    outer loop
      vertex -803 -967.093 2948.74
      vertex -803 -958 2932.99
      vertex -803 -958 2953.99
    endloop
  endfacet
  facet normal 1 0 0
    outer loop
      vertex -803 -958 2932.99
      vertex -803 -967.093 2948.74
      vertex -803 -967.093 2938.24
    endloop
  endfacet
  facet normal -0 0.453018 0.891501
    outer loop
      vertex -979 -886.241 2899.17
      vertex -976 -889.921 2901.04
      vertex -976 -886.241 2899.17
    endloop
  endfacet
  facet normal 0 0.453018 0.891501
    outer loop
      vertex -976 -889.921 2901.04
      vertex -979 -886.241 2899.17
      vertex -979 -889.921 2901.04
    endloop
  endfacet
  facet normal -0 0.157367 0.98754
    outer loop
      vertex -979 -889.921 2901.04
      vertex -976 -894 2901.69
      vertex -976 -889.921 2901.04
    endloop
  endfacet
  facet normal 0 0.157367 0.98754
    outer loop
      vertex -976 -894 2901.69
      vertex -979 -889.921 2901.04
      vertex -979 -894 2901.69
    endloop
  endfacet
  facet normal -0 0.707107 0.707107
    outer loop
      vertex -979 -883.321 2896.25
      vertex -976 -886.241 2899.17
      vertex -976 -883.321 2896.25
    endloop
  endfacet
  facet normal 0 0.707107 0.707107
    outer loop
      vertex -976 -886.241 2899.17
      vertex -979 -883.321 2896.25
      vertex -979 -886.241 2899.17
    endloop
  endfacet
  facet normal 0 -0.987696 0.156385
    outer loop
      vertex -979 -907.2 2888.49
      vertex -976 -906.554 2892.57
      vertex -979 -906.554 2892.57
    endloop
  endfacet
  facet normal 0 -0.987696 0.156385
    outer loop
      vertex -976 -906.554 2892.57
      vertex -979 -907.2 2888.49
      vertex -976 -907.2 2888.49
    endloop
  endfacet
  facet normal 0 0.891012 -0.45398
    outer loop
      vertex -976 -883.321 2880.73
      vertex -979 -881.446 2884.41
      vertex -976 -881.446 2884.41
    endloop
  endfacet
  facet normal 0 0.891012 -0.45398
    outer loop
      vertex -979 -881.446 2884.41
      vertex -976 -883.321 2880.73
      vertex -979 -883.321 2880.73
    endloop
  endfacet
  facet normal 0 -0.891012 0.45398
    outer loop
      vertex -979 -906.554 2892.57
      vertex -976 -904.679 2896.25
      vertex -979 -904.679 2896.25
    endloop
  endfacet
  facet normal 0 -0.891012 0.45398
    outer loop
      vertex -976 -904.679 2896.25
      vertex -979 -906.554 2892.57
      vertex -976 -906.554 2892.57
    endloop
  endfacet
  facet normal 0 -0.707107 0.707107
    outer loop
      vertex -979 -901.759 2899.17
      vertex -976 -904.679 2896.25
      vertex -976 -901.759 2899.17
    endloop
  endfacet
  facet normal 0 -0.707107 0.707107
    outer loop
      vertex -976 -904.679 2896.25
      vertex -979 -901.759 2899.17
      vertex -979 -904.679 2896.25
    endloop
  endfacet
  facet normal 0 -0.987696 -0.156385
    outer loop
      vertex -979 -906.554 2884.41
      vertex -976 -907.2 2888.49
      vertex -979 -907.2 2888.49
    endloop
  endfacet
  facet normal 0 -0.987696 -0.156385
    outer loop
      vertex -976 -907.2 2888.49
      vertex -979 -906.554 2884.41
      vertex -976 -906.554 2884.41
    endloop
  endfacet
  facet normal 0 0.454941 -0.890522
    outer loop
      vertex -979 -889.921 2875.93
      vertex -976 -886.241 2877.81
      vertex -976 -889.921 2875.93
    endloop
  endfacet
  facet normal 0 0.454941 -0.890522
    outer loop
      vertex -976 -886.241 2877.81
      vertex -979 -889.921 2875.93
      vertex -979 -886.241 2877.81
    endloop
  endfacet
  facet normal 0 -0.157367 0.98754
    outer loop
      vertex -979 -894 2901.69
      vertex -976 -898.079 2901.04
      vertex -976 -894 2901.69
    endloop
  endfacet
  facet normal 0 -0.157367 0.98754
    outer loop
      vertex -976 -898.079 2901.04
      vertex -979 -894 2901.69
      vertex -979 -898.079 2901.04
    endloop
  endfacet
  facet normal 0 0.155005 -0.987914
    outer loop
      vertex -979 -894 2875.29
      vertex -976 -889.921 2875.93
      vertex -976 -894 2875.29
    endloop
  endfacet
  facet normal 0 0.155005 -0.987914
    outer loop
      vertex -976 -889.921 2875.93
      vertex -979 -894 2875.29
      vertex -979 -889.921 2875.93
    endloop
  endfacet
  facet normal 0 -0.453018 0.891501
    outer loop
      vertex -979 -898.079 2901.04
      vertex -976 -901.759 2899.17
      vertex -976 -898.079 2901.04
    endloop
  endfacet
  facet normal 0 -0.453018 0.891501
    outer loop
      vertex -976 -901.759 2899.17
      vertex -979 -898.079 2901.04
      vertex -979 -901.759 2899.17
    endloop
  endfacet
  facet normal 0 0.987696 0.156385
    outer loop
      vertex -976 -880.8 2888.49
      vertex -979 -881.446 2892.57
      vertex -976 -881.446 2892.57
    endloop
  endfacet
  facet normal 0 0.987696 0.156385
    outer loop
      vertex -979 -881.446 2892.57
      vertex -976 -880.8 2888.49
      vertex -979 -880.8 2888.49
    endloop
  endfacet
  facet normal 0 0.891012 0.45398
    outer loop
      vertex -976 -881.446 2892.57
      vertex -979 -883.321 2896.25
      vertex -976 -883.321 2896.25
    endloop
  endfacet
  facet normal 0 0.891012 0.45398
    outer loop
      vertex -979 -883.321 2896.25
      vertex -976 -881.446 2892.57
      vertex -979 -881.446 2892.57
    endloop
  endfacet
  facet normal 0 -0.454941 -0.890522
    outer loop
      vertex -979 -901.759 2877.81
      vertex -976 -898.079 2875.93
      vertex -976 -901.759 2877.81
    endloop
  endfacet
  facet normal -0 -0.454941 -0.890522
    outer loop
      vertex -976 -898.079 2875.93
      vertex -979 -901.759 2877.81
      vertex -979 -898.079 2875.93
    endloop
  endfacet
  facet normal 0 0.987696 -0.156385
    outer loop
      vertex -976 -881.446 2884.41
      vertex -979 -880.8 2888.49
      vertex -976 -880.8 2888.49
    endloop
  endfacet
  facet normal 0 0.987696 -0.156385
    outer loop
      vertex -979 -880.8 2888.49
      vertex -976 -881.446 2884.41
      vertex -979 -881.446 2884.41
    endloop
  endfacet
  facet normal 0 -0.707107 -0.707107
    outer loop
      vertex -979 -904.679 2880.73
      vertex -976 -901.759 2877.81
      vertex -976 -904.679 2880.73
    endloop
  endfacet
  facet normal -0 -0.707107 -0.707107
    outer loop
      vertex -976 -901.759 2877.81
      vertex -979 -904.679 2880.73
      vertex -979 -901.759 2877.81
    endloop
  endfacet
  facet normal -1 0 0
    outer loop
      vertex -979 -884.907 2883.24
      vertex -979 -880.8 2888.49
      vertex -979 -881.446 2884.41
    endloop
  endfacet
  facet normal -1 0 0
    outer loop
      vertex -979 -884.907 2883.24
      vertex -979 -881.446 2884.41
      vertex -979 -883.321 2880.73
    endloop
  endfacet
  facet normal -1 0 0
    outer loop
      vertex -979 -884.907 2893.74
      vertex -979 -880.8 2888.49
      vertex -979 -884.907 2883.24
    endloop
  endfacet
  facet normal -1 0 0
    outer loop
      vertex -979 -880.8 2888.49
      vertex -979 -884.907 2893.74
      vertex -979 -881.446 2892.57
    endloop
  endfacet
  facet normal -1 0 0
    outer loop
      vertex -979 -886.241 2877.81
      vertex -979 -884.907 2883.24
      vertex -979 -883.321 2880.73
    endloop
  endfacet
  facet normal -1 0 0
    outer loop
      vertex -979 -894 2877.99
      vertex -979 -886.241 2877.81
      vertex -979 -889.921 2875.93
    endloop
  endfacet
  facet normal -1 0 0
    outer loop
      vertex -979 -894 2877.99
      vertex -979 -889.921 2875.93
      vertex -979 -894 2875.29
    endloop
  endfacet
  facet normal -1 0 0
    outer loop
      vertex -979 -886.241 2877.81
      vertex -979 -894 2877.99
      vertex -979 -884.907 2883.24
    endloop
  endfacet
  facet normal -1 0 0
    outer loop
      vertex -979 -898.079 2875.93
      vertex -979 -894 2877.99
      vertex -979 -894 2875.29
    endloop
  endfacet
  facet normal -1 0 0
    outer loop
      vertex -979 -901.759 2877.81
      vertex -979 -894 2877.99
      vertex -979 -898.079 2875.93
    endloop
  endfacet
  facet normal -1 0 0
    outer loop
      vertex -979 -901.759 2877.81
      vertex -979 -903.093 2883.24
      vertex -979 -894 2877.99
    endloop
  endfacet
  facet normal -1 0 0
    outer loop
      vertex -979 -906.554 2884.41
      vertex -979 -903.093 2883.24
      vertex -979 -904.679 2880.73
    endloop
  endfacet
  facet normal -1 0 0
    outer loop
      vertex -979 -904.679 2880.73
      vertex -979 -903.093 2883.24
      vertex -979 -901.759 2877.81
    endloop
  endfacet
  facet normal -1 0 0
    outer loop
      vertex -979 -881.446 2892.57
      vertex -979 -884.907 2893.74
      vertex -979 -883.321 2896.25
    endloop
  endfacet
  facet normal -1 0 0
    outer loop
      vertex -979 -884.907 2893.74
      vertex -979 -886.241 2899.17
      vertex -979 -883.321 2896.25
    endloop
  endfacet
  facet normal -1 0 0
    outer loop
      vertex -979 -894 2898.99
      vertex -979 -886.241 2899.17
      vertex -979 -884.907 2893.74
    endloop
  endfacet
  facet normal -1 -0 0
    outer loop
      vertex -979 -886.241 2899.17
      vertex -979 -894 2898.99
      vertex -979 -889.921 2901.04
    endloop
  endfacet
  facet normal -1 0 0
    outer loop
      vertex -979 -894 2898.99
      vertex -979 -894 2901.69
      vertex -979 -889.921 2901.04
    endloop
  endfacet
  facet normal -1 0 0
    outer loop
      vertex -979 -894 2898.99
      vertex -979 -898.079 2901.04
      vertex -979 -894 2901.69
    endloop
  endfacet
  facet normal -1 0 0
    outer loop
      vertex -979 -894 2898.99
      vertex -979 -901.759 2899.17
      vertex -979 -898.079 2901.04
    endloop
  endfacet
  facet normal -1 0 0
    outer loop
      vertex -979 -903.093 2893.74
      vertex -979 -901.759 2899.17
      vertex -979 -894 2898.99
    endloop
  endfacet
  facet normal -1 0 0
    outer loop
      vertex -979 -903.093 2893.74
      vertex -979 -904.679 2896.25
      vertex -979 -901.759 2899.17
    endloop
  endfacet
  facet normal -1 0 0
    outer loop
      vertex -979 -907.2 2888.49
      vertex -979 -903.093 2883.24
      vertex -979 -906.554 2884.41
    endloop
  endfacet
  facet normal -1 0 0
    outer loop
      vertex -979 -903.093 2883.24
      vertex -979 -907.2 2888.49
      vertex -979 -903.093 2893.74
    endloop
  endfacet
  facet normal -1 -0 0
    outer loop
      vertex -979 -903.093 2893.74
      vertex -979 -906.554 2892.57
      vertex -979 -904.679 2896.25
    endloop
  endfacet
  facet normal -1 0 0
    outer loop
      vertex -979 -903.093 2893.74
      vertex -979 -907.2 2888.49
      vertex -979 -906.554 2892.57
    endloop
  endfacet
  facet normal 0 -0.155005 -0.987914
    outer loop
      vertex -979 -898.079 2875.93
      vertex -976 -894 2875.29
      vertex -976 -898.079 2875.93
    endloop
  endfacet
  facet normal -0 -0.155005 -0.987914
    outer loop
      vertex -976 -894 2875.29
      vertex -979 -898.079 2875.93
      vertex -979 -894 2875.29
    endloop
  endfacet
  facet normal 0 -0.891012 -0.45398
    outer loop
      vertex -979 -904.679 2880.73
      vertex -976 -906.554 2884.41
      vertex -979 -906.554 2884.41
    endloop
  endfacet
  facet normal 0 -0.891012 -0.45398
    outer loop
      vertex -976 -906.554 2884.41
      vertex -979 -904.679 2880.73
      vertex -976 -904.679 2880.73
    endloop
  endfacet
  facet normal 0 0.707107 -0.707107
    outer loop
      vertex -979 -886.241 2877.81
      vertex -976 -883.321 2880.73
      vertex -976 -886.241 2877.81
    endloop
  endfacet
  facet normal 0 0.707107 -0.707107
    outer loop
      vertex -976 -883.321 2880.73
      vertex -979 -886.241 2877.81
      vertex -979 -883.321 2880.73
    endloop
  endfacet
  facet normal 0 -1 0
    outer loop
      vertex -987 -903.093 2883.24
      vertex -979 -903.093 2893.74
      vertex -987 -903.093 2893.74
    endloop
  endfacet
  facet normal 0 -1 -0
    outer loop
      vertex -979 -903.093 2893.74
      vertex -987 -903.093 2883.24
      vertex -979 -903.093 2883.24
    endloop
  endfacet
  facet normal 0 -0.500011 0.866019
    outer loop
      vertex -987 -894 2898.99
      vertex -979 -903.093 2893.74
      vertex -979 -894 2898.99
    endloop
  endfacet
  facet normal 0 -0.500011 0.866019
    outer loop
      vertex -979 -903.093 2893.74
      vertex -987 -894 2898.99
      vertex -987 -903.093 2893.74
    endloop
  endfacet
  facet normal 0 1 -0
    outer loop
      vertex -979 -884.907 2883.24
      vertex -987 -884.907 2893.74
      vertex -979 -884.907 2893.74
    endloop
  endfacet
  facet normal 0 1 0
    outer loop
      vertex -987 -884.907 2893.74
      vertex -979 -884.907 2883.24
      vertex -987 -884.907 2883.24
    endloop
  endfacet
  facet normal -0 0.500011 0.866019
    outer loop
      vertex -987 -884.907 2893.74
      vertex -979 -894 2898.99
      vertex -979 -884.907 2893.74
    endloop
  endfacet
  facet normal 0 0.500011 0.866019
    outer loop
      vertex -979 -894 2898.99
      vertex -987 -884.907 2893.74
      vertex -987 -894 2898.99
    endloop
  endfacet
  facet normal 0 0.500011 -0.866019
    outer loop
      vertex -987 -894 2877.99
      vertex -979 -884.907 2883.24
      vertex -979 -894 2877.99
    endloop
  endfacet
  facet normal 0 0.500011 -0.866019
    outer loop
      vertex -979 -884.907 2883.24
      vertex -987 -894 2877.99
      vertex -987 -884.907 2883.24
    endloop
  endfacet
  facet normal 0 -0.500011 -0.866019
    outer loop
      vertex -987 -903.093 2883.24
      vertex -979 -894 2877.99
      vertex -979 -903.093 2883.24
    endloop
  endfacet
  facet normal -0 -0.500011 -0.866019
    outer loop
      vertex -979 -894 2877.99
      vertex -987 -903.093 2883.24
      vertex -987 -894 2877.99
    endloop
  endfacet
  facet normal -1 0 0
    outer loop
      vertex -987 -894 2877.99
      vertex -987 -884.907 2893.74
      vertex -987 -884.907 2883.24
    endloop
  endfacet
  facet normal -1 0 0
    outer loop
      vertex -987 -894 2877.99
      vertex -987 -894 2898.99
      vertex -987 -884.907 2893.74
    endloop
  endfacet
  facet normal -1 0 0
    outer loop
      vertex -987 -903.093 2883.24
      vertex -987 -894 2898.99
      vertex -987 -894 2877.99
    endloop
  endfacet
  facet normal -1 0 0
    outer loop
      vertex -987 -894 2898.99
      vertex -987 -903.093 2883.24
      vertex -987 -903.093 2893.74
    endloop
  endfacet
  facet normal 0 0.155005 -0.987914
    outer loop
      vertex -816 -894 2875.29
      vertex -813 -889.921 2875.93
      vertex -813 -894 2875.29
    endloop
  endfacet
  facet normal 0 0.155005 -0.987914
    outer loop
      vertex -813 -889.921 2875.93
      vertex -816 -894 2875.29
      vertex -816 -889.921 2875.93
    endloop
  endfacet
  facet normal 0 0.454941 -0.890522
    outer loop
      vertex -816 -889.921 2875.93
      vertex -813 -886.241 2877.81
      vertex -813 -889.921 2875.93
    endloop
  endfacet
  facet normal 0 0.454941 -0.890522
    outer loop
      vertex -813 -886.241 2877.81
      vertex -816 -889.921 2875.93
      vertex -816 -886.241 2877.81
    endloop
  endfacet
  facet normal 0 -0.987696 -0.156385
    outer loop
      vertex -816 -906.554 2884.41
      vertex -813 -907.2 2888.49
      vertex -816 -907.2 2888.49
    endloop
  endfacet
  facet normal 0 -0.987696 -0.156385
    outer loop
      vertex -813 -907.2 2888.49
      vertex -816 -906.554 2884.41
      vertex -813 -906.554 2884.41
    endloop
  endfacet
  facet normal 0 -0.454941 -0.890522
    outer loop
      vertex -816 -901.759 2877.81
      vertex -813 -898.079 2875.93
      vertex -813 -901.759 2877.81
    endloop
  endfacet
  facet normal -0 -0.454941 -0.890522
    outer loop
      vertex -813 -898.079 2875.93
      vertex -816 -901.759 2877.81
      vertex -816 -898.079 2875.93
    endloop
  endfacet
  facet normal 0 -0.707107 -0.707107
    outer loop
      vertex -816 -904.679 2880.73
      vertex -813 -901.759 2877.81
      vertex -813 -904.679 2880.73
    endloop
  endfacet
  facet normal -0 -0.707107 -0.707107
    outer loop
      vertex -813 -901.759 2877.81
      vertex -816 -904.679 2880.73
      vertex -816 -901.759 2877.81
    endloop
  endfacet
  facet normal 0 0.707107 -0.707107
    outer loop
      vertex -816 -886.241 2877.81
      vertex -813 -883.321 2880.73
      vertex -813 -886.241 2877.81
    endloop
  endfacet
  facet normal 0 0.707107 -0.707107
    outer loop
      vertex -813 -883.321 2880.73
      vertex -816 -886.241 2877.81
      vertex -816 -883.321 2880.73
    endloop
  endfacet
  facet normal 0 -0.987696 0.156385
    outer loop
      vertex -816 -907.2 2888.49
      vertex -813 -906.554 2892.57
      vertex -816 -906.554 2892.57
    endloop
  endfacet
  facet normal 0 -0.987696 0.156385
    outer loop
      vertex -813 -906.554 2892.57
      vertex -816 -907.2 2888.49
      vertex -813 -907.2 2888.49
    endloop
  endfacet
  facet normal 0 -0.891012 0.45398
    outer loop
      vertex -816 -906.554 2892.57
      vertex -813 -904.679 2896.25
      vertex -816 -904.679 2896.25
    endloop
  endfacet
  facet normal 0 -0.891012 0.45398
    outer loop
      vertex -813 -904.679 2896.25
      vertex -816 -906.554 2892.57
      vertex -813 -906.554 2892.57
    endloop
  endfacet
  facet normal 1 0 0
    outer loop
      vertex -813 -884.907 2893.74
      vertex -813 -880.8 2888.49
      vertex -813 -881.446 2892.57
    endloop
  endfacet
  facet normal 1 -0 0
    outer loop
      vertex -813 -884.907 2893.74
      vertex -813 -881.446 2892.57
      vertex -813 -883.321 2896.25
    endloop
  endfacet
  facet normal 1 0 0
    outer loop
      vertex -813 -884.907 2883.24
      vertex -813 -880.8 2888.49
      vertex -813 -884.907 2893.74
    endloop
  endfacet
  facet normal 1 0 0
    outer loop
      vertex -813 -880.8 2888.49
      vertex -813 -884.907 2883.24
      vertex -813 -881.446 2884.41
    endloop
  endfacet
  facet normal 1 0 0
    outer loop
      vertex -813 -886.241 2899.17
      vertex -813 -884.907 2893.74
      vertex -813 -883.321 2896.25
    endloop
  endfacet
  facet normal 1 0 0
    outer loop
      vertex -813 -894 2898.99
      vertex -813 -886.241 2899.17
      vertex -813 -889.921 2901.04
    endloop
  endfacet
  facet normal 1 0 0
    outer loop
      vertex -813 -894 2898.99
      vertex -813 -889.921 2901.04
      vertex -813 -894 2901.69
    endloop
  endfacet
  facet normal 1 0 0
    outer loop
      vertex -813 -886.241 2899.17
      vertex -813 -894 2898.99
      vertex -813 -884.907 2893.74
    endloop
  endfacet
  facet normal 1 -0 0
    outer loop
      vertex -813 -898.079 2901.04
      vertex -813 -894 2898.99
      vertex -813 -894 2901.69
    endloop
  endfacet
  facet normal 1 -0 0
    outer loop
      vertex -813 -901.759 2899.17
      vertex -813 -894 2898.99
      vertex -813 -898.079 2901.04
    endloop
  endfacet
  facet normal 1 0 0
    outer loop
      vertex -813 -901.759 2899.17
      vertex -813 -903.093 2893.74
      vertex -813 -894 2898.99
    endloop
  endfacet
  facet normal 1 0 0
    outer loop
      vertex -813 -906.554 2892.57
      vertex -813 -903.093 2893.74
      vertex -813 -904.679 2896.25
    endloop
  endfacet
  facet normal 1 -0 0
    outer loop
      vertex -813 -904.679 2896.25
      vertex -813 -903.093 2893.74
      vertex -813 -901.759 2899.17
    endloop
  endfacet
  facet normal 1 0 0
    outer loop
      vertex -813 -881.446 2884.41
      vertex -813 -884.907 2883.24
      vertex -813 -883.321 2880.73
    endloop
  endfacet
  facet normal 1 0 0
    outer loop
      vertex -813 -884.907 2883.24
      vertex -813 -886.241 2877.81
      vertex -813 -883.321 2880.73
    endloop
  endfacet
  facet normal 1 -0 0
    outer loop
      vertex -813 -894 2877.99
      vertex -813 -886.241 2877.81
      vertex -813 -884.907 2883.24
    endloop
  endfacet
  facet normal 1 0 0
    outer loop
      vertex -813 -886.241 2877.81
      vertex -813 -894 2877.99
      vertex -813 -889.921 2875.93
    endloop
  endfacet
  facet normal 1 0 0
    outer loop
      vertex -813 -894 2877.99
      vertex -813 -894 2875.29
      vertex -813 -889.921 2875.93
    endloop
  endfacet
  facet normal 1 0 0
    outer loop
      vertex -813 -894 2877.99
      vertex -813 -898.079 2875.93
      vertex -813 -894 2875.29
    endloop
  endfacet
  facet normal 1 0 0
    outer loop
      vertex -813 -894 2877.99
      vertex -813 -901.759 2877.81
      vertex -813 -898.079 2875.93
    endloop
  endfacet
  facet normal 1 0 0
    outer loop
      vertex -813 -903.093 2883.24
      vertex -813 -901.759 2877.81
      vertex -813 -894 2877.99
    endloop
  endfacet
  facet normal 1 0 0
    outer loop
      vertex -813 -903.093 2883.24
      vertex -813 -904.679 2880.73
      vertex -813 -901.759 2877.81
    endloop
  endfacet
  facet normal 1 0 0
    outer loop
      vertex -813 -907.2 2888.49
      vertex -813 -903.093 2893.74
      vertex -813 -906.554 2892.57
    endloop
  endfacet
  facet normal 1 0 0
    outer loop
      vertex -813 -903.093 2893.74
      vertex -813 -907.2 2888.49
      vertex -813 -903.093 2883.24
    endloop
  endfacet
  facet normal 1 0 0
    outer loop
      vertex -813 -903.093 2883.24
      vertex -813 -906.554 2884.41
      vertex -813 -904.679 2880.73
    endloop
  endfacet
  facet normal 1 0 0
    outer loop
      vertex -813 -903.093 2883.24
      vertex -813 -907.2 2888.49
      vertex -813 -906.554 2884.41
    endloop
  endfacet
  facet normal -0 0.157367 0.98754
    outer loop
      vertex -816 -889.921 2901.04
      vertex -813 -894 2901.69
      vertex -813 -889.921 2901.04
    endloop
  endfacet
  facet normal 0 0.157367 0.98754
    outer loop
      vertex -813 -894 2901.69
      vertex -816 -889.921 2901.04
      vertex -816 -894 2901.69
    endloop
  endfacet
  facet normal -0 0.707107 0.707107
    outer loop
      vertex -816 -883.321 2896.25
      vertex -813 -886.241 2899.17
      vertex -813 -883.321 2896.25
    endloop
  endfacet
  facet normal 0 0.707107 0.707107
    outer loop
      vertex -813 -886.241 2899.17
      vertex -816 -883.321 2896.25
      vertex -816 -886.241 2899.17
    endloop
  endfacet
  facet normal 0 -0.157367 0.98754
    outer loop
      vertex -816 -894 2901.69
      vertex -813 -898.079 2901.04
      vertex -813 -894 2901.69
    endloop
  endfacet
  facet normal 0 -0.157367 0.98754
    outer loop
      vertex -813 -898.079 2901.04
      vertex -816 -894 2901.69
      vertex -816 -898.079 2901.04
    endloop
  endfacet
  facet normal 0 0.891012 -0.45398
    outer loop
      vertex -813 -883.321 2880.73
      vertex -816 -881.446 2884.41
      vertex -813 -881.446 2884.41
    endloop
  endfacet
  facet normal 0 0.891012 -0.45398
    outer loop
      vertex -816 -881.446 2884.41
      vertex -813 -883.321 2880.73
      vertex -816 -883.321 2880.73
    endloop
  endfacet
  facet normal 0 0.987696 0.156385
    outer loop
      vertex -813 -880.8 2888.49
      vertex -816 -881.446 2892.57
      vertex -813 -881.446 2892.57
    endloop
  endfacet
  facet normal 0 0.987696 0.156385
    outer loop
      vertex -816 -881.446 2892.57
      vertex -813 -880.8 2888.49
      vertex -816 -880.8 2888.49
    endloop
  endfacet
  facet normal 0 0.987696 -0.156385
    outer loop
      vertex -813 -881.446 2884.41
      vertex -816 -880.8 2888.49
      vertex -813 -880.8 2888.49
    endloop
  endfacet
  facet normal 0 0.987696 -0.156385
    outer loop
      vertex -816 -880.8 2888.49
      vertex -813 -881.446 2884.41
      vertex -816 -881.446 2884.41
    endloop
  endfacet
  facet normal 0 -0.707107 0.707107
    outer loop
      vertex -816 -901.759 2899.17
      vertex -813 -904.679 2896.25
      vertex -813 -901.759 2899.17
    endloop
  endfacet
  facet normal 0 -0.707107 0.707107
    outer loop
      vertex -813 -904.679 2896.25
      vertex -816 -901.759 2899.17
      vertex -816 -904.679 2896.25
    endloop
  endfacet
  facet normal 0 -0.891012 -0.45398
    outer loop
      vertex -816 -904.679 2880.73
      vertex -813 -906.554 2884.41
      vertex -816 -906.554 2884.41
    endloop
  endfacet
  facet normal 0 -0.891012 -0.45398
    outer loop
      vertex -813 -906.554 2884.41
      vertex -816 -904.679 2880.73
      vertex -813 -904.679 2880.73
    endloop
  endfacet
  facet normal 0 0.891012 0.45398
    outer loop
      vertex -813 -881.446 2892.57
      vertex -816 -883.321 2896.25
      vertex -813 -883.321 2896.25
    endloop
  endfacet
  facet normal 0 0.891012 0.45398
    outer loop
      vertex -816 -883.321 2896.25
      vertex -813 -881.446 2892.57
      vertex -816 -881.446 2892.57
    endloop
  endfacet
  facet normal 0 -0.453018 0.891501
    outer loop
      vertex -816 -898.079 2901.04
      vertex -813 -901.759 2899.17
      vertex -813 -898.079 2901.04
    endloop
  endfacet
  facet normal 0 -0.453018 0.891501
    outer loop
      vertex -813 -901.759 2899.17
      vertex -816 -898.079 2901.04
      vertex -816 -901.759 2899.17
    endloop
  endfacet
  facet normal -0 0.453018 0.891501
    outer loop
      vertex -816 -886.241 2899.17
      vertex -813 -889.921 2901.04
      vertex -813 -886.241 2899.17
    endloop
  endfacet
  facet normal 0 0.453018 0.891501
    outer loop
      vertex -813 -889.921 2901.04
      vertex -816 -886.241 2899.17
      vertex -816 -889.921 2901.04
    endloop
  endfacet
  facet normal 0 -0.155005 -0.987914
    outer loop
      vertex -816 -898.079 2875.93
      vertex -813 -894 2875.29
      vertex -813 -898.079 2875.93
    endloop
  endfacet
  facet normal -0 -0.155005 -0.987914
    outer loop
      vertex -813 -894 2875.29
      vertex -816 -898.079 2875.93
      vertex -816 -894 2875.29
    endloop
  endfacet
  facet normal 0 -1 0
    outer loop
      vertex -813 -903.093 2883.24
      vertex -803 -903.093 2893.74
      vertex -813 -903.093 2893.74
    endloop
  endfacet
  facet normal 0 -1 -0
    outer loop
      vertex -803 -903.093 2893.74
      vertex -813 -903.093 2883.24
      vertex -803 -903.093 2883.24
    endloop
  endfacet
  facet normal 0 -0.500011 -0.866019
    outer loop
      vertex -813 -903.093 2883.24
      vertex -803 -894 2877.99
      vertex -803 -903.093 2883.24
    endloop
  endfacet
  facet normal -0 -0.500011 -0.866019
    outer loop
      vertex -803 -894 2877.99
      vertex -813 -903.093 2883.24
      vertex -813 -894 2877.99
    endloop
  endfacet
  facet normal 0 1 -0
    outer loop
      vertex -803 -884.907 2883.24
      vertex -813 -884.907 2893.74
      vertex -803 -884.907 2893.74
    endloop
  endfacet
  facet normal 0 1 0
    outer loop
      vertex -813 -884.907 2893.74
      vertex -803 -884.907 2883.24
      vertex -813 -884.907 2883.24
    endloop
  endfacet
  facet normal 0 0.500011 -0.866019
    outer loop
      vertex -813 -894 2877.99
      vertex -803 -884.907 2883.24
      vertex -803 -894 2877.99
    endloop
  endfacet
  facet normal 0 0.500011 -0.866019
    outer loop
      vertex -803 -884.907 2883.24
      vertex -813 -894 2877.99
      vertex -813 -884.907 2883.24
    endloop
  endfacet
  facet normal -0 0.500011 0.866019
    outer loop
      vertex -813 -884.907 2893.74
      vertex -803 -894 2898.99
      vertex -803 -884.907 2893.74
    endloop
  endfacet
  facet normal 0 0.500011 0.866019
    outer loop
      vertex -803 -894 2898.99
      vertex -813 -884.907 2893.74
      vertex -813 -894 2898.99
    endloop
  endfacet
  facet normal 0 -0.500011 0.866019
    outer loop
      vertex -813 -894 2898.99
      vertex -803 -903.093 2893.74
      vertex -803 -894 2898.99
    endloop
  endfacet
  facet normal 0 -0.500011 0.866019
    outer loop
      vertex -803 -903.093 2893.74
      vertex -813 -894 2898.99
      vertex -813 -903.093 2893.74
    endloop
  endfacet
  facet normal 1 0 0
    outer loop
      vertex -803 -894 2898.99
      vertex -803 -884.907 2883.24
      vertex -803 -884.907 2893.74
    endloop
  endfacet
  facet normal 1 0 0
    outer loop
      vertex -803 -894 2898.99
      vertex -803 -894 2877.99
      vertex -803 -884.907 2883.24
    endloop
  endfacet
  facet normal 1 -0 0
    outer loop
      vertex -803 -903.093 2893.74
      vertex -803 -894 2877.99
      vertex -803 -894 2898.99
    endloop
  endfacet
  facet normal 1 0 0
    outer loop
      vertex -803 -894 2877.99
      vertex -803 -903.093 2893.74
      vertex -803 -903.093 2883.24
    endloop
  endfacet
  facet normal -0 0.454941 0.890522
    outer loop
      vertex -979 901.759 2693.88
      vertex -976 898.079 2695.76
      vertex -976 901.759 2693.88
    endloop
  endfacet
  facet normal 0 0.454941 0.890522
    outer loop
      vertex -976 898.079 2695.76
      vertex -979 901.759 2693.88
      vertex -979 898.079 2695.76
    endloop
  endfacet
  facet normal -0 0.157367 0.98754
    outer loop
      vertex -979 898.079 2695.76
      vertex -976 894 2696.41
      vertex -976 898.079 2695.76
    endloop
  endfacet
  facet normal 0 0.157367 0.98754
    outer loop
      vertex -976 894 2696.41
      vertex -979 898.079 2695.76
      vertex -979 894 2696.41
    endloop
  endfacet
  facet normal 0 0.707107 0.707107
    outer loop
      vertex -976 904.679 2690.96
      vertex -979 901.759 2693.88
      vertex -976 901.759 2693.88
    endloop
  endfacet
  facet normal 0 0.707107 0.707107
    outer loop
      vertex -979 901.759 2693.88
      vertex -976 904.679 2690.96
      vertex -979 904.679 2690.96
    endloop
  endfacet
  facet normal 0 -0.987637 0.15676
    outer loop
      vertex -979 880.8 2683.21
      vertex -976 881.446 2687.28
      vertex -979 881.446 2687.28
    endloop
  endfacet
  facet normal 0 -0.987637 0.15676
    outer loop
      vertex -976 881.446 2687.28
      vertex -979 880.8 2683.21
      vertex -976 880.8 2683.21
    endloop
  endfacet
  facet normal 0 0.891012 -0.45398
    outer loop
      vertex -976 904.679 2675.45
      vertex -979 906.554 2679.13
      vertex -976 906.554 2679.13
    endloop
  endfacet
  facet normal 0 0.891012 -0.45398
    outer loop
      vertex -979 906.554 2679.13
      vertex -976 904.679 2675.45
      vertex -979 904.679 2675.45
    endloop
  endfacet
  facet normal 0 -0.891012 0.45398
    outer loop
      vertex -979 881.446 2687.28
      vertex -976 883.321 2690.96
      vertex -979 883.321 2690.96
    endloop
  endfacet
  facet normal 0 -0.891012 0.45398
    outer loop
      vertex -976 883.321 2690.96
      vertex -979 881.446 2687.28
      vertex -976 881.446 2687.28
    endloop
  endfacet
  facet normal 0 -0.707107 0.707107
    outer loop
      vertex -979 883.321 2690.96
      vertex -976 886.241 2693.88
      vertex -979 886.241 2693.88
    endloop
  endfacet
  facet normal 0 -0.707107 0.707107
    outer loop
      vertex -976 886.241 2693.88
      vertex -979 883.321 2690.96
      vertex -976 883.321 2690.96
    endloop
  endfacet
  facet normal 0 -0.987696 -0.156385
    outer loop
      vertex -979 881.446 2679.13
      vertex -976 880.8 2683.21
      vertex -979 880.8 2683.21
    endloop
  endfacet
  facet normal 0 -0.987696 -0.156385
    outer loop
      vertex -976 880.8 2683.21
      vertex -979 881.446 2679.13
      vertex -976 881.446 2679.13
    endloop
  endfacet
  facet normal 0 0.454941 -0.890522
    outer loop
      vertex -979 898.079 2670.65
      vertex -976 901.759 2672.53
      vertex -976 898.079 2670.65
    endloop
  endfacet
  facet normal 0 0.454941 -0.890522
    outer loop
      vertex -976 901.759 2672.53
      vertex -979 898.079 2670.65
      vertex -979 901.759 2672.53
    endloop
  endfacet
  facet normal 0 -0.157367 0.98754
    outer loop
      vertex -979 894 2696.41
      vertex -976 889.921 2695.76
      vertex -976 894 2696.41
    endloop
  endfacet
  facet normal 0 -0.157367 0.98754
    outer loop
      vertex -976 889.921 2695.76
      vertex -979 894 2696.41
      vertex -979 889.921 2695.76
    endloop
  endfacet
  facet normal 0 0.155005 -0.987914
    outer loop
      vertex -979 894 2670.01
      vertex -976 898.079 2670.65
      vertex -976 894 2670.01
    endloop
  endfacet
  facet normal 0 0.155005 -0.987914
    outer loop
      vertex -976 898.079 2670.65
      vertex -979 894 2670.01
      vertex -979 898.079 2670.65
    endloop
  endfacet
  facet normal 0 -0.454941 0.890522
    outer loop
      vertex -979 889.921 2695.76
      vertex -976 886.241 2693.88
      vertex -976 889.921 2695.76
    endloop
  endfacet
  facet normal 0 -0.454941 0.890522
    outer loop
      vertex -976 886.241 2693.88
      vertex -979 889.921 2695.76
      vertex -979 886.241 2693.88
    endloop
  endfacet
  facet normal 0 0.987637 0.15676
    outer loop
      vertex -976 907.2 2683.21
      vertex -979 906.554 2687.28
      vertex -976 906.554 2687.28
    endloop
  endfacet
  facet normal 0 0.987637 0.15676
    outer loop
      vertex -979 906.554 2687.28
      vertex -976 907.2 2683.21
      vertex -979 907.2 2683.21
    endloop
  endfacet
  facet normal 0 0.891012 0.45398
    outer loop
      vertex -976 906.554 2687.28
      vertex -979 904.679 2690.96
      vertex -976 904.679 2690.96
    endloop
  endfacet
  facet normal 0 0.891012 0.45398
    outer loop
      vertex -979 904.679 2690.96
      vertex -976 906.554 2687.28
      vertex -979 906.554 2687.28
    endloop
  endfacet
  facet normal 0 -0.454941 -0.890522
    outer loop
      vertex -979 886.241 2672.53
      vertex -976 889.921 2670.65
      vertex -976 886.241 2672.53
    endloop
  endfacet
  facet normal -0 -0.454941 -0.890522
    outer loop
      vertex -976 889.921 2670.65
      vertex -979 886.241 2672.53
      vertex -979 889.921 2670.65
    endloop
  endfacet
  facet normal 0 0.987696 -0.156385
    outer loop
      vertex -976 906.554 2679.13
      vertex -979 907.2 2683.21
      vertex -976 907.2 2683.21
    endloop
  endfacet
  facet normal 0 0.987696 -0.156385
    outer loop
      vertex -979 907.2 2683.21
      vertex -976 906.554 2679.13
      vertex -979 906.554 2679.13
    endloop
  endfacet
  facet normal 0 -0.707107 -0.707107
    outer loop
      vertex -979 883.321 2675.45
      vertex -976 886.241 2672.53
      vertex -976 883.321 2675.45
    endloop
  endfacet
  facet normal -0 -0.707107 -0.707107
    outer loop
      vertex -976 886.241 2672.53
      vertex -979 883.321 2675.45
      vertex -979 886.241 2672.53
    endloop
  endfacet
  facet normal -1 0 0
    outer loop
      vertex -979 903.093 2677.96
      vertex -979 907.2 2683.21
      vertex -979 906.554 2679.13
    endloop
  endfacet
  facet normal -1 0 0
    outer loop
      vertex -979 903.093 2677.96
      vertex -979 906.554 2679.13
      vertex -979 904.679 2675.45
    endloop
  endfacet
  facet normal -1 0 0
    outer loop
      vertex -979 903.093 2688.46
      vertex -979 907.2 2683.21
      vertex -979 903.093 2677.96
    endloop
  endfacet
  facet normal -1 0 0
    outer loop
      vertex -979 907.2 2683.21
      vertex -979 903.093 2688.46
      vertex -979 906.554 2687.28
    endloop
  endfacet
  facet normal -1 0 0
    outer loop
      vertex -979 901.759 2672.53
      vertex -979 903.093 2677.96
      vertex -979 904.679 2675.45
    endloop
  endfacet
  facet normal -1 0 0
    outer loop
      vertex -979 894 2672.71
      vertex -979 901.759 2672.53
      vertex -979 898.079 2670.65
    endloop
  endfacet
  facet normal -1 0 0
    outer loop
      vertex -979 894 2672.71
      vertex -979 898.079 2670.65
      vertex -979 894 2670.01
    endloop
  endfacet
  facet normal -1 0 0
    outer loop
      vertex -979 901.759 2672.53
      vertex -979 894 2672.71
      vertex -979 903.093 2677.96
    endloop
  endfacet
  facet normal -1 0 0
    outer loop
      vertex -979 889.921 2670.65
      vertex -979 894 2672.71
      vertex -979 894 2670.01
    endloop
  endfacet
  facet normal -1 0 0
    outer loop
      vertex -979 886.241 2672.53
      vertex -979 894 2672.71
      vertex -979 889.921 2670.65
    endloop
  endfacet
  facet normal -1 0 0
    outer loop
      vertex -979 886.241 2672.53
      vertex -979 884.907 2677.96
      vertex -979 894 2672.71
    endloop
  endfacet
  facet normal -1 0 0
    outer loop
      vertex -979 881.446 2679.13
      vertex -979 884.907 2677.96
      vertex -979 883.321 2675.45
    endloop
  endfacet
  facet normal -1 0 0
    outer loop
      vertex -979 883.321 2675.45
      vertex -979 884.907 2677.96
      vertex -979 886.241 2672.53
    endloop
  endfacet
  facet normal -1 0 0
    outer loop
      vertex -979 906.554 2687.28
      vertex -979 903.093 2688.46
      vertex -979 904.679 2690.96
    endloop
  endfacet
  facet normal -1 0 0
    outer loop
      vertex -979 903.093 2688.46
      vertex -979 901.759 2693.88
      vertex -979 904.679 2690.96
    endloop
  endfacet
  facet normal -1 0 0
    outer loop
      vertex -979 894 2693.71
      vertex -979 901.759 2693.88
      vertex -979 903.093 2688.46
    endloop
  endfacet
  facet normal -1 -0 0
    outer loop
      vertex -979 901.759 2693.88
      vertex -979 894 2693.71
      vertex -979 898.079 2695.76
    endloop
  endfacet
  facet normal -1 0 0
    outer loop
      vertex -979 894 2693.71
      vertex -979 894 2696.41
      vertex -979 898.079 2695.76
    endloop
  endfacet
  facet normal -1 0 0
    outer loop
      vertex -979 894 2693.71
      vertex -979 889.921 2695.76
      vertex -979 894 2696.41
    endloop
  endfacet
  facet normal -1 0 0
    outer loop
      vertex -979 894 2693.71
      vertex -979 886.241 2693.88
      vertex -979 889.921 2695.76
    endloop
  endfacet
  facet normal -1 0 0
    outer loop
      vertex -979 884.907 2688.46
      vertex -979 886.241 2693.88
      vertex -979 894 2693.71
    endloop
  endfacet
  facet normal -1 0 0
    outer loop
      vertex -979 884.907 2688.46
      vertex -979 883.321 2690.96
      vertex -979 886.241 2693.88
    endloop
  endfacet
  facet normal -1 0 0
    outer loop
      vertex -979 880.8 2683.21
      vertex -979 884.907 2677.96
      vertex -979 881.446 2679.13
    endloop
  endfacet
  facet normal -1 0 0
    outer loop
      vertex -979 884.907 2677.96
      vertex -979 880.8 2683.21
      vertex -979 884.907 2688.46
    endloop
  endfacet
  facet normal -1 -0 0
    outer loop
      vertex -979 884.907 2688.46
      vertex -979 881.446 2687.28
      vertex -979 883.321 2690.96
    endloop
  endfacet
  facet normal -1 0 0
    outer loop
      vertex -979 884.907 2688.46
      vertex -979 880.8 2683.21
      vertex -979 881.446 2687.28
    endloop
  endfacet
  facet normal 0 -0.155005 -0.987914
    outer loop
      vertex -979 889.921 2670.65
      vertex -976 894 2670.01
      vertex -976 889.921 2670.65
    endloop
  endfacet
  facet normal -0 -0.155005 -0.987914
    outer loop
      vertex -976 894 2670.01
      vertex -979 889.921 2670.65
      vertex -979 894 2670.01
    endloop
  endfacet
  facet normal 0 -0.891012 -0.45398
    outer loop
      vertex -979 883.321 2675.45
      vertex -976 881.446 2679.13
      vertex -979 881.446 2679.13
    endloop
  endfacet
  facet normal 0 -0.891012 -0.45398
    outer loop
      vertex -976 881.446 2679.13
      vertex -979 883.321 2675.45
      vertex -976 883.321 2675.45
    endloop
  endfacet
  facet normal 0 0.707107 -0.707107
    outer loop
      vertex -979 901.759 2672.53
      vertex -976 904.679 2675.45
      vertex -976 901.759 2672.53
    endloop
  endfacet
  facet normal 0 0.707107 -0.707107
    outer loop
      vertex -976 904.679 2675.45
      vertex -979 901.759 2672.53
      vertex -979 904.679 2675.45
    endloop
  endfacet
  facet normal 0 -1 0
    outer loop
      vertex -987 884.907 2677.96
      vertex -979 884.907 2688.46
      vertex -987 884.907 2688.46
    endloop
  endfacet
  facet normal 0 -1 -0
    outer loop
      vertex -979 884.907 2688.46
      vertex -987 884.907 2677.96
      vertex -979 884.907 2677.96
    endloop
  endfacet
  facet normal 0 -0.500011 0.866019
    outer loop
      vertex -987 894 2693.71
      vertex -979 884.907 2688.46
      vertex -979 894 2693.71
    endloop
  endfacet
  facet normal 0 -0.500011 0.866019
    outer loop
      vertex -979 884.907 2688.46
      vertex -987 894 2693.71
      vertex -987 884.907 2688.46
    endloop
  endfacet
  facet normal 0 1 -0
    outer loop
      vertex -979 903.093 2677.96
      vertex -987 903.093 2688.46
      vertex -979 903.093 2688.46
    endloop
  endfacet
  facet normal 0 1 0
    outer loop
      vertex -987 903.093 2688.46
      vertex -979 903.093 2677.96
      vertex -987 903.093 2677.96
    endloop
  endfacet
  facet normal -0 0.500011 0.866019
    outer loop
      vertex -987 903.093 2688.46
      vertex -979 894 2693.71
      vertex -979 903.093 2688.46
    endloop
  endfacet
  facet normal 0 0.500011 0.866019
    outer loop
      vertex -979 894 2693.71
      vertex -987 903.093 2688.46
      vertex -987 894 2693.71
    endloop
  endfacet
  facet normal 0 0.500011 -0.866019
    outer loop
      vertex -987 894 2672.71
      vertex -979 903.093 2677.96
      vertex -979 894 2672.71
    endloop
  endfacet
  facet normal 0 0.500011 -0.866019
    outer loop
      vertex -979 903.093 2677.96
      vertex -987 894 2672.71
      vertex -987 903.093 2677.96
    endloop
  endfacet
  facet normal 0 -0.500011 -0.866019
    outer loop
      vertex -987 884.907 2677.96
      vertex -979 894 2672.71
      vertex -979 884.907 2677.96
    endloop
  endfacet
  facet normal -0 -0.500011 -0.866019
    outer loop
      vertex -979 894 2672.71
      vertex -987 884.907 2677.96
      vertex -987 894 2672.71
    endloop
  endfacet
  facet normal -1 0 0
    outer loop
      vertex -987 894 2672.71
      vertex -987 903.093 2688.46
      vertex -987 903.093 2677.96
    endloop
  endfacet
  facet normal -1 0 0
    outer loop
      vertex -987 894 2672.71
      vertex -987 894 2693.71
      vertex -987 903.093 2688.46
    endloop
  endfacet
  facet normal -1 0 0
    outer loop
      vertex -987 884.907 2677.96
      vertex -987 894 2693.71
      vertex -987 894 2672.71
    endloop
  endfacet
  facet normal -1 0 0
    outer loop
      vertex -987 894 2693.71
      vertex -987 884.907 2677.96
      vertex -987 884.907 2688.46
    endloop
  endfacet
  facet normal 0 0.155005 -0.987914
    outer loop
      vertex -816 894 2670.01
      vertex -813 898.079 2670.65
      vertex -813 894 2670.01
    endloop
  endfacet
  facet normal 0 0.155005 -0.987914
    outer loop
      vertex -813 898.079 2670.65
      vertex -816 894 2670.01
      vertex -816 898.079 2670.65
    endloop
  endfacet
  facet normal 0 0.454941 -0.890522
    outer loop
      vertex -816 898.079 2670.65
      vertex -813 901.759 2672.53
      vertex -813 898.079 2670.65
    endloop
  endfacet
  facet normal 0 0.454941 -0.890522
    outer loop
      vertex -813 901.759 2672.53
      vertex -816 898.079 2670.65
      vertex -816 901.759 2672.53
    endloop
  endfacet
  facet normal 0 -0.987696 -0.156385
    outer loop
      vertex -816 881.446 2679.13
      vertex -813 880.8 2683.21
      vertex -816 880.8 2683.21
    endloop
  endfacet
  facet normal 0 -0.987696 -0.156385
    outer loop
      vertex -813 880.8 2683.21
      vertex -816 881.446 2679.13
      vertex -813 881.446 2679.13
    endloop
  endfacet
  facet normal 0 -0.454941 -0.890522
    outer loop
      vertex -816 886.241 2672.53
      vertex -813 889.921 2670.65
      vertex -813 886.241 2672.53
    endloop
  endfacet
  facet normal -0 -0.454941 -0.890522
    outer loop
      vertex -813 889.921 2670.65
      vertex -816 886.241 2672.53
      vertex -816 889.921 2670.65
    endloop
  endfacet
  facet normal 0 -0.707107 -0.707107
    outer loop
      vertex -816 883.321 2675.45
      vertex -813 886.241 2672.53
      vertex -813 883.321 2675.45
    endloop
  endfacet
  facet normal -0 -0.707107 -0.707107
    outer loop
      vertex -813 886.241 2672.53
      vertex -816 883.321 2675.45
      vertex -816 886.241 2672.53
    endloop
  endfacet
  facet normal 0 0.707107 -0.707107
    outer loop
      vertex -816 901.759 2672.53
      vertex -813 904.679 2675.45
      vertex -813 901.759 2672.53
    endloop
  endfacet
  facet normal 0 0.707107 -0.707107
    outer loop
      vertex -813 904.679 2675.45
      vertex -816 901.759 2672.53
      vertex -816 904.679 2675.45
    endloop
  endfacet
  facet normal 0 -0.987637 0.15676
    outer loop
      vertex -816 880.8 2683.21
      vertex -813 881.446 2687.28
      vertex -816 881.446 2687.28
    endloop
  endfacet
  facet normal 0 -0.987637 0.15676
    outer loop
      vertex -813 881.446 2687.28
      vertex -816 880.8 2683.21
      vertex -813 880.8 2683.21
    endloop
  endfacet
  facet normal 0 -0.891012 0.45398
    outer loop
      vertex -816 881.446 2687.28
      vertex -813 883.321 2690.96
      vertex -816 883.321 2690.96
    endloop
  endfacet
  facet normal 0 -0.891012 0.45398
    outer loop
      vertex -813 883.321 2690.96
      vertex -816 881.446 2687.28
      vertex -813 881.446 2687.28
    endloop
  endfacet
  facet normal 1 0 0
    outer loop
      vertex -813 903.093 2688.46
      vertex -813 907.2 2683.21
      vertex -813 906.554 2687.28
    endloop
  endfacet
  facet normal 1 -0 0
    outer loop
      vertex -813 903.093 2688.46
      vertex -813 906.554 2687.28
      vertex -813 904.679 2690.96
    endloop
  endfacet
  facet normal 1 0 0
    outer loop
      vertex -813 903.093 2677.96
      vertex -813 907.2 2683.21
      vertex -813 903.093 2688.46
    endloop
  endfacet
  facet normal 1 0 0
    outer loop
      vertex -813 907.2 2683.21
      vertex -813 903.093 2677.96
      vertex -813 906.554 2679.13
    endloop
  endfacet
  facet normal 1 0 0
    outer loop
      vertex -813 901.759 2693.88
      vertex -813 903.093 2688.46
      vertex -813 904.679 2690.96
    endloop
  endfacet
  facet normal 1 0 0
    outer loop
      vertex -813 894 2693.71
      vertex -813 901.759 2693.88
      vertex -813 898.079 2695.76
    endloop
  endfacet
  facet normal 1 0 0
    outer loop
      vertex -813 894 2693.71
      vertex -813 898.079 2695.76
      vertex -813 894 2696.41
    endloop
  endfacet
  facet normal 1 0 0
    outer loop
      vertex -813 901.759 2693.88
      vertex -813 894 2693.71
      vertex -813 903.093 2688.46
    endloop
  endfacet
  facet normal 1 -0 0
    outer loop
      vertex -813 889.921 2695.76
      vertex -813 894 2693.71
      vertex -813 894 2696.41
    endloop
  endfacet
  facet normal 1 -0 0
    outer loop
      vertex -813 886.241 2693.88
      vertex -813 894 2693.71
      vertex -813 889.921 2695.76
    endloop
  endfacet
  facet normal 1 0 0
    outer loop
      vertex -813 886.241 2693.88
      vertex -813 884.907 2688.46
      vertex -813 894 2693.71
    endloop
  endfacet
  facet normal 1 0 0
    outer loop
      vertex -813 881.446 2687.28
      vertex -813 884.907 2688.46
      vertex -813 883.321 2690.96
    endloop
  endfacet
  facet normal 1 -0 0
    outer loop
      vertex -813 883.321 2690.96
      vertex -813 884.907 2688.46
      vertex -813 886.241 2693.88
    endloop
  endfacet
  facet normal 1 0 0
    outer loop
      vertex -813 906.554 2679.13
      vertex -813 903.093 2677.96
      vertex -813 904.679 2675.45
    endloop
  endfacet
  facet normal 1 0 0
    outer loop
      vertex -813 903.093 2677.96
      vertex -813 901.759 2672.53
      vertex -813 904.679 2675.45
    endloop
  endfacet
  facet normal 1 -0 0
    outer loop
      vertex -813 894 2672.71
      vertex -813 901.759 2672.53
      vertex -813 903.093 2677.96
    endloop
  endfacet
  facet normal 1 0 0
    outer loop
      vertex -813 901.759 2672.53
      vertex -813 894 2672.71
      vertex -813 898.079 2670.65
    endloop
  endfacet
  facet normal 1 0 0
    outer loop
      vertex -813 894 2672.71
      vertex -813 894 2670.01
      vertex -813 898.079 2670.65
    endloop
  endfacet
  facet normal 1 0 0
    outer loop
      vertex -813 894 2672.71
      vertex -813 889.921 2670.65
      vertex -813 894 2670.01
    endloop
  endfacet
  facet normal 1 0 0
    outer loop
      vertex -813 894 2672.71
      vertex -813 886.241 2672.53
      vertex -813 889.921 2670.65
    endloop
  endfacet
  facet normal 1 0 0
    outer loop
      vertex -813 884.907 2677.96
      vertex -813 886.241 2672.53
      vertex -813 894 2672.71
    endloop
  endfacet
  facet normal 1 0 0
    outer loop
      vertex -813 884.907 2677.96
      vertex -813 883.321 2675.45
      vertex -813 886.241 2672.53
    endloop
  endfacet
  facet normal 1 0 0
    outer loop
      vertex -813 880.8 2683.21
      vertex -813 884.907 2688.46
      vertex -813 881.446 2687.28
    endloop
  endfacet
  facet normal 1 0 0
    outer loop
      vertex -813 884.907 2688.46
      vertex -813 880.8 2683.21
      vertex -813 884.907 2677.96
    endloop
  endfacet
  facet normal 1 0 0
    outer loop
      vertex -813 884.907 2677.96
      vertex -813 881.446 2679.13
      vertex -813 883.321 2675.45
    endloop
  endfacet
  facet normal 1 0 0
    outer loop
      vertex -813 884.907 2677.96
      vertex -813 880.8 2683.21
      vertex -813 881.446 2679.13
    endloop
  endfacet
  facet normal -0 0.157367 0.98754
    outer loop
      vertex -816 898.079 2695.76
      vertex -813 894 2696.41
      vertex -813 898.079 2695.76
    endloop
  endfacet
  facet normal 0 0.157367 0.98754
    outer loop
      vertex -813 894 2696.41
      vertex -816 898.079 2695.76
      vertex -816 894 2696.41
    endloop
  endfacet
  facet normal 0 0.707107 0.707107
    outer loop
      vertex -813 904.679 2690.96
      vertex -816 901.759 2693.88
      vertex -813 901.759 2693.88
    endloop
  endfacet
  facet normal 0 0.707107 0.707107
    outer loop
      vertex -816 901.759 2693.88
      vertex -813 904.679 2690.96
      vertex -816 904.679 2690.96
    endloop
  endfacet
  facet normal 0 -0.157367 0.98754
    outer loop
      vertex -816 894 2696.41
      vertex -813 889.921 2695.76
      vertex -813 894 2696.41
    endloop
  endfacet
  facet normal 0 -0.157367 0.98754
    outer loop
      vertex -813 889.921 2695.76
      vertex -816 894 2696.41
      vertex -816 889.921 2695.76
    endloop
  endfacet
  facet normal 0 0.891012 -0.45398
    outer loop
      vertex -813 904.679 2675.45
      vertex -816 906.554 2679.13
      vertex -813 906.554 2679.13
    endloop
  endfacet
  facet normal 0 0.891012 -0.45398
    outer loop
      vertex -816 906.554 2679.13
      vertex -813 904.679 2675.45
      vertex -816 904.679 2675.45
    endloop
  endfacet
  facet normal 0 0.987637 0.15676
    outer loop
      vertex -813 907.2 2683.21
      vertex -816 906.554 2687.28
      vertex -813 906.554 2687.28
    endloop
  endfacet
  facet normal 0 0.987637 0.15676
    outer loop
      vertex -816 906.554 2687.28
      vertex -813 907.2 2683.21
      vertex -816 907.2 2683.21
    endloop
  endfacet
  facet normal 0 0.987696 -0.156385
    outer loop
      vertex -813 906.554 2679.13
      vertex -816 907.2 2683.21
      vertex -813 907.2 2683.21
    endloop
  endfacet
  facet normal 0 0.987696 -0.156385
    outer loop
      vertex -816 907.2 2683.21
      vertex -813 906.554 2679.13
      vertex -816 906.554 2679.13
    endloop
  endfacet
  facet normal 0 -0.707107 0.707107
    outer loop
      vertex -816 883.321 2690.96
      vertex -813 886.241 2693.88
      vertex -816 886.241 2693.88
    endloop
  endfacet
  facet normal 0 -0.707107 0.707107
    outer loop
      vertex -813 886.241 2693.88
      vertex -816 883.321 2690.96
      vertex -813 883.321 2690.96
    endloop
  endfacet
  facet normal 0 -0.891012 -0.45398
    outer loop
      vertex -816 883.321 2675.45
      vertex -813 881.446 2679.13
      vertex -816 881.446 2679.13
    endloop
  endfacet
  facet normal 0 -0.891012 -0.45398
    outer loop
      vertex -813 881.446 2679.13
      vertex -816 883.321 2675.45
      vertex -813 883.321 2675.45
    endloop
  endfacet
  facet normal 0 0.891012 0.45398
    outer loop
      vertex -813 906.554 2687.28
      vertex -816 904.679 2690.96
      vertex -813 904.679 2690.96
    endloop
  endfacet
  facet normal 0 0.891012 0.45398
    outer loop
      vertex -816 904.679 2690.96
      vertex -813 906.554 2687.28
      vertex -816 906.554 2687.28
    endloop
  endfacet
  facet normal 0 -0.454941 0.890522
    outer loop
      vertex -816 889.921 2695.76
      vertex -813 886.241 2693.88
      vertex -813 889.921 2695.76
    endloop
  endfacet
  facet normal 0 -0.454941 0.890522
    outer loop
      vertex -813 886.241 2693.88
      vertex -816 889.921 2695.76
      vertex -816 886.241 2693.88
    endloop
  endfacet
  facet normal -0 0.454941 0.890522
    outer loop
      vertex -816 901.759 2693.88
      vertex -813 898.079 2695.76
      vertex -813 901.759 2693.88
    endloop
  endfacet
  facet normal 0 0.454941 0.890522
    outer loop
      vertex -813 898.079 2695.76
      vertex -816 901.759 2693.88
      vertex -816 898.079 2695.76
    endloop
  endfacet
  facet normal 0 -0.155005 -0.987914
    outer loop
      vertex -816 889.921 2670.65
      vertex -813 894 2670.01
      vertex -813 889.921 2670.65
    endloop
  endfacet
  facet normal -0 -0.155005 -0.987914
    outer loop
      vertex -813 894 2670.01
      vertex -816 889.921 2670.65
      vertex -816 894 2670.01
    endloop
  endfacet
  facet normal 0 -1 0
    outer loop
      vertex -813 884.907 2677.96
      vertex -803 884.907 2688.46
      vertex -813 884.907 2688.46
    endloop
  endfacet
  facet normal 0 -1 -0
    outer loop
      vertex -803 884.907 2688.46
      vertex -813 884.907 2677.96
      vertex -803 884.907 2677.96
    endloop
  endfacet
  facet normal 0 -0.500011 -0.866019
    outer loop
      vertex -813 884.907 2677.96
      vertex -803 894 2672.71
      vertex -803 884.907 2677.96
    endloop
  endfacet
  facet normal -0 -0.500011 -0.866019
    outer loop
      vertex -803 894 2672.71
      vertex -813 884.907 2677.96
      vertex -813 894 2672.71
    endloop
  endfacet
  facet normal 0 1 -0
    outer loop
      vertex -803 903.093 2677.96
      vertex -813 903.093 2688.46
      vertex -803 903.093 2688.46
    endloop
  endfacet
  facet normal 0 1 0
    outer loop
      vertex -813 903.093 2688.46
      vertex -803 903.093 2677.96
      vertex -813 903.093 2677.96
    endloop
  endfacet
  facet normal 0 0.500011 -0.866019
    outer loop
      vertex -813 894 2672.71
      vertex -803 903.093 2677.96
      vertex -803 894 2672.71
    endloop
  endfacet
  facet normal 0 0.500011 -0.866019
    outer loop
      vertex -803 903.093 2677.96
      vertex -813 894 2672.71
      vertex -813 903.093 2677.96
    endloop
  endfacet
  facet normal -0 0.500011 0.866019
    outer loop
      vertex -813 903.093 2688.46
      vertex -803 894 2693.71
      vertex -803 903.093 2688.46
    endloop
  endfacet
  facet normal 0 0.500011 0.866019
    outer loop
      vertex -803 894 2693.71
      vertex -813 903.093 2688.46
      vertex -813 894 2693.71
    endloop
  endfacet
  facet normal 0 -0.500011 0.866019
    outer loop
      vertex -813 894 2693.71
      vertex -803 884.907 2688.46
      vertex -803 894 2693.71
    endloop
  endfacet
  facet normal 0 -0.500011 0.866019
    outer loop
      vertex -803 884.907 2688.46
      vertex -813 894 2693.71
      vertex -813 884.907 2688.46
    endloop
  endfacet
  facet normal 1 0 0
    outer loop
      vertex -803 894 2693.71
      vertex -803 903.093 2677.96
      vertex -803 903.093 2688.46
    endloop
  endfacet
  facet normal 1 0 0
    outer loop
      vertex -803 894 2693.71
      vertex -803 894 2672.71
      vertex -803 903.093 2677.96
    endloop
  endfacet
  facet normal 1 -0 0
    outer loop
      vertex -803 884.907 2688.46
      vertex -803 894 2672.71
      vertex -803 894 2693.71
    endloop
  endfacet
  facet normal 1 0 0
    outer loop
      vertex -803 894 2672.71
      vertex -803 884.907 2688.46
      vertex -803 884.907 2677.96
    endloop
  endfacet
  facet normal -0 0.454941 0.890522
    outer loop
      vertex -979 965.759 2638.88
      vertex -976 962.079 2640.76
      vertex -976 965.759 2638.88
    endloop
  endfacet
  facet normal 0 0.454941 0.890522
    outer loop
      vertex -976 962.079 2640.76
      vertex -979 965.759 2638.88
      vertex -979 962.079 2640.76
    endloop
  endfacet
  facet normal -0 0.157367 0.98754
    outer loop
      vertex -979 962.079 2640.76
      vertex -976 958 2641.41
      vertex -976 962.079 2640.76
    endloop
  endfacet
  facet normal 0 0.157367 0.98754
    outer loop
      vertex -976 958 2641.41
      vertex -979 962.079 2640.76
      vertex -979 958 2641.41
    endloop
  endfacet
  facet normal 0 0.707107 0.707107
    outer loop
      vertex -976 968.679 2635.96
      vertex -979 965.759 2638.88
      vertex -976 965.759 2638.88
    endloop
  endfacet
  facet normal 0 0.707107 0.707107
    outer loop
      vertex -979 965.759 2638.88
      vertex -976 968.679 2635.96
      vertex -979 968.679 2635.96
    endloop
  endfacet
  facet normal 0 -0.987637 0.15676
    outer loop
      vertex -979 944.8 2628.21
      vertex -976 945.446 2632.28
      vertex -979 945.446 2632.28
    endloop
  endfacet
  facet normal 0 -0.987637 0.15676
    outer loop
      vertex -976 945.446 2632.28
      vertex -979 944.8 2628.21
      vertex -976 944.8 2628.21
    endloop
  endfacet
  facet normal 0 0.891012 -0.45398
    outer loop
      vertex -976 968.679 2620.45
      vertex -979 970.554 2624.13
      vertex -976 970.554 2624.13
    endloop
  endfacet
  facet normal 0 0.891012 -0.45398
    outer loop
      vertex -979 970.554 2624.13
      vertex -976 968.679 2620.45
      vertex -979 968.679 2620.45
    endloop
  endfacet
  facet normal 0 -0.891012 0.45398
    outer loop
      vertex -979 945.446 2632.28
      vertex -976 947.321 2635.96
      vertex -979 947.321 2635.96
    endloop
  endfacet
  facet normal 0 -0.891012 0.45398
    outer loop
      vertex -976 947.321 2635.96
      vertex -979 945.446 2632.28
      vertex -976 945.446 2632.28
    endloop
  endfacet
  facet normal 0 -0.707107 0.707107
    outer loop
      vertex -979 947.321 2635.96
      vertex -976 950.241 2638.88
      vertex -979 950.241 2638.88
    endloop
  endfacet
  facet normal 0 -0.707107 0.707107
    outer loop
      vertex -976 950.241 2638.88
      vertex -979 947.321 2635.96
      vertex -976 947.321 2635.96
    endloop
  endfacet
  facet normal 0 -0.987696 -0.156385
    outer loop
      vertex -979 945.446 2624.13
      vertex -976 944.8 2628.21
      vertex -979 944.8 2628.21
    endloop
  endfacet
  facet normal 0 -0.987696 -0.156385
    outer loop
      vertex -976 944.8 2628.21
      vertex -979 945.446 2624.13
      vertex -976 945.446 2624.13
    endloop
  endfacet
  facet normal 0 0.454941 -0.890522
    outer loop
      vertex -979 962.079 2615.65
      vertex -976 965.759 2617.53
      vertex -976 962.079 2615.65
    endloop
  endfacet
  facet normal 0 0.454941 -0.890522
    outer loop
      vertex -976 965.759 2617.53
      vertex -979 962.079 2615.65
      vertex -979 965.759 2617.53
    endloop
  endfacet
  facet normal 0 -0.157367 0.98754
    outer loop
      vertex -979 958 2641.41
      vertex -976 953.921 2640.76
      vertex -976 958 2641.41
    endloop
  endfacet
  facet normal 0 -0.157367 0.98754
    outer loop
      vertex -976 953.921 2640.76
      vertex -979 958 2641.41
      vertex -979 953.921 2640.76
    endloop
  endfacet
  facet normal 0 0.155005 -0.987914
    outer loop
      vertex -979 958 2615.01
      vertex -976 962.079 2615.65
      vertex -976 958 2615.01
    endloop
  endfacet
  facet normal 0 0.155005 -0.987914
    outer loop
      vertex -976 962.079 2615.65
      vertex -979 958 2615.01
      vertex -979 962.079 2615.65
    endloop
  endfacet
  facet normal 0 -0.454941 0.890522
    outer loop
      vertex -979 953.921 2640.76
      vertex -976 950.241 2638.88
      vertex -976 953.921 2640.76
    endloop
  endfacet
  facet normal 0 -0.454941 0.890522
    outer loop
      vertex -976 950.241 2638.88
      vertex -979 953.921 2640.76
      vertex -979 950.241 2638.88
    endloop
  endfacet
  facet normal 0 0.987637 0.15676
    outer loop
      vertex -976 971.2 2628.21
      vertex -979 970.554 2632.28
      vertex -976 970.554 2632.28
    endloop
  endfacet
  facet normal 0 0.987637 0.15676
    outer loop
      vertex -979 970.554 2632.28
      vertex -976 971.2 2628.21
      vertex -979 971.2 2628.21
    endloop
  endfacet
  facet normal 0 0.891012 0.45398
    outer loop
      vertex -976 970.554 2632.28
      vertex -979 968.679 2635.96
      vertex -976 968.679 2635.96
    endloop
  endfacet
  facet normal 0 0.891012 0.45398
    outer loop
      vertex -979 968.679 2635.96
      vertex -976 970.554 2632.28
      vertex -979 970.554 2632.28
    endloop
  endfacet
  facet normal 0 -0.454941 -0.890522
    outer loop
      vertex -979 950.241 2617.53
      vertex -976 953.921 2615.65
      vertex -976 950.241 2617.53
    endloop
  endfacet
  facet normal -0 -0.454941 -0.890522
    outer loop
      vertex -976 953.921 2615.65
      vertex -979 950.241 2617.53
      vertex -979 953.921 2615.65
    endloop
  endfacet
  facet normal 0 0.987696 -0.156385
    outer loop
      vertex -976 970.554 2624.13
      vertex -979 971.2 2628.21
      vertex -976 971.2 2628.21
    endloop
  endfacet
  facet normal 0 0.987696 -0.156385
    outer loop
      vertex -979 971.2 2628.21
      vertex -976 970.554 2624.13
      vertex -979 970.554 2624.13
    endloop
  endfacet
  facet normal 0 -0.707107 -0.707107
    outer loop
      vertex -979 947.321 2620.45
      vertex -976 950.241 2617.53
      vertex -976 947.321 2620.45
    endloop
  endfacet
  facet normal -0 -0.707107 -0.707107
    outer loop
      vertex -976 950.241 2617.53
      vertex -979 947.321 2620.45
      vertex -979 950.241 2617.53
    endloop
  endfacet
  facet normal -1 0 0
    outer loop
      vertex -979 967.093 2622.96
      vertex -979 971.2 2628.21
      vertex -979 970.554 2624.13
    endloop
  endfacet
  facet normal -1 0 0
    outer loop
      vertex -979 967.093 2622.96
      vertex -979 970.554 2624.13
      vertex -979 968.679 2620.45
    endloop
  endfacet
  facet normal -1 0 0
    outer loop
      vertex -979 967.093 2633.46
      vertex -979 971.2 2628.21
      vertex -979 967.093 2622.96
    endloop
  endfacet
  facet normal -1 0 0
    outer loop
      vertex -979 971.2 2628.21
      vertex -979 967.093 2633.46
      vertex -979 970.554 2632.28
    endloop
  endfacet
  facet normal -1 0 0
    outer loop
      vertex -979 965.759 2617.53
      vertex -979 967.093 2622.96
      vertex -979 968.679 2620.45
    endloop
  endfacet
  facet normal -1 0 0
    outer loop
      vertex -979 958 2617.71
      vertex -979 965.759 2617.53
      vertex -979 962.079 2615.65
    endloop
  endfacet
  facet normal -1 0 0
    outer loop
      vertex -979 958 2617.71
      vertex -979 962.079 2615.65
      vertex -979 958 2615.01
    endloop
  endfacet
  facet normal -1 0 0
    outer loop
      vertex -979 965.759 2617.53
      vertex -979 958 2617.71
      vertex -979 967.093 2622.96
    endloop
  endfacet
  facet normal -1 0 0
    outer loop
      vertex -979 953.921 2615.65
      vertex -979 958 2617.71
      vertex -979 958 2615.01
    endloop
  endfacet
  facet normal -1 0 0
    outer loop
      vertex -979 950.241 2617.53
      vertex -979 958 2617.71
      vertex -979 953.921 2615.65
    endloop
  endfacet
  facet normal -1 0 0
    outer loop
      vertex -979 950.241 2617.53
      vertex -979 948.907 2622.96
      vertex -979 958 2617.71
    endloop
  endfacet
  facet normal -1 0 0
    outer loop
      vertex -979 945.446 2624.13
      vertex -979 948.907 2622.96
      vertex -979 947.321 2620.45
    endloop
  endfacet
  facet normal -1 0 0
    outer loop
      vertex -979 947.321 2620.45
      vertex -979 948.907 2622.96
      vertex -979 950.241 2617.53
    endloop
  endfacet
  facet normal -1 0 0
    outer loop
      vertex -979 970.554 2632.28
      vertex -979 967.093 2633.46
      vertex -979 968.679 2635.96
    endloop
  endfacet
  facet normal -1 0 0
    outer loop
      vertex -979 967.093 2633.46
      vertex -979 965.759 2638.88
      vertex -979 968.679 2635.96
    endloop
  endfacet
  facet normal -1 0 0
    outer loop
      vertex -979 958 2638.71
      vertex -979 965.759 2638.88
      vertex -979 967.093 2633.46
    endloop
  endfacet
  facet normal -1 -0 0
    outer loop
      vertex -979 965.759 2638.88
      vertex -979 958 2638.71
      vertex -979 962.079 2640.76
    endloop
  endfacet
  facet normal -1 0 0
    outer loop
      vertex -979 958 2638.71
      vertex -979 958 2641.41
      vertex -979 962.079 2640.76
    endloop
  endfacet
  facet normal -1 0 0
    outer loop
      vertex -979 958 2638.71
      vertex -979 953.921 2640.76
      vertex -979 958 2641.41
    endloop
  endfacet
  facet normal -1 0 0
    outer loop
      vertex -979 958 2638.71
      vertex -979 950.241 2638.88
      vertex -979 953.921 2640.76
    endloop
  endfacet
  facet normal -1 0 0
    outer loop
      vertex -979 948.907 2633.46
      vertex -979 950.241 2638.88
      vertex -979 958 2638.71
    endloop
  endfacet
  facet normal -1 0 0
    outer loop
      vertex -979 948.907 2633.46
      vertex -979 947.321 2635.96
      vertex -979 950.241 2638.88
    endloop
  endfacet
  facet normal -1 0 0
    outer loop
      vertex -979 944.8 2628.21
      vertex -979 948.907 2622.96
      vertex -979 945.446 2624.13
    endloop
  endfacet
  facet normal -1 0 0
    outer loop
      vertex -979 948.907 2622.96
      vertex -979 944.8 2628.21
      vertex -979 948.907 2633.46
    endloop
  endfacet
  facet normal -1 -0 0
    outer loop
      vertex -979 948.907 2633.46
      vertex -979 945.446 2632.28
      vertex -979 947.321 2635.96
    endloop
  endfacet
  facet normal -1 0 0
    outer loop
      vertex -979 948.907 2633.46
      vertex -979 944.8 2628.21
      vertex -979 945.446 2632.28
    endloop
  endfacet
  facet normal 0 -0.155005 -0.987914
    outer loop
      vertex -979 953.921 2615.65
      vertex -976 958 2615.01
      vertex -976 953.921 2615.65
    endloop
  endfacet
  facet normal -0 -0.155005 -0.987914
    outer loop
      vertex -976 958 2615.01
      vertex -979 953.921 2615.65
      vertex -979 958 2615.01
    endloop
  endfacet
  facet normal 0 -0.891012 -0.45398
    outer loop
      vertex -979 947.321 2620.45
      vertex -976 945.446 2624.13
      vertex -979 945.446 2624.13
    endloop
  endfacet
  facet normal 0 -0.891012 -0.45398
    outer loop
      vertex -976 945.446 2624.13
      vertex -979 947.321 2620.45
      vertex -976 947.321 2620.45
    endloop
  endfacet
  facet normal 0 0.707107 -0.707107
    outer loop
      vertex -979 965.759 2617.53
      vertex -976 968.679 2620.45
      vertex -976 965.759 2617.53
    endloop
  endfacet
  facet normal 0 0.707107 -0.707107
    outer loop
      vertex -976 968.679 2620.45
      vertex -979 965.759 2617.53
      vertex -979 968.679 2620.45
    endloop
  endfacet
  facet normal 0 -1 0
    outer loop
      vertex -987 948.907 2622.96
      vertex -979 948.907 2633.46
      vertex -987 948.907 2633.46
    endloop
  endfacet
  facet normal 0 -1 -0
    outer loop
      vertex -979 948.907 2633.46
      vertex -987 948.907 2622.96
      vertex -979 948.907 2622.96
    endloop
  endfacet
  facet normal 0 -0.500011 0.866019
    outer loop
      vertex -987 958 2638.71
      vertex -979 948.907 2633.46
      vertex -979 958 2638.71
    endloop
  endfacet
  facet normal 0 -0.500011 0.866019
    outer loop
      vertex -979 948.907 2633.46
      vertex -987 958 2638.71
      vertex -987 948.907 2633.46
    endloop
  endfacet
  facet normal 0 1 -0
    outer loop
      vertex -979 967.093 2622.96
      vertex -987 967.093 2633.46
      vertex -979 967.093 2633.46
    endloop
  endfacet
  facet normal 0 1 0
    outer loop
      vertex -987 967.093 2633.46
      vertex -979 967.093 2622.96
      vertex -987 967.093 2622.96
    endloop
  endfacet
  facet normal -0 0.500011 0.866019
    outer loop
      vertex -987 967.093 2633.46
      vertex -979 958 2638.71
      vertex -979 967.093 2633.46
    endloop
  endfacet
  facet normal 0 0.500011 0.866019
    outer loop
      vertex -979 958 2638.71
      vertex -987 967.093 2633.46
      vertex -987 958 2638.71
    endloop
  endfacet
  facet normal 0 0.500011 -0.866019
    outer loop
      vertex -987 958 2617.71
      vertex -979 967.093 2622.96
      vertex -979 958 2617.71
    endloop
  endfacet
  facet normal 0 0.500011 -0.866019
    outer loop
      vertex -979 967.093 2622.96
      vertex -987 958 2617.71
      vertex -987 967.093 2622.96
    endloop
  endfacet
  facet normal 0 -0.500011 -0.866019
    outer loop
      vertex -987 948.907 2622.96
      vertex -979 958 2617.71
      vertex -979 948.907 2622.96
    endloop
  endfacet
  facet normal -0 -0.500011 -0.866019
    outer loop
      vertex -979 958 2617.71
      vertex -987 948.907 2622.96
      vertex -987 958 2617.71
    endloop
  endfacet
  facet normal -1 0 0
    outer loop
      vertex -987 958 2617.71
      vertex -987 967.093 2633.46
      vertex -987 967.093 2622.96
    endloop
  endfacet
  facet normal -1 0 0
    outer loop
      vertex -987 958 2617.71
      vertex -987 958 2638.71
      vertex -987 967.093 2633.46
    endloop
  endfacet
  facet normal -1 0 0
    outer loop
      vertex -987 948.907 2622.96
      vertex -987 958 2638.71
      vertex -987 958 2617.71
    endloop
  endfacet
  facet normal -1 0 0
    outer loop
      vertex -987 958 2638.71
      vertex -987 948.907 2622.96
      vertex -987 948.907 2633.46
    endloop
  endfacet
  facet normal 0 0.155005 -0.987914
    outer loop
      vertex -816 958 2615.01
      vertex -813 962.079 2615.65
      vertex -813 958 2615.01
    endloop
  endfacet
  facet normal 0 0.155005 -0.987914
    outer loop
      vertex -813 962.079 2615.65
      vertex -816 958 2615.01
      vertex -816 962.079 2615.65
    endloop
  endfacet
  facet normal 0 0.454941 -0.890522
    outer loop
      vertex -816 962.079 2615.65
      vertex -813 965.759 2617.53
      vertex -813 962.079 2615.65
    endloop
  endfacet
  facet normal 0 0.454941 -0.890522
    outer loop
      vertex -813 965.759 2617.53
      vertex -816 962.079 2615.65
      vertex -816 965.759 2617.53
    endloop
  endfacet
  facet normal 0 -0.987696 -0.156385
    outer loop
      vertex -816 945.446 2624.13
      vertex -813 944.8 2628.21
      vertex -816 944.8 2628.21
    endloop
  endfacet
  facet normal 0 -0.987696 -0.156385
    outer loop
      vertex -813 944.8 2628.21
      vertex -816 945.446 2624.13
      vertex -813 945.446 2624.13
    endloop
  endfacet
  facet normal 0 -0.454941 -0.890522
    outer loop
      vertex -816 950.241 2617.53
      vertex -813 953.921 2615.65
      vertex -813 950.241 2617.53
    endloop
  endfacet
  facet normal -0 -0.454941 -0.890522
    outer loop
      vertex -813 953.921 2615.65
      vertex -816 950.241 2617.53
      vertex -816 953.921 2615.65
    endloop
  endfacet
  facet normal 0 -0.707107 -0.707107
    outer loop
      vertex -816 947.321 2620.45
      vertex -813 950.241 2617.53
      vertex -813 947.321 2620.45
    endloop
  endfacet
  facet normal -0 -0.707107 -0.707107
    outer loop
      vertex -813 950.241 2617.53
      vertex -816 947.321 2620.45
      vertex -816 950.241 2617.53
    endloop
  endfacet
  facet normal 0 0.707107 -0.707107
    outer loop
      vertex -816 965.759 2617.53
      vertex -813 968.679 2620.45
      vertex -813 965.759 2617.53
    endloop
  endfacet
  facet normal 0 0.707107 -0.707107
    outer loop
      vertex -813 968.679 2620.45
      vertex -816 965.759 2617.53
      vertex -816 968.679 2620.45
    endloop
  endfacet
  facet normal 0 -0.987637 0.15676
    outer loop
      vertex -816 944.8 2628.21
      vertex -813 945.446 2632.28
      vertex -816 945.446 2632.28
    endloop
  endfacet
  facet normal 0 -0.987637 0.15676
    outer loop
      vertex -813 945.446 2632.28
      vertex -816 944.8 2628.21
      vertex -813 944.8 2628.21
    endloop
  endfacet
  facet normal 0 -0.891012 0.45398
    outer loop
      vertex -816 945.446 2632.28
      vertex -813 947.321 2635.96
      vertex -816 947.321 2635.96
    endloop
  endfacet
  facet normal 0 -0.891012 0.45398
    outer loop
      vertex -813 947.321 2635.96
      vertex -816 945.446 2632.28
      vertex -813 945.446 2632.28
    endloop
  endfacet
  facet normal 1 0 0
    outer loop
      vertex -813 967.093 2633.46
      vertex -813 971.2 2628.21
      vertex -813 970.554 2632.28
    endloop
  endfacet
  facet normal 1 -0 0
    outer loop
      vertex -813 967.093 2633.46
      vertex -813 970.554 2632.28
      vertex -813 968.679 2635.96
    endloop
  endfacet
  facet normal 1 0 0
    outer loop
      vertex -813 967.093 2622.96
      vertex -813 971.2 2628.21
      vertex -813 967.093 2633.46
    endloop
  endfacet
  facet normal 1 0 0
    outer loop
      vertex -813 971.2 2628.21
      vertex -813 967.093 2622.96
      vertex -813 970.554 2624.13
    endloop
  endfacet
  facet normal 1 0 0
    outer loop
      vertex -813 965.759 2638.88
      vertex -813 967.093 2633.46
      vertex -813 968.679 2635.96
    endloop
  endfacet
  facet normal 1 0 0
    outer loop
      vertex -813 958 2638.71
      vertex -813 965.759 2638.88
      vertex -813 962.079 2640.76
    endloop
  endfacet
  facet normal 1 0 0
    outer loop
      vertex -813 958 2638.71
      vertex -813 962.079 2640.76
      vertex -813 958 2641.41
    endloop
  endfacet
  facet normal 1 0 0
    outer loop
      vertex -813 965.759 2638.88
      vertex -813 958 2638.71
      vertex -813 967.093 2633.46
    endloop
  endfacet
  facet normal 1 -0 0
    outer loop
      vertex -813 953.921 2640.76
      vertex -813 958 2638.71
      vertex -813 958 2641.41
    endloop
  endfacet
  facet normal 1 -0 0
    outer loop
      vertex -813 950.241 2638.88
      vertex -813 958 2638.71
      vertex -813 953.921 2640.76
    endloop
  endfacet
  facet normal 1 0 0
    outer loop
      vertex -813 950.241 2638.88
      vertex -813 948.907 2633.46
      vertex -813 958 2638.71
    endloop
  endfacet
  facet normal 1 0 0
    outer loop
      vertex -813 945.446 2632.28
      vertex -813 948.907 2633.46
      vertex -813 947.321 2635.96
    endloop
  endfacet
  facet normal 1 -0 0
    outer loop
      vertex -813 947.321 2635.96
      vertex -813 948.907 2633.46
      vertex -813 950.241 2638.88
    endloop
  endfacet
  facet normal 1 0 0
    outer loop
      vertex -813 970.554 2624.13
      vertex -813 967.093 2622.96
      vertex -813 968.679 2620.45
    endloop
  endfacet
  facet normal 1 0 0
    outer loop
      vertex -813 967.093 2622.96
      vertex -813 965.759 2617.53
      vertex -813 968.679 2620.45
    endloop
  endfacet
  facet normal 1 -0 0
    outer loop
      vertex -813 958 2617.71
      vertex -813 965.759 2617.53
      vertex -813 967.093 2622.96
    endloop
  endfacet
  facet normal 1 0 0
    outer loop
      vertex -813 965.759 2617.53
      vertex -813 958 2617.71
      vertex -813 962.079 2615.65
    endloop
  endfacet
  facet normal 1 0 0
    outer loop
      vertex -813 958 2617.71
      vertex -813 958 2615.01
      vertex -813 962.079 2615.65
    endloop
  endfacet
  facet normal 1 0 0
    outer loop
      vertex -813 958 2617.71
      vertex -813 953.921 2615.65
      vertex -813 958 2615.01
    endloop
  endfacet
  facet normal 1 0 0
    outer loop
      vertex -813 958 2617.71
      vertex -813 950.241 2617.53
      vertex -813 953.921 2615.65
    endloop
  endfacet
  facet normal 1 0 0
    outer loop
      vertex -813 948.907 2622.96
      vertex -813 950.241 2617.53
      vertex -813 958 2617.71
    endloop
  endfacet
  facet normal 1 0 0
    outer loop
      vertex -813 948.907 2622.96
      vertex -813 947.321 2620.45
      vertex -813 950.241 2617.53
    endloop
  endfacet
  facet normal 1 0 0
    outer loop
      vertex -813 944.8 2628.21
      vertex -813 948.907 2633.46
      vertex -813 945.446 2632.28
    endloop
  endfacet
  facet normal 1 0 0
    outer loop
      vertex -813 948.907 2633.46
      vertex -813 944.8 2628.21
      vertex -813 948.907 2622.96
    endloop
  endfacet
  facet normal 1 0 0
    outer loop
      vertex -813 948.907 2622.96
      vertex -813 945.446 2624.13
      vertex -813 947.321 2620.45
    endloop
  endfacet
  facet normal 1 0 0
    outer loop
      vertex -813 948.907 2622.96
      vertex -813 944.8 2628.21
      vertex -813 945.446 2624.13
    endloop
  endfacet
  facet normal -0 0.157367 0.98754
    outer loop
      vertex -816 962.079 2640.76
      vertex -813 958 2641.41
      vertex -813 962.079 2640.76
    endloop
  endfacet
  facet normal 0 0.157367 0.98754
    outer loop
      vertex -813 958 2641.41
      vertex -816 962.079 2640.76
      vertex -816 958 2641.41
    endloop
  endfacet
  facet normal 0 0.707107 0.707107
    outer loop
      vertex -813 968.679 2635.96
      vertex -816 965.759 2638.88
      vertex -813 965.759 2638.88
    endloop
  endfacet
  facet normal 0 0.707107 0.707107
    outer loop
      vertex -816 965.759 2638.88
      vertex -813 968.679 2635.96
      vertex -816 968.679 2635.96
    endloop
  endfacet
  facet normal 0 -0.157367 0.98754
    outer loop
      vertex -816 958 2641.41
      vertex -813 953.921 2640.76
      vertex -813 958 2641.41
    endloop
  endfacet
  facet normal 0 -0.157367 0.98754
    outer loop
      vertex -813 953.921 2640.76
      vertex -816 958 2641.41
      vertex -816 953.921 2640.76
    endloop
  endfacet
  facet normal 0 0.891012 -0.45398
    outer loop
      vertex -813 968.679 2620.45
      vertex -816 970.554 2624.13
      vertex -813 970.554 2624.13
    endloop
  endfacet
  facet normal 0 0.891012 -0.45398
    outer loop
      vertex -816 970.554 2624.13
      vertex -813 968.679 2620.45
      vertex -816 968.679 2620.45
    endloop
  endfacet
  facet normal 0 0.987637 0.15676
    outer loop
      vertex -813 971.2 2628.21
      vertex -816 970.554 2632.28
      vertex -813 970.554 2632.28
    endloop
  endfacet
  facet normal 0 0.987637 0.15676
    outer loop
      vertex -816 970.554 2632.28
      vertex -813 971.2 2628.21
      vertex -816 971.2 2628.21
    endloop
  endfacet
  facet normal 0 0.987696 -0.156385
    outer loop
      vertex -813 970.554 2624.13
      vertex -816 971.2 2628.21
      vertex -813 971.2 2628.21
    endloop
  endfacet
  facet normal 0 0.987696 -0.156385
    outer loop
      vertex -816 971.2 2628.21
      vertex -813 970.554 2624.13
      vertex -816 970.554 2624.13
    endloop
  endfacet
  facet normal 0 -0.707107 0.707107
    outer loop
      vertex -816 947.321 2635.96
      vertex -813 950.241 2638.88
      vertex -816 950.241 2638.88
    endloop
  endfacet
  facet normal 0 -0.707107 0.707107
    outer loop
      vertex -813 950.241 2638.88
      vertex -816 947.321 2635.96
      vertex -813 947.321 2635.96
    endloop
  endfacet
  facet normal 0 -0.891012 -0.45398
    outer loop
      vertex -816 947.321 2620.45
      vertex -813 945.446 2624.13
      vertex -816 945.446 2624.13
    endloop
  endfacet
  facet normal 0 -0.891012 -0.45398
    outer loop
      vertex -813 945.446 2624.13
      vertex -816 947.321 2620.45
      vertex -813 947.321 2620.45
    endloop
  endfacet
  facet normal 0 0.891012 0.45398
    outer loop
      vertex -813 970.554 2632.28
      vertex -816 968.679 2635.96
      vertex -813 968.679 2635.96
    endloop
  endfacet
  facet normal 0 0.891012 0.45398
    outer loop
      vertex -816 968.679 2635.96
      vertex -813 970.554 2632.28
      vertex -816 970.554 2632.28
    endloop
  endfacet
  facet normal 0 -0.454941 0.890522
    outer loop
      vertex -816 953.921 2640.76
      vertex -813 950.241 2638.88
      vertex -813 953.921 2640.76
    endloop
  endfacet
  facet normal 0 -0.454941 0.890522
    outer loop
      vertex -813 950.241 2638.88
      vertex -816 953.921 2640.76
      vertex -816 950.241 2638.88
    endloop
  endfacet
  facet normal -0 0.454941 0.890522
    outer loop
      vertex -816 965.759 2638.88
      vertex -813 962.079 2640.76
      vertex -813 965.759 2638.88
    endloop
  endfacet
  facet normal 0 0.454941 0.890522
    outer loop
      vertex -813 962.079 2640.76
      vertex -816 965.759 2638.88
      vertex -816 962.079 2640.76
    endloop
  endfacet
  facet normal 0 -0.155005 -0.987914
    outer loop
      vertex -816 953.921 2615.65
      vertex -813 958 2615.01
      vertex -813 953.921 2615.65
    endloop
  endfacet
  facet normal -0 -0.155005 -0.987914
    outer loop
      vertex -813 958 2615.01
      vertex -816 953.921 2615.65
      vertex -816 958 2615.01
    endloop
  endfacet
  facet normal 0 -1 0
    outer loop
      vertex -813 948.907 2622.96
      vertex -803 948.907 2633.46
      vertex -813 948.907 2633.46
    endloop
  endfacet
  facet normal 0 -1 -0
    outer loop
      vertex -803 948.907 2633.46
      vertex -813 948.907 2622.96
      vertex -803 948.907 2622.96
    endloop
  endfacet
  facet normal 0 -0.500011 -0.866019
    outer loop
      vertex -813 948.907 2622.96
      vertex -803 958 2617.71
      vertex -803 948.907 2622.96
    endloop
  endfacet
  facet normal -0 -0.500011 -0.866019
    outer loop
      vertex -803 958 2617.71
      vertex -813 948.907 2622.96
      vertex -813 958 2617.71
    endloop
  endfacet
  facet normal 0 1 -0
    outer loop
      vertex -803 967.093 2622.96
      vertex -813 967.093 2633.46
      vertex -803 967.093 2633.46
    endloop
  endfacet
  facet normal 0 1 0
    outer loop
      vertex -813 967.093 2633.46
      vertex -803 967.093 2622.96
      vertex -813 967.093 2622.96
    endloop
  endfacet
  facet normal 0 0.500011 -0.866019
    outer loop
      vertex -813 958 2617.71
      vertex -803 967.093 2622.96
      vertex -803 958 2617.71
    endloop
  endfacet
  facet normal 0 0.500011 -0.866019
    outer loop
      vertex -803 967.093 2622.96
      vertex -813 958 2617.71
      vertex -813 967.093 2622.96
    endloop
  endfacet
  facet normal -0 0.500011 0.866019
    outer loop
      vertex -813 967.093 2633.46
      vertex -803 958 2638.71
      vertex -803 967.093 2633.46
    endloop
  endfacet
  facet normal 0 0.500011 0.866019
    outer loop
      vertex -803 958 2638.71
      vertex -813 967.093 2633.46
      vertex -813 958 2638.71
    endloop
  endfacet
  facet normal 0 -0.500011 0.866019
    outer loop
      vertex -813 958 2638.71
      vertex -803 948.907 2633.46
      vertex -803 958 2638.71
    endloop
  endfacet
  facet normal 0 -0.500011 0.866019
    outer loop
      vertex -803 948.907 2633.46
      vertex -813 958 2638.71
      vertex -813 948.907 2633.46
    endloop
  endfacet
  facet normal 1 0 0
    outer loop
      vertex -803 958 2638.71
      vertex -803 967.093 2622.96
      vertex -803 967.093 2633.46
    endloop
  endfacet
  facet normal 1 0 0
    outer loop
      vertex -803 958 2638.71
      vertex -803 958 2617.71
      vertex -803 967.093 2622.96
    endloop
  endfacet
  facet normal 1 -0 0
    outer loop
      vertex -803 948.907 2633.46
      vertex -803 958 2617.71
      vertex -803 958 2638.71
    endloop
  endfacet
  facet normal 1 0 0
    outer loop
      vertex -803 958 2617.71
      vertex -803 948.907 2633.46
      vertex -803 948.907 2622.96
    endloop
  endfacet
  facet normal 0 0.454941 -0.890522
    outer loop
      vertex 976 -953.921 2930.93
      vertex 979 -950.241 2932.81
      vertex 979 -953.921 2930.93
    endloop
  endfacet
  facet normal 0 0.454941 -0.890522
    outer loop
      vertex 979 -950.241 2932.81
      vertex 976 -953.921 2930.93
      vertex 976 -950.241 2932.81
    endloop
  endfacet
  facet normal 0 0.155005 -0.987914
    outer loop
      vertex 976 -958 2930.29
      vertex 979 -953.921 2930.93
      vertex 979 -958 2930.29
    endloop
  endfacet
  facet normal 0 0.155005 -0.987914
    outer loop
      vertex 979 -953.921 2930.93
      vertex 976 -958 2930.29
      vertex 976 -953.921 2930.93
    endloop
  endfacet
  facet normal 0 0.707107 -0.707107
    outer loop
      vertex 976 -950.241 2932.81
      vertex 979 -947.321 2935.73
      vertex 979 -950.241 2932.81
    endloop
  endfacet
  facet normal 0 0.707107 -0.707107
    outer loop
      vertex 979 -947.321 2935.73
      vertex 976 -950.241 2932.81
      vertex 976 -947.321 2935.73
    endloop
  endfacet
  facet normal 0 -0.987696 -0.156385
    outer loop
      vertex 976 -970.554 2939.41
      vertex 979 -971.2 2943.49
      vertex 976 -971.2 2943.49
    endloop
  endfacet
  facet normal 0 -0.987696 -0.156385
    outer loop
      vertex 979 -971.2 2943.49
      vertex 976 -970.554 2939.41
      vertex 979 -970.554 2939.41
    endloop
  endfacet
  facet normal 0 0.891012 0.45398
    outer loop
      vertex 979 -945.446 2947.57
      vertex 976 -947.321 2951.25
      vertex 979 -947.321 2951.25
    endloop
  endfacet
  facet normal 0 0.891012 0.45398
    outer loop
      vertex 976 -947.321 2951.25
      vertex 979 -945.446 2947.57
      vertex 976 -945.446 2947.57
    endloop
  endfacet
  facet normal 0 -0.891012 -0.45398
    outer loop
      vertex 976 -968.679 2935.73
      vertex 979 -970.554 2939.41
      vertex 976 -970.554 2939.41
    endloop
  endfacet
  facet normal 0 -0.891012 -0.45398
    outer loop
      vertex 979 -970.554 2939.41
      vertex 976 -968.679 2935.73
      vertex 979 -968.679 2935.73
    endloop
  endfacet
  facet normal 0 -0.707107 -0.707107
    outer loop
      vertex 976 -968.679 2935.73
      vertex 979 -965.759 2932.81
      vertex 979 -968.679 2935.73
    endloop
  endfacet
  facet normal -0 -0.707107 -0.707107
    outer loop
      vertex 979 -965.759 2932.81
      vertex 976 -968.679 2935.73
      vertex 976 -965.759 2932.81
    endloop
  endfacet
  facet normal 0 -0.987696 0.156385
    outer loop
      vertex 976 -971.2 2943.49
      vertex 979 -970.554 2947.57
      vertex 976 -970.554 2947.57
    endloop
  endfacet
  facet normal 0 -0.987696 0.156385
    outer loop
      vertex 979 -970.554 2947.57
      vertex 976 -971.2 2943.49
      vertex 979 -971.2 2943.49
    endloop
  endfacet
  facet normal -0 0.453018 0.891501
    outer loop
      vertex 976 -950.241 2954.17
      vertex 979 -953.921 2956.04
      vertex 979 -950.241 2954.17
    endloop
  endfacet
  facet normal 0 0.453018 0.891501
    outer loop
      vertex 979 -953.921 2956.04
      vertex 976 -950.241 2954.17
      vertex 976 -953.921 2956.04
    endloop
  endfacet
  facet normal 0 -0.155005 -0.987914
    outer loop
      vertex 976 -962.079 2930.93
      vertex 979 -958 2930.29
      vertex 979 -962.079 2930.93
    endloop
  endfacet
  facet normal -0 -0.155005 -0.987914
    outer loop
      vertex 979 -958 2930.29
      vertex 976 -962.079 2930.93
      vertex 976 -958 2930.29
    endloop
  endfacet
  facet normal -0 0.157367 0.98754
    outer loop
      vertex 976 -953.921 2956.04
      vertex 979 -958 2956.69
      vertex 979 -953.921 2956.04
    endloop
  endfacet
  facet normal 0 0.157367 0.98754
    outer loop
      vertex 979 -958 2956.69
      vertex 976 -953.921 2956.04
      vertex 976 -958 2956.69
    endloop
  endfacet
  facet normal 0 -0.454941 -0.890522
    outer loop
      vertex 976 -965.759 2932.81
      vertex 979 -962.079 2930.93
      vertex 979 -965.759 2932.81
    endloop
  endfacet
  facet normal -0 -0.454941 -0.890522
    outer loop
      vertex 979 -962.079 2930.93
      vertex 976 -965.759 2932.81
      vertex 976 -962.079 2930.93
    endloop
  endfacet
  facet normal 0 0.987696 -0.156385
    outer loop
      vertex 979 -945.446 2939.41
      vertex 976 -944.8 2943.49
      vertex 979 -944.8 2943.49
    endloop
  endfacet
  facet normal 0 0.987696 -0.156385
    outer loop
      vertex 976 -944.8 2943.49
      vertex 979 -945.446 2939.41
      vertex 976 -945.446 2939.41
    endloop
  endfacet
  facet normal 0 0.891012 -0.45398
    outer loop
      vertex 979 -947.321 2935.73
      vertex 976 -945.446 2939.41
      vertex 979 -945.446 2939.41
    endloop
  endfacet
  facet normal 0 0.891012 -0.45398
    outer loop
      vertex 976 -945.446 2939.41
      vertex 979 -947.321 2935.73
      vertex 976 -947.321 2935.73
    endloop
  endfacet
  facet normal 0 -0.453018 0.891501
    outer loop
      vertex 976 -962.079 2956.04
      vertex 979 -965.759 2954.17
      vertex 979 -962.079 2956.04
    endloop
  endfacet
  facet normal 0 -0.453018 0.891501
    outer loop
      vertex 979 -965.759 2954.17
      vertex 976 -962.079 2956.04
      vertex 976 -965.759 2954.17
    endloop
  endfacet
  facet normal 0 0.987696 0.156385
    outer loop
      vertex 979 -944.8 2943.49
      vertex 976 -945.446 2947.57
      vertex 979 -945.446 2947.57
    endloop
  endfacet
  facet normal 0 0.987696 0.156385
    outer loop
      vertex 976 -945.446 2947.57
      vertex 979 -944.8 2943.49
      vertex 976 -944.8 2943.49
    endloop
  endfacet
  facet normal 0 -0.707107 0.707107
    outer loop
      vertex 976 -965.759 2954.17
      vertex 979 -968.679 2951.25
      vertex 979 -965.759 2954.17
    endloop
  endfacet
  facet normal 0 -0.707107 0.707107
    outer loop
      vertex 979 -968.679 2951.25
      vertex 976 -965.759 2954.17
      vertex 976 -968.679 2951.25
    endloop
  endfacet
  facet normal 1 0 0
    outer loop
      vertex 979 -948.907 2948.74
      vertex 979 -944.8 2943.49
      vertex 979 -945.446 2947.57
    endloop
  endfacet
  facet normal 1 -0 0
    outer loop
      vertex 979 -948.907 2948.74
      vertex 979 -945.446 2947.57
      vertex 979 -947.321 2951.25
    endloop
  endfacet
  facet normal 1 0 0
    outer loop
      vertex 979 -948.907 2938.24
      vertex 979 -944.8 2943.49
      vertex 979 -948.907 2948.74
    endloop
  endfacet
  facet normal 1 0 0
    outer loop
      vertex 979 -944.8 2943.49
      vertex 979 -948.907 2938.24
      vertex 979 -945.446 2939.41
    endloop
  endfacet
  facet normal 1 0 0
    outer loop
      vertex 979 -950.241 2954.17
      vertex 979 -948.907 2948.74
      vertex 979 -947.321 2951.25
    endloop
  endfacet
  facet normal 1 0 0
    outer loop
      vertex 979 -958 2953.99
      vertex 979 -950.241 2954.17
      vertex 979 -953.921 2956.04
    endloop
  endfacet
  facet normal 1 0 0
    outer loop
      vertex 979 -958 2953.99
      vertex 979 -953.921 2956.04
      vertex 979 -958 2956.69
    endloop
  endfacet
  facet normal 1 0 0
    outer loop
      vertex 979 -950.241 2954.17
      vertex 979 -958 2953.99
      vertex 979 -948.907 2948.74
    endloop
  endfacet
  facet normal 1 -0 0
    outer loop
      vertex 979 -962.079 2956.04
      vertex 979 -958 2953.99
      vertex 979 -958 2956.69
    endloop
  endfacet
  facet normal 1 -0 0
    outer loop
      vertex 979 -965.759 2954.17
      vertex 979 -958 2953.99
      vertex 979 -962.079 2956.04
    endloop
  endfacet
  facet normal 1 0 0
    outer loop
      vertex 979 -965.759 2954.17
      vertex 979 -967.093 2948.74
      vertex 979 -958 2953.99
    endloop
  endfacet
  facet normal 1 0 0
    outer loop
      vertex 979 -970.554 2947.57
      vertex 979 -967.093 2948.74
      vertex 979 -968.679 2951.25
    endloop
  endfacet
  facet normal 1 -0 0
    outer loop
      vertex 979 -968.679 2951.25
      vertex 979 -967.093 2948.74
      vertex 979 -965.759 2954.17
    endloop
  endfacet
  facet normal 1 0 0
    outer loop
      vertex 979 -945.446 2939.41
      vertex 979 -948.907 2938.24
      vertex 979 -947.321 2935.73
    endloop
  endfacet
  facet normal 1 0 0
    outer loop
      vertex 979 -948.907 2938.24
      vertex 979 -950.241 2932.81
      vertex 979 -947.321 2935.73
    endloop
  endfacet
  facet normal 1 -0 0
    outer loop
      vertex 979 -958 2932.99
      vertex 979 -950.241 2932.81
      vertex 979 -948.907 2938.24
    endloop
  endfacet
  facet normal 1 0 0
    outer loop
      vertex 979 -950.241 2932.81
      vertex 979 -958 2932.99
      vertex 979 -953.921 2930.93
    endloop
  endfacet
  facet normal 1 0 0
    outer loop
      vertex 979 -958 2932.99
      vertex 979 -958 2930.29
      vertex 979 -953.921 2930.93
    endloop
  endfacet
  facet normal 1 0 0
    outer loop
      vertex 979 -958 2932.99
      vertex 979 -962.079 2930.93
      vertex 979 -958 2930.29
    endloop
  endfacet
  facet normal 1 0 0
    outer loop
      vertex 979 -958 2932.99
      vertex 979 -965.759 2932.81
      vertex 979 -962.079 2930.93
    endloop
  endfacet
  facet normal 1 0 0
    outer loop
      vertex 979 -967.093 2938.24
      vertex 979 -965.759 2932.81
      vertex 979 -958 2932.99
    endloop
  endfacet
  facet normal 1 0 0
    outer loop
      vertex 979 -967.093 2938.24
      vertex 979 -968.679 2935.73
      vertex 979 -965.759 2932.81
    endloop
  endfacet
  facet normal 1 0 0
    outer loop
      vertex 979 -971.2 2943.49
      vertex 979 -967.093 2948.74
      vertex 979 -970.554 2947.57
    endloop
  endfacet
  facet normal 1 0 0
    outer loop
      vertex 979 -967.093 2948.74
      vertex 979 -971.2 2943.49
      vertex 979 -967.093 2938.24
    endloop
  endfacet
  facet normal 1 0 0
    outer loop
      vertex 979 -967.093 2938.24
      vertex 979 -970.554 2939.41
      vertex 979 -968.679 2935.73
    endloop
  endfacet
  facet normal 1 0 0
    outer loop
      vertex 979 -967.093 2938.24
      vertex 979 -971.2 2943.49
      vertex 979 -970.554 2939.41
    endloop
  endfacet
  facet normal 0 -0.157367 0.98754
    outer loop
      vertex 976 -958 2956.69
      vertex 979 -962.079 2956.04
      vertex 979 -958 2956.69
    endloop
  endfacet
  facet normal 0 -0.157367 0.98754
    outer loop
      vertex 979 -962.079 2956.04
      vertex 976 -958 2956.69
      vertex 976 -962.079 2956.04
    endloop
  endfacet
  facet normal 0 -0.891012 0.45398
    outer loop
      vertex 976 -970.554 2947.57
      vertex 979 -968.679 2951.25
      vertex 976 -968.679 2951.25
    endloop
  endfacet
  facet normal 0 -0.891012 0.45398
    outer loop
      vertex 979 -968.679 2951.25
      vertex 976 -970.554 2947.57
      vertex 979 -970.554 2947.57
    endloop
  endfacet
  facet normal -0 0.707107 0.707107
    outer loop
      vertex 976 -947.321 2951.25
      vertex 979 -950.241 2954.17
      vertex 979 -947.321 2951.25
    endloop
  endfacet
  facet normal 0 0.707107 0.707107
    outer loop
      vertex 979 -950.241 2954.17
      vertex 976 -947.321 2951.25
      vertex 976 -950.241 2954.17
    endloop
  endfacet
  facet normal 0 -1 0
    outer loop
      vertex 979 -967.093 2938.24
      vertex 987 -967.093 2948.74
      vertex 979 -967.093 2948.74
    endloop
  endfacet
  facet normal 0 -1 -0
    outer loop
      vertex 987 -967.093 2948.74
      vertex 979 -967.093 2938.24
      vertex 987 -967.093 2938.24
    endloop
  endfacet
  facet normal 0 -0.500011 -0.866019
    outer loop
      vertex 979 -967.093 2938.24
      vertex 987 -958 2932.99
      vertex 987 -967.093 2938.24
    endloop
  endfacet
  facet normal -0 -0.500011 -0.866019
    outer loop
      vertex 987 -958 2932.99
      vertex 979 -967.093 2938.24
      vertex 979 -958 2932.99
    endloop
  endfacet
  facet normal 0 1 -0
    outer loop
      vertex 987 -948.907 2938.24
      vertex 979 -948.907 2948.74
      vertex 987 -948.907 2948.74
    endloop
  endfacet
  facet normal 0 1 0
    outer loop
      vertex 979 -948.907 2948.74
      vertex 987 -948.907 2938.24
      vertex 979 -948.907 2938.24
    endloop
  endfacet
  facet normal 0 0.500011 -0.866019
    outer loop
      vertex 979 -958 2932.99
      vertex 987 -948.907 2938.24
      vertex 987 -958 2932.99
    endloop
  endfacet
  facet normal 0 0.500011 -0.866019
    outer loop
      vertex 987 -948.907 2938.24
      vertex 979 -958 2932.99
      vertex 979 -948.907 2938.24
    endloop
  endfacet
  facet normal -0 0.500011 0.866019
    outer loop
      vertex 979 -948.907 2948.74
      vertex 987 -958 2953.99
      vertex 987 -948.907 2948.74
    endloop
  endfacet
  facet normal 0 0.500011 0.866019
    outer loop
      vertex 987 -958 2953.99
      vertex 979 -948.907 2948.74
      vertex 979 -958 2953.99
    endloop
  endfacet
  facet normal 0 -0.500011 0.866019
    outer loop
      vertex 979 -958 2953.99
      vertex 987 -967.093 2948.74
      vertex 987 -958 2953.99
    endloop
  endfacet
  facet normal 0 -0.500011 0.866019
    outer loop
      vertex 987 -967.093 2948.74
      vertex 979 -958 2953.99
      vertex 979 -967.093 2948.74
    endloop
  endfacet
  facet normal 1 0 0
    outer loop
      vertex 987 -958 2953.99
      vertex 987 -948.907 2938.24
      vertex 987 -948.907 2948.74
    endloop
  endfacet
  facet normal 1 0 0
    outer loop
      vertex 987 -958 2953.99
      vertex 987 -958 2932.99
      vertex 987 -948.907 2938.24
    endloop
  endfacet
  facet normal 1 -0 0
    outer loop
      vertex 987 -967.093 2948.74
      vertex 987 -958 2932.99
      vertex 987 -958 2953.99
    endloop
  endfacet
  facet normal 1 0 0
    outer loop
      vertex 987 -958 2932.99
      vertex 987 -967.093 2948.74
      vertex 987 -967.093 2938.24
    endloop
  endfacet
  facet normal -0 0.453018 0.891501
    outer loop
      vertex 813 -950.241 2954.17
      vertex 816 -953.921 2956.04
      vertex 816 -950.241 2954.17
    endloop
  endfacet
  facet normal 0 0.453018 0.891501
    outer loop
      vertex 816 -953.921 2956.04
      vertex 813 -950.241 2954.17
      vertex 813 -953.921 2956.04
    endloop
  endfacet
  facet normal -0 0.157367 0.98754
    outer loop
      vertex 813 -953.921 2956.04
      vertex 816 -958 2956.69
      vertex 816 -953.921 2956.04
    endloop
  endfacet
  facet normal 0 0.157367 0.98754
    outer loop
      vertex 816 -958 2956.69
      vertex 813 -953.921 2956.04
      vertex 813 -958 2956.69
    endloop
  endfacet
  facet normal -0 0.707107 0.707107
    outer loop
      vertex 813 -947.321 2951.25
      vertex 816 -950.241 2954.17
      vertex 816 -947.321 2951.25
    endloop
  endfacet
  facet normal 0 0.707107 0.707107
    outer loop
      vertex 816 -950.241 2954.17
      vertex 813 -947.321 2951.25
      vertex 813 -950.241 2954.17
    endloop
  endfacet
  facet normal 0 -0.987696 0.156385
    outer loop
      vertex 813 -971.2 2943.49
      vertex 816 -970.554 2947.57
      vertex 813 -970.554 2947.57
    endloop
  endfacet
  facet normal 0 -0.987696 0.156385
    outer loop
      vertex 816 -970.554 2947.57
      vertex 813 -971.2 2943.49
      vertex 816 -971.2 2943.49
    endloop
  endfacet
  facet normal 0 0.891012 -0.45398
    outer loop
      vertex 816 -947.321 2935.73
      vertex 813 -945.446 2939.41
      vertex 816 -945.446 2939.41
    endloop
  endfacet
  facet normal 0 0.891012 -0.45398
    outer loop
      vertex 813 -945.446 2939.41
      vertex 816 -947.321 2935.73
      vertex 813 -947.321 2935.73
    endloop
  endfacet
  facet normal 0 -0.891012 0.45398
    outer loop
      vertex 813 -970.554 2947.57
      vertex 816 -968.679 2951.25
      vertex 813 -968.679 2951.25
    endloop
  endfacet
  facet normal 0 -0.891012 0.45398
    outer loop
      vertex 816 -968.679 2951.25
      vertex 813 -970.554 2947.57
      vertex 816 -970.554 2947.57
    endloop
  endfacet
  facet normal 0 -0.707107 0.707107
    outer loop
      vertex 813 -965.759 2954.17
      vertex 816 -968.679 2951.25
      vertex 816 -965.759 2954.17
    endloop
  endfacet
  facet normal 0 -0.707107 0.707107
    outer loop
      vertex 816 -968.679 2951.25
      vertex 813 -965.759 2954.17
      vertex 813 -968.679 2951.25
    endloop
  endfacet
  facet normal 0 -0.987696 -0.156385
    outer loop
      vertex 813 -970.554 2939.41
      vertex 816 -971.2 2943.49
      vertex 813 -971.2 2943.49
    endloop
  endfacet
  facet normal 0 -0.987696 -0.156385
    outer loop
      vertex 816 -971.2 2943.49
      vertex 813 -970.554 2939.41
      vertex 816 -970.554 2939.41
    endloop
  endfacet
  facet normal 0 0.454941 -0.890522
    outer loop
      vertex 813 -953.921 2930.93
      vertex 816 -950.241 2932.81
      vertex 816 -953.921 2930.93
    endloop
  endfacet
  facet normal 0 0.454941 -0.890522
    outer loop
      vertex 816 -950.241 2932.81
      vertex 813 -953.921 2930.93
      vertex 813 -950.241 2932.81
    endloop
  endfacet
  facet normal 0 -0.157367 0.98754
    outer loop
      vertex 813 -958 2956.69
      vertex 816 -962.079 2956.04
      vertex 816 -958 2956.69
    endloop
  endfacet
  facet normal 0 -0.157367 0.98754
    outer loop
      vertex 816 -962.079 2956.04
      vertex 813 -958 2956.69
      vertex 813 -962.079 2956.04
    endloop
  endfacet
  facet normal 0 0.155005 -0.987914
    outer loop
      vertex 813 -958 2930.29
      vertex 816 -953.921 2930.93
      vertex 816 -958 2930.29
    endloop
  endfacet
  facet normal 0 0.155005 -0.987914
    outer loop
      vertex 816 -953.921 2930.93
      vertex 813 -958 2930.29
      vertex 813 -953.921 2930.93
    endloop
  endfacet
  facet normal 0 -0.453018 0.891501
    outer loop
      vertex 813 -962.079 2956.04
      vertex 816 -965.759 2954.17
      vertex 816 -962.079 2956.04
    endloop
  endfacet
  facet normal 0 -0.453018 0.891501
    outer loop
      vertex 816 -965.759 2954.17
      vertex 813 -962.079 2956.04
      vertex 813 -965.759 2954.17
    endloop
  endfacet
  facet normal 0 0.987696 0.156385
    outer loop
      vertex 816 -944.8 2943.49
      vertex 813 -945.446 2947.57
      vertex 816 -945.446 2947.57
    endloop
  endfacet
  facet normal 0 0.987696 0.156385
    outer loop
      vertex 813 -945.446 2947.57
      vertex 816 -944.8 2943.49
      vertex 813 -944.8 2943.49
    endloop
  endfacet
  facet normal 0 0.891012 0.45398
    outer loop
      vertex 816 -945.446 2947.57
      vertex 813 -947.321 2951.25
      vertex 816 -947.321 2951.25
    endloop
  endfacet
  facet normal 0 0.891012 0.45398
    outer loop
      vertex 813 -947.321 2951.25
      vertex 816 -945.446 2947.57
      vertex 813 -945.446 2947.57
    endloop
  endfacet
  facet normal 0 -0.454941 -0.890522
    outer loop
      vertex 813 -965.759 2932.81
      vertex 816 -962.079 2930.93
      vertex 816 -965.759 2932.81
    endloop
  endfacet
  facet normal -0 -0.454941 -0.890522
    outer loop
      vertex 816 -962.079 2930.93
      vertex 813 -965.759 2932.81
      vertex 813 -962.079 2930.93
    endloop
  endfacet
  facet normal 0 0.987696 -0.156385
    outer loop
      vertex 816 -945.446 2939.41
      vertex 813 -944.8 2943.49
      vertex 816 -944.8 2943.49
    endloop
  endfacet
  facet normal 0 0.987696 -0.156385
    outer loop
      vertex 813 -944.8 2943.49
      vertex 816 -945.446 2939.41
      vertex 813 -945.446 2939.41
    endloop
  endfacet
  facet normal 0 -0.707107 -0.707107
    outer loop
      vertex 813 -968.679 2935.73
      vertex 816 -965.759 2932.81
      vertex 816 -968.679 2935.73
    endloop
  endfacet
  facet normal -0 -0.707107 -0.707107
    outer loop
      vertex 816 -965.759 2932.81
      vertex 813 -968.679 2935.73
      vertex 813 -965.759 2932.81
    endloop
  endfacet
  facet normal -1 0 0
    outer loop
      vertex 813 -948.907 2938.24
      vertex 813 -944.8 2943.49
      vertex 813 -945.446 2939.41
    endloop
  endfacet
  facet normal -1 0 0
    outer loop
      vertex 813 -948.907 2938.24
      vertex 813 -945.446 2939.41
      vertex 813 -947.321 2935.73
    endloop
  endfacet
  facet normal -1 0 0
    outer loop
      vertex 813 -948.907 2948.74
      vertex 813 -944.8 2943.49
      vertex 813 -948.907 2938.24
    endloop
  endfacet
  facet normal -1 0 0
    outer loop
      vertex 813 -944.8 2943.49
      vertex 813 -948.907 2948.74
      vertex 813 -945.446 2947.57
    endloop
  endfacet
  facet normal -1 0 0
    outer loop
      vertex 813 -950.241 2932.81
      vertex 813 -948.907 2938.24
      vertex 813 -947.321 2935.73
    endloop
  endfacet
  facet normal -1 0 0
    outer loop
      vertex 813 -958 2932.99
      vertex 813 -950.241 2932.81
      vertex 813 -953.921 2930.93
    endloop
  endfacet
  facet normal -1 0 0
    outer loop
      vertex 813 -958 2932.99
      vertex 813 -953.921 2930.93
      vertex 813 -958 2930.29
    endloop
  endfacet
  facet normal -1 0 0
    outer loop
      vertex 813 -950.241 2932.81
      vertex 813 -958 2932.99
      vertex 813 -948.907 2938.24
    endloop
  endfacet
  facet normal -1 0 0
    outer loop
      vertex 813 -962.079 2930.93
      vertex 813 -958 2932.99
      vertex 813 -958 2930.29
    endloop
  endfacet
  facet normal -1 0 0
    outer loop
      vertex 813 -965.759 2932.81
      vertex 813 -958 2932.99
      vertex 813 -962.079 2930.93
    endloop
  endfacet
  facet normal -1 0 0
    outer loop
      vertex 813 -965.759 2932.81
      vertex 813 -967.093 2938.24
      vertex 813 -958 2932.99
    endloop
  endfacet
  facet normal -1 0 0
    outer loop
      vertex 813 -970.554 2939.41
      vertex 813 -967.093 2938.24
      vertex 813 -968.679 2935.73
    endloop
  endfacet
  facet normal -1 0 0
    outer loop
      vertex 813 -968.679 2935.73
      vertex 813 -967.093 2938.24
      vertex 813 -965.759 2932.81
    endloop
  endfacet
  facet normal -1 0 0
    outer loop
      vertex 813 -945.446 2947.57
      vertex 813 -948.907 2948.74
      vertex 813 -947.321 2951.25
    endloop
  endfacet
  facet normal -1 0 0
    outer loop
      vertex 813 -948.907 2948.74
      vertex 813 -950.241 2954.17
      vertex 813 -947.321 2951.25
    endloop
  endfacet
  facet normal -1 0 0
    outer loop
      vertex 813 -958 2953.99
      vertex 813 -950.241 2954.17
      vertex 813 -948.907 2948.74
    endloop
  endfacet
  facet normal -1 -0 0
    outer loop
      vertex 813 -950.241 2954.17
      vertex 813 -958 2953.99
      vertex 813 -953.921 2956.04
    endloop
  endfacet
  facet normal -1 0 0
    outer loop
      vertex 813 -958 2953.99
      vertex 813 -958 2956.69
      vertex 813 -953.921 2956.04
    endloop
  endfacet
  facet normal -1 0 0
    outer loop
      vertex 813 -958 2953.99
      vertex 813 -962.079 2956.04
      vertex 813 -958 2956.69
    endloop
  endfacet
  facet normal -1 0 0
    outer loop
      vertex 813 -958 2953.99
      vertex 813 -965.759 2954.17
      vertex 813 -962.079 2956.04
    endloop
  endfacet
  facet normal -1 0 0
    outer loop
      vertex 813 -967.093 2948.74
      vertex 813 -965.759 2954.17
      vertex 813 -958 2953.99
    endloop
  endfacet
  facet normal -1 0 0
    outer loop
      vertex 813 -967.093 2948.74
      vertex 813 -968.679 2951.25
      vertex 813 -965.759 2954.17
    endloop
  endfacet
  facet normal -1 0 0
    outer loop
      vertex 813 -971.2 2943.49
      vertex 813 -967.093 2938.24
      vertex 813 -970.554 2939.41
    endloop
  endfacet
  facet normal -1 0 0
    outer loop
      vertex 813 -967.093 2938.24
      vertex 813 -971.2 2943.49
      vertex 813 -967.093 2948.74
    endloop
  endfacet
  facet normal -1 -0 0
    outer loop
      vertex 813 -967.093 2948.74
      vertex 813 -970.554 2947.57
      vertex 813 -968.679 2951.25
    endloop
  endfacet
  facet normal -1 0 0
    outer loop
      vertex 813 -967.093 2948.74
      vertex 813 -971.2 2943.49
      vertex 813 -970.554 2947.57
    endloop
  endfacet
  facet normal 0 -0.155005 -0.987914
    outer loop
      vertex 813 -962.079 2930.93
      vertex 816 -958 2930.29
      vertex 816 -962.079 2930.93
    endloop
  endfacet
  facet normal -0 -0.155005 -0.987914
    outer loop
      vertex 816 -958 2930.29
      vertex 813 -962.079 2930.93
      vertex 813 -958 2930.29
    endloop
  endfacet
  facet normal 0 -0.891012 -0.45398
    outer loop
      vertex 813 -968.679 2935.73
      vertex 816 -970.554 2939.41
      vertex 813 -970.554 2939.41
    endloop
  endfacet
  facet normal 0 -0.891012 -0.45398
    outer loop
      vertex 816 -970.554 2939.41
      vertex 813 -968.679 2935.73
      vertex 816 -968.679 2935.73
    endloop
  endfacet
  facet normal 0 0.707107 -0.707107
    outer loop
      vertex 813 -950.241 2932.81
      vertex 816 -947.321 2935.73
      vertex 816 -950.241 2932.81
    endloop
  endfacet
  facet normal 0 0.707107 -0.707107
    outer loop
      vertex 816 -947.321 2935.73
      vertex 813 -950.241 2932.81
      vertex 813 -947.321 2935.73
    endloop
  endfacet
  facet normal 0 -1 0
    outer loop
      vertex 803 -967.093 2938.24
      vertex 813 -967.093 2948.74
      vertex 803 -967.093 2948.74
    endloop
  endfacet
  facet normal 0 -1 -0
    outer loop
      vertex 813 -967.093 2948.74
      vertex 803 -967.093 2938.24
      vertex 813 -967.093 2938.24
    endloop
  endfacet
  facet normal 0 -0.500011 0.866019
    outer loop
      vertex 803 -958 2953.99
      vertex 813 -967.093 2948.74
      vertex 813 -958 2953.99
    endloop
  endfacet
  facet normal 0 -0.500011 0.866019
    outer loop
      vertex 813 -967.093 2948.74
      vertex 803 -958 2953.99
      vertex 803 -967.093 2948.74
    endloop
  endfacet
  facet normal 0 1 -0
    outer loop
      vertex 813 -948.907 2938.24
      vertex 803 -948.907 2948.74
      vertex 813 -948.907 2948.74
    endloop
  endfacet
  facet normal 0 1 0
    outer loop
      vertex 803 -948.907 2948.74
      vertex 813 -948.907 2938.24
      vertex 803 -948.907 2938.24
    endloop
  endfacet
  facet normal -0 0.500011 0.866019
    outer loop
      vertex 803 -948.907 2948.74
      vertex 813 -958 2953.99
      vertex 813 -948.907 2948.74
    endloop
  endfacet
  facet normal 0 0.500011 0.866019
    outer loop
      vertex 813 -958 2953.99
      vertex 803 -948.907 2948.74
      vertex 803 -958 2953.99
    endloop
  endfacet
  facet normal 0 0.500011 -0.866019
    outer loop
      vertex 803 -958 2932.99
      vertex 813 -948.907 2938.24
      vertex 813 -958 2932.99
    endloop
  endfacet
  facet normal 0 0.500011 -0.866019
    outer loop
      vertex 813 -948.907 2938.24
      vertex 803 -958 2932.99
      vertex 803 -948.907 2938.24
    endloop
  endfacet
  facet normal 0 -0.500011 -0.866019
    outer loop
      vertex 803 -967.093 2938.24
      vertex 813 -958 2932.99
      vertex 813 -967.093 2938.24
    endloop
  endfacet
  facet normal -0 -0.500011 -0.866019
    outer loop
      vertex 813 -958 2932.99
      vertex 803 -967.093 2938.24
      vertex 803 -958 2932.99
    endloop
  endfacet
  facet normal -1 0 0
    outer loop
      vertex 803 -958 2932.99
      vertex 803 -948.907 2948.74
      vertex 803 -948.907 2938.24
    endloop
  endfacet
  facet normal -1 0 0
    outer loop
      vertex 803 -958 2932.99
      vertex 803 -958 2953.99
      vertex 803 -948.907 2948.74
    endloop
  endfacet
  facet normal -1 0 0
    outer loop
      vertex 803 -967.093 2938.24
      vertex 803 -958 2953.99
      vertex 803 -958 2932.99
    endloop
  endfacet
  facet normal -1 0 0
    outer loop
      vertex 803 -958 2953.99
      vertex 803 -967.093 2938.24
      vertex 803 -967.093 2948.74
    endloop
  endfacet
  facet normal 0 0.454941 -0.890522
    outer loop
      vertex 976 -889.921 2875.93
      vertex 979 -886.241 2877.81
      vertex 979 -889.921 2875.93
    endloop
  endfacet
  facet normal 0 0.454941 -0.890522
    outer loop
      vertex 979 -886.241 2877.81
      vertex 976 -889.921 2875.93
      vertex 976 -886.241 2877.81
    endloop
  endfacet
  facet normal 0 0.155005 -0.987914
    outer loop
      vertex 976 -894 2875.29
      vertex 979 -889.921 2875.93
      vertex 979 -894 2875.29
    endloop
  endfacet
  facet normal 0 0.155005 -0.987914
    outer loop
      vertex 979 -889.921 2875.93
      vertex 976 -894 2875.29
      vertex 976 -889.921 2875.93
    endloop
  endfacet
  facet normal 0 0.707107 -0.707107
    outer loop
      vertex 976 -886.241 2877.81
      vertex 979 -883.321 2880.73
      vertex 979 -886.241 2877.81
    endloop
  endfacet
  facet normal 0 0.707107 -0.707107
    outer loop
      vertex 979 -883.321 2880.73
      vertex 976 -886.241 2877.81
      vertex 976 -883.321 2880.73
    endloop
  endfacet
  facet normal 0 -0.987696 -0.156385
    outer loop
      vertex 976 -906.554 2884.41
      vertex 979 -907.2 2888.49
      vertex 976 -907.2 2888.49
    endloop
  endfacet
  facet normal 0 -0.987696 -0.156385
    outer loop
      vertex 979 -907.2 2888.49
      vertex 976 -906.554 2884.41
      vertex 979 -906.554 2884.41
    endloop
  endfacet
  facet normal 0 0.891012 0.45398
    outer loop
      vertex 979 -881.446 2892.57
      vertex 976 -883.321 2896.25
      vertex 979 -883.321 2896.25
    endloop
  endfacet
  facet normal 0 0.891012 0.45398
    outer loop
      vertex 976 -883.321 2896.25
      vertex 979 -881.446 2892.57
      vertex 976 -881.446 2892.57
    endloop
  endfacet
  facet normal 0 -0.891012 -0.45398
    outer loop
      vertex 976 -904.679 2880.73
      vertex 979 -906.554 2884.41
      vertex 976 -906.554 2884.41
    endloop
  endfacet
  facet normal 0 -0.891012 -0.45398
    outer loop
      vertex 979 -906.554 2884.41
      vertex 976 -904.679 2880.73
      vertex 979 -904.679 2880.73
    endloop
  endfacet
  facet normal 0 -0.707107 -0.707107
    outer loop
      vertex 976 -904.679 2880.73
      vertex 979 -901.759 2877.81
      vertex 979 -904.679 2880.73
    endloop
  endfacet
  facet normal -0 -0.707107 -0.707107
    outer loop
      vertex 979 -901.759 2877.81
      vertex 976 -904.679 2880.73
      vertex 976 -901.759 2877.81
    endloop
  endfacet
  facet normal 0 -0.987696 0.156385
    outer loop
      vertex 976 -907.2 2888.49
      vertex 979 -906.554 2892.57
      vertex 976 -906.554 2892.57
    endloop
  endfacet
  facet normal 0 -0.987696 0.156385
    outer loop
      vertex 979 -906.554 2892.57
      vertex 976 -907.2 2888.49
      vertex 979 -907.2 2888.49
    endloop
  endfacet
  facet normal -0 0.453018 0.891501
    outer loop
      vertex 976 -886.241 2899.17
      vertex 979 -889.921 2901.04
      vertex 979 -886.241 2899.17
    endloop
  endfacet
  facet normal 0 0.453018 0.891501
    outer loop
      vertex 979 -889.921 2901.04
      vertex 976 -886.241 2899.17
      vertex 976 -889.921 2901.04
    endloop
  endfacet
  facet normal 0 -0.155005 -0.987914
    outer loop
      vertex 976 -898.079 2875.93
      vertex 979 -894 2875.29
      vertex 979 -898.079 2875.93
    endloop
  endfacet
  facet normal -0 -0.155005 -0.987914
    outer loop
      vertex 979 -894 2875.29
      vertex 976 -898.079 2875.93
      vertex 976 -894 2875.29
    endloop
  endfacet
  facet normal -0 0.157367 0.98754
    outer loop
      vertex 976 -889.921 2901.04
      vertex 979 -894 2901.69
      vertex 979 -889.921 2901.04
    endloop
  endfacet
  facet normal 0 0.157367 0.98754
    outer loop
      vertex 979 -894 2901.69
      vertex 976 -889.921 2901.04
      vertex 976 -894 2901.69
    endloop
  endfacet
  facet normal 0 -0.454941 -0.890522
    outer loop
      vertex 976 -901.759 2877.81
      vertex 979 -898.079 2875.93
      vertex 979 -901.759 2877.81
    endloop
  endfacet
  facet normal -0 -0.454941 -0.890522
    outer loop
      vertex 979 -898.079 2875.93
      vertex 976 -901.759 2877.81
      vertex 976 -898.079 2875.93
    endloop
  endfacet
  facet normal 0 0.987696 -0.156385
    outer loop
      vertex 979 -881.446 2884.41
      vertex 976 -880.8 2888.49
      vertex 979 -880.8 2888.49
    endloop
  endfacet
  facet normal 0 0.987696 -0.156385
    outer loop
      vertex 976 -880.8 2888.49
      vertex 979 -881.446 2884.41
      vertex 976 -881.446 2884.41
    endloop
  endfacet
  facet normal 0 0.891012 -0.45398
    outer loop
      vertex 979 -883.321 2880.73
      vertex 976 -881.446 2884.41
      vertex 979 -881.446 2884.41
    endloop
  endfacet
  facet normal 0 0.891012 -0.45398
    outer loop
      vertex 976 -881.446 2884.41
      vertex 979 -883.321 2880.73
      vertex 976 -883.321 2880.73
    endloop
  endfacet
  facet normal 0 -0.453018 0.891501
    outer loop
      vertex 976 -898.079 2901.04
      vertex 979 -901.759 2899.17
      vertex 979 -898.079 2901.04
    endloop
  endfacet
  facet normal 0 -0.453018 0.891501
    outer loop
      vertex 979 -901.759 2899.17
      vertex 976 -898.079 2901.04
      vertex 976 -901.759 2899.17
    endloop
  endfacet
  facet normal 0 0.987696 0.156385
    outer loop
      vertex 979 -880.8 2888.49
      vertex 976 -881.446 2892.57
      vertex 979 -881.446 2892.57
    endloop
  endfacet
  facet normal 0 0.987696 0.156385
    outer loop
      vertex 976 -881.446 2892.57
      vertex 979 -880.8 2888.49
      vertex 976 -880.8 2888.49
    endloop
  endfacet
  facet normal 0 -0.707107 0.707107
    outer loop
      vertex 976 -901.759 2899.17
      vertex 979 -904.679 2896.25
      vertex 979 -901.759 2899.17
    endloop
  endfacet
  facet normal 0 -0.707107 0.707107
    outer loop
      vertex 979 -904.679 2896.25
      vertex 976 -901.759 2899.17
      vertex 976 -904.679 2896.25
    endloop
  endfacet
  facet normal 1 0 0
    outer loop
      vertex 979 -884.907 2893.74
      vertex 979 -880.8 2888.49
      vertex 979 -881.446 2892.57
    endloop
  endfacet
  facet normal 1 -0 0
    outer loop
      vertex 979 -884.907 2893.74
      vertex 979 -881.446 2892.57
      vertex 979 -883.321 2896.25
    endloop
  endfacet
  facet normal 1 0 0
    outer loop
      vertex 979 -884.907 2883.24
      vertex 979 -880.8 2888.49
      vertex 979 -884.907 2893.74
    endloop
  endfacet
  facet normal 1 0 0
    outer loop
      vertex 979 -880.8 2888.49
      vertex 979 -884.907 2883.24
      vertex 979 -881.446 2884.41
    endloop
  endfacet
  facet normal 1 0 0
    outer loop
      vertex 979 -886.241 2899.17
      vertex 979 -884.907 2893.74
      vertex 979 -883.321 2896.25
    endloop
  endfacet
  facet normal 1 0 0
    outer loop
      vertex 979 -894 2898.99
      vertex 979 -886.241 2899.17
      vertex 979 -889.921 2901.04
    endloop
  endfacet
  facet normal 1 0 0
    outer loop
      vertex 979 -894 2898.99
      vertex 979 -889.921 2901.04
      vertex 979 -894 2901.69
    endloop
  endfacet
  facet normal 1 0 0
    outer loop
      vertex 979 -886.241 2899.17
      vertex 979 -894 2898.99
      vertex 979 -884.907 2893.74
    endloop
  endfacet
  facet normal 1 -0 0
    outer loop
      vertex 979 -898.079 2901.04
      vertex 979 -894 2898.99
      vertex 979 -894 2901.69
    endloop
  endfacet
  facet normal 1 -0 0
    outer loop
      vertex 979 -901.759 2899.17
      vertex 979 -894 2898.99
      vertex 979 -898.079 2901.04
    endloop
  endfacet
  facet normal 1 0 0
    outer loop
      vertex 979 -901.759 2899.17
      vertex 979 -903.093 2893.74
      vertex 979 -894 2898.99
    endloop
  endfacet
  facet normal 1 0 0
    outer loop
      vertex 979 -906.554 2892.57
      vertex 979 -903.093 2893.74
      vertex 979 -904.679 2896.25
    endloop
  endfacet
  facet normal 1 -0 0
    outer loop
      vertex 979 -904.679 2896.25
      vertex 979 -903.093 2893.74
      vertex 979 -901.759 2899.17
    endloop
  endfacet
  facet normal 1 0 0
    outer loop
      vertex 979 -881.446 2884.41
      vertex 979 -884.907 2883.24
      vertex 979 -883.321 2880.73
    endloop
  endfacet
  facet normal 1 0 0
    outer loop
      vertex 979 -884.907 2883.24
      vertex 979 -886.241 2877.81
      vertex 979 -883.321 2880.73
    endloop
  endfacet
  facet normal 1 -0 0
    outer loop
      vertex 979 -894 2877.99
      vertex 979 -886.241 2877.81
      vertex 979 -884.907 2883.24
    endloop
  endfacet
  facet normal 1 0 0
    outer loop
      vertex 979 -886.241 2877.81
      vertex 979 -894 2877.99
      vertex 979 -889.921 2875.93
    endloop
  endfacet
  facet normal 1 0 0
    outer loop
      vertex 979 -894 2877.99
      vertex 979 -894 2875.29
      vertex 979 -889.921 2875.93
    endloop
  endfacet
  facet normal 1 0 0
    outer loop
      vertex 979 -894 2877.99
      vertex 979 -898.079 2875.93
      vertex 979 -894 2875.29
    endloop
  endfacet
  facet normal 1 0 0
    outer loop
      vertex 979 -894 2877.99
      vertex 979 -901.759 2877.81
      vertex 979 -898.079 2875.93
    endloop
  endfacet
  facet normal 1 0 0
    outer loop
      vertex 979 -903.093 2883.24
      vertex 979 -901.759 2877.81
      vertex 979 -894 2877.99
    endloop
  endfacet
  facet normal 1 0 0
    outer loop
      vertex 979 -903.093 2883.24
      vertex 979 -904.679 2880.73
      vertex 979 -901.759 2877.81
    endloop
  endfacet
  facet normal 1 0 0
    outer loop
      vertex 979 -907.2 2888.49
      vertex 979 -903.093 2893.74
      vertex 979 -906.554 2892.57
    endloop
  endfacet
  facet normal 1 0 0
    outer loop
      vertex 979 -903.093 2893.74
      vertex 979 -907.2 2888.49
      vertex 979 -903.093 2883.24
    endloop
  endfacet
  facet normal 1 0 0
    outer loop
      vertex 979 -903.093 2883.24
      vertex 979 -906.554 2884.41
      vertex 979 -904.679 2880.73
    endloop
  endfacet
  facet normal 1 0 0
    outer loop
      vertex 979 -903.093 2883.24
      vertex 979 -907.2 2888.49
      vertex 979 -906.554 2884.41
    endloop
  endfacet
  facet normal 0 -0.157367 0.98754
    outer loop
      vertex 976 -894 2901.69
      vertex 979 -898.079 2901.04
      vertex 979 -894 2901.69
    endloop
  endfacet
  facet normal 0 -0.157367 0.98754
    outer loop
      vertex 979 -898.079 2901.04
      vertex 976 -894 2901.69
      vertex 976 -898.079 2901.04
    endloop
  endfacet
  facet normal 0 -0.891012 0.45398
    outer loop
      vertex 976 -906.554 2892.57
      vertex 979 -904.679 2896.25
      vertex 976 -904.679 2896.25
    endloop
  endfacet
  facet normal 0 -0.891012 0.45398
    outer loop
      vertex 979 -904.679 2896.25
      vertex 976 -906.554 2892.57
      vertex 979 -906.554 2892.57
    endloop
  endfacet
  facet normal -0 0.707107 0.707107
    outer loop
      vertex 976 -883.321 2896.25
      vertex 979 -886.241 2899.17
      vertex 979 -883.321 2896.25
    endloop
  endfacet
  facet normal 0 0.707107 0.707107
    outer loop
      vertex 979 -886.241 2899.17
      vertex 976 -883.321 2896.25
      vertex 976 -886.241 2899.17
    endloop
  endfacet
  facet normal 0 -1 0
    outer loop
      vertex 979 -903.093 2883.24
      vertex 987 -903.093 2893.74
      vertex 979 -903.093 2893.74
    endloop
  endfacet
  facet normal 0 -1 -0
    outer loop
      vertex 987 -903.093 2893.74
      vertex 979 -903.093 2883.24
      vertex 987 -903.093 2883.24
    endloop
  endfacet
  facet normal 0 -0.500011 -0.866019
    outer loop
      vertex 979 -903.093 2883.24
      vertex 987 -894 2877.99
      vertex 987 -903.093 2883.24
    endloop
  endfacet
  facet normal -0 -0.500011 -0.866019
    outer loop
      vertex 987 -894 2877.99
      vertex 979 -903.093 2883.24
      vertex 979 -894 2877.99
    endloop
  endfacet
  facet normal 0 1 -0
    outer loop
      vertex 987 -884.907 2883.24
      vertex 979 -884.907 2893.74
      vertex 987 -884.907 2893.74
    endloop
  endfacet
  facet normal 0 1 0
    outer loop
      vertex 979 -884.907 2893.74
      vertex 987 -884.907 2883.24
      vertex 979 -884.907 2883.24
    endloop
  endfacet
  facet normal 0 0.500011 -0.866019
    outer loop
      vertex 979 -894 2877.99
      vertex 987 -884.907 2883.24
      vertex 987 -894 2877.99
    endloop
  endfacet
  facet normal 0 0.500011 -0.866019
    outer loop
      vertex 987 -884.907 2883.24
      vertex 979 -894 2877.99
      vertex 979 -884.907 2883.24
    endloop
  endfacet
  facet normal -0 0.500011 0.866019
    outer loop
      vertex 979 -884.907 2893.74
      vertex 987 -894 2898.99
      vertex 987 -884.907 2893.74
    endloop
  endfacet
  facet normal 0 0.500011 0.866019
    outer loop
      vertex 987 -894 2898.99
      vertex 979 -884.907 2893.74
      vertex 979 -894 2898.99
    endloop
  endfacet
  facet normal 0 -0.500011 0.866019
    outer loop
      vertex 979 -894 2898.99
      vertex 987 -903.093 2893.74
      vertex 987 -894 2898.99
    endloop
  endfacet
  facet normal 0 -0.500011 0.866019
    outer loop
      vertex 987 -903.093 2893.74
      vertex 979 -894 2898.99
      vertex 979 -903.093 2893.74
    endloop
  endfacet
  facet normal 1 0 0
    outer loop
      vertex 987 -894 2898.99
      vertex 987 -884.907 2883.24
      vertex 987 -884.907 2893.74
    endloop
  endfacet
  facet normal 1 0 0
    outer loop
      vertex 987 -894 2898.99
      vertex 987 -894 2877.99
      vertex 987 -884.907 2883.24
    endloop
  endfacet
  facet normal 1 -0 0
    outer loop
      vertex 987 -903.093 2893.74
      vertex 987 -894 2877.99
      vertex 987 -894 2898.99
    endloop
  endfacet
  facet normal 1 0 0
    outer loop
      vertex 987 -894 2877.99
      vertex 987 -903.093 2893.74
      vertex 987 -903.093 2883.24
    endloop
  endfacet
  facet normal -0 0.453018 0.891501
    outer loop
      vertex 813 -886.241 2899.17
      vertex 816 -889.921 2901.04
      vertex 816 -886.241 2899.17
    endloop
  endfacet
  facet normal 0 0.453018 0.891501
    outer loop
      vertex 816 -889.921 2901.04
      vertex 813 -886.241 2899.17
      vertex 813 -889.921 2901.04
    endloop
  endfacet
  facet normal -0 0.157367 0.98754
    outer loop
      vertex 813 -889.921 2901.04
      vertex 816 -894 2901.69
      vertex 816 -889.921 2901.04
    endloop
  endfacet
  facet normal 0 0.157367 0.98754
    outer loop
      vertex 816 -894 2901.69
      vertex 813 -889.921 2901.04
      vertex 813 -894 2901.69
    endloop
  endfacet
  facet normal -0 0.707107 0.707107
    outer loop
      vertex 813 -883.321 2896.25
      vertex 816 -886.241 2899.17
      vertex 816 -883.321 2896.25
    endloop
  endfacet
  facet normal 0 0.707107 0.707107
    outer loop
      vertex 816 -886.241 2899.17
      vertex 813 -883.321 2896.25
      vertex 813 -886.241 2899.17
    endloop
  endfacet
  facet normal 0 -0.987696 0.156385
    outer loop
      vertex 813 -907.2 2888.49
      vertex 816 -906.554 2892.57
      vertex 813 -906.554 2892.57
    endloop
  endfacet
  facet normal 0 -0.987696 0.156385
    outer loop
      vertex 816 -906.554 2892.57
      vertex 813 -907.2 2888.49
      vertex 816 -907.2 2888.49
    endloop
  endfacet
  facet normal 0 0.891012 -0.45398
    outer loop
      vertex 816 -883.321 2880.73
      vertex 813 -881.446 2884.41
      vertex 816 -881.446 2884.41
    endloop
  endfacet
  facet normal 0 0.891012 -0.45398
    outer loop
      vertex 813 -881.446 2884.41
      vertex 816 -883.321 2880.73
      vertex 813 -883.321 2880.73
    endloop
  endfacet
  facet normal 0 -0.891012 0.45398
    outer loop
      vertex 813 -906.554 2892.57
      vertex 816 -904.679 2896.25
      vertex 813 -904.679 2896.25
    endloop
  endfacet
  facet normal 0 -0.891012 0.45398
    outer loop
      vertex 816 -904.679 2896.25
      vertex 813 -906.554 2892.57
      vertex 816 -906.554 2892.57
    endloop
  endfacet
  facet normal 0 -0.707107 0.707107
    outer loop
      vertex 813 -901.759 2899.17
      vertex 816 -904.679 2896.25
      vertex 816 -901.759 2899.17
    endloop
  endfacet
  facet normal 0 -0.707107 0.707107
    outer loop
      vertex 816 -904.679 2896.25
      vertex 813 -901.759 2899.17
      vertex 813 -904.679 2896.25
    endloop
  endfacet
  facet normal 0 -0.987696 -0.156385
    outer loop
      vertex 813 -906.554 2884.41
      vertex 816 -907.2 2888.49
      vertex 813 -907.2 2888.49
    endloop
  endfacet
  facet normal 0 -0.987696 -0.156385
    outer loop
      vertex 816 -907.2 2888.49
      vertex 813 -906.554 2884.41
      vertex 816 -906.554 2884.41
    endloop
  endfacet
  facet normal 0 0.454941 -0.890522
    outer loop
      vertex 813 -889.921 2875.93
      vertex 816 -886.241 2877.81
      vertex 816 -889.921 2875.93
    endloop
  endfacet
  facet normal 0 0.454941 -0.890522
    outer loop
      vertex 816 -886.241 2877.81
      vertex 813 -889.921 2875.93
      vertex 813 -886.241 2877.81
    endloop
  endfacet
  facet normal 0 -0.157367 0.98754
    outer loop
      vertex 813 -894 2901.69
      vertex 816 -898.079 2901.04
      vertex 816 -894 2901.69
    endloop
  endfacet
  facet normal 0 -0.157367 0.98754
    outer loop
      vertex 816 -898.079 2901.04
      vertex 813 -894 2901.69
      vertex 813 -898.079 2901.04
    endloop
  endfacet
  facet normal 0 0.155005 -0.987914
    outer loop
      vertex 813 -894 2875.29
      vertex 816 -889.921 2875.93
      vertex 816 -894 2875.29
    endloop
  endfacet
  facet normal 0 0.155005 -0.987914
    outer loop
      vertex 816 -889.921 2875.93
      vertex 813 -894 2875.29
      vertex 813 -889.921 2875.93
    endloop
  endfacet
  facet normal 0 -0.453018 0.891501
    outer loop
      vertex 813 -898.079 2901.04
      vertex 816 -901.759 2899.17
      vertex 816 -898.079 2901.04
    endloop
  endfacet
  facet normal 0 -0.453018 0.891501
    outer loop
      vertex 816 -901.759 2899.17
      vertex 813 -898.079 2901.04
      vertex 813 -901.759 2899.17
    endloop
  endfacet
  facet normal 0 0.987696 0.156385
    outer loop
      vertex 816 -880.8 2888.49
      vertex 813 -881.446 2892.57
      vertex 816 -881.446 2892.57
    endloop
  endfacet
  facet normal 0 0.987696 0.156385
    outer loop
      vertex 813 -881.446 2892.57
      vertex 816 -880.8 2888.49
      vertex 813 -880.8 2888.49
    endloop
  endfacet
  facet normal 0 0.891012 0.45398
    outer loop
      vertex 816 -881.446 2892.57
      vertex 813 -883.321 2896.25
      vertex 816 -883.321 2896.25
    endloop
  endfacet
  facet normal 0 0.891012 0.45398
    outer loop
      vertex 813 -883.321 2896.25
      vertex 816 -881.446 2892.57
      vertex 813 -881.446 2892.57
    endloop
  endfacet
  facet normal 0 -0.454941 -0.890522
    outer loop
      vertex 813 -901.759 2877.81
      vertex 816 -898.079 2875.93
      vertex 816 -901.759 2877.81
    endloop
  endfacet
  facet normal -0 -0.454941 -0.890522
    outer loop
      vertex 816 -898.079 2875.93
      vertex 813 -901.759 2877.81
      vertex 813 -898.079 2875.93
    endloop
  endfacet
  facet normal 0 0.987696 -0.156385
    outer loop
      vertex 816 -881.446 2884.41
      vertex 813 -880.8 2888.49
      vertex 816 -880.8 2888.49
    endloop
  endfacet
  facet normal 0 0.987696 -0.156385
    outer loop
      vertex 813 -880.8 2888.49
      vertex 816 -881.446 2884.41
      vertex 813 -881.446 2884.41
    endloop
  endfacet
  facet normal 0 -0.707107 -0.707107
    outer loop
      vertex 813 -904.679 2880.73
      vertex 816 -901.759 2877.81
      vertex 816 -904.679 2880.73
    endloop
  endfacet
  facet normal -0 -0.707107 -0.707107
    outer loop
      vertex 816 -901.759 2877.81
      vertex 813 -904.679 2880.73
      vertex 813 -901.759 2877.81
    endloop
  endfacet
  facet normal -1 0 0
    outer loop
      vertex 813 -884.907 2883.24
      vertex 813 -880.8 2888.49
      vertex 813 -881.446 2884.41
    endloop
  endfacet
  facet normal -1 0 0
    outer loop
      vertex 813 -884.907 2883.24
      vertex 813 -881.446 2884.41
      vertex 813 -883.321 2880.73
    endloop
  endfacet
  facet normal -1 0 0
    outer loop
      vertex 813 -884.907 2893.74
      vertex 813 -880.8 2888.49
      vertex 813 -884.907 2883.24
    endloop
  endfacet
  facet normal -1 0 0
    outer loop
      vertex 813 -880.8 2888.49
      vertex 813 -884.907 2893.74
      vertex 813 -881.446 2892.57
    endloop
  endfacet
  facet normal -1 0 0
    outer loop
      vertex 813 -886.241 2877.81
      vertex 813 -884.907 2883.24
      vertex 813 -883.321 2880.73
    endloop
  endfacet
  facet normal -1 0 0
    outer loop
      vertex 813 -894 2877.99
      vertex 813 -886.241 2877.81
      vertex 813 -889.921 2875.93
    endloop
  endfacet
  facet normal -1 0 0
    outer loop
      vertex 813 -894 2877.99
      vertex 813 -889.921 2875.93
      vertex 813 -894 2875.29
    endloop
  endfacet
  facet normal -1 0 0
    outer loop
      vertex 813 -886.241 2877.81
      vertex 813 -894 2877.99
      vertex 813 -884.907 2883.24
    endloop
  endfacet
  facet normal -1 0 0
    outer loop
      vertex 813 -898.079 2875.93
      vertex 813 -894 2877.99
      vertex 813 -894 2875.29
    endloop
  endfacet
  facet normal -1 0 0
    outer loop
      vertex 813 -901.759 2877.81
      vertex 813 -894 2877.99
      vertex 813 -898.079 2875.93
    endloop
  endfacet
  facet normal -1 0 0
    outer loop
      vertex 813 -901.759 2877.81
      vertex 813 -903.093 2883.24
      vertex 813 -894 2877.99
    endloop
  endfacet
  facet normal -1 0 0
    outer loop
      vertex 813 -906.554 2884.41
      vertex 813 -903.093 2883.24
      vertex 813 -904.679 2880.73
    endloop
  endfacet
  facet normal -1 0 0
    outer loop
      vertex 813 -904.679 2880.73
      vertex 813 -903.093 2883.24
      vertex 813 -901.759 2877.81
    endloop
  endfacet
  facet normal -1 0 0
    outer loop
      vertex 813 -881.446 2892.57
      vertex 813 -884.907 2893.74
      vertex 813 -883.321 2896.25
    endloop
  endfacet
  facet normal -1 0 0
    outer loop
      vertex 813 -884.907 2893.74
      vertex 813 -886.241 2899.17
      vertex 813 -883.321 2896.25
    endloop
  endfacet
  facet normal -1 0 0
    outer loop
      vertex 813 -894 2898.99
      vertex 813 -886.241 2899.17
      vertex 813 -884.907 2893.74
    endloop
  endfacet
  facet normal -1 -0 0
    outer loop
      vertex 813 -886.241 2899.17
      vertex 813 -894 2898.99
      vertex 813 -889.921 2901.04
    endloop
  endfacet
  facet normal -1 0 0
    outer loop
      vertex 813 -894 2898.99
      vertex 813 -894 2901.69
      vertex 813 -889.921 2901.04
    endloop
  endfacet
  facet normal -1 0 0
    outer loop
      vertex 813 -894 2898.99
      vertex 813 -898.079 2901.04
      vertex 813 -894 2901.69
    endloop
  endfacet
  facet normal -1 0 0
    outer loop
      vertex 813 -894 2898.99
      vertex 813 -901.759 2899.17
      vertex 813 -898.079 2901.04
    endloop
  endfacet
  facet normal -1 0 0
    outer loop
      vertex 813 -903.093 2893.74
      vertex 813 -901.759 2899.17
      vertex 813 -894 2898.99
    endloop
  endfacet
  facet normal -1 0 0
    outer loop
      vertex 813 -903.093 2893.74
      vertex 813 -904.679 2896.25
      vertex 813 -901.759 2899.17
    endloop
  endfacet
  facet normal -1 0 0
    outer loop
      vertex 813 -907.2 2888.49
      vertex 813 -903.093 2883.24
      vertex 813 -906.554 2884.41
    endloop
  endfacet
  facet normal -1 0 0
    outer loop
      vertex 813 -903.093 2883.24
      vertex 813 -907.2 2888.49
      vertex 813 -903.093 2893.74
    endloop
  endfacet
  facet normal -1 -0 0
    outer loop
      vertex 813 -903.093 2893.74
      vertex 813 -906.554 2892.57
      vertex 813 -904.679 2896.25
    endloop
  endfacet
  facet normal -1 0 0
    outer loop
      vertex 813 -903.093 2893.74
      vertex 813 -907.2 2888.49
      vertex 813 -906.554 2892.57
    endloop
  endfacet
  facet normal 0 -0.155005 -0.987914
    outer loop
      vertex 813 -898.079 2875.93
      vertex 816 -894 2875.29
      vertex 816 -898.079 2875.93
    endloop
  endfacet
  facet normal -0 -0.155005 -0.987914
    outer loop
      vertex 816 -894 2875.29
      vertex 813 -898.079 2875.93
      vertex 813 -894 2875.29
    endloop
  endfacet
  facet normal 0 -0.891012 -0.45398
    outer loop
      vertex 813 -904.679 2880.73
      vertex 816 -906.554 2884.41
      vertex 813 -906.554 2884.41
    endloop
  endfacet
  facet normal 0 -0.891012 -0.45398
    outer loop
      vertex 816 -906.554 2884.41
      vertex 813 -904.679 2880.73
      vertex 816 -904.679 2880.73
    endloop
  endfacet
  facet normal 0 0.707107 -0.707107
    outer loop
      vertex 813 -886.241 2877.81
      vertex 816 -883.321 2880.73
      vertex 816 -886.241 2877.81
    endloop
  endfacet
  facet normal 0 0.707107 -0.707107
    outer loop
      vertex 816 -883.321 2880.73
      vertex 813 -886.241 2877.81
      vertex 813 -883.321 2880.73
    endloop
  endfacet
  facet normal 0 -1 0
    outer loop
      vertex 803 -903.093 2883.24
      vertex 813 -903.093 2893.74
      vertex 803 -903.093 2893.74
    endloop
  endfacet
  facet normal 0 -1 -0
    outer loop
      vertex 813 -903.093 2893.74
      vertex 803 -903.093 2883.24
      vertex 813 -903.093 2883.24
    endloop
  endfacet
  facet normal 0 -0.500011 0.866019
    outer loop
      vertex 803 -894 2898.99
      vertex 813 -903.093 2893.74
      vertex 813 -894 2898.99
    endloop
  endfacet
  facet normal 0 -0.500011 0.866019
    outer loop
      vertex 813 -903.093 2893.74
      vertex 803 -894 2898.99
      vertex 803 -903.093 2893.74
    endloop
  endfacet
  facet normal 0 1 -0
    outer loop
      vertex 813 -884.907 2883.24
      vertex 803 -884.907 2893.74
      vertex 813 -884.907 2893.74
    endloop
  endfacet
  facet normal 0 1 0
    outer loop
      vertex 803 -884.907 2893.74
      vertex 813 -884.907 2883.24
      vertex 803 -884.907 2883.24
    endloop
  endfacet
  facet normal -0 0.500011 0.866019
    outer loop
      vertex 803 -884.907 2893.74
      vertex 813 -894 2898.99
      vertex 813 -884.907 2893.74
    endloop
  endfacet
  facet normal 0 0.500011 0.866019
    outer loop
      vertex 813 -894 2898.99
      vertex 803 -884.907 2893.74
      vertex 803 -894 2898.99
    endloop
  endfacet
  facet normal 0 0.500011 -0.866019
    outer loop
      vertex 803 -894 2877.99
      vertex 813 -884.907 2883.24
      vertex 813 -894 2877.99
    endloop
  endfacet
  facet normal 0 0.500011 -0.866019
    outer loop
      vertex 813 -884.907 2883.24
      vertex 803 -894 2877.99
      vertex 803 -884.907 2883.24
    endloop
  endfacet
  facet normal 0 -0.500011 -0.866019
    outer loop
      vertex 803 -903.093 2883.24
      vertex 813 -894 2877.99
      vertex 813 -903.093 2883.24
    endloop
  endfacet
  facet normal -0 -0.500011 -0.866019
    outer loop
      vertex 813 -894 2877.99
      vertex 803 -903.093 2883.24
      vertex 803 -894 2877.99
    endloop
  endfacet
  facet normal -1 0 0
    outer loop
      vertex 803 -894 2877.99
      vertex 803 -884.907 2893.74
      vertex 803 -884.907 2883.24
    endloop
  endfacet
  facet normal -1 0 0
    outer loop
      vertex 803 -894 2877.99
      vertex 803 -894 2898.99
      vertex 803 -884.907 2893.74
    endloop
  endfacet
  facet normal -1 0 0
    outer loop
      vertex 803 -903.093 2883.24
      vertex 803 -894 2898.99
      vertex 803 -894 2877.99
    endloop
  endfacet
  facet normal -1 0 0
    outer loop
      vertex 803 -894 2898.99
      vertex 803 -903.093 2883.24
      vertex 803 -903.093 2893.74
    endloop
  endfacet
  facet normal 0 0.454941 -0.890522
    outer loop
      vertex 976 898.079 2670.65
      vertex 979 901.759 2672.53
      vertex 979 898.079 2670.65
    endloop
  endfacet
  facet normal 0 0.454941 -0.890522
    outer loop
      vertex 979 901.759 2672.53
      vertex 976 898.079 2670.65
      vertex 976 901.759 2672.53
    endloop
  endfacet
  facet normal 0 0.155005 -0.987914
    outer loop
      vertex 976 894 2670.01
      vertex 979 898.079 2670.65
      vertex 979 894 2670.01
    endloop
  endfacet
  facet normal 0 0.155005 -0.987914
    outer loop
      vertex 979 898.079 2670.65
      vertex 976 894 2670.01
      vertex 976 898.079 2670.65
    endloop
  endfacet
  facet normal 0 0.707107 -0.707107
    outer loop
      vertex 976 901.759 2672.53
      vertex 979 904.679 2675.45
      vertex 979 901.759 2672.53
    endloop
  endfacet
  facet normal 0 0.707107 -0.707107
    outer loop
      vertex 979 904.679 2675.45
      vertex 976 901.759 2672.53
      vertex 976 904.679 2675.45
    endloop
  endfacet
  facet normal 0 -0.987696 -0.156385
    outer loop
      vertex 976 881.446 2679.13
      vertex 979 880.8 2683.21
      vertex 976 880.8 2683.21
    endloop
  endfacet
  facet normal 0 -0.987696 -0.156385
    outer loop
      vertex 979 880.8 2683.21
      vertex 976 881.446 2679.13
      vertex 979 881.446 2679.13
    endloop
  endfacet
  facet normal 0 0.891012 0.45398
    outer loop
      vertex 979 906.554 2687.28
      vertex 976 904.679 2690.96
      vertex 979 904.679 2690.96
    endloop
  endfacet
  facet normal 0 0.891012 0.45398
    outer loop
      vertex 976 904.679 2690.96
      vertex 979 906.554 2687.28
      vertex 976 906.554 2687.28
    endloop
  endfacet
  facet normal 0 -0.891012 -0.45398
    outer loop
      vertex 976 883.321 2675.45
      vertex 979 881.446 2679.13
      vertex 976 881.446 2679.13
    endloop
  endfacet
  facet normal 0 -0.891012 -0.45398
    outer loop
      vertex 979 881.446 2679.13
      vertex 976 883.321 2675.45
      vertex 979 883.321 2675.45
    endloop
  endfacet
  facet normal 0 -0.707107 -0.707107
    outer loop
      vertex 976 883.321 2675.45
      vertex 979 886.241 2672.53
      vertex 979 883.321 2675.45
    endloop
  endfacet
  facet normal -0 -0.707107 -0.707107
    outer loop
      vertex 979 886.241 2672.53
      vertex 976 883.321 2675.45
      vertex 976 886.241 2672.53
    endloop
  endfacet
  facet normal 0 -0.987637 0.15676
    outer loop
      vertex 976 880.8 2683.21
      vertex 979 881.446 2687.28
      vertex 976 881.446 2687.28
    endloop
  endfacet
  facet normal 0 -0.987637 0.15676
    outer loop
      vertex 979 881.446 2687.28
      vertex 976 880.8 2683.21
      vertex 979 880.8 2683.21
    endloop
  endfacet
  facet normal -0 0.454941 0.890522
    outer loop
      vertex 976 901.759 2693.88
      vertex 979 898.079 2695.76
      vertex 979 901.759 2693.88
    endloop
  endfacet
  facet normal 0 0.454941 0.890522
    outer loop
      vertex 979 898.079 2695.76
      vertex 976 901.759 2693.88
      vertex 976 898.079 2695.76
    endloop
  endfacet
  facet normal 0 -0.155005 -0.987914
    outer loop
      vertex 976 889.921 2670.65
      vertex 979 894 2670.01
      vertex 979 889.921 2670.65
    endloop
  endfacet
  facet normal -0 -0.155005 -0.987914
    outer loop
      vertex 979 894 2670.01
      vertex 976 889.921 2670.65
      vertex 976 894 2670.01
    endloop
  endfacet
  facet normal -0 0.157367 0.98754
    outer loop
      vertex 976 898.079 2695.76
      vertex 979 894 2696.41
      vertex 979 898.079 2695.76
    endloop
  endfacet
  facet normal 0 0.157367 0.98754
    outer loop
      vertex 979 894 2696.41
      vertex 976 898.079 2695.76
      vertex 976 894 2696.41
    endloop
  endfacet
  facet normal 0 -0.454941 -0.890522
    outer loop
      vertex 976 886.241 2672.53
      vertex 979 889.921 2670.65
      vertex 979 886.241 2672.53
    endloop
  endfacet
  facet normal -0 -0.454941 -0.890522
    outer loop
      vertex 979 889.921 2670.65
      vertex 976 886.241 2672.53
      vertex 976 889.921 2670.65
    endloop
  endfacet
  facet normal 0 0.987696 -0.156385
    outer loop
      vertex 979 906.554 2679.13
      vertex 976 907.2 2683.21
      vertex 979 907.2 2683.21
    endloop
  endfacet
  facet normal 0 0.987696 -0.156385
    outer loop
      vertex 976 907.2 2683.21
      vertex 979 906.554 2679.13
      vertex 976 906.554 2679.13
    endloop
  endfacet
  facet normal 0 0.891012 -0.45398
    outer loop
      vertex 979 904.679 2675.45
      vertex 976 906.554 2679.13
      vertex 979 906.554 2679.13
    endloop
  endfacet
  facet normal 0 0.891012 -0.45398
    outer loop
      vertex 976 906.554 2679.13
      vertex 979 904.679 2675.45
      vertex 976 904.679 2675.45
    endloop
  endfacet
  facet normal 0 -0.454941 0.890522
    outer loop
      vertex 976 889.921 2695.76
      vertex 979 886.241 2693.88
      vertex 979 889.921 2695.76
    endloop
  endfacet
  facet normal 0 -0.454941 0.890522
    outer loop
      vertex 979 886.241 2693.88
      vertex 976 889.921 2695.76
      vertex 976 886.241 2693.88
    endloop
  endfacet
  facet normal 0 0.987637 0.15676
    outer loop
      vertex 979 907.2 2683.21
      vertex 976 906.554 2687.28
      vertex 979 906.554 2687.28
    endloop
  endfacet
  facet normal 0 0.987637 0.15676
    outer loop
      vertex 976 906.554 2687.28
      vertex 979 907.2 2683.21
      vertex 976 907.2 2683.21
    endloop
  endfacet
  facet normal 0 -0.707107 0.707107
    outer loop
      vertex 976 883.321 2690.96
      vertex 979 886.241 2693.88
      vertex 976 886.241 2693.88
    endloop
  endfacet
  facet normal 0 -0.707107 0.707107
    outer loop
      vertex 979 886.241 2693.88
      vertex 976 883.321 2690.96
      vertex 979 883.321 2690.96
    endloop
  endfacet
  facet normal 1 0 0
    outer loop
      vertex 979 903.093 2688.46
      vertex 979 907.2 2683.21
      vertex 979 906.554 2687.28
    endloop
  endfacet
  facet normal 1 -0 0
    outer loop
      vertex 979 903.093 2688.46
      vertex 979 906.554 2687.28
      vertex 979 904.679 2690.96
    endloop
  endfacet
  facet normal 1 0 0
    outer loop
      vertex 979 903.093 2677.96
      vertex 979 907.2 2683.21
      vertex 979 903.093 2688.46
    endloop
  endfacet
  facet normal 1 0 0
    outer loop
      vertex 979 907.2 2683.21
      vertex 979 903.093 2677.96
      vertex 979 906.554 2679.13
    endloop
  endfacet
  facet normal 1 0 0
    outer loop
      vertex 979 901.759 2693.88
      vertex 979 903.093 2688.46
      vertex 979 904.679 2690.96
    endloop
  endfacet
  facet normal 1 0 0
    outer loop
      vertex 979 894 2693.71
      vertex 979 901.759 2693.88
      vertex 979 898.079 2695.76
    endloop
  endfacet
  facet normal 1 0 0
    outer loop
      vertex 979 894 2693.71
      vertex 979 898.079 2695.76
      vertex 979 894 2696.41
    endloop
  endfacet
  facet normal 1 0 0
    outer loop
      vertex 979 901.759 2693.88
      vertex 979 894 2693.71
      vertex 979 903.093 2688.46
    endloop
  endfacet
  facet normal 1 -0 0
    outer loop
      vertex 979 889.921 2695.76
      vertex 979 894 2693.71
      vertex 979 894 2696.41
    endloop
  endfacet
  facet normal 1 -0 0
    outer loop
      vertex 979 886.241 2693.88
      vertex 979 894 2693.71
      vertex 979 889.921 2695.76
    endloop
  endfacet
  facet normal 1 0 0
    outer loop
      vertex 979 886.241 2693.88
      vertex 979 884.907 2688.46
      vertex 979 894 2693.71
    endloop
  endfacet
  facet normal 1 0 0
    outer loop
      vertex 979 881.446 2687.28
      vertex 979 884.907 2688.46
      vertex 979 883.321 2690.96
    endloop
  endfacet
  facet normal 1 -0 0
    outer loop
      vertex 979 883.321 2690.96
      vertex 979 884.907 2688.46
      vertex 979 886.241 2693.88
    endloop
  endfacet
  facet normal 1 0 0
    outer loop
      vertex 979 906.554 2679.13
      vertex 979 903.093 2677.96
      vertex 979 904.679 2675.45
    endloop
  endfacet
  facet normal 1 0 0
    outer loop
      vertex 979 903.093 2677.96
      vertex 979 901.759 2672.53
      vertex 979 904.679 2675.45
    endloop
  endfacet
  facet normal 1 -0 0
    outer loop
      vertex 979 894 2672.71
      vertex 979 901.759 2672.53
      vertex 979 903.093 2677.96
    endloop
  endfacet
  facet normal 1 0 0
    outer loop
      vertex 979 901.759 2672.53
      vertex 979 894 2672.71
      vertex 979 898.079 2670.65
    endloop
  endfacet
  facet normal 1 0 0
    outer loop
      vertex 979 894 2672.71
      vertex 979 894 2670.01
      vertex 979 898.079 2670.65
    endloop
  endfacet
  facet normal 1 0 0
    outer loop
      vertex 979 894 2672.71
      vertex 979 889.921 2670.65
      vertex 979 894 2670.01
    endloop
  endfacet
  facet normal 1 0 0
    outer loop
      vertex 979 894 2672.71
      vertex 979 886.241 2672.53
      vertex 979 889.921 2670.65
    endloop
  endfacet
  facet normal 1 0 0
    outer loop
      vertex 979 884.907 2677.96
      vertex 979 886.241 2672.53
      vertex 979 894 2672.71
    endloop
  endfacet
  facet normal 1 0 0
    outer loop
      vertex 979 884.907 2677.96
      vertex 979 883.321 2675.45
      vertex 979 886.241 2672.53
    endloop
  endfacet
  facet normal 1 0 0
    outer loop
      vertex 979 880.8 2683.21
      vertex 979 884.907 2688.46
      vertex 979 881.446 2687.28
    endloop
  endfacet
  facet normal 1 0 0
    outer loop
      vertex 979 884.907 2688.46
      vertex 979 880.8 2683.21
      vertex 979 884.907 2677.96
    endloop
  endfacet
  facet normal 1 0 0
    outer loop
      vertex 979 884.907 2677.96
      vertex 979 881.446 2679.13
      vertex 979 883.321 2675.45
    endloop
  endfacet
  facet normal 1 0 0
    outer loop
      vertex 979 884.907 2677.96
      vertex 979 880.8 2683.21
      vertex 979 881.446 2679.13
    endloop
  endfacet
  facet normal 0 -0.157367 0.98754
    outer loop
      vertex 976 894 2696.41
      vertex 979 889.921 2695.76
      vertex 979 894 2696.41
    endloop
  endfacet
  facet normal 0 -0.157367 0.98754
    outer loop
      vertex 979 889.921 2695.76
      vertex 976 894 2696.41
      vertex 976 889.921 2695.76
    endloop
  endfacet
  facet normal 0 -0.891012 0.45398
    outer loop
      vertex 976 881.446 2687.28
      vertex 979 883.321 2690.96
      vertex 976 883.321 2690.96
    endloop
  endfacet
  facet normal 0 -0.891012 0.45398
    outer loop
      vertex 979 883.321 2690.96
      vertex 976 881.446 2687.28
      vertex 979 881.446 2687.28
    endloop
  endfacet
  facet normal 0 0.707107 0.707107
    outer loop
      vertex 979 904.679 2690.96
      vertex 976 901.759 2693.88
      vertex 979 901.759 2693.88
    endloop
  endfacet
  facet normal 0 0.707107 0.707107
    outer loop
      vertex 976 901.759 2693.88
      vertex 979 904.679 2690.96
      vertex 976 904.679 2690.96
    endloop
  endfacet
  facet normal 0 -1 0
    outer loop
      vertex 979 884.907 2677.96
      vertex 987 884.907 2688.46
      vertex 979 884.907 2688.46
    endloop
  endfacet
  facet normal 0 -1 -0
    outer loop
      vertex 987 884.907 2688.46
      vertex 979 884.907 2677.96
      vertex 987 884.907 2677.96
    endloop
  endfacet
  facet normal 0 -0.500011 -0.866019
    outer loop
      vertex 979 884.907 2677.96
      vertex 987 894 2672.71
      vertex 987 884.907 2677.96
    endloop
  endfacet
  facet normal -0 -0.500011 -0.866019
    outer loop
      vertex 987 894 2672.71
      vertex 979 884.907 2677.96
      vertex 979 894 2672.71
    endloop
  endfacet
  facet normal 0 1 -0
    outer loop
      vertex 987 903.093 2677.96
      vertex 979 903.093 2688.46
      vertex 987 903.093 2688.46
    endloop
  endfacet
  facet normal 0 1 0
    outer loop
      vertex 979 903.093 2688.46
      vertex 987 903.093 2677.96
      vertex 979 903.093 2677.96
    endloop
  endfacet
  facet normal 0 0.500011 -0.866019
    outer loop
      vertex 979 894 2672.71
      vertex 987 903.093 2677.96
      vertex 987 894 2672.71
    endloop
  endfacet
  facet normal 0 0.500011 -0.866019
    outer loop
      vertex 987 903.093 2677.96
      vertex 979 894 2672.71
      vertex 979 903.093 2677.96
    endloop
  endfacet
  facet normal -0 0.500011 0.866019
    outer loop
      vertex 979 903.093 2688.46
      vertex 987 894 2693.71
      vertex 987 903.093 2688.46
    endloop
  endfacet
  facet normal 0 0.500011 0.866019
    outer loop
      vertex 987 894 2693.71
      vertex 979 903.093 2688.46
      vertex 979 894 2693.71
    endloop
  endfacet
  facet normal 0 -0.500011 0.866019
    outer loop
      vertex 979 894 2693.71
      vertex 987 884.907 2688.46
      vertex 987 894 2693.71
    endloop
  endfacet
  facet normal 0 -0.500011 0.866019
    outer loop
      vertex 987 884.907 2688.46
      vertex 979 894 2693.71
      vertex 979 884.907 2688.46
    endloop
  endfacet
  facet normal 1 0 0
    outer loop
      vertex 987 894 2693.71
      vertex 987 903.093 2677.96
      vertex 987 903.093 2688.46
    endloop
  endfacet
  facet normal 1 0 0
    outer loop
      vertex 987 894 2693.71
      vertex 987 894 2672.71
      vertex 987 903.093 2677.96
    endloop
  endfacet
  facet normal 1 -0 0
    outer loop
      vertex 987 884.907 2688.46
      vertex 987 894 2672.71
      vertex 987 894 2693.71
    endloop
  endfacet
  facet normal 1 0 0
    outer loop
      vertex 987 894 2672.71
      vertex 987 884.907 2688.46
      vertex 987 884.907 2677.96
    endloop
  endfacet
  facet normal -0 0.454941 0.890522
    outer loop
      vertex 813 901.759 2693.88
      vertex 816 898.079 2695.76
      vertex 816 901.759 2693.88
    endloop
  endfacet
  facet normal 0 0.454941 0.890522
    outer loop
      vertex 816 898.079 2695.76
      vertex 813 901.759 2693.88
      vertex 813 898.079 2695.76
    endloop
  endfacet
  facet normal -0 0.157367 0.98754
    outer loop
      vertex 813 898.079 2695.76
      vertex 816 894 2696.41
      vertex 816 898.079 2695.76
    endloop
  endfacet
  facet normal 0 0.157367 0.98754
    outer loop
      vertex 816 894 2696.41
      vertex 813 898.079 2695.76
      vertex 813 894 2696.41
    endloop
  endfacet
  facet normal 0 0.707107 0.707107
    outer loop
      vertex 816 904.679 2690.96
      vertex 813 901.759 2693.88
      vertex 816 901.759 2693.88
    endloop
  endfacet
  facet normal 0 0.707107 0.707107
    outer loop
      vertex 813 901.759 2693.88
      vertex 816 904.679 2690.96
      vertex 813 904.679 2690.96
    endloop
  endfacet
  facet normal 0 -0.987637 0.15676
    outer loop
      vertex 813 880.8 2683.21
      vertex 816 881.446 2687.28
      vertex 813 881.446 2687.28
    endloop
  endfacet
  facet normal 0 -0.987637 0.15676
    outer loop
      vertex 816 881.446 2687.28
      vertex 813 880.8 2683.21
      vertex 816 880.8 2683.21
    endloop
  endfacet
  facet normal 0 0.891012 -0.45398
    outer loop
      vertex 816 904.679 2675.45
      vertex 813 906.554 2679.13
      vertex 816 906.554 2679.13
    endloop
  endfacet
  facet normal 0 0.891012 -0.45398
    outer loop
      vertex 813 906.554 2679.13
      vertex 816 904.679 2675.45
      vertex 813 904.679 2675.45
    endloop
  endfacet
  facet normal 0 -0.891012 0.45398
    outer loop
      vertex 813 881.446 2687.28
      vertex 816 883.321 2690.96
      vertex 813 883.321 2690.96
    endloop
  endfacet
  facet normal 0 -0.891012 0.45398
    outer loop
      vertex 816 883.321 2690.96
      vertex 813 881.446 2687.28
      vertex 816 881.446 2687.28
    endloop
  endfacet
  facet normal 0 -0.707107 0.707107
    outer loop
      vertex 813 883.321 2690.96
      vertex 816 886.241 2693.88
      vertex 813 886.241 2693.88
    endloop
  endfacet
  facet normal 0 -0.707107 0.707107
    outer loop
      vertex 816 886.241 2693.88
      vertex 813 883.321 2690.96
      vertex 816 883.321 2690.96
    endloop
  endfacet
  facet normal 0 -0.987696 -0.156385
    outer loop
      vertex 813 881.446 2679.13
      vertex 816 880.8 2683.21
      vertex 813 880.8 2683.21
    endloop
  endfacet
  facet normal 0 -0.987696 -0.156385
    outer loop
      vertex 816 880.8 2683.21
      vertex 813 881.446 2679.13
      vertex 816 881.446 2679.13
    endloop
  endfacet
  facet normal 0 0.454941 -0.890522
    outer loop
      vertex 813 898.079 2670.65
      vertex 816 901.759 2672.53
      vertex 816 898.079 2670.65
    endloop
  endfacet
  facet normal 0 0.454941 -0.890522
    outer loop
      vertex 816 901.759 2672.53
      vertex 813 898.079 2670.65
      vertex 813 901.759 2672.53
    endloop
  endfacet
  facet normal 0 -0.157367 0.98754
    outer loop
      vertex 813 894 2696.41
      vertex 816 889.921 2695.76
      vertex 816 894 2696.41
    endloop
  endfacet
  facet normal 0 -0.157367 0.98754
    outer loop
      vertex 816 889.921 2695.76
      vertex 813 894 2696.41
      vertex 813 889.921 2695.76
    endloop
  endfacet
  facet normal 0 0.155005 -0.987914
    outer loop
      vertex 813 894 2670.01
      vertex 816 898.079 2670.65
      vertex 816 894 2670.01
    endloop
  endfacet
  facet normal 0 0.155005 -0.987914
    outer loop
      vertex 816 898.079 2670.65
      vertex 813 894 2670.01
      vertex 813 898.079 2670.65
    endloop
  endfacet
  facet normal 0 -0.454941 0.890522
    outer loop
      vertex 813 889.921 2695.76
      vertex 816 886.241 2693.88
      vertex 816 889.921 2695.76
    endloop
  endfacet
  facet normal 0 -0.454941 0.890522
    outer loop
      vertex 816 886.241 2693.88
      vertex 813 889.921 2695.76
      vertex 813 886.241 2693.88
    endloop
  endfacet
  facet normal 0 0.987637 0.15676
    outer loop
      vertex 816 907.2 2683.21
      vertex 813 906.554 2687.28
      vertex 816 906.554 2687.28
    endloop
  endfacet
  facet normal 0 0.987637 0.15676
    outer loop
      vertex 813 906.554 2687.28
      vertex 816 907.2 2683.21
      vertex 813 907.2 2683.21
    endloop
  endfacet
  facet normal 0 0.891012 0.45398
    outer loop
      vertex 816 906.554 2687.28
      vertex 813 904.679 2690.96
      vertex 816 904.679 2690.96
    endloop
  endfacet
  facet normal 0 0.891012 0.45398
    outer loop
      vertex 813 904.679 2690.96
      vertex 816 906.554 2687.28
      vertex 813 906.554 2687.28
    endloop
  endfacet
  facet normal 0 -0.454941 -0.890522
    outer loop
      vertex 813 886.241 2672.53
      vertex 816 889.921 2670.65
      vertex 816 886.241 2672.53
    endloop
  endfacet
  facet normal -0 -0.454941 -0.890522
    outer loop
      vertex 816 889.921 2670.65
      vertex 813 886.241 2672.53
      vertex 813 889.921 2670.65
    endloop
  endfacet
  facet normal 0 0.987696 -0.156385
    outer loop
      vertex 816 906.554 2679.13
      vertex 813 907.2 2683.21
      vertex 816 907.2 2683.21
    endloop
  endfacet
  facet normal 0 0.987696 -0.156385
    outer loop
      vertex 813 907.2 2683.21
      vertex 816 906.554 2679.13
      vertex 813 906.554 2679.13
    endloop
  endfacet
  facet normal 0 -0.707107 -0.707107
    outer loop
      vertex 813 883.321 2675.45
      vertex 816 886.241 2672.53
      vertex 816 883.321 2675.45
    endloop
  endfacet
  facet normal -0 -0.707107 -0.707107
    outer loop
      vertex 816 886.241 2672.53
      vertex 813 883.321 2675.45
      vertex 813 886.241 2672.53
    endloop
  endfacet
  facet normal -1 0 0
    outer loop
      vertex 813 903.093 2677.96
      vertex 813 907.2 2683.21
      vertex 813 906.554 2679.13
    endloop
  endfacet
  facet normal -1 0 0
    outer loop
      vertex 813 903.093 2677.96
      vertex 813 906.554 2679.13
      vertex 813 904.679 2675.45
    endloop
  endfacet
  facet normal -1 0 0
    outer loop
      vertex 813 903.093 2688.46
      vertex 813 907.2 2683.21
      vertex 813 903.093 2677.96
    endloop
  endfacet
  facet normal -1 0 0
    outer loop
      vertex 813 907.2 2683.21
      vertex 813 903.093 2688.46
      vertex 813 906.554 2687.28
    endloop
  endfacet
  facet normal -1 0 0
    outer loop
      vertex 813 901.759 2672.53
      vertex 813 903.093 2677.96
      vertex 813 904.679 2675.45
    endloop
  endfacet
  facet normal -1 0 0
    outer loop
      vertex 813 894 2672.71
      vertex 813 901.759 2672.53
      vertex 813 898.079 2670.65
    endloop
  endfacet
  facet normal -1 0 0
    outer loop
      vertex 813 894 2672.71
      vertex 813 898.079 2670.65
      vertex 813 894 2670.01
    endloop
  endfacet
  facet normal -1 0 0
    outer loop
      vertex 813 901.759 2672.53
      vertex 813 894 2672.71
      vertex 813 903.093 2677.96
    endloop
  endfacet
  facet normal -1 0 0
    outer loop
      vertex 813 889.921 2670.65
      vertex 813 894 2672.71
      vertex 813 894 2670.01
    endloop
  endfacet
  facet normal -1 0 0
    outer loop
      vertex 813 886.241 2672.53
      vertex 813 894 2672.71
      vertex 813 889.921 2670.65
    endloop
  endfacet
  facet normal -1 0 0
    outer loop
      vertex 813 886.241 2672.53
      vertex 813 884.907 2677.96
      vertex 813 894 2672.71
    endloop
  endfacet
  facet normal -1 0 0
    outer loop
      vertex 813 881.446 2679.13
      vertex 813 884.907 2677.96
      vertex 813 883.321 2675.45
    endloop
  endfacet
  facet normal -1 0 0
    outer loop
      vertex 813 883.321 2675.45
      vertex 813 884.907 2677.96
      vertex 813 886.241 2672.53
    endloop
  endfacet
  facet normal -1 0 0
    outer loop
      vertex 813 906.554 2687.28
      vertex 813 903.093 2688.46
      vertex 813 904.679 2690.96
    endloop
  endfacet
  facet normal -1 0 0
    outer loop
      vertex 813 903.093 2688.46
      vertex 813 901.759 2693.88
      vertex 813 904.679 2690.96
    endloop
  endfacet
  facet normal -1 0 0
    outer loop
      vertex 813 894 2693.71
      vertex 813 901.759 2693.88
      vertex 813 903.093 2688.46
    endloop
  endfacet
  facet normal -1 -0 0
    outer loop
      vertex 813 901.759 2693.88
      vertex 813 894 2693.71
      vertex 813 898.079 2695.76
    endloop
  endfacet
  facet normal -1 0 0
    outer loop
      vertex 813 894 2693.71
      vertex 813 894 2696.41
      vertex 813 898.079 2695.76
    endloop
  endfacet
  facet normal -1 0 0
    outer loop
      vertex 813 894 2693.71
      vertex 813 889.921 2695.76
      vertex 813 894 2696.41
    endloop
  endfacet
  facet normal -1 0 0
    outer loop
      vertex 813 894 2693.71
      vertex 813 886.241 2693.88
      vertex 813 889.921 2695.76
    endloop
  endfacet
  facet normal -1 0 0
    outer loop
      vertex 813 884.907 2688.46
      vertex 813 886.241 2693.88
      vertex 813 894 2693.71
    endloop
  endfacet
  facet normal -1 0 0
    outer loop
      vertex 813 884.907 2688.46
      vertex 813 883.321 2690.96
      vertex 813 886.241 2693.88
    endloop
  endfacet
  facet normal -1 0 0
    outer loop
      vertex 813 880.8 2683.21
      vertex 813 884.907 2677.96
      vertex 813 881.446 2679.13
    endloop
  endfacet
  facet normal -1 0 0
    outer loop
      vertex 813 884.907 2677.96
      vertex 813 880.8 2683.21
      vertex 813 884.907 2688.46
    endloop
  endfacet
  facet normal -1 -0 0
    outer loop
      vertex 813 884.907 2688.46
      vertex 813 881.446 2687.28
      vertex 813 883.321 2690.96
    endloop
  endfacet
  facet normal -1 0 0
    outer loop
      vertex 813 884.907 2688.46
      vertex 813 880.8 2683.21
      vertex 813 881.446 2687.28
    endloop
  endfacet
  facet normal 0 -0.155005 -0.987914
    outer loop
      vertex 813 889.921 2670.65
      vertex 816 894 2670.01
      vertex 816 889.921 2670.65
    endloop
  endfacet
  facet normal -0 -0.155005 -0.987914
    outer loop
      vertex 816 894 2670.01
      vertex 813 889.921 2670.65
      vertex 813 894 2670.01
    endloop
  endfacet
  facet normal 0 -0.891012 -0.45398
    outer loop
      vertex 813 883.321 2675.45
      vertex 816 881.446 2679.13
      vertex 813 881.446 2679.13
    endloop
  endfacet
  facet normal 0 -0.891012 -0.45398
    outer loop
      vertex 816 881.446 2679.13
      vertex 813 883.321 2675.45
      vertex 816 883.321 2675.45
    endloop
  endfacet
  facet normal 0 0.707107 -0.707107
    outer loop
      vertex 813 901.759 2672.53
      vertex 816 904.679 2675.45
      vertex 816 901.759 2672.53
    endloop
  endfacet
  facet normal 0 0.707107 -0.707107
    outer loop
      vertex 816 904.679 2675.45
      vertex 813 901.759 2672.53
      vertex 813 904.679 2675.45
    endloop
  endfacet
  facet normal 0 -1 0
    outer loop
      vertex 803 884.907 2677.96
      vertex 813 884.907 2688.46
      vertex 803 884.907 2688.46
    endloop
  endfacet
  facet normal 0 -1 -0
    outer loop
      vertex 813 884.907 2688.46
      vertex 803 884.907 2677.96
      vertex 813 884.907 2677.96
    endloop
  endfacet
  facet normal 0 -0.500011 0.866019
    outer loop
      vertex 803 894 2693.71
      vertex 813 884.907 2688.46
      vertex 813 894 2693.71
    endloop
  endfacet
  facet normal 0 -0.500011 0.866019
    outer loop
      vertex 813 884.907 2688.46
      vertex 803 894 2693.71
      vertex 803 884.907 2688.46
    endloop
  endfacet
  facet normal 0 1 -0
    outer loop
      vertex 813 903.093 2677.96
      vertex 803 903.093 2688.46
      vertex 813 903.093 2688.46
    endloop
  endfacet
  facet normal 0 1 0
    outer loop
      vertex 803 903.093 2688.46
      vertex 813 903.093 2677.96
      vertex 803 903.093 2677.96
    endloop
  endfacet
  facet normal -0 0.500011 0.866019
    outer loop
      vertex 803 903.093 2688.46
      vertex 813 894 2693.71
      vertex 813 903.093 2688.46
    endloop
  endfacet
  facet normal 0 0.500011 0.866019
    outer loop
      vertex 813 894 2693.71
      vertex 803 903.093 2688.46
      vertex 803 894 2693.71
    endloop
  endfacet
  facet normal 0 0.500011 -0.866019
    outer loop
      vertex 803 894 2672.71
      vertex 813 903.093 2677.96
      vertex 813 894 2672.71
    endloop
  endfacet
  facet normal 0 0.500011 -0.866019
    outer loop
      vertex 813 903.093 2677.96
      vertex 803 894 2672.71
      vertex 803 903.093 2677.96
    endloop
  endfacet
  facet normal 0 -0.500011 -0.866019
    outer loop
      vertex 803 884.907 2677.96
      vertex 813 894 2672.71
      vertex 813 884.907 2677.96
    endloop
  endfacet
  facet normal -0 -0.500011 -0.866019
    outer loop
      vertex 813 894 2672.71
      vertex 803 884.907 2677.96
      vertex 803 894 2672.71
    endloop
  endfacet
  facet normal -1 0 0
    outer loop
      vertex 803 894 2672.71
      vertex 803 903.093 2688.46
      vertex 803 903.093 2677.96
    endloop
  endfacet
  facet normal -1 0 0
    outer loop
      vertex 803 894 2672.71
      vertex 803 894 2693.71
      vertex 803 903.093 2688.46
    endloop
  endfacet
  facet normal -1 0 0
    outer loop
      vertex 803 884.907 2677.96
      vertex 803 894 2693.71
      vertex 803 894 2672.71
    endloop
  endfacet
  facet normal -1 0 0
    outer loop
      vertex 803 894 2693.71
      vertex 803 884.907 2677.96
      vertex 803 884.907 2688.46
    endloop
  endfacet
  facet normal 0 0.454941 -0.890522
    outer loop
      vertex 976 962.079 2615.65
      vertex 979 965.759 2617.53
      vertex 979 962.079 2615.65
    endloop
  endfacet
  facet normal 0 0.454941 -0.890522
    outer loop
      vertex 979 965.759 2617.53
      vertex 976 962.079 2615.65
      vertex 976 965.759 2617.53
    endloop
  endfacet
  facet normal 0 0.155005 -0.987914
    outer loop
      vertex 976 958 2615.01
      vertex 979 962.079 2615.65
      vertex 979 958 2615.01
    endloop
  endfacet
  facet normal 0 0.155005 -0.987914
    outer loop
      vertex 979 962.079 2615.65
      vertex 976 958 2615.01
      vertex 976 962.079 2615.65
    endloop
  endfacet
  facet normal 0 0.707107 -0.707107
    outer loop
      vertex 976 965.759 2617.53
      vertex 979 968.679 2620.45
      vertex 979 965.759 2617.53
    endloop
  endfacet
  facet normal 0 0.707107 -0.707107
    outer loop
      vertex 979 968.679 2620.45
      vertex 976 965.759 2617.53
      vertex 976 968.679 2620.45
    endloop
  endfacet
  facet normal 0 -0.987696 -0.156385
    outer loop
      vertex 976 945.446 2624.13
      vertex 979 944.8 2628.21
      vertex 976 944.8 2628.21
    endloop
  endfacet
  facet normal 0 -0.987696 -0.156385
    outer loop
      vertex 979 944.8 2628.21
      vertex 976 945.446 2624.13
      vertex 979 945.446 2624.13
    endloop
  endfacet
  facet normal 0 0.891012 0.45398
    outer loop
      vertex 979 970.554 2632.28
      vertex 976 968.679 2635.96
      vertex 979 968.679 2635.96
    endloop
  endfacet
  facet normal 0 0.891012 0.45398
    outer loop
      vertex 976 968.679 2635.96
      vertex 979 970.554 2632.28
      vertex 976 970.554 2632.28
    endloop
  endfacet
  facet normal 0 -0.891012 -0.45398
    outer loop
      vertex 976 947.321 2620.45
      vertex 979 945.446 2624.13
      vertex 976 945.446 2624.13
    endloop
  endfacet
  facet normal 0 -0.891012 -0.45398
    outer loop
      vertex 979 945.446 2624.13
      vertex 976 947.321 2620.45
      vertex 979 947.321 2620.45
    endloop
  endfacet
  facet normal 0 -0.707107 -0.707107
    outer loop
      vertex 976 947.321 2620.45
      vertex 979 950.241 2617.53
      vertex 979 947.321 2620.45
    endloop
  endfacet
  facet normal -0 -0.707107 -0.707107
    outer loop
      vertex 979 950.241 2617.53
      vertex 976 947.321 2620.45
      vertex 976 950.241 2617.53
    endloop
  endfacet
  facet normal 0 -0.987637 0.15676
    outer loop
      vertex 976 944.8 2628.21
      vertex 979 945.446 2632.28
      vertex 976 945.446 2632.28
    endloop
  endfacet
  facet normal 0 -0.987637 0.15676
    outer loop
      vertex 979 945.446 2632.28
      vertex 976 944.8 2628.21
      vertex 979 944.8 2628.21
    endloop
  endfacet
  facet normal -0 0.454941 0.890522
    outer loop
      vertex 976 965.759 2638.88
      vertex 979 962.079 2640.76
      vertex 979 965.759 2638.88
    endloop
  endfacet
  facet normal 0 0.454941 0.890522
    outer loop
      vertex 979 962.079 2640.76
      vertex 976 965.759 2638.88
      vertex 976 962.079 2640.76
    endloop
  endfacet
  facet normal 0 -0.155005 -0.987914
    outer loop
      vertex 976 953.921 2615.65
      vertex 979 958 2615.01
      vertex 979 953.921 2615.65
    endloop
  endfacet
  facet normal -0 -0.155005 -0.987914
    outer loop
      vertex 979 958 2615.01
      vertex 976 953.921 2615.65
      vertex 976 958 2615.01
    endloop
  endfacet
  facet normal -0 0.157367 0.98754
    outer loop
      vertex 976 962.079 2640.76
      vertex 979 958 2641.41
      vertex 979 962.079 2640.76
    endloop
  endfacet
  facet normal 0 0.157367 0.98754
    outer loop
      vertex 979 958 2641.41
      vertex 976 962.079 2640.76
      vertex 976 958 2641.41
    endloop
  endfacet
  facet normal 0 -0.454941 -0.890522
    outer loop
      vertex 976 950.241 2617.53
      vertex 979 953.921 2615.65
      vertex 979 950.241 2617.53
    endloop
  endfacet
  facet normal -0 -0.454941 -0.890522
    outer loop
      vertex 979 953.921 2615.65
      vertex 976 950.241 2617.53
      vertex 976 953.921 2615.65
    endloop
  endfacet
  facet normal 0 0.987696 -0.156385
    outer loop
      vertex 979 970.554 2624.13
      vertex 976 971.2 2628.21
      vertex 979 971.2 2628.21
    endloop
  endfacet
  facet normal 0 0.987696 -0.156385
    outer loop
      vertex 976 971.2 2628.21
      vertex 979 970.554 2624.13
      vertex 976 970.554 2624.13
    endloop
  endfacet
  facet normal 0 0.891012 -0.45398
    outer loop
      vertex 979 968.679 2620.45
      vertex 976 970.554 2624.13
      vertex 979 970.554 2624.13
    endloop
  endfacet
  facet normal 0 0.891012 -0.45398
    outer loop
      vertex 976 970.554 2624.13
      vertex 979 968.679 2620.45
      vertex 976 968.679 2620.45
    endloop
  endfacet
  facet normal 0 -0.454941 0.890522
    outer loop
      vertex 976 953.921 2640.76
      vertex 979 950.241 2638.88
      vertex 979 953.921 2640.76
    endloop
  endfacet
  facet normal 0 -0.454941 0.890522
    outer loop
      vertex 979 950.241 2638.88
      vertex 976 953.921 2640.76
      vertex 976 950.241 2638.88
    endloop
  endfacet
  facet normal 0 0.987637 0.15676
    outer loop
      vertex 979 971.2 2628.21
      vertex 976 970.554 2632.28
      vertex 979 970.554 2632.28
    endloop
  endfacet
  facet normal 0 0.987637 0.15676
    outer loop
      vertex 976 970.554 2632.28
      vertex 979 971.2 2628.21
      vertex 976 971.2 2628.21
    endloop
  endfacet
  facet normal 0 -0.707107 0.707107
    outer loop
      vertex 976 947.321 2635.96
      vertex 979 950.241 2638.88
      vertex 976 950.241 2638.88
    endloop
  endfacet
  facet normal 0 -0.707107 0.707107
    outer loop
      vertex 979 950.241 2638.88
      vertex 976 947.321 2635.96
      vertex 979 947.321 2635.96
    endloop
  endfacet
  facet normal 1 0 0
    outer loop
      vertex 979 967.093 2633.46
      vertex 979 971.2 2628.21
      vertex 979 970.554 2632.28
    endloop
  endfacet
  facet normal 1 -0 0
    outer loop
      vertex 979 967.093 2633.46
      vertex 979 970.554 2632.28
      vertex 979 968.679 2635.96
    endloop
  endfacet
  facet normal 1 0 0
    outer loop
      vertex 979 967.093 2622.96
      vertex 979 971.2 2628.21
      vertex 979 967.093 2633.46
    endloop
  endfacet
  facet normal 1 0 0
    outer loop
      vertex 979 971.2 2628.21
      vertex 979 967.093 2622.96
      vertex 979 970.554 2624.13
    endloop
  endfacet
  facet normal 1 0 0
    outer loop
      vertex 979 965.759 2638.88
      vertex 979 967.093 2633.46
      vertex 979 968.679 2635.96
    endloop
  endfacet
  facet normal 1 0 0
    outer loop
      vertex 979 958 2638.71
      vertex 979 965.759 2638.88
      vertex 979 962.079 2640.76
    endloop
  endfacet
  facet normal 1 0 0
    outer loop
      vertex 979 958 2638.71
      vertex 979 962.079 2640.76
      vertex 979 958 2641.41
    endloop
  endfacet
  facet normal 1 0 0
    outer loop
      vertex 979 965.759 2638.88
      vertex 979 958 2638.71
      vertex 979 967.093 2633.46
    endloop
  endfacet
  facet normal 1 -0 0
    outer loop
      vertex 979 953.921 2640.76
      vertex 979 958 2638.71
      vertex 979 958 2641.41
    endloop
  endfacet
  facet normal 1 -0 0
    outer loop
      vertex 979 950.241 2638.88
      vertex 979 958 2638.71
      vertex 979 953.921 2640.76
    endloop
  endfacet
  facet normal 1 0 0
    outer loop
      vertex 979 950.241 2638.88
      vertex 979 948.907 2633.46
      vertex 979 958 2638.71
    endloop
  endfacet
  facet normal 1 0 0
    outer loop
      vertex 979 945.446 2632.28
      vertex 979 948.907 2633.46
      vertex 979 947.321 2635.96
    endloop
  endfacet
  facet normal 1 -0 0
    outer loop
      vertex 979 947.321 2635.96
      vertex 979 948.907 2633.46
      vertex 979 950.241 2638.88
    endloop
  endfacet
  facet normal 1 0 0
    outer loop
      vertex 979 970.554 2624.13
      vertex 979 967.093 2622.96
      vertex 979 968.679 2620.45
    endloop
  endfacet
  facet normal 1 0 0
    outer loop
      vertex 979 967.093 2622.96
      vertex 979 965.759 2617.53
      vertex 979 968.679 2620.45
    endloop
  endfacet
  facet normal 1 -0 0
    outer loop
      vertex 979 958 2617.71
      vertex 979 965.759 2617.53
      vertex 979 967.093 2622.96
    endloop
  endfacet
  facet normal 1 0 0
    outer loop
      vertex 979 965.759 2617.53
      vertex 979 958 2617.71
      vertex 979 962.079 2615.65
    endloop
  endfacet
  facet normal 1 0 0
    outer loop
      vertex 979 958 2617.71
      vertex 979 958 2615.01
      vertex 979 962.079 2615.65
    endloop
  endfacet
  facet normal 1 0 0
    outer loop
      vertex 979 958 2617.71
      vertex 979 953.921 2615.65
      vertex 979 958 2615.01
    endloop
  endfacet
  facet normal 1 0 0
    outer loop
      vertex 979 958 2617.71
      vertex 979 950.241 2617.53
      vertex 979 953.921 2615.65
    endloop
  endfacet
  facet normal 1 0 0
    outer loop
      vertex 979 948.907 2622.96
      vertex 979 950.241 2617.53
      vertex 979 958 2617.71
    endloop
  endfacet
  facet normal 1 0 0
    outer loop
      vertex 979 948.907 2622.96
      vertex 979 947.321 2620.45
      vertex 979 950.241 2617.53
    endloop
  endfacet
  facet normal 1 0 0
    outer loop
      vertex 979 944.8 2628.21
      vertex 979 948.907 2633.46
      vertex 979 945.446 2632.28
    endloop
  endfacet
  facet normal 1 0 0
    outer loop
      vertex 979 948.907 2633.46
      vertex 979 944.8 2628.21
      vertex 979 948.907 2622.96
    endloop
  endfacet
  facet normal 1 0 0
    outer loop
      vertex 979 948.907 2622.96
      vertex 979 945.446 2624.13
      vertex 979 947.321 2620.45
    endloop
  endfacet
  facet normal 1 0 0
    outer loop
      vertex 979 948.907 2622.96
      vertex 979 944.8 2628.21
      vertex 979 945.446 2624.13
    endloop
  endfacet
  facet normal 0 -0.157367 0.98754
    outer loop
      vertex 976 958 2641.41
      vertex 979 953.921 2640.76
      vertex 979 958 2641.41
    endloop
  endfacet
  facet normal 0 -0.157367 0.98754
    outer loop
      vertex 979 953.921 2640.76
      vertex 976 958 2641.41
      vertex 976 953.921 2640.76
    endloop
  endfacet
  facet normal 0 -0.891012 0.45398
    outer loop
      vertex 976 945.446 2632.28
      vertex 979 947.321 2635.96
      vertex 976 947.321 2635.96
    endloop
  endfacet
  facet normal 0 -0.891012 0.45398
    outer loop
      vertex 979 947.321 2635.96
      vertex 976 945.446 2632.28
      vertex 979 945.446 2632.28
    endloop
  endfacet
  facet normal 0 0.707107 0.707107
    outer loop
      vertex 979 968.679 2635.96
      vertex 976 965.759 2638.88
      vertex 979 965.759 2638.88
    endloop
  endfacet
  facet normal 0 0.707107 0.707107
    outer loop
      vertex 976 965.759 2638.88
      vertex 979 968.679 2635.96
      vertex 976 968.679 2635.96
    endloop
  endfacet
  facet normal 0 -1 0
    outer loop
      vertex 979 948.907 2622.96
      vertex 987 948.907 2633.46
      vertex 979 948.907 2633.46
    endloop
  endfacet
  facet normal 0 -1 -0
    outer loop
      vertex 987 948.907 2633.46
      vertex 979 948.907 2622.96
      vertex 987 948.907 2622.96
    endloop
  endfacet
  facet normal 0 -0.500011 -0.866019
    outer loop
      vertex 979 948.907 2622.96
      vertex 987 958 2617.71
      vertex 987 948.907 2622.96
    endloop
  endfacet
  facet normal -0 -0.500011 -0.866019
    outer loop
      vertex 987 958 2617.71
      vertex 979 948.907 2622.96
      vertex 979 958 2617.71
    endloop
  endfacet
  facet normal 0 1 -0
    outer loop
      vertex 987 967.093 2622.96
      vertex 979 967.093 2633.46
      vertex 987 967.093 2633.46
    endloop
  endfacet
  facet normal 0 1 0
    outer loop
      vertex 979 967.093 2633.46
      vertex 987 967.093 2622.96
      vertex 979 967.093 2622.96
    endloop
  endfacet
  facet normal 0 0.500011 -0.866019
    outer loop
      vertex 979 958 2617.71
      vertex 987 967.093 2622.96
      vertex 987 958 2617.71
    endloop
  endfacet
  facet normal 0 0.500011 -0.866019
    outer loop
      vertex 987 967.093 2622.96
      vertex 979 958 2617.71
      vertex 979 967.093 2622.96
    endloop
  endfacet
  facet normal -0 0.500011 0.866019
    outer loop
      vertex 979 967.093 2633.46
      vertex 987 958 2638.71
      vertex 987 967.093 2633.46
    endloop
  endfacet
  facet normal 0 0.500011 0.866019
    outer loop
      vertex 987 958 2638.71
      vertex 979 967.093 2633.46
      vertex 979 958 2638.71
    endloop
  endfacet
  facet normal 0 -0.500011 0.866019
    outer loop
      vertex 979 958 2638.71
      vertex 987 948.907 2633.46
      vertex 987 958 2638.71
    endloop
  endfacet
  facet normal 0 -0.500011 0.866019
    outer loop
      vertex 987 948.907 2633.46
      vertex 979 958 2638.71
      vertex 979 948.907 2633.46
    endloop
  endfacet
  facet normal 1 0 0
    outer loop
      vertex 987 958 2638.71
      vertex 987 967.093 2622.96
      vertex 987 967.093 2633.46
    endloop
  endfacet
  facet normal 1 0 0
    outer loop
      vertex 987 958 2638.71
      vertex 987 958 2617.71
      vertex 987 967.093 2622.96
    endloop
  endfacet
  facet normal 1 -0 0
    outer loop
      vertex 987 948.907 2633.46
      vertex 987 958 2617.71
      vertex 987 958 2638.71
    endloop
  endfacet
  facet normal 1 0 0
    outer loop
      vertex 987 958 2617.71
      vertex 987 948.907 2633.46
      vertex 987 948.907 2622.96
    endloop
  endfacet
  facet normal -0 0.454941 0.890522
    outer loop
      vertex 813 965.759 2638.88
      vertex 816 962.079 2640.76
      vertex 816 965.759 2638.88
    endloop
  endfacet
  facet normal 0 0.454941 0.890522
    outer loop
      vertex 816 962.079 2640.76
      vertex 813 965.759 2638.88
      vertex 813 962.079 2640.76
    endloop
  endfacet
  facet normal -0 0.157367 0.98754
    outer loop
      vertex 813 962.079 2640.76
      vertex 816 958 2641.41
      vertex 816 962.079 2640.76
    endloop
  endfacet
  facet normal 0 0.157367 0.98754
    outer loop
      vertex 816 958 2641.41
      vertex 813 962.079 2640.76
      vertex 813 958 2641.41
    endloop
  endfacet
  facet normal 0 0.707107 0.707107
    outer loop
      vertex 816 968.679 2635.96
      vertex 813 965.759 2638.88
      vertex 816 965.759 2638.88
    endloop
  endfacet
  facet normal 0 0.707107 0.707107
    outer loop
      vertex 813 965.759 2638.88
      vertex 816 968.679 2635.96
      vertex 813 968.679 2635.96
    endloop
  endfacet
  facet normal 0 -0.987637 0.15676
    outer loop
      vertex 813 944.8 2628.21
      vertex 816 945.446 2632.28
      vertex 813 945.446 2632.28
    endloop
  endfacet
  facet normal 0 -0.987637 0.15676
    outer loop
      vertex 816 945.446 2632.28
      vertex 813 944.8 2628.21
      vertex 816 944.8 2628.21
    endloop
  endfacet
  facet normal 0 0.891012 -0.45398
    outer loop
      vertex 816 968.679 2620.45
      vertex 813 970.554 2624.13
      vertex 816 970.554 2624.13
    endloop
  endfacet
  facet normal 0 0.891012 -0.45398
    outer loop
      vertex 813 970.554 2624.13
      vertex 816 968.679 2620.45
      vertex 813 968.679 2620.45
    endloop
  endfacet
  facet normal 0 -0.891012 0.45398
    outer loop
      vertex 813 945.446 2632.28
      vertex 816 947.321 2635.96
      vertex 813 947.321 2635.96
    endloop
  endfacet
  facet normal 0 -0.891012 0.45398
    outer loop
      vertex 816 947.321 2635.96
      vertex 813 945.446 2632.28
      vertex 816 945.446 2632.28
    endloop
  endfacet
  facet normal 0 -0.707107 0.707107
    outer loop
      vertex 813 947.321 2635.96
      vertex 816 950.241 2638.88
      vertex 813 950.241 2638.88
    endloop
  endfacet
  facet normal 0 -0.707107 0.707107
    outer loop
      vertex 816 950.241 2638.88
      vertex 813 947.321 2635.96
      vertex 816 947.321 2635.96
    endloop
  endfacet
  facet normal 0 -0.987696 -0.156385
    outer loop
      vertex 813 945.446 2624.13
      vertex 816 944.8 2628.21
      vertex 813 944.8 2628.21
    endloop
  endfacet
  facet normal 0 -0.987696 -0.156385
    outer loop
      vertex 816 944.8 2628.21
      vertex 813 945.446 2624.13
      vertex 816 945.446 2624.13
    endloop
  endfacet
  facet normal 0 0.454941 -0.890522
    outer loop
      vertex 813 962.079 2615.65
      vertex 816 965.759 2617.53
      vertex 816 962.079 2615.65
    endloop
  endfacet
  facet normal 0 0.454941 -0.890522
    outer loop
      vertex 816 965.759 2617.53
      vertex 813 962.079 2615.65
      vertex 813 965.759 2617.53
    endloop
  endfacet
  facet normal 0 -0.157367 0.98754
    outer loop
      vertex 813 958 2641.41
      vertex 816 953.921 2640.76
      vertex 816 958 2641.41
    endloop
  endfacet
  facet normal 0 -0.157367 0.98754
    outer loop
      vertex 816 953.921 2640.76
      vertex 813 958 2641.41
      vertex 813 953.921 2640.76
    endloop
  endfacet
  facet normal 0 0.155005 -0.987914
    outer loop
      vertex 813 958 2615.01
      vertex 816 962.079 2615.65
      vertex 816 958 2615.01
    endloop
  endfacet
  facet normal 0 0.155005 -0.987914
    outer loop
      vertex 816 962.079 2615.65
      vertex 813 958 2615.01
      vertex 813 962.079 2615.65
    endloop
  endfacet
  facet normal 0 -0.454941 0.890522
    outer loop
      vertex 813 953.921 2640.76
      vertex 816 950.241 2638.88
      vertex 816 953.921 2640.76
    endloop
  endfacet
  facet normal 0 -0.454941 0.890522
    outer loop
      vertex 816 950.241 2638.88
      vertex 813 953.921 2640.76
      vertex 813 950.241 2638.88
    endloop
  endfacet
  facet normal 0 0.987637 0.15676
    outer loop
      vertex 816 971.2 2628.21
      vertex 813 970.554 2632.28
      vertex 816 970.554 2632.28
    endloop
  endfacet
  facet normal 0 0.987637 0.15676
    outer loop
      vertex 813 970.554 2632.28
      vertex 816 971.2 2628.21
      vertex 813 971.2 2628.21
    endloop
  endfacet
  facet normal 0 0.891012 0.45398
    outer loop
      vertex 816 970.554 2632.28
      vertex 813 968.679 2635.96
      vertex 816 968.679 2635.96
    endloop
  endfacet
  facet normal 0 0.891012 0.45398
    outer loop
      vertex 813 968.679 2635.96
      vertex 816 970.554 2632.28
      vertex 813 970.554 2632.28
    endloop
  endfacet
  facet normal 0 -0.454941 -0.890522
    outer loop
      vertex 813 950.241 2617.53
      vertex 816 953.921 2615.65
      vertex 816 950.241 2617.53
    endloop
  endfacet
  facet normal -0 -0.454941 -0.890522
    outer loop
      vertex 816 953.921 2615.65
      vertex 813 950.241 2617.53
      vertex 813 953.921 2615.65
    endloop
  endfacet
  facet normal 0 0.987696 -0.156385
    outer loop
      vertex 816 970.554 2624.13
      vertex 813 971.2 2628.21
      vertex 816 971.2 2628.21
    endloop
  endfacet
  facet normal 0 0.987696 -0.156385
    outer loop
      vertex 813 971.2 2628.21
      vertex 816 970.554 2624.13
      vertex 813 970.554 2624.13
    endloop
  endfacet
  facet normal 0 -0.707107 -0.707107
    outer loop
      vertex 813 947.321 2620.45
      vertex 816 950.241 2617.53
      vertex 816 947.321 2620.45
    endloop
  endfacet
  facet normal -0 -0.707107 -0.707107
    outer loop
      vertex 816 950.241 2617.53
      vertex 813 947.321 2620.45
      vertex 813 950.241 2617.53
    endloop
  endfacet
  facet normal -1 0 0
    outer loop
      vertex 813 967.093 2622.96
      vertex 813 971.2 2628.21
      vertex 813 970.554 2624.13
    endloop
  endfacet
  facet normal -1 0 0
    outer loop
      vertex 813 967.093 2622.96
      vertex 813 970.554 2624.13
      vertex 813 968.679 2620.45
    endloop
  endfacet
  facet normal -1 0 0
    outer loop
      vertex 813 967.093 2633.46
      vertex 813 971.2 2628.21
      vertex 813 967.093 2622.96
    endloop
  endfacet
  facet normal -1 0 0
    outer loop
      vertex 813 971.2 2628.21
      vertex 813 967.093 2633.46
      vertex 813 970.554 2632.28
    endloop
  endfacet
  facet normal -1 0 0
    outer loop
      vertex 813 965.759 2617.53
      vertex 813 967.093 2622.96
      vertex 813 968.679 2620.45
    endloop
  endfacet
  facet normal -1 0 0
    outer loop
      vertex 813 958 2617.71
      vertex 813 965.759 2617.53
      vertex 813 962.079 2615.65
    endloop
  endfacet
  facet normal -1 0 0
    outer loop
      vertex 813 958 2617.71
      vertex 813 962.079 2615.65
      vertex 813 958 2615.01
    endloop
  endfacet
  facet normal -1 0 0
    outer loop
      vertex 813 965.759 2617.53
      vertex 813 958 2617.71
      vertex 813 967.093 2622.96
    endloop
  endfacet
  facet normal -1 0 0
    outer loop
      vertex 813 953.921 2615.65
      vertex 813 958 2617.71
      vertex 813 958 2615.01
    endloop
  endfacet
  facet normal -1 0 0
    outer loop
      vertex 813 950.241 2617.53
      vertex 813 958 2617.71
      vertex 813 953.921 2615.65
    endloop
  endfacet
  facet normal -1 0 0
    outer loop
      vertex 813 950.241 2617.53
      vertex 813 948.907 2622.96
      vertex 813 958 2617.71
    endloop
  endfacet
  facet normal -1 0 0
    outer loop
      vertex 813 945.446 2624.13
      vertex 813 948.907 2622.96
      vertex 813 947.321 2620.45
    endloop
  endfacet
  facet normal -1 0 0
    outer loop
      vertex 813 947.321 2620.45
      vertex 813 948.907 2622.96
      vertex 813 950.241 2617.53
    endloop
  endfacet
  facet normal -1 0 0
    outer loop
      vertex 813 970.554 2632.28
      vertex 813 967.093 2633.46
      vertex 813 968.679 2635.96
    endloop
  endfacet
  facet normal -1 0 0
    outer loop
      vertex 813 967.093 2633.46
      vertex 813 965.759 2638.88
      vertex 813 968.679 2635.96
    endloop
  endfacet
  facet normal -1 0 0
    outer loop
      vertex 813 958 2638.71
      vertex 813 965.759 2638.88
      vertex 813 967.093 2633.46
    endloop
  endfacet
  facet normal -1 -0 0
    outer loop
      vertex 813 965.759 2638.88
      vertex 813 958 2638.71
      vertex 813 962.079 2640.76
    endloop
  endfacet
  facet normal -1 0 0
    outer loop
      vertex 813 958 2638.71
      vertex 813 958 2641.41
      vertex 813 962.079 2640.76
    endloop
  endfacet
  facet normal -1 0 0
    outer loop
      vertex 813 958 2638.71
      vertex 813 953.921 2640.76
      vertex 813 958 2641.41
    endloop
  endfacet
  facet normal -1 0 0
    outer loop
      vertex 813 958 2638.71
      vertex 813 950.241 2638.88
      vertex 813 953.921 2640.76
    endloop
  endfacet
  facet normal -1 0 0
    outer loop
      vertex 813 948.907 2633.46
      vertex 813 950.241 2638.88
      vertex 813 958 2638.71
    endloop
  endfacet
  facet normal -1 0 0
    outer loop
      vertex 813 948.907 2633.46
      vertex 813 947.321 2635.96
      vertex 813 950.241 2638.88
    endloop
  endfacet
  facet normal -1 0 0
    outer loop
      vertex 813 944.8 2628.21
      vertex 813 948.907 2622.96
      vertex 813 945.446 2624.13
    endloop
  endfacet
  facet normal -1 0 0
    outer loop
      vertex 813 948.907 2622.96
      vertex 813 944.8 2628.21
      vertex 813 948.907 2633.46
    endloop
  endfacet
  facet normal -1 -0 0
    outer loop
      vertex 813 948.907 2633.46
      vertex 813 945.446 2632.28
      vertex 813 947.321 2635.96
    endloop
  endfacet
  facet normal -1 0 0
    outer loop
      vertex 813 948.907 2633.46
      vertex 813 944.8 2628.21
      vertex 813 945.446 2632.28
    endloop
  endfacet
  facet normal 0 -0.155005 -0.987914
    outer loop
      vertex 813 953.921 2615.65
      vertex 816 958 2615.01
      vertex 816 953.921 2615.65
    endloop
  endfacet
  facet normal -0 -0.155005 -0.987914
    outer loop
      vertex 816 958 2615.01
      vertex 813 953.921 2615.65
      vertex 813 958 2615.01
    endloop
  endfacet
  facet normal 0 -0.891012 -0.45398
    outer loop
      vertex 813 947.321 2620.45
      vertex 816 945.446 2624.13
      vertex 813 945.446 2624.13
    endloop
  endfacet
  facet normal 0 -0.891012 -0.45398
    outer loop
      vertex 816 945.446 2624.13
      vertex 813 947.321 2620.45
      vertex 816 947.321 2620.45
    endloop
  endfacet
  facet normal 0 0.707107 -0.707107
    outer loop
      vertex 813 965.759 2617.53
      vertex 816 968.679 2620.45
      vertex 816 965.759 2617.53
    endloop
  endfacet
  facet normal 0 0.707107 -0.707107
    outer loop
      vertex 816 968.679 2620.45
      vertex 813 965.759 2617.53
      vertex 813 968.679 2620.45
    endloop
  endfacet
  facet normal 0 -1 0
    outer loop
      vertex 803 948.907 2622.96
      vertex 813 948.907 2633.46
      vertex 803 948.907 2633.46
    endloop
  endfacet
  facet normal 0 -1 -0
    outer loop
      vertex 813 948.907 2633.46
      vertex 803 948.907 2622.96
      vertex 813 948.907 2622.96
    endloop
  endfacet
  facet normal 0 -0.500011 0.866019
    outer loop
      vertex 803 958 2638.71
      vertex 813 948.907 2633.46
      vertex 813 958 2638.71
    endloop
  endfacet
  facet normal 0 -0.500011 0.866019
    outer loop
      vertex 813 948.907 2633.46
      vertex 803 958 2638.71
      vertex 803 948.907 2633.46
    endloop
  endfacet
  facet normal 0 1 -0
    outer loop
      vertex 813 967.093 2622.96
      vertex 803 967.093 2633.46
      vertex 813 967.093 2633.46
    endloop
  endfacet
  facet normal 0 1 0
    outer loop
      vertex 803 967.093 2633.46
      vertex 813 967.093 2622.96
      vertex 803 967.093 2622.96
    endloop
  endfacet
  facet normal -0 0.500011 0.866019
    outer loop
      vertex 803 967.093 2633.46
      vertex 813 958 2638.71
      vertex 813 967.093 2633.46
    endloop
  endfacet
  facet normal 0 0.500011 0.866019
    outer loop
      vertex 813 958 2638.71
      vertex 803 967.093 2633.46
      vertex 803 958 2638.71
    endloop
  endfacet
  facet normal 0 0.500011 -0.866019
    outer loop
      vertex 803 958 2617.71
      vertex 813 967.093 2622.96
      vertex 813 958 2617.71
    endloop
  endfacet
  facet normal 0 0.500011 -0.866019
    outer loop
      vertex 813 967.093 2622.96
      vertex 803 958 2617.71
      vertex 803 967.093 2622.96
    endloop
  endfacet
  facet normal 0 -0.500011 -0.866019
    outer loop
      vertex 803 948.907 2622.96
      vertex 813 958 2617.71
      vertex 813 948.907 2622.96
    endloop
  endfacet
  facet normal -0 -0.500011 -0.866019
    outer loop
      vertex 813 958 2617.71
      vertex 803 948.907 2622.96
      vertex 803 958 2617.71
    endloop
  endfacet
  facet normal -1 0 0
    outer loop
      vertex 803 958 2617.71
      vertex 803 967.093 2633.46
      vertex 803 967.093 2622.96
    endloop
  endfacet
  facet normal -1 0 0
    outer loop
      vertex 803 958 2617.71
      vertex 803 958 2638.71
      vertex 803 967.093 2633.46
    endloop
  endfacet
  facet normal -1 0 0
    outer loop
      vertex 803 948.907 2622.96
      vertex 803 958 2638.71
      vertex 803 958 2617.71
    endloop
  endfacet
  facet normal -1 0 0
    outer loop
      vertex 803 958 2638.71
      vertex 803 948.907 2622.96
      vertex 803 948.907 2633.46
    endloop
  endfacet
endsolid OpenSCAD_Model
