solid OpenSCAD_Model
  facet normal 0.000604143 0.990321 -0.138795
    outer loop
      vertex 1833.5 2076.5 3201.73
      vertex 1824 2076.14 3199.12
      vertex 1824 2077.25 3207.04
    endloop
  endfacet
  facet normal 9.47511e-05 0.990149 -0.140021
    outer loop
      vertex 1966.5 2077.62 3209.65
      vertex 1976 2077.25 3207.04
      vertex 1966.5 2076.5 3201.73
    endloop
  endfacet
  facet normal 0.000556071 0.990345 -0.138623
    outer loop
      vertex 1928.5 2079.39 3222.26
      vertex 1938 2078.64 3216.94
      vertex 1928.5 2078.28 3214.33
    endloop
  endfacet
  facet normal 9.47511e-05 0.990149 -0.140021
    outer loop
      vertex 1928.5 2078.28 3214.33
      vertex 1909.5 2076.5 3201.73
      vertex 1909.5 2077.62 3209.65
    endloop
  endfacet
  facet normal -0.000143265 0.990173 -0.139848
    outer loop
      vertex 1938 2079.76 3224.87
      vertex 1938 2078.64 3216.94
      vertex 1928.5 2079.39 3222.26
    endloop
  endfacet
  facet normal -9.47511e-05 0.990149 -0.140021
    outer loop
      vertex 1900 2077.25 3207.04
      vertex 1909.5 2077.62 3209.65
      vertex 1909.5 2076.5 3201.73
    endloop
  endfacet
  facet normal -0.000604143 0.990321 -0.138795
    outer loop
      vertex 1824 2077.25 3207.04
      vertex 1824 2076.14 3199.12
      vertex 1814.5 2076.5 3201.73
    endloop
  endfacet
  facet normal -0.000604143 0.990321 -0.138795
    outer loop
      vertex 1890.5 2076.5 3201.73
      vertex 1900 2077.25 3207.04
      vertex 1900 2076.14 3199.12
    endloop
  endfacet
  facet normal 0.000604143 0.990321 -0.138795
    outer loop
      vertex 1757.5 2076.5 3201.73
      vertex 1748 2076.14 3199.12
      vertex 1748 2077.25 3207.04
    endloop
  endfacet
  facet normal 0.000556071 0.990345 -0.138623
    outer loop
      vertex 1852.5 2079.39 3222.26
      vertex 1862 2078.64 3216.94
      vertex 1852.5 2078.28 3214.33
    endloop
  endfacet
  facet normal 9.47511e-05 0.990149 -0.140021
    outer loop
      vertex 1833.5 2077.62 3209.65
      vertex 1852.5 2078.28 3214.33
      vertex 1833.5 2076.5 3201.73
    endloop
  endfacet
  facet normal -0.000256345 0.990345 -0.138623
    outer loop
      vertex 1833.5 2077.62 3209.65
      vertex 1852.5 2079.39 3222.26
      vertex 1852.5 2078.28 3214.33
    endloop
  endfacet
  facet normal -0.000604143 0.990321 -0.138795
    outer loop
      vertex 1748 2077.25 3207.04
      vertex 1748 2076.14 3199.12
      vertex 1738.5 2076.5 3201.73
    endloop
  endfacet
  facet normal 9.47511e-05 0.990149 -0.140021
    outer loop
      vertex 1814.5 2077.62 3209.65
      vertex 1824 2077.25 3207.04
      vertex 1814.5 2076.5 3201.73
    endloop
  endfacet
  facet normal 9.47511e-05 0.990149 -0.140021
    outer loop
      vertex 1596 2077.25 3207.04
      vertex 1586.5 2076.5 3201.73
      vertex 1586.5 2077.62 3209.65
    endloop
  endfacet
  facet normal 0.000556071 0.990345 -0.138623
    outer loop
      vertex 1776.5 2079.39 3222.26
      vertex 1786 2078.64 3216.94
      vertex 1776.5 2078.28 3214.33
    endloop
  endfacet
  facet normal 9.47511e-05 0.990149 -0.140021
    outer loop
      vertex 1757.5 2077.62 3209.65
      vertex 1776.5 2078.28 3214.33
      vertex 1757.5 2076.5 3201.73
    endloop
  endfacet
  facet normal -0.000256345 0.990345 -0.138623
    outer loop
      vertex 1757.5 2077.62 3209.65
      vertex 1776.5 2079.39 3222.26
      vertex 1776.5 2078.28 3214.33
    endloop
  endfacet
  facet normal -0.000604143 0.990321 -0.138795
    outer loop
      vertex 1672 2077.25 3207.04
      vertex 1672 2076.14 3199.12
      vertex 1662.5 2076.5 3201.73
    endloop
  endfacet
  facet normal -9.47511e-05 0.990149 -0.140021
    outer loop
      vertex 1510.5 2076.5 3201.73
      vertex 1491.5 2078.28 3214.33
      vertex 1510.5 2077.62 3209.65
    endloop
  endfacet
  facet normal 0.000556071 0.990345 -0.138623
    outer loop
      vertex 1700.5 2079.39 3222.26
      vertex 1710 2078.64 3216.94
      vertex 1700.5 2078.28 3214.33
    endloop
  endfacet
  facet normal 9.47511e-05 0.990149 -0.140021
    outer loop
      vertex 1681.5 2077.62 3209.65
      vertex 1700.5 2078.28 3214.33
      vertex 1681.5 2076.5 3201.73
    endloop
  endfacet
  facet normal -0.000256345 0.990345 -0.138623
    outer loop
      vertex 1681.5 2077.62 3209.65
      vertex 1700.5 2079.39 3222.26
      vertex 1700.5 2078.28 3214.33
    endloop
  endfacet
  facet normal -0.000604143 0.990321 -0.138795
    outer loop
      vertex 1596 2077.25 3207.04
      vertex 1596 2076.14 3199.12
      vertex 1586.5 2076.5 3201.73
    endloop
  endfacet
  facet normal 0.000604143 0.990321 -0.138795
    outer loop
      vertex 1672 2077.25 3207.04
      vertex 1681.5 2076.5 3201.73
      vertex 1672 2076.14 3199.12
    endloop
  endfacet
  facet normal 9.47511e-05 0.990149 -0.140021
    outer loop
      vertex 1358.5 2076.5 3201.73
      vertex 1358.5 2077.62 3209.65
      vertex 1368 2077.25 3207.04
    endloop
  endfacet
  facet normal 0.000556071 0.990345 -0.138623
    outer loop
      vertex 1624.5 2079.39 3222.26
      vertex 1634 2078.64 3216.94
      vertex 1624.5 2078.28 3214.33
    endloop
  endfacet
  facet normal 9.47511e-05 0.990149 -0.140021
    outer loop
      vertex 1605.5 2077.62 3209.65
      vertex 1624.5 2078.28 3214.33
      vertex 1605.5 2076.5 3201.73
    endloop
  endfacet
  facet normal -0.000256345 0.990345 -0.138623
    outer loop
      vertex 1605.5 2077.62 3209.65
      vertex 1624.5 2079.39 3222.26
      vertex 1624.5 2078.28 3214.33
    endloop
  endfacet
  facet normal -0.000604143 0.990321 -0.138795
    outer loop
      vertex 1520 2077.25 3207.04
      vertex 1520 2076.14 3199.12
      vertex 1510.5 2076.5 3201.73
    endloop
  endfacet
  facet normal 0.000604143 0.990321 -0.138795
    outer loop
      vertex 1596 2077.25 3207.04
      vertex 1605.5 2076.5 3201.73
      vertex 1596 2076.14 3199.12
    endloop
  endfacet
  facet normal 0.000556071 0.990345 -0.138623
    outer loop
      vertex 1548.5 2079.39 3222.26
      vertex 1558 2078.64 3216.94
      vertex 1548.5 2078.28 3214.33
    endloop
  endfacet
  facet normal 9.47511e-05 0.990149 -0.140021
    outer loop
      vertex 1529.5 2077.62 3209.65
      vertex 1548.5 2078.28 3214.33
      vertex 1529.5 2076.5 3201.73
    endloop
  endfacet
  facet normal -0.000256345 0.990345 -0.138623
    outer loop
      vertex 1529.5 2077.62 3209.65
      vertex 1548.5 2079.39 3222.26
      vertex 1548.5 2078.28 3214.33
    endloop
  endfacet
  facet normal -0.000604143 0.990321 -0.138795
    outer loop
      vertex 1444 2077.25 3207.04
      vertex 1444 2076.14 3199.12
      vertex 1434.5 2076.5 3201.73
    endloop
  endfacet
  facet normal 0.000604143 0.990321 -0.138795
    outer loop
      vertex 1520 2077.25 3207.04
      vertex 1529.5 2076.5 3201.73
      vertex 1520 2076.14 3199.12
    endloop
  endfacet
  facet normal 9.47511e-05 0.990149 -0.140021
    outer loop
      vertex 1130.5 2077.62 3209.65
      vertex 1140 2077.25 3207.04
      vertex 1130.5 2076.5 3201.73
    endloop
  endfacet
  facet normal 0.000556071 0.990345 -0.138623
    outer loop
      vertex 1472.5 2079.39 3222.26
      vertex 1482 2078.64 3216.94
      vertex 1472.5 2078.28 3214.33
    endloop
  endfacet
  facet normal 9.47511e-05 0.990149 -0.140021
    outer loop
      vertex 1453.5 2077.62 3209.65
      vertex 1472.5 2078.28 3214.33
      vertex 1453.5 2076.5 3201.73
    endloop
  endfacet
  facet normal -0.000256345 0.990345 -0.138623
    outer loop
      vertex 1453.5 2077.62 3209.65
      vertex 1472.5 2079.39 3222.26
      vertex 1472.5 2078.28 3214.33
    endloop
  endfacet
  facet normal -0.000604143 0.990321 -0.138795
    outer loop
      vertex 1368 2077.25 3207.04
      vertex 1368 2076.14 3199.12
      vertex 1358.5 2076.5 3201.73
    endloop
  endfacet
  facet normal 0.000604143 0.990321 -0.138795
    outer loop
      vertex 1444 2077.25 3207.04
      vertex 1453.5 2076.5 3201.73
      vertex 1444 2076.14 3199.12
    endloop
  endfacet
  facet normal 0.000556071 0.990345 -0.138623
    outer loop
      vertex 1396.5 2079.39 3222.26
      vertex 1406 2078.64 3216.94
      vertex 1396.5 2078.28 3214.33
    endloop
  endfacet
  facet normal 9.47511e-05 0.990149 -0.140021
    outer loop
      vertex 1377.5 2077.62 3209.65
      vertex 1396.5 2078.28 3214.33
      vertex 1377.5 2076.5 3201.73
    endloop
  endfacet
  facet normal -0.000256345 0.990345 -0.138623
    outer loop
      vertex 1377.5 2077.62 3209.65
      vertex 1396.5 2079.39 3222.26
      vertex 1396.5 2078.28 3214.33
    endloop
  endfacet
  facet normal -0.000604143 0.990321 -0.138795
    outer loop
      vertex 1292 2077.25 3207.04
      vertex 1292 2076.14 3199.12
      vertex 1282.5 2076.5 3201.73
    endloop
  endfacet
  facet normal 0.000604143 0.990321 -0.138795
    outer loop
      vertex 1368 2077.25 3207.04
      vertex 1377.5 2076.5 3201.73
      vertex 1368 2076.14 3199.12
    endloop
  endfacet
  facet normal 9.47511e-05 0.990149 -0.140021
    outer loop
      vertex 912 2077.25 3207.04
      vertex 902.5 2076.5 3201.73
      vertex 902.5 2077.62 3209.65
    endloop
  endfacet
  facet normal 0.000556071 0.990345 -0.138623
    outer loop
      vertex 1320.5 2079.39 3222.26
      vertex 1330 2078.64 3216.94
      vertex 1320.5 2078.28 3214.33
    endloop
  endfacet
  facet normal 9.47511e-05 0.990149 -0.140021
    outer loop
      vertex 1301.5 2077.62 3209.65
      vertex 1320.5 2078.28 3214.33
      vertex 1301.5 2076.5 3201.73
    endloop
  endfacet
  facet normal -0.000256345 0.990345 -0.138623
    outer loop
      vertex 1301.5 2077.62 3209.65
      vertex 1320.5 2079.39 3222.26
      vertex 1320.5 2078.28 3214.33
    endloop
  endfacet
  facet normal -0.000604143 0.990321 -0.138795
    outer loop
      vertex 1216 2077.25 3207.04
      vertex 1216 2076.14 3199.12
      vertex 1206.5 2076.5 3201.73
    endloop
  endfacet
  facet normal 0.000604143 0.990321 -0.138795
    outer loop
      vertex 1292 2077.25 3207.04
      vertex 1301.5 2076.5 3201.73
      vertex 1292 2076.14 3199.12
    endloop
  endfacet
  facet normal -9.47511e-05 0.990149 -0.140021
    outer loop
      vertex 826.5 2076.5 3201.73
      vertex 807.5 2078.28 3214.33
      vertex 826.5 2077.62 3209.65
    endloop
  endfacet
  facet normal 0.000556071 0.990345 -0.138623
    outer loop
      vertex 1244.5 2079.39 3222.26
      vertex 1254 2078.64 3216.94
      vertex 1244.5 2078.28 3214.33
    endloop
  endfacet
  facet normal 9.47511e-05 0.990149 -0.140021
    outer loop
      vertex 1225.5 2077.62 3209.65
      vertex 1244.5 2078.28 3214.33
      vertex 1225.5 2076.5 3201.73
    endloop
  endfacet
  facet normal -0.000256345 0.990345 -0.138623
    outer loop
      vertex 1225.5 2077.62 3209.65
      vertex 1244.5 2079.39 3222.26
      vertex 1244.5 2078.28 3214.33
    endloop
  endfacet
  facet normal -0.000604143 0.990321 -0.138795
    outer loop
      vertex 1140 2077.25 3207.04
      vertex 1140 2076.14 3199.12
      vertex 1130.5 2076.5 3201.73
    endloop
  endfacet
  facet normal 0.000604143 0.990321 -0.138795
    outer loop
      vertex 1216 2077.25 3207.04
      vertex 1225.5 2076.5 3201.73
      vertex 1216 2076.14 3199.12
    endloop
  endfacet
  facet normal 9.47511e-05 0.990149 -0.140021
    outer loop
      vertex 674.5 2076.5 3201.73
      vertex 674.5 2077.62 3209.65
      vertex 684 2077.25 3207.04
    endloop
  endfacet
  facet normal 0.000556071 0.990345 -0.138623
    outer loop
      vertex 1168.5 2079.39 3222.26
      vertex 1178 2078.64 3216.94
      vertex 1168.5 2078.28 3214.33
    endloop
  endfacet
  facet normal 9.47511e-05 0.990149 -0.140021
    outer loop
      vertex 1149.5 2077.62 3209.65
      vertex 1168.5 2078.28 3214.33
      vertex 1149.5 2076.5 3201.73
    endloop
  endfacet
  facet normal -0.000256345 0.990345 -0.138623
    outer loop
      vertex 1149.5 2077.62 3209.65
      vertex 1168.5 2079.39 3222.26
      vertex 1168.5 2078.28 3214.33
    endloop
  endfacet
  facet normal -0.000604143 0.990321 -0.138795
    outer loop
      vertex 1064 2077.25 3207.04
      vertex 1064 2076.14 3199.12
      vertex 1054.5 2076.5 3201.73
    endloop
  endfacet
  facet normal 0.000604143 0.990321 -0.138795
    outer loop
      vertex 1140 2077.25 3207.04
      vertex 1149.5 2076.5 3201.73
      vertex 1140 2076.14 3199.12
    endloop
  endfacet
  facet normal 0.000556071 0.990345 -0.138623
    outer loop
      vertex 1092.5 2079.39 3222.26
      vertex 1102 2078.64 3216.94
      vertex 1092.5 2078.28 3214.33
    endloop
  endfacet
  facet normal 9.47511e-05 0.990149 -0.140021
    outer loop
      vertex 1073.5 2077.62 3209.65
      vertex 1092.5 2078.28 3214.33
      vertex 1073.5 2076.5 3201.73
    endloop
  endfacet
  facet normal -0.000256345 0.990345 -0.138623
    outer loop
      vertex 1073.5 2077.62 3209.65
      vertex 1092.5 2079.39 3222.26
      vertex 1092.5 2078.28 3214.33
    endloop
  endfacet
  facet normal -0.000604143 0.990321 -0.138795
    outer loop
      vertex 988 2077.25 3207.04
      vertex 988 2076.14 3199.12
      vertex 978.5 2076.5 3201.73
    endloop
  endfacet
  facet normal 0.000604143 0.990321 -0.138795
    outer loop
      vertex 1064 2077.25 3207.04
      vertex 1073.5 2076.5 3201.73
      vertex 1064 2076.14 3199.12
    endloop
  endfacet
  facet normal 9.47511e-05 0.990149 -0.140021
    outer loop
      vertex 446.5 2077.62 3209.65
      vertex 456 2077.25 3207.04
      vertex 446.5 2076.5 3201.73
    endloop
  endfacet
  facet normal 0.000556071 0.990345 -0.138623
    outer loop
      vertex 1016.5 2079.39 3222.26
      vertex 1026 2078.64 3216.94
      vertex 1016.5 2078.28 3214.33
    endloop
  endfacet
  facet normal 9.47511e-05 0.990149 -0.140021
    outer loop
      vertex 997.5 2077.62 3209.65
      vertex 1016.5 2078.28 3214.33
      vertex 997.5 2076.5 3201.73
    endloop
  endfacet
  facet normal -0.000256345 0.990345 -0.138623
    outer loop
      vertex 997.5 2077.62 3209.65
      vertex 1016.5 2079.39 3222.26
      vertex 1016.5 2078.28 3214.33
    endloop
  endfacet
  facet normal -0.000604143 0.990321 -0.138795
    outer loop
      vertex 912 2077.25 3207.04
      vertex 912 2076.14 3199.12
      vertex 902.5 2076.5 3201.73
    endloop
  endfacet
  facet normal 0.000604143 0.990321 -0.138795
    outer loop
      vertex 988 2077.25 3207.04
      vertex 997.5 2076.5 3201.73
      vertex 988 2076.14 3199.12
    endloop
  endfacet
  facet normal 0.000556071 0.990345 -0.138623
    outer loop
      vertex 940.5 2079.39 3222.26
      vertex 950 2078.64 3216.94
      vertex 940.5 2078.28 3214.33
    endloop
  endfacet
  facet normal 9.47511e-05 0.990149 -0.140021
    outer loop
      vertex 921.5 2077.62 3209.65
      vertex 940.5 2078.28 3214.33
      vertex 921.5 2076.5 3201.73
    endloop
  endfacet
  facet normal -0.000256345 0.990345 -0.138623
    outer loop
      vertex 921.5 2077.62 3209.65
      vertex 940.5 2079.39 3222.26
      vertex 940.5 2078.28 3214.33
    endloop
  endfacet
  facet normal -0.000604143 0.990321 -0.138795
    outer loop
      vertex 836 2077.25 3207.04
      vertex 836 2076.14 3199.12
      vertex 826.5 2076.5 3201.73
    endloop
  endfacet
  facet normal 0.000604143 0.990321 -0.138795
    outer loop
      vertex 912 2077.25 3207.04
      vertex 921.5 2076.5 3201.73
      vertex 912 2076.14 3199.12
    endloop
  endfacet
  facet normal 9.47511e-05 0.990149 -0.140021
    outer loop
      vertex 228 2077.25 3207.04
      vertex 218.5 2076.5 3201.73
      vertex 218.5 2077.62 3209.65
    endloop
  endfacet
  facet normal 0.000556071 0.990345 -0.138623
    outer loop
      vertex 864.5 2079.39 3222.26
      vertex 874 2078.64 3216.94
      vertex 864.5 2078.28 3214.33
    endloop
  endfacet
  facet normal 9.47511e-05 0.990149 -0.140021
    outer loop
      vertex 845.5 2077.62 3209.65
      vertex 864.5 2078.28 3214.33
      vertex 845.5 2076.5 3201.73
    endloop
  endfacet
  facet normal -0.000256345 0.990345 -0.138623
    outer loop
      vertex 845.5 2077.62 3209.65
      vertex 864.5 2079.39 3222.26
      vertex 864.5 2078.28 3214.33
    endloop
  endfacet
  facet normal -0.000604143 0.990321 -0.138795
    outer loop
      vertex 760 2077.25 3207.04
      vertex 760 2076.14 3199.12
      vertex 750.5 2076.5 3201.73
    endloop
  endfacet
  facet normal 0.000604143 0.990321 -0.138795
    outer loop
      vertex 836 2077.25 3207.04
      vertex 845.5 2076.5 3201.73
      vertex 836 2076.14 3199.12
    endloop
  endfacet
  facet normal -9.47511e-05 0.990149 -0.140021
    outer loop
      vertex 142.5 2076.5 3201.73
      vertex 123.5 2078.28 3214.33
      vertex 142.5 2077.62 3209.65
    endloop
  endfacet
  facet normal 0.000556071 0.990345 -0.138623
    outer loop
      vertex 788.5 2079.39 3222.26
      vertex 798 2078.64 3216.94
      vertex 788.5 2078.28 3214.33
    endloop
  endfacet
  facet normal 9.47511e-05 0.990149 -0.140021
    outer loop
      vertex 769.5 2077.62 3209.65
      vertex 788.5 2078.28 3214.33
      vertex 769.5 2076.5 3201.73
    endloop
  endfacet
  facet normal -0.000256345 0.990345 -0.138623
    outer loop
      vertex 769.5 2077.62 3209.65
      vertex 788.5 2079.39 3222.26
      vertex 788.5 2078.28 3214.33
    endloop
  endfacet
  facet normal -0.000604143 0.990321 -0.138795
    outer loop
      vertex 684 2077.25 3207.04
      vertex 684 2076.14 3199.12
      vertex 674.5 2076.5 3201.73
    endloop
  endfacet
  facet normal 0.000604143 0.990321 -0.138795
    outer loop
      vertex 760 2077.25 3207.04
      vertex 769.5 2076.5 3201.73
      vertex 760 2076.14 3199.12
    endloop
  endfacet
  facet normal 9.47511e-05 0.990149 -0.140021
    outer loop
      vertex -9.5 2076.5 3201.73
      vertex -9.5 2077.62 3209.65
      vertex 0 2077.25 3207.04
    endloop
  endfacet
  facet normal 0.000556071 0.990345 -0.138623
    outer loop
      vertex 712.5 2079.39 3222.26
      vertex 722 2078.64 3216.94
      vertex 712.5 2078.28 3214.33
    endloop
  endfacet
  facet normal 9.47511e-05 0.990149 -0.140021
    outer loop
      vertex 693.5 2077.62 3209.65
      vertex 712.5 2078.28 3214.33
      vertex 693.5 2076.5 3201.73
    endloop
  endfacet
  facet normal -0.000256345 0.990345 -0.138623
    outer loop
      vertex 693.5 2077.62 3209.65
      vertex 712.5 2079.39 3222.26
      vertex 712.5 2078.28 3214.33
    endloop
  endfacet
  facet normal -0.000604143 0.990321 -0.138795
    outer loop
      vertex 608 2077.25 3207.04
      vertex 608 2076.14 3199.12
      vertex 598.5 2076.5 3201.73
    endloop
  endfacet
  facet normal 0.000604143 0.990321 -0.138795
    outer loop
      vertex 684 2077.25 3207.04
      vertex 693.5 2076.5 3201.73
      vertex 684 2076.14 3199.12
    endloop
  endfacet
  facet normal 0.000556071 0.990345 -0.138623
    outer loop
      vertex 636.5 2079.39 3222.26
      vertex 646 2078.64 3216.94
      vertex 636.5 2078.28 3214.33
    endloop
  endfacet
  facet normal 9.47511e-05 0.990149 -0.140021
    outer loop
      vertex 617.5 2077.62 3209.65
      vertex 636.5 2078.28 3214.33
      vertex 617.5 2076.5 3201.73
    endloop
  endfacet
  facet normal -0.000256345 0.990345 -0.138623
    outer loop
      vertex 617.5 2077.62 3209.65
      vertex 636.5 2079.39 3222.26
      vertex 636.5 2078.28 3214.33
    endloop
  endfacet
  facet normal -0.000604143 0.990321 -0.138795
    outer loop
      vertex 532 2077.25 3207.04
      vertex 532 2076.14 3199.12
      vertex 522.5 2076.5 3201.73
    endloop
  endfacet
  facet normal 0.000604143 0.990321 -0.138795
    outer loop
      vertex 608 2077.25 3207.04
      vertex 617.5 2076.5 3201.73
      vertex 608 2076.14 3199.12
    endloop
  endfacet
  facet normal 9.47511e-05 0.990149 -0.140021
    outer loop
      vertex -237.5 2077.62 3209.65
      vertex -228 2077.25 3207.04
      vertex -237.5 2076.5 3201.73
    endloop
  endfacet
  facet normal 0.000556071 0.990345 -0.138623
    outer loop
      vertex 560.5 2079.39 3222.26
      vertex 570 2078.64 3216.94
      vertex 560.5 2078.28 3214.33
    endloop
  endfacet
  facet normal 9.47511e-05 0.990149 -0.140021
    outer loop
      vertex 541.5 2077.62 3209.65
      vertex 560.5 2078.28 3214.33
      vertex 541.5 2076.5 3201.73
    endloop
  endfacet
  facet normal -0.000256345 0.990345 -0.138623
    outer loop
      vertex 541.5 2077.62 3209.65
      vertex 560.5 2079.39 3222.26
      vertex 560.5 2078.28 3214.33
    endloop
  endfacet
  facet normal -0.000604143 0.990321 -0.138795
    outer loop
      vertex 456 2077.25 3207.04
      vertex 456 2076.14 3199.12
      vertex 446.5 2076.5 3201.73
    endloop
  endfacet
  facet normal 0.000604143 0.990321 -0.138795
    outer loop
      vertex 532 2077.25 3207.04
      vertex 541.5 2076.5 3201.73
      vertex 532 2076.14 3199.12
    endloop
  endfacet
  facet normal 0.000556071 0.990345 -0.138623
    outer loop
      vertex 484.5 2079.39 3222.26
      vertex 494 2078.64 3216.94
      vertex 484.5 2078.28 3214.33
    endloop
  endfacet
  facet normal 9.47511e-05 0.990149 -0.140021
    outer loop
      vertex 465.5 2077.62 3209.65
      vertex 484.5 2078.28 3214.33
      vertex 465.5 2076.5 3201.73
    endloop
  endfacet
  facet normal -0.000256345 0.990345 -0.138623
    outer loop
      vertex 465.5 2077.62 3209.65
      vertex 484.5 2079.39 3222.26
      vertex 484.5 2078.28 3214.33
    endloop
  endfacet
  facet normal -0.000604143 0.990321 -0.138795
    outer loop
      vertex 380 2077.25 3207.04
      vertex 380 2076.14 3199.12
      vertex 370.5 2076.5 3201.73
    endloop
  endfacet
  facet normal 0.000604143 0.990321 -0.138795
    outer loop
      vertex 456 2077.25 3207.04
      vertex 465.5 2076.5 3201.73
      vertex 456 2076.14 3199.12
    endloop
  endfacet
  facet normal 9.47511e-05 0.990149 -0.140021
    outer loop
      vertex -456 2077.25 3207.04
      vertex -465.5 2076.5 3201.73
      vertex -465.5 2077.62 3209.65
    endloop
  endfacet
  facet normal 0.000556071 0.990345 -0.138623
    outer loop
      vertex 408.5 2079.39 3222.26
      vertex 418 2078.64 3216.94
      vertex 408.5 2078.28 3214.33
    endloop
  endfacet
  facet normal 9.47511e-05 0.990149 -0.140021
    outer loop
      vertex 389.5 2077.62 3209.65
      vertex 408.5 2078.28 3214.33
      vertex 389.5 2076.5 3201.73
    endloop
  endfacet
  facet normal -0.000256345 0.990345 -0.138623
    outer loop
      vertex 389.5 2077.62 3209.65
      vertex 408.5 2079.39 3222.26
      vertex 408.5 2078.28 3214.33
    endloop
  endfacet
  facet normal -0.000604143 0.990321 -0.138795
    outer loop
      vertex 304 2077.25 3207.04
      vertex 304 2076.14 3199.12
      vertex 294.5 2076.5 3201.73
    endloop
  endfacet
  facet normal 0.000604143 0.990321 -0.138795
    outer loop
      vertex 380 2077.25 3207.04
      vertex 389.5 2076.5 3201.73
      vertex 380 2076.14 3199.12
    endloop
  endfacet
  facet normal -9.47511e-05 0.990149 -0.140021
    outer loop
      vertex -541.5 2076.5 3201.73
      vertex -560.5 2078.28 3214.33
      vertex -541.5 2077.62 3209.65
    endloop
  endfacet
  facet normal 0.000556071 0.990345 -0.138623
    outer loop
      vertex 332.5 2079.39 3222.26
      vertex 342 2078.64 3216.94
      vertex 332.5 2078.28 3214.33
    endloop
  endfacet
  facet normal 9.47511e-05 0.990149 -0.140021
    outer loop
      vertex 313.5 2077.62 3209.65
      vertex 332.5 2078.28 3214.33
      vertex 313.5 2076.5 3201.73
    endloop
  endfacet
  facet normal -0.000256345 0.990345 -0.138623
    outer loop
      vertex 313.5 2077.62 3209.65
      vertex 332.5 2079.39 3222.26
      vertex 332.5 2078.28 3214.33
    endloop
  endfacet
  facet normal -0.000604143 0.990321 -0.138795
    outer loop
      vertex 228 2077.25 3207.04
      vertex 228 2076.14 3199.12
      vertex 218.5 2076.5 3201.73
    endloop
  endfacet
  facet normal 0.000604143 0.990321 -0.138795
    outer loop
      vertex 304 2077.25 3207.04
      vertex 313.5 2076.5 3201.73
      vertex 304 2076.14 3199.12
    endloop
  endfacet
  facet normal 9.47511e-05 0.990149 -0.140021
    outer loop
      vertex -693.5 2076.5 3201.73
      vertex -693.5 2077.62 3209.65
      vertex -684 2077.25 3207.04
    endloop
  endfacet
  facet normal 0.000556071 0.990345 -0.138623
    outer loop
      vertex 256.5 2079.39 3222.26
      vertex 266 2078.64 3216.94
      vertex 256.5 2078.28 3214.33
    endloop
  endfacet
  facet normal 9.47511e-05 0.990149 -0.140021
    outer loop
      vertex 237.5 2077.62 3209.65
      vertex 256.5 2078.28 3214.33
      vertex 237.5 2076.5 3201.73
    endloop
  endfacet
  facet normal -0.000256345 0.990345 -0.138623
    outer loop
      vertex 237.5 2077.62 3209.65
      vertex 256.5 2079.39 3222.26
      vertex 256.5 2078.28 3214.33
    endloop
  endfacet
  facet normal -0.000604143 0.990321 -0.138795
    outer loop
      vertex 152 2077.25 3207.04
      vertex 152 2076.14 3199.12
      vertex 142.5 2076.5 3201.73
    endloop
  endfacet
  facet normal 0.000604143 0.990321 -0.138795
    outer loop
      vertex 228 2077.25 3207.04
      vertex 237.5 2076.5 3201.73
      vertex 228 2076.14 3199.12
    endloop
  endfacet
  facet normal 0.000556071 0.990345 -0.138623
    outer loop
      vertex 180.5 2079.39 3222.26
      vertex 190 2078.64 3216.94
      vertex 180.5 2078.28 3214.33
    endloop
  endfacet
  facet normal 9.47511e-05 0.990149 -0.140021
    outer loop
      vertex 161.5 2077.62 3209.65
      vertex 180.5 2078.28 3214.33
      vertex 161.5 2076.5 3201.73
    endloop
  endfacet
  facet normal -0.000256345 0.990345 -0.138623
    outer loop
      vertex 161.5 2077.62 3209.65
      vertex 180.5 2079.39 3222.26
      vertex 180.5 2078.28 3214.33
    endloop
  endfacet
  facet normal -0.000604143 0.990321 -0.138795
    outer loop
      vertex 76 2077.25 3207.04
      vertex 76 2076.14 3199.12
      vertex 66.5 2076.5 3201.73
    endloop
  endfacet
  facet normal 0.000604143 0.990321 -0.138795
    outer loop
      vertex 152 2077.25 3207.04
      vertex 161.5 2076.5 3201.73
      vertex 152 2076.14 3199.12
    endloop
  endfacet
  facet normal 9.47511e-05 0.990149 -0.140021
    outer loop
      vertex -921.5 2077.62 3209.65
      vertex -912 2077.25 3207.04
      vertex -921.5 2076.5 3201.73
    endloop
  endfacet
  facet normal 0.000556071 0.990345 -0.138623
    outer loop
      vertex 104.5 2079.39 3222.26
      vertex 114 2078.64 3216.94
      vertex 104.5 2078.28 3214.33
    endloop
  endfacet
  facet normal 9.47511e-05 0.990149 -0.140021
    outer loop
      vertex 85.5 2077.62 3209.65
      vertex 104.5 2078.28 3214.33
      vertex 85.5 2076.5 3201.73
    endloop
  endfacet
  facet normal -0.000256345 0.990345 -0.138623
    outer loop
      vertex 85.5 2077.62 3209.65
      vertex 104.5 2079.39 3222.26
      vertex 104.5 2078.28 3214.33
    endloop
  endfacet
  facet normal -0.000604143 0.990321 -0.138795
    outer loop
      vertex 0 2077.25 3207.04
      vertex 0 2076.14 3199.12
      vertex -9.5 2076.5 3201.73
    endloop
  endfacet
  facet normal 0.000604143 0.990321 -0.138795
    outer loop
      vertex 76 2077.25 3207.04
      vertex 85.5 2076.5 3201.73
      vertex 76 2076.14 3199.12
    endloop
  endfacet
  facet normal 9.47511e-05 0.990149 -0.140021
    outer loop
      vertex -997.5 2077.62 3209.65
      vertex -988 2077.25 3207.04
      vertex -997.5 2076.5 3201.73
    endloop
  endfacet
  facet normal 0.000556071 0.990345 -0.138623
    outer loop
      vertex 28.5 2079.39 3222.26
      vertex 38 2078.64 3216.94
      vertex 28.5 2078.28 3214.33
    endloop
  endfacet
  facet normal 9.47511e-05 0.990149 -0.140021
    outer loop
      vertex 9.5 2077.62 3209.65
      vertex 28.5 2078.28 3214.33
      vertex 9.5 2076.5 3201.73
    endloop
  endfacet
  facet normal -0.000256345 0.990345 -0.138623
    outer loop
      vertex 9.5 2077.62 3209.65
      vertex 28.5 2079.39 3222.26
      vertex 28.5 2078.28 3214.33
    endloop
  endfacet
  facet normal -0.000604143 0.990321 -0.138795
    outer loop
      vertex -76 2077.25 3207.04
      vertex -76 2076.14 3199.12
      vertex -85.5 2076.5 3201.73
    endloop
  endfacet
  facet normal 0.000604143 0.990321 -0.138795
    outer loop
      vertex 0 2077.25 3207.04
      vertex 9.5 2076.5 3201.73
      vertex 0 2076.14 3199.12
    endloop
  endfacet
  facet normal 0.000556071 0.990345 -0.138623
    outer loop
      vertex -47.5 2079.39 3222.26
      vertex -38 2078.64 3216.94
      vertex -47.5 2078.28 3214.33
    endloop
  endfacet
  facet normal 9.47511e-05 0.990149 -0.140021
    outer loop
      vertex -66.5 2077.62 3209.65
      vertex -47.5 2078.28 3214.33
      vertex -66.5 2076.5 3201.73
    endloop
  endfacet
  facet normal -0.000256345 0.990345 -0.138623
    outer loop
      vertex -66.5 2077.62 3209.65
      vertex -47.5 2079.39 3222.26
      vertex -47.5 2078.28 3214.33
    endloop
  endfacet
  facet normal -0.000604143 0.990321 -0.138795
    outer loop
      vertex -152 2077.25 3207.04
      vertex -152 2076.14 3199.12
      vertex -161.5 2076.5 3201.73
    endloop
  endfacet
  facet normal 0.000604143 0.990321 -0.138795
    outer loop
      vertex -76 2077.25 3207.04
      vertex -66.5 2076.5 3201.73
      vertex -76 2076.14 3199.12
    endloop
  endfacet
  facet normal 9.47511e-05 0.990149 -0.140021
    outer loop
      vertex -1073.5 2076.5 3201.73
      vertex -1073.5 2077.62 3209.65
      vertex -1064 2077.25 3207.04
    endloop
  endfacet
  facet normal 0.000556071 0.990345 -0.138623
    outer loop
      vertex -123.5 2079.39 3222.26
      vertex -114 2078.64 3216.94
      vertex -123.5 2078.28 3214.33
    endloop
  endfacet
  facet normal 9.47511e-05 0.990149 -0.140021
    outer loop
      vertex -142.5 2077.62 3209.65
      vertex -123.5 2078.28 3214.33
      vertex -142.5 2076.5 3201.73
    endloop
  endfacet
  facet normal -0.000256345 0.990345 -0.138623
    outer loop
      vertex -142.5 2077.62 3209.65
      vertex -123.5 2079.39 3222.26
      vertex -123.5 2078.28 3214.33
    endloop
  endfacet
  facet normal -0.000604143 0.990321 -0.138795
    outer loop
      vertex -228 2077.25 3207.04
      vertex -228 2076.14 3199.12
      vertex -237.5 2076.5 3201.73
    endloop
  endfacet
  facet normal 0.000604143 0.990321 -0.138795
    outer loop
      vertex -152 2077.25 3207.04
      vertex -142.5 2076.5 3201.73
      vertex -152 2076.14 3199.12
    endloop
  endfacet
  facet normal -9.47511e-05 0.990149 -0.140021
    outer loop
      vertex -1073.5 2076.5 3201.73
      vertex -1092.5 2078.28 3214.33
      vertex -1073.5 2077.62 3209.65
    endloop
  endfacet
  facet normal 0.000556071 0.990345 -0.138623
    outer loop
      vertex -199.5 2079.39 3222.26
      vertex -190 2078.64 3216.94
      vertex -199.5 2078.28 3214.33
    endloop
  endfacet
  facet normal 9.47511e-05 0.990149 -0.140021
    outer loop
      vertex -218.5 2077.62 3209.65
      vertex -199.5 2078.28 3214.33
      vertex -218.5 2076.5 3201.73
    endloop
  endfacet
  facet normal -0.000256345 0.990345 -0.138623
    outer loop
      vertex -218.5 2077.62 3209.65
      vertex -199.5 2079.39 3222.26
      vertex -199.5 2078.28 3214.33
    endloop
  endfacet
  facet normal -0.000604143 0.990321 -0.138795
    outer loop
      vertex -304 2077.25 3207.04
      vertex -304 2076.14 3199.12
      vertex -313.5 2076.5 3201.73
    endloop
  endfacet
  facet normal 0.000604143 0.990321 -0.138795
    outer loop
      vertex -228 2077.25 3207.04
      vertex -218.5 2076.5 3201.73
      vertex -228 2076.14 3199.12
    endloop
  endfacet
  facet normal 9.47511e-05 0.990149 -0.140021
    outer loop
      vertex -1140 2077.25 3207.04
      vertex -1149.5 2076.5 3201.73
      vertex -1149.5 2077.62 3209.65
    endloop
  endfacet
  facet normal 0.000556071 0.990345 -0.138623
    outer loop
      vertex -275.5 2079.39 3222.26
      vertex -266 2078.64 3216.94
      vertex -275.5 2078.28 3214.33
    endloop
  endfacet
  facet normal 9.47511e-05 0.990149 -0.140021
    outer loop
      vertex -294.5 2077.62 3209.65
      vertex -275.5 2078.28 3214.33
      vertex -294.5 2076.5 3201.73
    endloop
  endfacet
  facet normal -0.000256345 0.990345 -0.138623
    outer loop
      vertex -294.5 2077.62 3209.65
      vertex -275.5 2079.39 3222.26
      vertex -275.5 2078.28 3214.33
    endloop
  endfacet
  facet normal -0.000604143 0.990321 -0.138795
    outer loop
      vertex -380 2077.25 3207.04
      vertex -380 2076.14 3199.12
      vertex -389.5 2076.5 3201.73
    endloop
  endfacet
  facet normal 0.000604143 0.990321 -0.138795
    outer loop
      vertex -304 2077.25 3207.04
      vertex -294.5 2076.5 3201.73
      vertex -304 2076.14 3199.12
    endloop
  endfacet
  facet normal 0.000556071 0.990345 -0.138623
    outer loop
      vertex -351.5 2079.39 3222.26
      vertex -342 2078.64 3216.94
      vertex -351.5 2078.28 3214.33
    endloop
  endfacet
  facet normal 9.47511e-05 0.990149 -0.140021
    outer loop
      vertex -370.5 2077.62 3209.65
      vertex -351.5 2078.28 3214.33
      vertex -370.5 2076.5 3201.73
    endloop
  endfacet
  facet normal -0.000256345 0.990345 -0.138623
    outer loop
      vertex -370.5 2077.62 3209.65
      vertex -351.5 2079.39 3222.26
      vertex -351.5 2078.28 3214.33
    endloop
  endfacet
  facet normal -0.000604143 0.990321 -0.138795
    outer loop
      vertex -456 2077.25 3207.04
      vertex -456 2076.14 3199.12
      vertex -465.5 2076.5 3201.73
    endloop
  endfacet
  facet normal 0.000604143 0.990321 -0.138795
    outer loop
      vertex -380 2077.25 3207.04
      vertex -370.5 2076.5 3201.73
      vertex -380 2076.14 3199.12
    endloop
  endfacet
  facet normal 9.47511e-05 0.990149 -0.140021
    outer loop
      vertex -1225.5 2077.62 3209.65
      vertex -1216 2077.25 3207.04
      vertex -1225.5 2076.5 3201.73
    endloop
  endfacet
  facet normal 0.000556071 0.990345 -0.138623
    outer loop
      vertex -427.5 2079.39 3222.26
      vertex -418 2078.64 3216.94
      vertex -427.5 2078.28 3214.33
    endloop
  endfacet
  facet normal 9.47511e-05 0.990149 -0.140021
    outer loop
      vertex -446.5 2077.62 3209.65
      vertex -427.5 2078.28 3214.33
      vertex -446.5 2076.5 3201.73
    endloop
  endfacet
  facet normal -0.000256345 0.990345 -0.138623
    outer loop
      vertex -446.5 2077.62 3209.65
      vertex -427.5 2079.39 3222.26
      vertex -427.5 2078.28 3214.33
    endloop
  endfacet
  facet normal -0.000604143 0.990321 -0.138795
    outer loop
      vertex -532 2077.25 3207.04
      vertex -532 2076.14 3199.12
      vertex -541.5 2076.5 3201.73
    endloop
  endfacet
  facet normal 0.000604143 0.990321 -0.138795
    outer loop
      vertex -456 2077.25 3207.04
      vertex -446.5 2076.5 3201.73
      vertex -456 2076.14 3199.12
    endloop
  endfacet
  facet normal 0.000556071 0.990345 -0.138623
    outer loop
      vertex -503.5 2079.39 3222.26
      vertex -494 2078.64 3216.94
      vertex -503.5 2078.28 3214.33
    endloop
  endfacet
  facet normal 9.47511e-05 0.990149 -0.140021
    outer loop
      vertex -522.5 2077.62 3209.65
      vertex -503.5 2078.28 3214.33
      vertex -522.5 2076.5 3201.73
    endloop
  endfacet
  facet normal -0.000256345 0.990345 -0.138623
    outer loop
      vertex -522.5 2077.62 3209.65
      vertex -503.5 2079.39 3222.26
      vertex -503.5 2078.28 3214.33
    endloop
  endfacet
  facet normal -0.000604143 0.990321 -0.138795
    outer loop
      vertex -608 2077.25 3207.04
      vertex -608 2076.14 3199.12
      vertex -617.5 2076.5 3201.73
    endloop
  endfacet
  facet normal 0.000604143 0.990321 -0.138795
    outer loop
      vertex -532 2077.25 3207.04
      vertex -522.5 2076.5 3201.73
      vertex -532 2076.14 3199.12
    endloop
  endfacet
  facet normal 9.47511e-05 0.990149 -0.140021
    outer loop
      vertex -1301.5 2076.5 3201.73
      vertex -1301.5 2077.62 3209.65
      vertex -1292 2077.25 3207.04
    endloop
  endfacet
  facet normal 0.000556071 0.990345 -0.138623
    outer loop
      vertex -579.5 2079.39 3222.26
      vertex -570 2078.64 3216.94
      vertex -579.5 2078.28 3214.33
    endloop
  endfacet
  facet normal 9.47511e-05 0.990149 -0.140021
    outer loop
      vertex -598.5 2077.62 3209.65
      vertex -579.5 2078.28 3214.33
      vertex -598.5 2076.5 3201.73
    endloop
  endfacet
  facet normal -0.000256345 0.990345 -0.138623
    outer loop
      vertex -598.5 2077.62 3209.65
      vertex -579.5 2079.39 3222.26
      vertex -579.5 2078.28 3214.33
    endloop
  endfacet
  facet normal -0.000604143 0.990321 -0.138795
    outer loop
      vertex -684 2077.25 3207.04
      vertex -684 2076.14 3199.12
      vertex -693.5 2076.5 3201.73
    endloop
  endfacet
  facet normal 0.000604143 0.990321 -0.138795
    outer loop
      vertex -608 2077.25 3207.04
      vertex -598.5 2076.5 3201.73
      vertex -608 2076.14 3199.12
    endloop
  endfacet
  facet normal -9.47511e-05 0.990149 -0.140021
    outer loop
      vertex -1301.5 2076.5 3201.73
      vertex -1320.5 2078.28 3214.33
      vertex -1301.5 2077.62 3209.65
    endloop
  endfacet
  facet normal 0.000556071 0.990345 -0.138623
    outer loop
      vertex -655.5 2079.39 3222.26
      vertex -646 2078.64 3216.94
      vertex -655.5 2078.28 3214.33
    endloop
  endfacet
  facet normal 9.47511e-05 0.990149 -0.140021
    outer loop
      vertex -674.5 2077.62 3209.65
      vertex -655.5 2078.28 3214.33
      vertex -674.5 2076.5 3201.73
    endloop
  endfacet
  facet normal -0.000256345 0.990345 -0.138623
    outer loop
      vertex -674.5 2077.62 3209.65
      vertex -655.5 2079.39 3222.26
      vertex -655.5 2078.28 3214.33
    endloop
  endfacet
  facet normal -0.000604143 0.990321 -0.138795
    outer loop
      vertex -760 2077.25 3207.04
      vertex -760 2076.14 3199.12
      vertex -769.5 2076.5 3201.73
    endloop
  endfacet
  facet normal 0.000604143 0.990321 -0.138795
    outer loop
      vertex -684 2077.25 3207.04
      vertex -674.5 2076.5 3201.73
      vertex -684 2076.14 3199.12
    endloop
  endfacet
  facet normal 9.47511e-05 0.990149 -0.140021
    outer loop
      vertex -1368 2077.25 3207.04
      vertex -1377.5 2076.5 3201.73
      vertex -1377.5 2077.62 3209.65
    endloop
  endfacet
  facet normal 0.000556071 0.990345 -0.138623
    outer loop
      vertex -731.5 2079.39 3222.26
      vertex -722 2078.64 3216.94
      vertex -731.5 2078.28 3214.33
    endloop
  endfacet
  facet normal 9.47511e-05 0.990149 -0.140021
    outer loop
      vertex -750.5 2077.62 3209.65
      vertex -731.5 2078.28 3214.33
      vertex -750.5 2076.5 3201.73
    endloop
  endfacet
  facet normal -0.000256345 0.990345 -0.138623
    outer loop
      vertex -750.5 2077.62 3209.65
      vertex -731.5 2079.39 3222.26
      vertex -731.5 2078.28 3214.33
    endloop
  endfacet
  facet normal -0.000604143 0.990321 -0.138795
    outer loop
      vertex -836 2077.25 3207.04
      vertex -836 2076.14 3199.12
      vertex -845.5 2076.5 3201.73
    endloop
  endfacet
  facet normal 0.000604143 0.990321 -0.138795
    outer loop
      vertex -760 2077.25 3207.04
      vertex -750.5 2076.5 3201.73
      vertex -760 2076.14 3199.12
    endloop
  endfacet
  facet normal 0.000556071 0.990345 -0.138623
    outer loop
      vertex -807.5 2079.39 3222.26
      vertex -798 2078.64 3216.94
      vertex -807.5 2078.28 3214.33
    endloop
  endfacet
  facet normal 9.47511e-05 0.990149 -0.140021
    outer loop
      vertex -826.5 2077.62 3209.65
      vertex -807.5 2078.28 3214.33
      vertex -826.5 2076.5 3201.73
    endloop
  endfacet
  facet normal -0.000256345 0.990345 -0.138623
    outer loop
      vertex -826.5 2077.62 3209.65
      vertex -807.5 2079.39 3222.26
      vertex -807.5 2078.28 3214.33
    endloop
  endfacet
  facet normal -0.000604143 0.990321 -0.138795
    outer loop
      vertex -912 2077.25 3207.04
      vertex -912 2076.14 3199.12
      vertex -921.5 2076.5 3201.73
    endloop
  endfacet
  facet normal 0.000604143 0.990321 -0.138795
    outer loop
      vertex -836 2077.25 3207.04
      vertex -826.5 2076.5 3201.73
      vertex -836 2076.14 3199.12
    endloop
  endfacet
  facet normal 9.47511e-05 0.990149 -0.140021
    outer loop
      vertex -1453.5 2077.62 3209.65
      vertex -1444 2077.25 3207.04
      vertex -1453.5 2076.5 3201.73
    endloop
  endfacet
  facet normal 0.000556071 0.990345 -0.138623
    outer loop
      vertex -883.5 2079.39 3222.26
      vertex -874 2078.64 3216.94
      vertex -883.5 2078.28 3214.33
    endloop
  endfacet
  facet normal 9.47511e-05 0.990149 -0.140021
    outer loop
      vertex -902.5 2077.62 3209.65
      vertex -883.5 2078.28 3214.33
      vertex -902.5 2076.5 3201.73
    endloop
  endfacet
  facet normal -0.000256345 0.990345 -0.138623
    outer loop
      vertex -902.5 2077.62 3209.65
      vertex -883.5 2079.39 3222.26
      vertex -883.5 2078.28 3214.33
    endloop
  endfacet
  facet normal -0.000604143 0.990321 -0.138795
    outer loop
      vertex -988 2077.25 3207.04
      vertex -988 2076.14 3199.12
      vertex -997.5 2076.5 3201.73
    endloop
  endfacet
  facet normal 0.000604143 0.990321 -0.138795
    outer loop
      vertex -912 2077.25 3207.04
      vertex -902.5 2076.5 3201.73
      vertex -912 2076.14 3199.12
    endloop
  endfacet
  facet normal 0.000556071 0.990345 -0.138623
    outer loop
      vertex -959.5 2079.39 3222.26
      vertex -950 2078.64 3216.94
      vertex -959.5 2078.28 3214.33
    endloop
  endfacet
  facet normal 9.47511e-05 0.990149 -0.140021
    outer loop
      vertex -978.5 2077.62 3209.65
      vertex -959.5 2078.28 3214.33
      vertex -978.5 2076.5 3201.73
    endloop
  endfacet
  facet normal -0.000256345 0.990345 -0.138623
    outer loop
      vertex -978.5 2077.62 3209.65
      vertex -959.5 2079.39 3222.26
      vertex -959.5 2078.28 3214.33
    endloop
  endfacet
  facet normal -0.000604143 0.990321 -0.138795
    outer loop
      vertex -1064 2077.25 3207.04
      vertex -1064 2076.14 3199.12
      vertex -1073.5 2076.5 3201.73
    endloop
  endfacet
  facet normal 0.000604143 0.990321 -0.138795
    outer loop
      vertex -988 2077.25 3207.04
      vertex -978.5 2076.5 3201.73
      vertex -988 2076.14 3199.12
    endloop
  endfacet
  facet normal 9.47511e-05 0.990149 -0.140021
    outer loop
      vertex -1529.5 2076.5 3201.73
      vertex -1529.5 2077.62 3209.65
      vertex -1520 2077.25 3207.04
    endloop
  endfacet
  facet normal 0.000556071 0.990345 -0.138623
    outer loop
      vertex -1035.5 2079.39 3222.26
      vertex -1026 2078.64 3216.94
      vertex -1035.5 2078.28 3214.33
    endloop
  endfacet
  facet normal 9.47511e-05 0.990149 -0.140021
    outer loop
      vertex -1054.5 2077.62 3209.65
      vertex -1035.5 2078.28 3214.33
      vertex -1054.5 2076.5 3201.73
    endloop
  endfacet
  facet normal -0.000256345 0.990345 -0.138623
    outer loop
      vertex -1054.5 2077.62 3209.65
      vertex -1035.5 2079.39 3222.26
      vertex -1035.5 2078.28 3214.33
    endloop
  endfacet
  facet normal -0.000604143 0.990321 -0.138795
    outer loop
      vertex -1140 2077.25 3207.04
      vertex -1140 2076.14 3199.12
      vertex -1149.5 2076.5 3201.73
    endloop
  endfacet
  facet normal 0.000604143 0.990321 -0.138795
    outer loop
      vertex -1064 2077.25 3207.04
      vertex -1054.5 2076.5 3201.73
      vertex -1064 2076.14 3199.12
    endloop
  endfacet
  facet normal -9.47511e-05 0.990149 -0.140021
    outer loop
      vertex -1529.5 2076.5 3201.73
      vertex -1548.5 2078.28 3214.33
      vertex -1529.5 2077.62 3209.65
    endloop
  endfacet
  facet normal 0.000556071 0.990345 -0.138623
    outer loop
      vertex -1111.5 2079.39 3222.26
      vertex -1102 2078.64 3216.94
      vertex -1111.5 2078.28 3214.33
    endloop
  endfacet
  facet normal 9.47511e-05 0.990149 -0.140021
    outer loop
      vertex -1130.5 2077.62 3209.65
      vertex -1111.5 2078.28 3214.33
      vertex -1130.5 2076.5 3201.73
    endloop
  endfacet
  facet normal -0.000256345 0.990345 -0.138623
    outer loop
      vertex -1130.5 2077.62 3209.65
      vertex -1111.5 2079.39 3222.26
      vertex -1111.5 2078.28 3214.33
    endloop
  endfacet
  facet normal -0.000604143 0.990321 -0.138795
    outer loop
      vertex -1216 2077.25 3207.04
      vertex -1216 2076.14 3199.12
      vertex -1225.5 2076.5 3201.73
    endloop
  endfacet
  facet normal 0.000604143 0.990321 -0.138795
    outer loop
      vertex -1140 2077.25 3207.04
      vertex -1130.5 2076.5 3201.73
      vertex -1140 2076.14 3199.12
    endloop
  endfacet
  facet normal 9.47511e-05 0.990149 -0.140021
    outer loop
      vertex -1596 2077.25 3207.04
      vertex -1605.5 2076.5 3201.73
      vertex -1605.5 2077.62 3209.65
    endloop
  endfacet
  facet normal 0.000556071 0.990345 -0.138623
    outer loop
      vertex -1187.5 2079.39 3222.26
      vertex -1178 2078.64 3216.94
      vertex -1187.5 2078.28 3214.33
    endloop
  endfacet
  facet normal 9.47511e-05 0.990149 -0.140021
    outer loop
      vertex -1206.5 2077.62 3209.65
      vertex -1187.5 2078.28 3214.33
      vertex -1206.5 2076.5 3201.73
    endloop
  endfacet
  facet normal -0.000256345 0.990345 -0.138623
    outer loop
      vertex -1206.5 2077.62 3209.65
      vertex -1187.5 2079.39 3222.26
      vertex -1187.5 2078.28 3214.33
    endloop
  endfacet
  facet normal -0.000604143 0.990321 -0.138795
    outer loop
      vertex -1292 2077.25 3207.04
      vertex -1292 2076.14 3199.12
      vertex -1301.5 2076.5 3201.73
    endloop
  endfacet
  facet normal 0.000604143 0.990321 -0.138795
    outer loop
      vertex -1216 2077.25 3207.04
      vertex -1206.5 2076.5 3201.73
      vertex -1216 2076.14 3199.12
    endloop
  endfacet
  facet normal 0.000556071 0.990345 -0.138623
    outer loop
      vertex -1263.5 2079.39 3222.26
      vertex -1254 2078.64 3216.94
      vertex -1263.5 2078.28 3214.33
    endloop
  endfacet
  facet normal 9.47511e-05 0.990149 -0.140021
    outer loop
      vertex -1282.5 2077.62 3209.65
      vertex -1263.5 2078.28 3214.33
      vertex -1282.5 2076.5 3201.73
    endloop
  endfacet
  facet normal -0.000256345 0.990345 -0.138623
    outer loop
      vertex -1282.5 2077.62 3209.65
      vertex -1263.5 2079.39 3222.26
      vertex -1263.5 2078.28 3214.33
    endloop
  endfacet
  facet normal -0.000604143 0.990321 -0.138795
    outer loop
      vertex -1368 2077.25 3207.04
      vertex -1368 2076.14 3199.12
      vertex -1377.5 2076.5 3201.73
    endloop
  endfacet
  facet normal 0.000604143 0.990321 -0.138795
    outer loop
      vertex -1292 2077.25 3207.04
      vertex -1282.5 2076.5 3201.73
      vertex -1292 2076.14 3199.12
    endloop
  endfacet
  facet normal 9.47511e-05 0.990149 -0.140021
    outer loop
      vertex -1681.5 2077.62 3209.65
      vertex -1672 2077.25 3207.04
      vertex -1681.5 2076.5 3201.73
    endloop
  endfacet
  facet normal 0.000556071 0.990345 -0.138623
    outer loop
      vertex -1339.5 2079.39 3222.26
      vertex -1330 2078.64 3216.94
      vertex -1339.5 2078.28 3214.33
    endloop
  endfacet
  facet normal 9.47511e-05 0.990149 -0.140021
    outer loop
      vertex -1358.5 2077.62 3209.65
      vertex -1339.5 2078.28 3214.33
      vertex -1358.5 2076.5 3201.73
    endloop
  endfacet
  facet normal -0.000256345 0.990345 -0.138623
    outer loop
      vertex -1358.5 2077.62 3209.65
      vertex -1339.5 2079.39 3222.26
      vertex -1339.5 2078.28 3214.33
    endloop
  endfacet
  facet normal -0.000604143 0.990321 -0.138795
    outer loop
      vertex -1444 2077.25 3207.04
      vertex -1444 2076.14 3199.12
      vertex -1453.5 2076.5 3201.73
    endloop
  endfacet
  facet normal 0.000604143 0.990321 -0.138795
    outer loop
      vertex -1368 2077.25 3207.04
      vertex -1358.5 2076.5 3201.73
      vertex -1368 2076.14 3199.12
    endloop
  endfacet
  facet normal 0.000556071 0.990345 -0.138623
    outer loop
      vertex -1415.5 2079.39 3222.26
      vertex -1406 2078.64 3216.94
      vertex -1415.5 2078.28 3214.33
    endloop
  endfacet
  facet normal 9.47511e-05 0.990149 -0.140021
    outer loop
      vertex -1434.5 2077.62 3209.65
      vertex -1415.5 2078.28 3214.33
      vertex -1434.5 2076.5 3201.73
    endloop
  endfacet
  facet normal -0.000256345 0.990345 -0.138623
    outer loop
      vertex -1434.5 2077.62 3209.65
      vertex -1415.5 2079.39 3222.26
      vertex -1415.5 2078.28 3214.33
    endloop
  endfacet
  facet normal -0.000604143 0.990321 -0.138795
    outer loop
      vertex -1520 2077.25 3207.04
      vertex -1520 2076.14 3199.12
      vertex -1529.5 2076.5 3201.73
    endloop
  endfacet
  facet normal 0.000604143 0.990321 -0.138795
    outer loop
      vertex -1444 2077.25 3207.04
      vertex -1434.5 2076.5 3201.73
      vertex -1444 2076.14 3199.12
    endloop
  endfacet
  facet normal 9.47511e-05 0.990149 -0.140021
    outer loop
      vertex -1757.5 2076.5 3201.73
      vertex -1757.5 2077.62 3209.65
      vertex -1748 2077.25 3207.04
    endloop
  endfacet
  facet normal 0.000556071 0.990345 -0.138623
    outer loop
      vertex -1491.5 2079.39 3222.26
      vertex -1482 2078.64 3216.94
      vertex -1491.5 2078.28 3214.33
    endloop
  endfacet
  facet normal 9.47511e-05 0.990149 -0.140021
    outer loop
      vertex -1510.5 2077.62 3209.65
      vertex -1491.5 2078.28 3214.33
      vertex -1510.5 2076.5 3201.73
    endloop
  endfacet
  facet normal -0.000256345 0.990345 -0.138623
    outer loop
      vertex -1510.5 2077.62 3209.65
      vertex -1491.5 2079.39 3222.26
      vertex -1491.5 2078.28 3214.33
    endloop
  endfacet
  facet normal -0.000604143 0.990321 -0.138795
    outer loop
      vertex -1596 2077.25 3207.04
      vertex -1596 2076.14 3199.12
      vertex -1605.5 2076.5 3201.73
    endloop
  endfacet
  facet normal 0.000604143 0.990321 -0.138795
    outer loop
      vertex -1520 2077.25 3207.04
      vertex -1510.5 2076.5 3201.73
      vertex -1520 2076.14 3199.12
    endloop
  endfacet
  facet normal -9.47511e-05 0.990149 -0.140021
    outer loop
      vertex -1757.5 2076.5 3201.73
      vertex -1776.5 2078.28 3214.33
      vertex -1757.5 2077.62 3209.65
    endloop
  endfacet
  facet normal 0.000556071 0.990345 -0.138623
    outer loop
      vertex -1567.5 2079.39 3222.26
      vertex -1558 2078.64 3216.94
      vertex -1567.5 2078.28 3214.33
    endloop
  endfacet
  facet normal 9.47511e-05 0.990149 -0.140021
    outer loop
      vertex -1586.5 2077.62 3209.65
      vertex -1567.5 2078.28 3214.33
      vertex -1586.5 2076.5 3201.73
    endloop
  endfacet
  facet normal -0.000256345 0.990345 -0.138623
    outer loop
      vertex -1586.5 2077.62 3209.65
      vertex -1567.5 2079.39 3222.26
      vertex -1567.5 2078.28 3214.33
    endloop
  endfacet
  facet normal -0.000604143 0.990321 -0.138795
    outer loop
      vertex -1672 2077.25 3207.04
      vertex -1672 2076.14 3199.12
      vertex -1681.5 2076.5 3201.73
    endloop
  endfacet
  facet normal 0.000604143 0.990321 -0.138795
    outer loop
      vertex -1596 2077.25 3207.04
      vertex -1586.5 2076.5 3201.73
      vertex -1596 2076.14 3199.12
    endloop
  endfacet
  facet normal 9.47511e-05 0.990149 -0.140021
    outer loop
      vertex -1824 2077.25 3207.04
      vertex -1833.5 2076.5 3201.73
      vertex -1833.5 2077.62 3209.65
    endloop
  endfacet
  facet normal 0.000556071 0.990345 -0.138623
    outer loop
      vertex -1643.5 2079.39 3222.26
      vertex -1634 2078.64 3216.94
      vertex -1643.5 2078.28 3214.33
    endloop
  endfacet
  facet normal 9.47511e-05 0.990149 -0.140021
    outer loop
      vertex -1662.5 2077.62 3209.65
      vertex -1643.5 2078.28 3214.33
      vertex -1662.5 2076.5 3201.73
    endloop
  endfacet
  facet normal -0.000256345 0.990345 -0.138623
    outer loop
      vertex -1662.5 2077.62 3209.65
      vertex -1643.5 2079.39 3222.26
      vertex -1643.5 2078.28 3214.33
    endloop
  endfacet
  facet normal -0.000604143 0.990321 -0.138795
    outer loop
      vertex -1748 2077.25 3207.04
      vertex -1748 2076.14 3199.12
      vertex -1757.5 2076.5 3201.73
    endloop
  endfacet
  facet normal 0.000604143 0.990321 -0.138795
    outer loop
      vertex -1672 2077.25 3207.04
      vertex -1662.5 2076.5 3201.73
      vertex -1672 2076.14 3199.12
    endloop
  endfacet
  facet normal 0.000556071 0.990345 -0.138623
    outer loop
      vertex -1719.5 2079.39 3222.26
      vertex -1710 2078.64 3216.94
      vertex -1719.5 2078.28 3214.33
    endloop
  endfacet
  facet normal 9.47511e-05 0.990149 -0.140021
    outer loop
      vertex -1738.5 2077.62 3209.65
      vertex -1719.5 2078.28 3214.33
      vertex -1738.5 2076.5 3201.73
    endloop
  endfacet
  facet normal -0.000256345 0.990345 -0.138623
    outer loop
      vertex -1738.5 2077.62 3209.65
      vertex -1719.5 2079.39 3222.26
      vertex -1719.5 2078.28 3214.33
    endloop
  endfacet
  facet normal -0.000604143 0.990321 -0.138795
    outer loop
      vertex -1824 2077.25 3207.04
      vertex -1824 2076.14 3199.12
      vertex -1833.5 2076.5 3201.73
    endloop
  endfacet
  facet normal 0.000604143 0.990321 -0.138795
    outer loop
      vertex -1748 2077.25 3207.04
      vertex -1738.5 2076.5 3201.73
      vertex -1748 2076.14 3199.12
    endloop
  endfacet
  facet normal 9.47511e-05 0.990149 -0.140021
    outer loop
      vertex -1909.5 2077.62 3209.65
      vertex -1900 2077.25 3207.04
      vertex -1909.5 2076.5 3201.73
    endloop
  endfacet
  facet normal 0.000556071 0.990345 -0.138623
    outer loop
      vertex -1795.5 2079.39 3222.26
      vertex -1786 2078.64 3216.94
      vertex -1795.5 2078.28 3214.33
    endloop
  endfacet
  facet normal 9.47511e-05 0.990149 -0.140021
    outer loop
      vertex -1814.5 2077.62 3209.65
      vertex -1795.5 2078.28 3214.33
      vertex -1814.5 2076.5 3201.73
    endloop
  endfacet
  facet normal -0.000256345 0.990345 -0.138623
    outer loop
      vertex -1814.5 2077.62 3209.65
      vertex -1795.5 2079.39 3222.26
      vertex -1795.5 2078.28 3214.33
    endloop
  endfacet
  facet normal -0.000604143 0.990321 -0.138795
    outer loop
      vertex -1900 2077.25 3207.04
      vertex -1900 2076.14 3199.12
      vertex -1909.5 2076.5 3201.73
    endloop
  endfacet
  facet normal 0.000604143 0.990321 -0.138795
    outer loop
      vertex -1824 2077.25 3207.04
      vertex -1814.5 2076.5 3201.73
      vertex -1824 2076.14 3199.12
    endloop
  endfacet
  facet normal -9.47511e-05 0.990149 -0.140021
    outer loop
      vertex -1928.5 2078.28 3214.33
      vertex -1909.5 2077.62 3209.65
      vertex -1909.5 2076.5 3201.73
    endloop
  endfacet
  facet normal 0.000556071 0.990345 -0.138623
    outer loop
      vertex -1871.5 2079.39 3222.26
      vertex -1862 2078.64 3216.94
      vertex -1871.5 2078.28 3214.33
    endloop
  endfacet
  facet normal 9.47511e-05 0.990149 -0.140021
    outer loop
      vertex -1890.5 2077.62 3209.65
      vertex -1871.5 2078.28 3214.33
      vertex -1890.5 2076.5 3201.73
    endloop
  endfacet
  facet normal -0.000256345 0.990345 -0.138623
    outer loop
      vertex -1890.5 2077.62 3209.65
      vertex -1871.5 2079.39 3222.26
      vertex -1871.5 2078.28 3214.33
    endloop
  endfacet
  facet normal 0.000604143 0.990321 -0.138795
    outer loop
      vertex -1976 2077.25 3207.04
      vertex -1966.5 2076.5 3201.73
      vertex -1976 2076.14 3199.12
    endloop
  endfacet
  facet normal 0.000604143 0.990321 -0.138795
    outer loop
      vertex -1900 2077.25 3207.04
      vertex -1890.5 2076.5 3201.73
      vertex -1900 2076.14 3199.12
    endloop
  endfacet
  facet normal 0.000556071 0.990345 -0.138623
    outer loop
      vertex -1947.5 2079.39 3222.26
      vertex -1938 2078.64 3216.94
      vertex -1947.5 2078.28 3214.33
    endloop
  endfacet
  facet normal 9.47511e-05 0.990149 -0.140021
    outer loop
      vertex -1966.5 2077.62 3209.65
      vertex -1947.5 2078.28 3214.33
      vertex -1966.5 2076.5 3201.73
    endloop
  endfacet
  facet normal -0.000256345 0.990345 -0.138623
    outer loop
      vertex -1966.5 2077.62 3209.65
      vertex -1947.5 2079.39 3222.26
      vertex -1947.5 2078.28 3214.33
    endloop
  endfacet
  facet normal -9.47511e-05 0.990149 -0.140021
    outer loop
      vertex -1976 2077.25 3207.04
      vertex -1966.5 2077.62 3209.65
      vertex -1966.5 2076.5 3201.73
    endloop
  endfacet
  facet normal 0.000143265 0.990173 -0.139848
    outer loop
      vertex -1938 2079.76 3224.87
      vertex -1928.5 2079.39 3222.26
      vertex -1938 2078.64 3216.94
    endloop
  endfacet
  facet normal -0.000143265 0.990173 -0.139848
    outer loop
      vertex -1947.5 2079.39 3222.26
      vertex -1938 2079.76 3224.87
      vertex -1938 2078.64 3216.94
    endloop
  endfacet
  facet normal -0.000556071 0.990345 -0.138623
    outer loop
      vertex -1938 2078.64 3216.94
      vertex -1928.5 2079.39 3222.26
      vertex -1928.5 2078.28 3214.33
    endloop
  endfacet
  facet normal 0.000256345 0.990345 -0.138623
    outer loop
      vertex -1928.5 2078.28 3214.33
      vertex -1928.5 2079.39 3222.26
      vertex -1909.5 2077.62 3209.65
    endloop
  endfacet
  facet normal -9.47511e-05 0.990149 -0.140021
    outer loop
      vertex -1833.5 2077.62 3209.65
      vertex -1833.5 2076.5 3201.73
      vertex -1852.5 2078.28 3214.33
    endloop
  endfacet
  facet normal -9.47511e-05 0.990149 -0.140021
    outer loop
      vertex -1890.5 2076.5 3201.73
      vertex -1900 2077.25 3207.04
      vertex -1890.5 2077.62 3209.65
    endloop
  endfacet
  facet normal -0.000143265 0.990173 -0.139848
    outer loop
      vertex -1871.5 2079.39 3222.26
      vertex -1862 2079.76 3224.87
      vertex -1862 2078.64 3216.94
    endloop
  endfacet
  facet normal -0.000556071 0.990345 -0.138623
    outer loop
      vertex -1852.5 2078.28 3214.33
      vertex -1862 2078.64 3216.94
      vertex -1852.5 2079.39 3222.26
    endloop
  endfacet
  facet normal 0.000143265 0.990173 -0.139848
    outer loop
      vertex -1862 2078.64 3216.94
      vertex -1862 2079.76 3224.87
      vertex -1852.5 2079.39 3222.26
    endloop
  endfacet
  facet normal 0.000256345 0.990345 -0.138623
    outer loop
      vertex -1833.5 2077.62 3209.65
      vertex -1852.5 2078.28 3214.33
      vertex -1852.5 2079.39 3222.26
    endloop
  endfacet
  facet normal -9.47511e-05 0.990149 -0.140021
    outer loop
      vertex -1824 2077.25 3207.04
      vertex -1814.5 2077.62 3209.65
      vertex -1814.5 2076.5 3201.73
    endloop
  endfacet
  facet normal 0.000143265 0.990173 -0.139848
    outer loop
      vertex -1786 2079.76 3224.87
      vertex -1776.5 2079.39 3222.26
      vertex -1786 2078.64 3216.94
    endloop
  endfacet
  facet normal -0.000143265 0.990173 -0.139848
    outer loop
      vertex -1795.5 2079.39 3222.26
      vertex -1786 2079.76 3224.87
      vertex -1786 2078.64 3216.94
    endloop
  endfacet
  facet normal -0.000556071 0.990345 -0.138623
    outer loop
      vertex -1786 2078.64 3216.94
      vertex -1776.5 2079.39 3222.26
      vertex -1776.5 2078.28 3214.33
    endloop
  endfacet
  facet normal 0.000256345 0.990345 -0.138623
    outer loop
      vertex -1776.5 2078.28 3214.33
      vertex -1776.5 2079.39 3222.26
      vertex -1757.5 2077.62 3209.65
    endloop
  endfacet
  facet normal -9.47511e-05 0.990149 -0.140021
    outer loop
      vertex -1700.5 2078.28 3214.33
      vertex -1681.5 2077.62 3209.65
      vertex -1681.5 2076.5 3201.73
    endloop
  endfacet
  facet normal -0.000556071 0.990345 -0.138623
    outer loop
      vertex -1700.5 2079.39 3222.26
      vertex -1700.5 2078.28 3214.33
      vertex -1710 2078.64 3216.94
    endloop
  endfacet
  facet normal 9.47511e-05 0.990149 -0.140021
    outer loop
      vertex -845.5 2076.5 3201.73
      vertex -845.5 2077.62 3209.65
      vertex -836 2077.25 3207.04
    endloop
  endfacet
  facet normal -9.47511e-05 0.990149 -0.140021
    outer loop
      vertex -1738.5 2077.62 3209.65
      vertex -1738.5 2076.5 3201.73
      vertex -1748 2077.25 3207.04
    endloop
  endfacet
  facet normal -0.000143265 0.990173 -0.139848
    outer loop
      vertex -1719.5 2079.39 3222.26
      vertex -1710 2079.76 3224.87
      vertex -1710 2078.64 3216.94
    endloop
  endfacet
  facet normal 0.000143265 0.990173 -0.139848
    outer loop
      vertex -1700.5 2079.39 3222.26
      vertex -1710 2078.64 3216.94
      vertex -1710 2079.76 3224.87
    endloop
  endfacet
  facet normal 0.000256345 0.990345 -0.138623
    outer loop
      vertex -1700.5 2079.39 3222.26
      vertex -1681.5 2077.62 3209.65
      vertex -1700.5 2078.28 3214.33
    endloop
  endfacet
  facet normal -9.47511e-05 0.990149 -0.140021
    outer loop
      vertex -1605.5 2077.62 3209.65
      vertex -1605.5 2076.5 3201.73
      vertex -1624.5 2078.28 3214.33
    endloop
  endfacet
  facet normal 9.47511e-05 0.990149 -0.140021
    outer loop
      vertex -769.5 2076.5 3201.73
      vertex -769.5 2077.62 3209.65
      vertex -760 2077.25 3207.04
    endloop
  endfacet
  facet normal -9.47511e-05 0.990149 -0.140021
    outer loop
      vertex -1662.5 2076.5 3201.73
      vertex -1672 2077.25 3207.04
      vertex -1662.5 2077.62 3209.65
    endloop
  endfacet
  facet normal -0.000143265 0.990173 -0.139848
    outer loop
      vertex -1643.5 2079.39 3222.26
      vertex -1634 2079.76 3224.87
      vertex -1634 2078.64 3216.94
    endloop
  endfacet
  facet normal -0.000556071 0.990345 -0.138623
    outer loop
      vertex -1624.5 2078.28 3214.33
      vertex -1634 2078.64 3216.94
      vertex -1624.5 2079.39 3222.26
    endloop
  endfacet
  facet normal 0.000143265 0.990173 -0.139848
    outer loop
      vertex -1634 2078.64 3216.94
      vertex -1634 2079.76 3224.87
      vertex -1624.5 2079.39 3222.26
    endloop
  endfacet
  facet normal 0.000256345 0.990345 -0.138623
    outer loop
      vertex -1605.5 2077.62 3209.65
      vertex -1624.5 2078.28 3214.33
      vertex -1624.5 2079.39 3222.26
    endloop
  endfacet
  facet normal -9.47511e-05 0.990149 -0.140021
    outer loop
      vertex -1596 2077.25 3207.04
      vertex -1586.5 2077.62 3209.65
      vertex -1586.5 2076.5 3201.73
    endloop
  endfacet
  facet normal -9.47511e-05 0.990149 -0.140021
    outer loop
      vertex -693.5 2076.5 3201.73
      vertex -712.5 2078.28 3214.33
      vertex -693.5 2077.62 3209.65
    endloop
  endfacet
  facet normal 0.000143265 0.990173 -0.139848
    outer loop
      vertex -1558 2079.76 3224.87
      vertex -1548.5 2079.39 3222.26
      vertex -1558 2078.64 3216.94
    endloop
  endfacet
  facet normal -0.000143265 0.990173 -0.139848
    outer loop
      vertex -1567.5 2079.39 3222.26
      vertex -1558 2079.76 3224.87
      vertex -1558 2078.64 3216.94
    endloop
  endfacet
  facet normal -0.000556071 0.990345 -0.138623
    outer loop
      vertex -1558 2078.64 3216.94
      vertex -1548.5 2079.39 3222.26
      vertex -1548.5 2078.28 3214.33
    endloop
  endfacet
  facet normal 0.000256345 0.990345 -0.138623
    outer loop
      vertex -1548.5 2078.28 3214.33
      vertex -1548.5 2079.39 3222.26
      vertex -1529.5 2077.62 3209.65
    endloop
  endfacet
  facet normal -9.47511e-05 0.990149 -0.140021
    outer loop
      vertex -1472.5 2078.28 3214.33
      vertex -1453.5 2077.62 3209.65
      vertex -1453.5 2076.5 3201.73
    endloop
  endfacet
  facet normal -0.000556071 0.990345 -0.138623
    outer loop
      vertex -1472.5 2079.39 3222.26
      vertex -1472.5 2078.28 3214.33
      vertex -1482 2078.64 3216.94
    endloop
  endfacet
  facet normal -9.47511e-05 0.990149 -0.140021
    outer loop
      vertex -617.5 2076.5 3201.73
      vertex -636.5 2078.28 3214.33
      vertex -617.5 2077.62 3209.65
    endloop
  endfacet
  facet normal -9.47511e-05 0.990149 -0.140021
    outer loop
      vertex -1510.5 2077.62 3209.65
      vertex -1510.5 2076.5 3201.73
      vertex -1520 2077.25 3207.04
    endloop
  endfacet
  facet normal -0.000143265 0.990173 -0.139848
    outer loop
      vertex -1491.5 2079.39 3222.26
      vertex -1482 2079.76 3224.87
      vertex -1482 2078.64 3216.94
    endloop
  endfacet
  facet normal 0.000143265 0.990173 -0.139848
    outer loop
      vertex -1472.5 2079.39 3222.26
      vertex -1482 2078.64 3216.94
      vertex -1482 2079.76 3224.87
    endloop
  endfacet
  facet normal 0.000256345 0.990345 -0.138623
    outer loop
      vertex -1472.5 2079.39 3222.26
      vertex -1453.5 2077.62 3209.65
      vertex -1472.5 2078.28 3214.33
    endloop
  endfacet
  facet normal -9.47511e-05 0.990149 -0.140021
    outer loop
      vertex -1377.5 2077.62 3209.65
      vertex -1377.5 2076.5 3201.73
      vertex -1396.5 2078.28 3214.33
    endloop
  endfacet
  facet normal 9.47511e-05 0.990149 -0.140021
    outer loop
      vertex -608 2077.25 3207.04
      vertex -617.5 2076.5 3201.73
      vertex -617.5 2077.62 3209.65
    endloop
  endfacet
  facet normal -9.47511e-05 0.990149 -0.140021
    outer loop
      vertex -1434.5 2076.5 3201.73
      vertex -1444 2077.25 3207.04
      vertex -1434.5 2077.62 3209.65
    endloop
  endfacet
  facet normal -0.000143265 0.990173 -0.139848
    outer loop
      vertex -1415.5 2079.39 3222.26
      vertex -1406 2079.76 3224.87
      vertex -1406 2078.64 3216.94
    endloop
  endfacet
  facet normal -0.000556071 0.990345 -0.138623
    outer loop
      vertex -1396.5 2078.28 3214.33
      vertex -1406 2078.64 3216.94
      vertex -1396.5 2079.39 3222.26
    endloop
  endfacet
  facet normal 0.000143265 0.990173 -0.139848
    outer loop
      vertex -1406 2078.64 3216.94
      vertex -1406 2079.76 3224.87
      vertex -1396.5 2079.39 3222.26
    endloop
  endfacet
  facet normal 0.000256345 0.990345 -0.138623
    outer loop
      vertex -1377.5 2077.62 3209.65
      vertex -1396.5 2078.28 3214.33
      vertex -1396.5 2079.39 3222.26
    endloop
  endfacet
  facet normal -9.47511e-05 0.990149 -0.140021
    outer loop
      vertex -1368 2077.25 3207.04
      vertex -1358.5 2077.62 3209.65
      vertex -1358.5 2076.5 3201.73
    endloop
  endfacet
  facet normal 9.47511e-05 0.990149 -0.140021
    outer loop
      vertex -532 2077.25 3207.04
      vertex -541.5 2076.5 3201.73
      vertex -541.5 2077.62 3209.65
    endloop
  endfacet
  facet normal 0.000143265 0.990173 -0.139848
    outer loop
      vertex -1330 2079.76 3224.87
      vertex -1320.5 2079.39 3222.26
      vertex -1330 2078.64 3216.94
    endloop
  endfacet
  facet normal -0.000143265 0.990173 -0.139848
    outer loop
      vertex -1339.5 2079.39 3222.26
      vertex -1330 2079.76 3224.87
      vertex -1330 2078.64 3216.94
    endloop
  endfacet
  facet normal -0.000556071 0.990345 -0.138623
    outer loop
      vertex -1330 2078.64 3216.94
      vertex -1320.5 2079.39 3222.26
      vertex -1320.5 2078.28 3214.33
    endloop
  endfacet
  facet normal 0.000256345 0.990345 -0.138623
    outer loop
      vertex -1320.5 2078.28 3214.33
      vertex -1320.5 2079.39 3222.26
      vertex -1301.5 2077.62 3209.65
    endloop
  endfacet
  facet normal -9.47511e-05 0.990149 -0.140021
    outer loop
      vertex -1244.5 2078.28 3214.33
      vertex -1225.5 2077.62 3209.65
      vertex -1225.5 2076.5 3201.73
    endloop
  endfacet
  facet normal -0.000556071 0.990345 -0.138623
    outer loop
      vertex -1244.5 2079.39 3222.26
      vertex -1244.5 2078.28 3214.33
      vertex -1254 2078.64 3216.94
    endloop
  endfacet
  facet normal -9.47511e-05 0.990149 -0.140021
    outer loop
      vertex -1282.5 2077.62 3209.65
      vertex -1282.5 2076.5 3201.73
      vertex -1292 2077.25 3207.04
    endloop
  endfacet
  facet normal -0.000143265 0.990173 -0.139848
    outer loop
      vertex -1263.5 2079.39 3222.26
      vertex -1254 2079.76 3224.87
      vertex -1254 2078.64 3216.94
    endloop
  endfacet
  facet normal 0.000143265 0.990173 -0.139848
    outer loop
      vertex -1244.5 2079.39 3222.26
      vertex -1254 2078.64 3216.94
      vertex -1254 2079.76 3224.87
    endloop
  endfacet
  facet normal 0.000256345 0.990345 -0.138623
    outer loop
      vertex -1244.5 2079.39 3222.26
      vertex -1225.5 2077.62 3209.65
      vertex -1244.5 2078.28 3214.33
    endloop
  endfacet
  facet normal -9.47511e-05 0.990149 -0.140021
    outer loop
      vertex -1149.5 2077.62 3209.65
      vertex -1149.5 2076.5 3201.73
      vertex -1168.5 2078.28 3214.33
    endloop
  endfacet
  facet normal -9.47511e-05 0.990149 -0.140021
    outer loop
      vertex -1206.5 2076.5 3201.73
      vertex -1216 2077.25 3207.04
      vertex -1206.5 2077.62 3209.65
    endloop
  endfacet
  facet normal -0.000143265 0.990173 -0.139848
    outer loop
      vertex -1187.5 2079.39 3222.26
      vertex -1178 2079.76 3224.87
      vertex -1178 2078.64 3216.94
    endloop
  endfacet
  facet normal -0.000556071 0.990345 -0.138623
    outer loop
      vertex -1168.5 2078.28 3214.33
      vertex -1178 2078.64 3216.94
      vertex -1168.5 2079.39 3222.26
    endloop
  endfacet
  facet normal 0.000143265 0.990173 -0.139848
    outer loop
      vertex -1178 2078.64 3216.94
      vertex -1178 2079.76 3224.87
      vertex -1168.5 2079.39 3222.26
    endloop
  endfacet
  facet normal 0.000256345 0.990345 -0.138623
    outer loop
      vertex -1149.5 2077.62 3209.65
      vertex -1168.5 2078.28 3214.33
      vertex -1168.5 2079.39 3222.26
    endloop
  endfacet
  facet normal -9.47511e-05 0.990149 -0.140021
    outer loop
      vertex -1140 2077.25 3207.04
      vertex -1130.5 2077.62 3209.65
      vertex -1130.5 2076.5 3201.73
    endloop
  endfacet
  facet normal 9.47511e-05 0.990149 -0.140021
    outer loop
      vertex -389.5 2077.62 3209.65
      vertex -380 2077.25 3207.04
      vertex -389.5 2076.5 3201.73
    endloop
  endfacet
  facet normal 0.000143265 0.990173 -0.139848
    outer loop
      vertex -1102 2079.76 3224.87
      vertex -1092.5 2079.39 3222.26
      vertex -1102 2078.64 3216.94
    endloop
  endfacet
  facet normal -0.000143265 0.990173 -0.139848
    outer loop
      vertex -1111.5 2079.39 3222.26
      vertex -1102 2079.76 3224.87
      vertex -1102 2078.64 3216.94
    endloop
  endfacet
  facet normal -0.000556071 0.990345 -0.138623
    outer loop
      vertex -1102 2078.64 3216.94
      vertex -1092.5 2079.39 3222.26
      vertex -1092.5 2078.28 3214.33
    endloop
  endfacet
  facet normal 0.000256345 0.990345 -0.138623
    outer loop
      vertex -1092.5 2078.28 3214.33
      vertex -1092.5 2079.39 3222.26
      vertex -1073.5 2077.62 3209.65
    endloop
  endfacet
  facet normal -9.47511e-05 0.990149 -0.140021
    outer loop
      vertex -1016.5 2078.28 3214.33
      vertex -997.5 2077.62 3209.65
      vertex -997.5 2076.5 3201.73
    endloop
  endfacet
  facet normal -0.000556071 0.990345 -0.138623
    outer loop
      vertex -1016.5 2079.39 3222.26
      vertex -1016.5 2078.28 3214.33
      vertex -1026 2078.64 3216.94
    endloop
  endfacet
  facet normal 9.47511e-05 0.990149 -0.140021
    outer loop
      vertex -313.5 2077.62 3209.65
      vertex -304 2077.25 3207.04
      vertex -313.5 2076.5 3201.73
    endloop
  endfacet
  facet normal -9.47511e-05 0.990149 -0.140021
    outer loop
      vertex -1054.5 2077.62 3209.65
      vertex -1054.5 2076.5 3201.73
      vertex -1064 2077.25 3207.04
    endloop
  endfacet
  facet normal -0.000143265 0.990173 -0.139848
    outer loop
      vertex -1035.5 2079.39 3222.26
      vertex -1026 2079.76 3224.87
      vertex -1026 2078.64 3216.94
    endloop
  endfacet
  facet normal 0.000143265 0.990173 -0.139848
    outer loop
      vertex -1016.5 2079.39 3222.26
      vertex -1026 2078.64 3216.94
      vertex -1026 2079.76 3224.87
    endloop
  endfacet
  facet normal 0.000256345 0.990345 -0.138623
    outer loop
      vertex -1016.5 2079.39 3222.26
      vertex -997.5 2077.62 3209.65
      vertex -1016.5 2078.28 3214.33
    endloop
  endfacet
  facet normal -9.47511e-05 0.990149 -0.140021
    outer loop
      vertex -940.5 2078.28 3214.33
      vertex -921.5 2077.62 3209.65
      vertex -921.5 2076.5 3201.73
    endloop
  endfacet
  facet normal -0.000556071 0.990345 -0.138623
    outer loop
      vertex -940.5 2079.39 3222.26
      vertex -940.5 2078.28 3214.33
      vertex -950 2078.64 3216.94
    endloop
  endfacet
  facet normal -9.47511e-05 0.990149 -0.140021
    outer loop
      vertex -978.5 2077.62 3209.65
      vertex -978.5 2076.5 3201.73
      vertex -988 2077.25 3207.04
    endloop
  endfacet
  facet normal -0.000143265 0.990173 -0.139848
    outer loop
      vertex -959.5 2079.39 3222.26
      vertex -950 2079.76 3224.87
      vertex -950 2078.64 3216.94
    endloop
  endfacet
  facet normal 0.000143265 0.990173 -0.139848
    outer loop
      vertex -940.5 2079.39 3222.26
      vertex -950 2078.64 3216.94
      vertex -950 2079.76 3224.87
    endloop
  endfacet
  facet normal 0.000256345 0.990345 -0.138623
    outer loop
      vertex -940.5 2079.39 3222.26
      vertex -921.5 2077.62 3209.65
      vertex -940.5 2078.28 3214.33
    endloop
  endfacet
  facet normal -9.47511e-05 0.990149 -0.140021
    outer loop
      vertex -864.5 2078.28 3214.33
      vertex -845.5 2077.62 3209.65
      vertex -845.5 2076.5 3201.73
    endloop
  endfacet
  facet normal -0.000556071 0.990345 -0.138623
    outer loop
      vertex -864.5 2079.39 3222.26
      vertex -864.5 2078.28 3214.33
      vertex -874 2078.64 3216.94
    endloop
  endfacet
  facet normal -9.47511e-05 0.990149 -0.140021
    outer loop
      vertex -902.5 2077.62 3209.65
      vertex -902.5 2076.5 3201.73
      vertex -912 2077.25 3207.04
    endloop
  endfacet
  facet normal -0.000143265 0.990173 -0.139848
    outer loop
      vertex -883.5 2079.39 3222.26
      vertex -874 2079.76 3224.87
      vertex -874 2078.64 3216.94
    endloop
  endfacet
  facet normal 0.000143265 0.990173 -0.139848
    outer loop
      vertex -864.5 2079.39 3222.26
      vertex -874 2078.64 3216.94
      vertex -874 2079.76 3224.87
    endloop
  endfacet
  facet normal 0.000256345 0.990345 -0.138623
    outer loop
      vertex -864.5 2079.39 3222.26
      vertex -845.5 2077.62 3209.65
      vertex -864.5 2078.28 3214.33
    endloop
  endfacet
  facet normal -9.47511e-05 0.990149 -0.140021
    outer loop
      vertex -788.5 2078.28 3214.33
      vertex -769.5 2077.62 3209.65
      vertex -769.5 2076.5 3201.73
    endloop
  endfacet
  facet normal -0.000556071 0.990345 -0.138623
    outer loop
      vertex -788.5 2079.39 3222.26
      vertex -788.5 2078.28 3214.33
      vertex -798 2078.64 3216.94
    endloop
  endfacet
  facet normal 9.47511e-05 0.990149 -0.140021
    outer loop
      vertex -161.5 2076.5 3201.73
      vertex -161.5 2077.62 3209.65
      vertex -152 2077.25 3207.04
    endloop
  endfacet
  facet normal -9.47511e-05 0.990149 -0.140021
    outer loop
      vertex -826.5 2077.62 3209.65
      vertex -826.5 2076.5 3201.73
      vertex -836 2077.25 3207.04
    endloop
  endfacet
  facet normal -0.000143265 0.990173 -0.139848
    outer loop
      vertex -807.5 2079.39 3222.26
      vertex -798 2079.76 3224.87
      vertex -798 2078.64 3216.94
    endloop
  endfacet
  facet normal 0.000143265 0.990173 -0.139848
    outer loop
      vertex -788.5 2079.39 3222.26
      vertex -798 2078.64 3216.94
      vertex -798 2079.76 3224.87
    endloop
  endfacet
  facet normal 0.000256345 0.990345 -0.138623
    outer loop
      vertex -788.5 2079.39 3222.26
      vertex -769.5 2077.62 3209.65
      vertex -788.5 2078.28 3214.33
    endloop
  endfacet
  facet normal -9.47511e-05 0.990149 -0.140021
    outer loop
      vertex -760 2077.25 3207.04
      vertex -750.5 2077.62 3209.65
      vertex -750.5 2076.5 3201.73
    endloop
  endfacet
  facet normal 9.47511e-05 0.990149 -0.140021
    outer loop
      vertex -85.5 2076.5 3201.73
      vertex -85.5 2077.62 3209.65
      vertex -76 2077.25 3207.04
    endloop
  endfacet
  facet normal 0.000143265 0.990173 -0.139848
    outer loop
      vertex -722 2079.76 3224.87
      vertex -712.5 2079.39 3222.26
      vertex -722 2078.64 3216.94
    endloop
  endfacet
  facet normal -0.000143265 0.990173 -0.139848
    outer loop
      vertex -731.5 2079.39 3222.26
      vertex -722 2079.76 3224.87
      vertex -722 2078.64 3216.94
    endloop
  endfacet
  facet normal -0.000556071 0.990345 -0.138623
    outer loop
      vertex -722 2078.64 3216.94
      vertex -712.5 2079.39 3222.26
      vertex -712.5 2078.28 3214.33
    endloop
  endfacet
  facet normal 0.000256345 0.990345 -0.138623
    outer loop
      vertex -712.5 2078.28 3214.33
      vertex -712.5 2079.39 3222.26
      vertex -693.5 2077.62 3209.65
    endloop
  endfacet
  facet normal -9.47511e-05 0.990149 -0.140021
    outer loop
      vertex -684 2077.25 3207.04
      vertex -674.5 2077.62 3209.65
      vertex -674.5 2076.5 3201.73
    endloop
  endfacet
  facet normal -9.47511e-05 0.990149 -0.140021
    outer loop
      vertex -9.5 2076.5 3201.73
      vertex -28.5 2078.28 3214.33
      vertex -9.5 2077.62 3209.65
    endloop
  endfacet
  facet normal 0.000143265 0.990173 -0.139848
    outer loop
      vertex -646 2079.76 3224.87
      vertex -636.5 2079.39 3222.26
      vertex -646 2078.64 3216.94
    endloop
  endfacet
  facet normal -0.000143265 0.990173 -0.139848
    outer loop
      vertex -655.5 2079.39 3222.26
      vertex -646 2079.76 3224.87
      vertex -646 2078.64 3216.94
    endloop
  endfacet
  facet normal -0.000556071 0.990345 -0.138623
    outer loop
      vertex -646 2078.64 3216.94
      vertex -636.5 2079.39 3222.26
      vertex -636.5 2078.28 3214.33
    endloop
  endfacet
  facet normal 0.000256345 0.990345 -0.138623
    outer loop
      vertex -636.5 2078.28 3214.33
      vertex -636.5 2079.39 3222.26
      vertex -617.5 2077.62 3209.65
    endloop
  endfacet
  facet normal -9.47511e-05 0.990149 -0.140021
    outer loop
      vertex -608 2077.25 3207.04
      vertex -598.5 2077.62 3209.65
      vertex -598.5 2076.5 3201.73
    endloop
  endfacet
  facet normal -9.47511e-05 0.990149 -0.140021
    outer loop
      vertex 66.5 2076.5 3201.73
      vertex 47.5 2078.28 3214.33
      vertex 66.5 2077.62 3209.65
    endloop
  endfacet
  facet normal 0.000143265 0.990173 -0.139848
    outer loop
      vertex -570 2079.76 3224.87
      vertex -560.5 2079.39 3222.26
      vertex -570 2078.64 3216.94
    endloop
  endfacet
  facet normal -0.000143265 0.990173 -0.139848
    outer loop
      vertex -579.5 2079.39 3222.26
      vertex -570 2079.76 3224.87
      vertex -570 2078.64 3216.94
    endloop
  endfacet
  facet normal -0.000556071 0.990345 -0.138623
    outer loop
      vertex -570 2078.64 3216.94
      vertex -560.5 2079.39 3222.26
      vertex -560.5 2078.28 3214.33
    endloop
  endfacet
  facet normal 0.000256345 0.990345 -0.138623
    outer loop
      vertex -560.5 2078.28 3214.33
      vertex -560.5 2079.39 3222.26
      vertex -541.5 2077.62 3209.65
    endloop
  endfacet
  facet normal -9.47511e-05 0.990149 -0.140021
    outer loop
      vertex -465.5 2077.62 3209.65
      vertex -465.5 2076.5 3201.73
      vertex -484.5 2078.28 3214.33
    endloop
  endfacet
  facet normal 9.47511e-05 0.990149 -0.140021
    outer loop
      vertex 76 2077.25 3207.04
      vertex 66.5 2076.5 3201.73
      vertex 66.5 2077.62 3209.65
    endloop
  endfacet
  facet normal -9.47511e-05 0.990149 -0.140021
    outer loop
      vertex -522.5 2076.5 3201.73
      vertex -532 2077.25 3207.04
      vertex -522.5 2077.62 3209.65
    endloop
  endfacet
  facet normal -0.000143265 0.990173 -0.139848
    outer loop
      vertex -503.5 2079.39 3222.26
      vertex -494 2079.76 3224.87
      vertex -494 2078.64 3216.94
    endloop
  endfacet
  facet normal -0.000556071 0.990345 -0.138623
    outer loop
      vertex -484.5 2078.28 3214.33
      vertex -494 2078.64 3216.94
      vertex -484.5 2079.39 3222.26
    endloop
  endfacet
  facet normal 0.000143265 0.990173 -0.139848
    outer loop
      vertex -494 2078.64 3216.94
      vertex -494 2079.76 3224.87
      vertex -484.5 2079.39 3222.26
    endloop
  endfacet
  facet normal 0.000256345 0.990345 -0.138623
    outer loop
      vertex -465.5 2077.62 3209.65
      vertex -484.5 2078.28 3214.33
      vertex -484.5 2079.39 3222.26
    endloop
  endfacet
  facet normal -9.47511e-05 0.990149 -0.140021
    outer loop
      vertex -389.5 2077.62 3209.65
      vertex -389.5 2076.5 3201.73
      vertex -408.5 2078.28 3214.33
    endloop
  endfacet
  facet normal 9.47511e-05 0.990149 -0.140021
    outer loop
      vertex 152 2077.25 3207.04
      vertex 142.5 2076.5 3201.73
      vertex 142.5 2077.62 3209.65
    endloop
  endfacet
  facet normal -9.47511e-05 0.990149 -0.140021
    outer loop
      vertex -446.5 2076.5 3201.73
      vertex -456 2077.25 3207.04
      vertex -446.5 2077.62 3209.65
    endloop
  endfacet
  facet normal -0.000143265 0.990173 -0.139848
    outer loop
      vertex -427.5 2079.39 3222.26
      vertex -418 2079.76 3224.87
      vertex -418 2078.64 3216.94
    endloop
  endfacet
  facet normal -0.000556071 0.990345 -0.138623
    outer loop
      vertex -408.5 2078.28 3214.33
      vertex -418 2078.64 3216.94
      vertex -408.5 2079.39 3222.26
    endloop
  endfacet
  facet normal 0.000143265 0.990173 -0.139848
    outer loop
      vertex -418 2078.64 3216.94
      vertex -418 2079.76 3224.87
      vertex -408.5 2079.39 3222.26
    endloop
  endfacet
  facet normal 0.000256345 0.990345 -0.138623
    outer loop
      vertex -389.5 2077.62 3209.65
      vertex -408.5 2078.28 3214.33
      vertex -408.5 2079.39 3222.26
    endloop
  endfacet
  facet normal -9.47511e-05 0.990149 -0.140021
    outer loop
      vertex -313.5 2077.62 3209.65
      vertex -313.5 2076.5 3201.73
      vertex -332.5 2078.28 3214.33
    endloop
  endfacet
  facet normal -9.47511e-05 0.990149 -0.140021
    outer loop
      vertex -370.5 2076.5 3201.73
      vertex -380 2077.25 3207.04
      vertex -370.5 2077.62 3209.65
    endloop
  endfacet
  facet normal -0.000143265 0.990173 -0.139848
    outer loop
      vertex -351.5 2079.39 3222.26
      vertex -342 2079.76 3224.87
      vertex -342 2078.64 3216.94
    endloop
  endfacet
  facet normal -0.000556071 0.990345 -0.138623
    outer loop
      vertex -332.5 2078.28 3214.33
      vertex -342 2078.64 3216.94
      vertex -332.5 2079.39 3222.26
    endloop
  endfacet
  facet normal 0.000143265 0.990173 -0.139848
    outer loop
      vertex -342 2078.64 3216.94
      vertex -342 2079.76 3224.87
      vertex -332.5 2079.39 3222.26
    endloop
  endfacet
  facet normal 0.000256345 0.990345 -0.138623
    outer loop
      vertex -313.5 2077.62 3209.65
      vertex -332.5 2078.28 3214.33
      vertex -332.5 2079.39 3222.26
    endloop
  endfacet
  facet normal -9.47511e-05 0.990149 -0.140021
    outer loop
      vertex -256.5 2078.28 3214.33
      vertex -237.5 2077.62 3209.65
      vertex -237.5 2076.5 3201.73
    endloop
  endfacet
  facet normal -0.000556071 0.990345 -0.138623
    outer loop
      vertex -256.5 2079.39 3222.26
      vertex -256.5 2078.28 3214.33
      vertex -266 2078.64 3216.94
    endloop
  endfacet
  facet normal -9.47511e-05 0.990149 -0.140021
    outer loop
      vertex -294.5 2077.62 3209.65
      vertex -294.5 2076.5 3201.73
      vertex -304 2077.25 3207.04
    endloop
  endfacet
  facet normal -0.000143265 0.990173 -0.139848
    outer loop
      vertex -275.5 2079.39 3222.26
      vertex -266 2079.76 3224.87
      vertex -266 2078.64 3216.94
    endloop
  endfacet
  facet normal 0.000143265 0.990173 -0.139848
    outer loop
      vertex -256.5 2079.39 3222.26
      vertex -266 2078.64 3216.94
      vertex -266 2079.76 3224.87
    endloop
  endfacet
  facet normal 0.000256345 0.990345 -0.138623
    outer loop
      vertex -256.5 2079.39 3222.26
      vertex -237.5 2077.62 3209.65
      vertex -256.5 2078.28 3214.33
    endloop
  endfacet
  facet normal -9.47511e-05 0.990149 -0.140021
    outer loop
      vertex -180.5 2078.28 3214.33
      vertex -161.5 2077.62 3209.65
      vertex -161.5 2076.5 3201.73
    endloop
  endfacet
  facet normal -0.000556071 0.990345 -0.138623
    outer loop
      vertex -180.5 2079.39 3222.26
      vertex -180.5 2078.28 3214.33
      vertex -190 2078.64 3216.94
    endloop
  endfacet
  facet normal 9.47511e-05 0.990149 -0.140021
    outer loop
      vertex 294.5 2077.62 3209.65
      vertex 304 2077.25 3207.04
      vertex 294.5 2076.5 3201.73
    endloop
  endfacet
  facet normal -9.47511e-05 0.990149 -0.140021
    outer loop
      vertex -218.5 2077.62 3209.65
      vertex -218.5 2076.5 3201.73
      vertex -228 2077.25 3207.04
    endloop
  endfacet
  facet normal -0.000143265 0.990173 -0.139848
    outer loop
      vertex -199.5 2079.39 3222.26
      vertex -190 2079.76 3224.87
      vertex -190 2078.64 3216.94
    endloop
  endfacet
  facet normal 0.000143265 0.990173 -0.139848
    outer loop
      vertex -180.5 2079.39 3222.26
      vertex -190 2078.64 3216.94
      vertex -190 2079.76 3224.87
    endloop
  endfacet
  facet normal 0.000256345 0.990345 -0.138623
    outer loop
      vertex -180.5 2079.39 3222.26
      vertex -161.5 2077.62 3209.65
      vertex -180.5 2078.28 3214.33
    endloop
  endfacet
  facet normal -9.47511e-05 0.990149 -0.140021
    outer loop
      vertex -104.5 2078.28 3214.33
      vertex -85.5 2077.62 3209.65
      vertex -85.5 2076.5 3201.73
    endloop
  endfacet
  facet normal -0.000556071 0.990345 -0.138623
    outer loop
      vertex -104.5 2079.39 3222.26
      vertex -104.5 2078.28 3214.33
      vertex -114 2078.64 3216.94
    endloop
  endfacet
  facet normal 9.47511e-05 0.990149 -0.140021
    outer loop
      vertex 370.5 2077.62 3209.65
      vertex 380 2077.25 3207.04
      vertex 370.5 2076.5 3201.73
    endloop
  endfacet
  facet normal -9.47511e-05 0.990149 -0.140021
    outer loop
      vertex -142.5 2077.62 3209.65
      vertex -142.5 2076.5 3201.73
      vertex -152 2077.25 3207.04
    endloop
  endfacet
  facet normal -0.000143265 0.990173 -0.139848
    outer loop
      vertex -123.5 2079.39 3222.26
      vertex -114 2079.76 3224.87
      vertex -114 2078.64 3216.94
    endloop
  endfacet
  facet normal 0.000143265 0.990173 -0.139848
    outer loop
      vertex -104.5 2079.39 3222.26
      vertex -114 2078.64 3216.94
      vertex -114 2079.76 3224.87
    endloop
  endfacet
  facet normal 0.000256345 0.990345 -0.138623
    outer loop
      vertex -104.5 2079.39 3222.26
      vertex -85.5 2077.62 3209.65
      vertex -104.5 2078.28 3214.33
    endloop
  endfacet
  facet normal -9.47511e-05 0.990149 -0.140021
    outer loop
      vertex -76 2077.25 3207.04
      vertex -66.5 2077.62 3209.65
      vertex -66.5 2076.5 3201.73
    endloop
  endfacet
  facet normal 0.000143265 0.990173 -0.139848
    outer loop
      vertex -38 2079.76 3224.87
      vertex -28.5 2079.39 3222.26
      vertex -38 2078.64 3216.94
    endloop
  endfacet
  facet normal -0.000143265 0.990173 -0.139848
    outer loop
      vertex -47.5 2079.39 3222.26
      vertex -38 2079.76 3224.87
      vertex -38 2078.64 3216.94
    endloop
  endfacet
  facet normal -0.000556071 0.990345 -0.138623
    outer loop
      vertex -38 2078.64 3216.94
      vertex -28.5 2079.39 3222.26
      vertex -28.5 2078.28 3214.33
    endloop
  endfacet
  facet normal 0.000256345 0.990345 -0.138623
    outer loop
      vertex -28.5 2078.28 3214.33
      vertex -28.5 2079.39 3222.26
      vertex -9.5 2077.62 3209.65
    endloop
  endfacet
  facet normal -9.47511e-05 0.990149 -0.140021
    outer loop
      vertex 0 2077.25 3207.04
      vertex 9.5 2077.62 3209.65
      vertex 9.5 2076.5 3201.73
    endloop
  endfacet
  facet normal 0.000143265 0.990173 -0.139848
    outer loop
      vertex 38 2079.76 3224.87
      vertex 47.5 2079.39 3222.26
      vertex 38 2078.64 3216.94
    endloop
  endfacet
  facet normal -0.000143265 0.990173 -0.139848
    outer loop
      vertex 28.5 2079.39 3222.26
      vertex 38 2079.76 3224.87
      vertex 38 2078.64 3216.94
    endloop
  endfacet
  facet normal -0.000556071 0.990345 -0.138623
    outer loop
      vertex 38 2078.64 3216.94
      vertex 47.5 2079.39 3222.26
      vertex 47.5 2078.28 3214.33
    endloop
  endfacet
  facet normal 0.000256345 0.990345 -0.138623
    outer loop
      vertex 47.5 2078.28 3214.33
      vertex 47.5 2079.39 3222.26
      vertex 66.5 2077.62 3209.65
    endloop
  endfacet
  facet normal -9.47511e-05 0.990149 -0.140021
    outer loop
      vertex 76 2077.25 3207.04
      vertex 85.5 2077.62 3209.65
      vertex 85.5 2076.5 3201.73
    endloop
  endfacet
  facet normal 9.47511e-05 0.990149 -0.140021
    outer loop
      vertex 522.5 2076.5 3201.73
      vertex 522.5 2077.62 3209.65
      vertex 532 2077.25 3207.04
    endloop
  endfacet
  facet normal 0.000143265 0.990173 -0.139848
    outer loop
      vertex 114 2079.76 3224.87
      vertex 123.5 2079.39 3222.26
      vertex 114 2078.64 3216.94
    endloop
  endfacet
  facet normal -0.000143265 0.990173 -0.139848
    outer loop
      vertex 104.5 2079.39 3222.26
      vertex 114 2079.76 3224.87
      vertex 114 2078.64 3216.94
    endloop
  endfacet
  facet normal -0.000556071 0.990345 -0.138623
    outer loop
      vertex 114 2078.64 3216.94
      vertex 123.5 2079.39 3222.26
      vertex 123.5 2078.28 3214.33
    endloop
  endfacet
  facet normal 0.000256345 0.990345 -0.138623
    outer loop
      vertex 123.5 2078.28 3214.33
      vertex 123.5 2079.39 3222.26
      vertex 142.5 2077.62 3209.65
    endloop
  endfacet
  facet normal -9.47511e-05 0.990149 -0.140021
    outer loop
      vertex 218.5 2077.62 3209.65
      vertex 218.5 2076.5 3201.73
      vertex 199.5 2078.28 3214.33
    endloop
  endfacet
  facet normal 9.47511e-05 0.990149 -0.140021
    outer loop
      vertex 598.5 2076.5 3201.73
      vertex 598.5 2077.62 3209.65
      vertex 608 2077.25 3207.04
    endloop
  endfacet
  facet normal -9.47511e-05 0.990149 -0.140021
    outer loop
      vertex 161.5 2076.5 3201.73
      vertex 152 2077.25 3207.04
      vertex 161.5 2077.62 3209.65
    endloop
  endfacet
  facet normal -0.000143265 0.990173 -0.139848
    outer loop
      vertex 180.5 2079.39 3222.26
      vertex 190 2079.76 3224.87
      vertex 190 2078.64 3216.94
    endloop
  endfacet
  facet normal -0.000556071 0.990345 -0.138623
    outer loop
      vertex 199.5 2078.28 3214.33
      vertex 190 2078.64 3216.94
      vertex 199.5 2079.39 3222.26
    endloop
  endfacet
  facet normal 0.000143265 0.990173 -0.139848
    outer loop
      vertex 190 2078.64 3216.94
      vertex 190 2079.76 3224.87
      vertex 199.5 2079.39 3222.26
    endloop
  endfacet
  facet normal 0.000256345 0.990345 -0.138623
    outer loop
      vertex 218.5 2077.62 3209.65
      vertex 199.5 2078.28 3214.33
      vertex 199.5 2079.39 3222.26
    endloop
  endfacet
  facet normal -9.47511e-05 0.990149 -0.140021
    outer loop
      vertex 294.5 2077.62 3209.65
      vertex 294.5 2076.5 3201.73
      vertex 275.5 2078.28 3214.33
    endloop
  endfacet
  facet normal -9.47511e-05 0.990149 -0.140021
    outer loop
      vertex 674.5 2076.5 3201.73
      vertex 655.5 2078.28 3214.33
      vertex 674.5 2077.62 3209.65
    endloop
  endfacet
  facet normal -9.47511e-05 0.990149 -0.140021
    outer loop
      vertex 237.5 2076.5 3201.73
      vertex 228 2077.25 3207.04
      vertex 237.5 2077.62 3209.65
    endloop
  endfacet
  facet normal -0.000143265 0.990173 -0.139848
    outer loop
      vertex 256.5 2079.39 3222.26
      vertex 266 2079.76 3224.87
      vertex 266 2078.64 3216.94
    endloop
  endfacet
  facet normal -0.000556071 0.990345 -0.138623
    outer loop
      vertex 275.5 2078.28 3214.33
      vertex 266 2078.64 3216.94
      vertex 275.5 2079.39 3222.26
    endloop
  endfacet
  facet normal 0.000143265 0.990173 -0.139848
    outer loop
      vertex 266 2078.64 3216.94
      vertex 266 2079.76 3224.87
      vertex 275.5 2079.39 3222.26
    endloop
  endfacet
  facet normal 0.000256345 0.990345 -0.138623
    outer loop
      vertex 294.5 2077.62 3209.65
      vertex 275.5 2078.28 3214.33
      vertex 275.5 2079.39 3222.26
    endloop
  endfacet
  facet normal -9.47511e-05 0.990149 -0.140021
    outer loop
      vertex 370.5 2077.62 3209.65
      vertex 370.5 2076.5 3201.73
      vertex 351.5 2078.28 3214.33
    endloop
  endfacet
  facet normal -9.47511e-05 0.990149 -0.140021
    outer loop
      vertex 750.5 2076.5 3201.73
      vertex 731.5 2078.28 3214.33
      vertex 750.5 2077.62 3209.65
    endloop
  endfacet
  facet normal -9.47511e-05 0.990149 -0.140021
    outer loop
      vertex 313.5 2076.5 3201.73
      vertex 304 2077.25 3207.04
      vertex 313.5 2077.62 3209.65
    endloop
  endfacet
  facet normal -0.000143265 0.990173 -0.139848
    outer loop
      vertex 332.5 2079.39 3222.26
      vertex 342 2079.76 3224.87
      vertex 342 2078.64 3216.94
    endloop
  endfacet
  facet normal -0.000556071 0.990345 -0.138623
    outer loop
      vertex 351.5 2078.28 3214.33
      vertex 342 2078.64 3216.94
      vertex 351.5 2079.39 3222.26
    endloop
  endfacet
  facet normal 0.000143265 0.990173 -0.139848
    outer loop
      vertex 342 2078.64 3216.94
      vertex 342 2079.76 3224.87
      vertex 351.5 2079.39 3222.26
    endloop
  endfacet
  facet normal 0.000256345 0.990345 -0.138623
    outer loop
      vertex 370.5 2077.62 3209.65
      vertex 351.5 2078.28 3214.33
      vertex 351.5 2079.39 3222.26
    endloop
  endfacet
  facet normal -9.47511e-05 0.990149 -0.140021
    outer loop
      vertex 427.5 2078.28 3214.33
      vertex 446.5 2077.62 3209.65
      vertex 446.5 2076.5 3201.73
    endloop
  endfacet
  facet normal -0.000556071 0.990345 -0.138623
    outer loop
      vertex 427.5 2079.39 3222.26
      vertex 427.5 2078.28 3214.33
      vertex 418 2078.64 3216.94
    endloop
  endfacet
  facet normal 9.47511e-05 0.990149 -0.140021
    outer loop
      vertex 760 2077.25 3207.04
      vertex 750.5 2076.5 3201.73
      vertex 750.5 2077.62 3209.65
    endloop
  endfacet
  facet normal -9.47511e-05 0.990149 -0.140021
    outer loop
      vertex 389.5 2077.62 3209.65
      vertex 389.5 2076.5 3201.73
      vertex 380 2077.25 3207.04
    endloop
  endfacet
  facet normal -0.000143265 0.990173 -0.139848
    outer loop
      vertex 408.5 2079.39 3222.26
      vertex 418 2079.76 3224.87
      vertex 418 2078.64 3216.94
    endloop
  endfacet
  facet normal 0.000143265 0.990173 -0.139848
    outer loop
      vertex 427.5 2079.39 3222.26
      vertex 418 2078.64 3216.94
      vertex 418 2079.76 3224.87
    endloop
  endfacet
  facet normal 0.000256345 0.990345 -0.138623
    outer loop
      vertex 427.5 2079.39 3222.26
      vertex 446.5 2077.62 3209.65
      vertex 427.5 2078.28 3214.33
    endloop
  endfacet
  facet normal -9.47511e-05 0.990149 -0.140021
    outer loop
      vertex 503.5 2078.28 3214.33
      vertex 522.5 2077.62 3209.65
      vertex 522.5 2076.5 3201.73
    endloop
  endfacet
  facet normal -0.000556071 0.990345 -0.138623
    outer loop
      vertex 503.5 2079.39 3222.26
      vertex 503.5 2078.28 3214.33
      vertex 494 2078.64 3216.94
    endloop
  endfacet
  facet normal 9.47511e-05 0.990149 -0.140021
    outer loop
      vertex 836 2077.25 3207.04
      vertex 826.5 2076.5 3201.73
      vertex 826.5 2077.62 3209.65
    endloop
  endfacet
  facet normal -9.47511e-05 0.990149 -0.140021
    outer loop
      vertex 465.5 2077.62 3209.65
      vertex 465.5 2076.5 3201.73
      vertex 456 2077.25 3207.04
    endloop
  endfacet
  facet normal -0.000143265 0.990173 -0.139848
    outer loop
      vertex 484.5 2079.39 3222.26
      vertex 494 2079.76 3224.87
      vertex 494 2078.64 3216.94
    endloop
  endfacet
  facet normal 0.000143265 0.990173 -0.139848
    outer loop
      vertex 503.5 2079.39 3222.26
      vertex 494 2078.64 3216.94
      vertex 494 2079.76 3224.87
    endloop
  endfacet
  facet normal 0.000256345 0.990345 -0.138623
    outer loop
      vertex 503.5 2079.39 3222.26
      vertex 522.5 2077.62 3209.65
      vertex 503.5 2078.28 3214.33
    endloop
  endfacet
  facet normal -9.47511e-05 0.990149 -0.140021
    outer loop
      vertex 579.5 2078.28 3214.33
      vertex 598.5 2077.62 3209.65
      vertex 598.5 2076.5 3201.73
    endloop
  endfacet
  facet normal -0.000556071 0.990345 -0.138623
    outer loop
      vertex 579.5 2079.39 3222.26
      vertex 579.5 2078.28 3214.33
      vertex 570 2078.64 3216.94
    endloop
  endfacet
  facet normal -9.47511e-05 0.990149 -0.140021
    outer loop
      vertex 541.5 2077.62 3209.65
      vertex 541.5 2076.5 3201.73
      vertex 532 2077.25 3207.04
    endloop
  endfacet
  facet normal -0.000143265 0.990173 -0.139848
    outer loop
      vertex 560.5 2079.39 3222.26
      vertex 570 2079.76 3224.87
      vertex 570 2078.64 3216.94
    endloop
  endfacet
  facet normal 0.000143265 0.990173 -0.139848
    outer loop
      vertex 579.5 2079.39 3222.26
      vertex 570 2078.64 3216.94
      vertex 570 2079.76 3224.87
    endloop
  endfacet
  facet normal 0.000256345 0.990345 -0.138623
    outer loop
      vertex 579.5 2079.39 3222.26
      vertex 598.5 2077.62 3209.65
      vertex 579.5 2078.28 3214.33
    endloop
  endfacet
  facet normal -9.47511e-05 0.990149 -0.140021
    outer loop
      vertex 608 2077.25 3207.04
      vertex 617.5 2077.62 3209.65
      vertex 617.5 2076.5 3201.73
    endloop
  endfacet
  facet normal 0.000143265 0.990173 -0.139848
    outer loop
      vertex 646 2079.76 3224.87
      vertex 655.5 2079.39 3222.26
      vertex 646 2078.64 3216.94
    endloop
  endfacet
  facet normal -0.000143265 0.990173 -0.139848
    outer loop
      vertex 636.5 2079.39 3222.26
      vertex 646 2079.76 3224.87
      vertex 646 2078.64 3216.94
    endloop
  endfacet
  facet normal -0.000556071 0.990345 -0.138623
    outer loop
      vertex 646 2078.64 3216.94
      vertex 655.5 2079.39 3222.26
      vertex 655.5 2078.28 3214.33
    endloop
  endfacet
  facet normal 0.000256345 0.990345 -0.138623
    outer loop
      vertex 655.5 2078.28 3214.33
      vertex 655.5 2079.39 3222.26
      vertex 674.5 2077.62 3209.65
    endloop
  endfacet
  facet normal -9.47511e-05 0.990149 -0.140021
    outer loop
      vertex 684 2077.25 3207.04
      vertex 693.5 2077.62 3209.65
      vertex 693.5 2076.5 3201.73
    endloop
  endfacet
  facet normal 9.47511e-05 0.990149 -0.140021
    outer loop
      vertex 978.5 2077.62 3209.65
      vertex 988 2077.25 3207.04
      vertex 978.5 2076.5 3201.73
    endloop
  endfacet
  facet normal 0.000143265 0.990173 -0.139848
    outer loop
      vertex 722 2079.76 3224.87
      vertex 731.5 2079.39 3222.26
      vertex 722 2078.64 3216.94
    endloop
  endfacet
  facet normal -0.000143265 0.990173 -0.139848
    outer loop
      vertex 712.5 2079.39 3222.26
      vertex 722 2079.76 3224.87
      vertex 722 2078.64 3216.94
    endloop
  endfacet
  facet normal -0.000556071 0.990345 -0.138623
    outer loop
      vertex 722 2078.64 3216.94
      vertex 731.5 2079.39 3222.26
      vertex 731.5 2078.28 3214.33
    endloop
  endfacet
  facet normal 0.000256345 0.990345 -0.138623
    outer loop
      vertex 731.5 2078.28 3214.33
      vertex 731.5 2079.39 3222.26
      vertex 750.5 2077.62 3209.65
    endloop
  endfacet
  facet normal -9.47511e-05 0.990149 -0.140021
    outer loop
      vertex 760 2077.25 3207.04
      vertex 769.5 2077.62 3209.65
      vertex 769.5 2076.5 3201.73
    endloop
  endfacet
  facet normal 9.47511e-05 0.990149 -0.140021
    outer loop
      vertex 1054.5 2077.62 3209.65
      vertex 1064 2077.25 3207.04
      vertex 1054.5 2076.5 3201.73
    endloop
  endfacet
  facet normal 0.000143265 0.990173 -0.139848
    outer loop
      vertex 798 2079.76 3224.87
      vertex 807.5 2079.39 3222.26
      vertex 798 2078.64 3216.94
    endloop
  endfacet
  facet normal -0.000143265 0.990173 -0.139848
    outer loop
      vertex 788.5 2079.39 3222.26
      vertex 798 2079.76 3224.87
      vertex 798 2078.64 3216.94
    endloop
  endfacet
  facet normal -0.000556071 0.990345 -0.138623
    outer loop
      vertex 798 2078.64 3216.94
      vertex 807.5 2079.39 3222.26
      vertex 807.5 2078.28 3214.33
    endloop
  endfacet
  facet normal 0.000256345 0.990345 -0.138623
    outer loop
      vertex 807.5 2078.28 3214.33
      vertex 807.5 2079.39 3222.26
      vertex 826.5 2077.62 3209.65
    endloop
  endfacet
  facet normal -9.47511e-05 0.990149 -0.140021
    outer loop
      vertex 902.5 2077.62 3209.65
      vertex 902.5 2076.5 3201.73
      vertex 883.5 2078.28 3214.33
    endloop
  endfacet
  facet normal -9.47511e-05 0.990149 -0.140021
    outer loop
      vertex 845.5 2076.5 3201.73
      vertex 836 2077.25 3207.04
      vertex 845.5 2077.62 3209.65
    endloop
  endfacet
  facet normal -0.000143265 0.990173 -0.139848
    outer loop
      vertex 864.5 2079.39 3222.26
      vertex 874 2079.76 3224.87
      vertex 874 2078.64 3216.94
    endloop
  endfacet
  facet normal -0.000556071 0.990345 -0.138623
    outer loop
      vertex 883.5 2078.28 3214.33
      vertex 874 2078.64 3216.94
      vertex 883.5 2079.39 3222.26
    endloop
  endfacet
  facet normal 0.000143265 0.990173 -0.139848
    outer loop
      vertex 874 2078.64 3216.94
      vertex 874 2079.76 3224.87
      vertex 883.5 2079.39 3222.26
    endloop
  endfacet
  facet normal 0.000256345 0.990345 -0.138623
    outer loop
      vertex 902.5 2077.62 3209.65
      vertex 883.5 2078.28 3214.33
      vertex 883.5 2079.39 3222.26
    endloop
  endfacet
  facet normal -9.47511e-05 0.990149 -0.140021
    outer loop
      vertex 978.5 2077.62 3209.65
      vertex 978.5 2076.5 3201.73
      vertex 959.5 2078.28 3214.33
    endloop
  endfacet
  facet normal -9.47511e-05 0.990149 -0.140021
    outer loop
      vertex 921.5 2076.5 3201.73
      vertex 912 2077.25 3207.04
      vertex 921.5 2077.62 3209.65
    endloop
  endfacet
  facet normal -0.000143265 0.990173 -0.139848
    outer loop
      vertex 940.5 2079.39 3222.26
      vertex 950 2079.76 3224.87
      vertex 950 2078.64 3216.94
    endloop
  endfacet
  facet normal -0.000556071 0.990345 -0.138623
    outer loop
      vertex 959.5 2078.28 3214.33
      vertex 950 2078.64 3216.94
      vertex 959.5 2079.39 3222.26
    endloop
  endfacet
  facet normal 0.000143265 0.990173 -0.139848
    outer loop
      vertex 950 2078.64 3216.94
      vertex 950 2079.76 3224.87
      vertex 959.5 2079.39 3222.26
    endloop
  endfacet
  facet normal 0.000256345 0.990345 -0.138623
    outer loop
      vertex 978.5 2077.62 3209.65
      vertex 959.5 2078.28 3214.33
      vertex 959.5 2079.39 3222.26
    endloop
  endfacet
  facet normal -9.47511e-05 0.990149 -0.140021
    outer loop
      vertex 1054.5 2077.62 3209.65
      vertex 1054.5 2076.5 3201.73
      vertex 1035.5 2078.28 3214.33
    endloop
  endfacet
  facet normal 9.47511e-05 0.990149 -0.140021
    outer loop
      vertex 1206.5 2076.5 3201.73
      vertex 1206.5 2077.62 3209.65
      vertex 1216 2077.25 3207.04
    endloop
  endfacet
  facet normal -9.47511e-05 0.990149 -0.140021
    outer loop
      vertex 997.5 2076.5 3201.73
      vertex 988 2077.25 3207.04
      vertex 997.5 2077.62 3209.65
    endloop
  endfacet
  facet normal -0.000143265 0.990173 -0.139848
    outer loop
      vertex 1016.5 2079.39 3222.26
      vertex 1026 2079.76 3224.87
      vertex 1026 2078.64 3216.94
    endloop
  endfacet
  facet normal -0.000556071 0.990345 -0.138623
    outer loop
      vertex 1035.5 2078.28 3214.33
      vertex 1026 2078.64 3216.94
      vertex 1035.5 2079.39 3222.26
    endloop
  endfacet
  facet normal 0.000143265 0.990173 -0.139848
    outer loop
      vertex 1026 2078.64 3216.94
      vertex 1026 2079.76 3224.87
      vertex 1035.5 2079.39 3222.26
    endloop
  endfacet
  facet normal 0.000256345 0.990345 -0.138623
    outer loop
      vertex 1054.5 2077.62 3209.65
      vertex 1035.5 2078.28 3214.33
      vertex 1035.5 2079.39 3222.26
    endloop
  endfacet
  facet normal -9.47511e-05 0.990149 -0.140021
    outer loop
      vertex 1111.5 2078.28 3214.33
      vertex 1130.5 2077.62 3209.65
      vertex 1130.5 2076.5 3201.73
    endloop
  endfacet
  facet normal -0.000556071 0.990345 -0.138623
    outer loop
      vertex 1111.5 2079.39 3222.26
      vertex 1111.5 2078.28 3214.33
      vertex 1102 2078.64 3216.94
    endloop
  endfacet
  facet normal 9.47511e-05 0.990149 -0.140021
    outer loop
      vertex 1282.5 2076.5 3201.73
      vertex 1282.5 2077.62 3209.65
      vertex 1292 2077.25 3207.04
    endloop
  endfacet
  facet normal -9.47511e-05 0.990149 -0.140021
    outer loop
      vertex 1073.5 2077.62 3209.65
      vertex 1073.5 2076.5 3201.73
      vertex 1064 2077.25 3207.04
    endloop
  endfacet
  facet normal -0.000143265 0.990173 -0.139848
    outer loop
      vertex 1092.5 2079.39 3222.26
      vertex 1102 2079.76 3224.87
      vertex 1102 2078.64 3216.94
    endloop
  endfacet
  facet normal 0.000143265 0.990173 -0.139848
    outer loop
      vertex 1111.5 2079.39 3222.26
      vertex 1102 2078.64 3216.94
      vertex 1102 2079.76 3224.87
    endloop
  endfacet
  facet normal 0.000256345 0.990345 -0.138623
    outer loop
      vertex 1111.5 2079.39 3222.26
      vertex 1130.5 2077.62 3209.65
      vertex 1111.5 2078.28 3214.33
    endloop
  endfacet
  facet normal -9.47511e-05 0.990149 -0.140021
    outer loop
      vertex 1187.5 2078.28 3214.33
      vertex 1206.5 2077.62 3209.65
      vertex 1206.5 2076.5 3201.73
    endloop
  endfacet
  facet normal -0.000556071 0.990345 -0.138623
    outer loop
      vertex 1187.5 2079.39 3222.26
      vertex 1187.5 2078.28 3214.33
      vertex 1178 2078.64 3216.94
    endloop
  endfacet
  facet normal -9.47511e-05 0.990149 -0.140021
    outer loop
      vertex 1358.5 2076.5 3201.73
      vertex 1339.5 2078.28 3214.33
      vertex 1358.5 2077.62 3209.65
    endloop
  endfacet
  facet normal -9.47511e-05 0.990149 -0.140021
    outer loop
      vertex 1149.5 2077.62 3209.65
      vertex 1149.5 2076.5 3201.73
      vertex 1140 2077.25 3207.04
    endloop
  endfacet
  facet normal -0.000143265 0.990173 -0.139848
    outer loop
      vertex 1168.5 2079.39 3222.26
      vertex 1178 2079.76 3224.87
      vertex 1178 2078.64 3216.94
    endloop
  endfacet
  facet normal 0.000143265 0.990173 -0.139848
    outer loop
      vertex 1187.5 2079.39 3222.26
      vertex 1178 2078.64 3216.94
      vertex 1178 2079.76 3224.87
    endloop
  endfacet
  facet normal 0.000256345 0.990345 -0.138623
    outer loop
      vertex 1187.5 2079.39 3222.26
      vertex 1206.5 2077.62 3209.65
      vertex 1187.5 2078.28 3214.33
    endloop
  endfacet
  facet normal -9.47511e-05 0.990149 -0.140021
    outer loop
      vertex 1263.5 2078.28 3214.33
      vertex 1282.5 2077.62 3209.65
      vertex 1282.5 2076.5 3201.73
    endloop
  endfacet
  facet normal -0.000556071 0.990345 -0.138623
    outer loop
      vertex 1263.5 2079.39 3222.26
      vertex 1263.5 2078.28 3214.33
      vertex 1254 2078.64 3216.94
    endloop
  endfacet
  facet normal -9.47511e-05 0.990149 -0.140021
    outer loop
      vertex 1434.5 2076.5 3201.73
      vertex 1415.5 2078.28 3214.33
      vertex 1434.5 2077.62 3209.65
    endloop
  endfacet
  facet normal -9.47511e-05 0.990149 -0.140021
    outer loop
      vertex 1225.5 2077.62 3209.65
      vertex 1225.5 2076.5 3201.73
      vertex 1216 2077.25 3207.04
    endloop
  endfacet
  facet normal -0.000143265 0.990173 -0.139848
    outer loop
      vertex 1244.5 2079.39 3222.26
      vertex 1254 2079.76 3224.87
      vertex 1254 2078.64 3216.94
    endloop
  endfacet
  facet normal 0.000143265 0.990173 -0.139848
    outer loop
      vertex 1263.5 2079.39 3222.26
      vertex 1254 2078.64 3216.94
      vertex 1254 2079.76 3224.87
    endloop
  endfacet
  facet normal 0.000256345 0.990345 -0.138623
    outer loop
      vertex 1263.5 2079.39 3222.26
      vertex 1282.5 2077.62 3209.65
      vertex 1263.5 2078.28 3214.33
    endloop
  endfacet
  facet normal -9.47511e-05 0.990149 -0.140021
    outer loop
      vertex 1292 2077.25 3207.04
      vertex 1301.5 2077.62 3209.65
      vertex 1301.5 2076.5 3201.73
    endloop
  endfacet
  facet normal 9.47511e-05 0.990149 -0.140021
    outer loop
      vertex 1520 2077.25 3207.04
      vertex 1510.5 2076.5 3201.73
      vertex 1510.5 2077.62 3209.65
    endloop
  endfacet
  facet normal 9.47511e-05 0.990149 -0.140021
    outer loop
      vertex 1444 2077.25 3207.04
      vertex 1434.5 2076.5 3201.73
      vertex 1434.5 2077.62 3209.65
    endloop
  endfacet
  facet normal 0.000143265 0.990173 -0.139848
    outer loop
      vertex 1330 2079.76 3224.87
      vertex 1339.5 2079.39 3222.26
      vertex 1330 2078.64 3216.94
    endloop
  endfacet
  facet normal -0.000143265 0.990173 -0.139848
    outer loop
      vertex 1320.5 2079.39 3222.26
      vertex 1330 2079.76 3224.87
      vertex 1330 2078.64 3216.94
    endloop
  endfacet
  facet normal -0.000556071 0.990345 -0.138623
    outer loop
      vertex 1330 2078.64 3216.94
      vertex 1339.5 2079.39 3222.26
      vertex 1339.5 2078.28 3214.33
    endloop
  endfacet
  facet normal 0.000256345 0.990345 -0.138623
    outer loop
      vertex 1339.5 2078.28 3214.33
      vertex 1339.5 2079.39 3222.26
      vertex 1358.5 2077.62 3209.65
    endloop
  endfacet
  facet normal -9.47511e-05 0.990149 -0.140021
    outer loop
      vertex 1368 2077.25 3207.04
      vertex 1377.5 2077.62 3209.65
      vertex 1377.5 2076.5 3201.73
    endloop
  endfacet
  facet normal 0.000143265 0.990173 -0.139848
    outer loop
      vertex 1406 2079.76 3224.87
      vertex 1415.5 2079.39 3222.26
      vertex 1406 2078.64 3216.94
    endloop
  endfacet
  facet normal -0.000143265 0.990173 -0.139848
    outer loop
      vertex 1396.5 2079.39 3222.26
      vertex 1406 2079.76 3224.87
      vertex 1406 2078.64 3216.94
    endloop
  endfacet
  facet normal -0.000556071 0.990345 -0.138623
    outer loop
      vertex 1406 2078.64 3216.94
      vertex 1415.5 2079.39 3222.26
      vertex 1415.5 2078.28 3214.33
    endloop
  endfacet
  facet normal 0.000256345 0.990345 -0.138623
    outer loop
      vertex 1415.5 2078.28 3214.33
      vertex 1415.5 2079.39 3222.26
      vertex 1434.5 2077.62 3209.65
    endloop
  endfacet
  facet normal -9.47511e-05 0.990149 -0.140021
    outer loop
      vertex 1444 2077.25 3207.04
      vertex 1453.5 2077.62 3209.65
      vertex 1453.5 2076.5 3201.73
    endloop
  endfacet
  facet normal 0.000143265 0.990173 -0.139848
    outer loop
      vertex 1482 2079.76 3224.87
      vertex 1491.5 2079.39 3222.26
      vertex 1482 2078.64 3216.94
    endloop
  endfacet
  facet normal -0.000143265 0.990173 -0.139848
    outer loop
      vertex 1472.5 2079.39 3222.26
      vertex 1482 2079.76 3224.87
      vertex 1482 2078.64 3216.94
    endloop
  endfacet
  facet normal -0.000556071 0.990345 -0.138623
    outer loop
      vertex 1482 2078.64 3216.94
      vertex 1491.5 2079.39 3222.26
      vertex 1491.5 2078.28 3214.33
    endloop
  endfacet
  facet normal 0.000256345 0.990345 -0.138623
    outer loop
      vertex 1491.5 2078.28 3214.33
      vertex 1491.5 2079.39 3222.26
      vertex 1510.5 2077.62 3209.65
    endloop
  endfacet
  facet normal -9.47511e-05 0.990149 -0.140021
    outer loop
      vertex 1567.5 2078.28 3214.33
      vertex 1586.5 2077.62 3209.65
      vertex 1586.5 2076.5 3201.73
    endloop
  endfacet
  facet normal -0.000556071 0.990345 -0.138623
    outer loop
      vertex 1567.5 2079.39 3222.26
      vertex 1567.5 2078.28 3214.33
      vertex 1558 2078.64 3216.94
    endloop
  endfacet
  facet normal 9.47511e-05 0.990149 -0.140021
    outer loop
      vertex 1662.5 2077.62 3209.65
      vertex 1672 2077.25 3207.04
      vertex 1662.5 2076.5 3201.73
    endloop
  endfacet
  facet normal -9.47511e-05 0.990149 -0.140021
    outer loop
      vertex 1529.5 2077.62 3209.65
      vertex 1529.5 2076.5 3201.73
      vertex 1520 2077.25 3207.04
    endloop
  endfacet
  facet normal -0.000143265 0.990173 -0.139848
    outer loop
      vertex 1548.5 2079.39 3222.26
      vertex 1558 2079.76 3224.87
      vertex 1558 2078.64 3216.94
    endloop
  endfacet
  facet normal 0.000143265 0.990173 -0.139848
    outer loop
      vertex 1567.5 2079.39 3222.26
      vertex 1558 2078.64 3216.94
      vertex 1558 2079.76 3224.87
    endloop
  endfacet
  facet normal 0.000256345 0.990345 -0.138623
    outer loop
      vertex 1567.5 2079.39 3222.26
      vertex 1586.5 2077.62 3209.65
      vertex 1567.5 2078.28 3214.33
    endloop
  endfacet
  facet normal -9.47511e-05 0.990149 -0.140021
    outer loop
      vertex 1643.5 2078.28 3214.33
      vertex 1662.5 2077.62 3209.65
      vertex 1662.5 2076.5 3201.73
    endloop
  endfacet
  facet normal -0.000556071 0.990345 -0.138623
    outer loop
      vertex 1643.5 2079.39 3222.26
      vertex 1643.5 2078.28 3214.33
      vertex 1634 2078.64 3216.94
    endloop
  endfacet
  facet normal 9.47511e-05 0.990149 -0.140021
    outer loop
      vertex 1738.5 2077.62 3209.65
      vertex 1748 2077.25 3207.04
      vertex 1738.5 2076.5 3201.73
    endloop
  endfacet
  facet normal -9.47511e-05 0.990149 -0.140021
    outer loop
      vertex 1605.5 2077.62 3209.65
      vertex 1605.5 2076.5 3201.73
      vertex 1596 2077.25 3207.04
    endloop
  endfacet
  facet normal -0.000143265 0.990173 -0.139848
    outer loop
      vertex 1624.5 2079.39 3222.26
      vertex 1634 2079.76 3224.87
      vertex 1634 2078.64 3216.94
    endloop
  endfacet
  facet normal 0.000143265 0.990173 -0.139848
    outer loop
      vertex 1643.5 2079.39 3222.26
      vertex 1634 2078.64 3216.94
      vertex 1634 2079.76 3224.87
    endloop
  endfacet
  facet normal 0.000256345 0.990345 -0.138623
    outer loop
      vertex 1643.5 2079.39 3222.26
      vertex 1662.5 2077.62 3209.65
      vertex 1643.5 2078.28 3214.33
    endloop
  endfacet
  facet normal -9.47511e-05 0.990149 -0.140021
    outer loop
      vertex 1738.5 2077.62 3209.65
      vertex 1738.5 2076.5 3201.73
      vertex 1719.5 2078.28 3214.33
    endloop
  endfacet
  facet normal -9.47511e-05 0.990149 -0.140021
    outer loop
      vertex 1681.5 2076.5 3201.73
      vertex 1672 2077.25 3207.04
      vertex 1681.5 2077.62 3209.65
    endloop
  endfacet
  facet normal -0.000143265 0.990173 -0.139848
    outer loop
      vertex 1700.5 2079.39 3222.26
      vertex 1710 2079.76 3224.87
      vertex 1710 2078.64 3216.94
    endloop
  endfacet
  facet normal -0.000556071 0.990345 -0.138623
    outer loop
      vertex 1719.5 2078.28 3214.33
      vertex 1710 2078.64 3216.94
      vertex 1719.5 2079.39 3222.26
    endloop
  endfacet
  facet normal 0.000143265 0.990173 -0.139848
    outer loop
      vertex 1710 2078.64 3216.94
      vertex 1710 2079.76 3224.87
      vertex 1719.5 2079.39 3222.26
    endloop
  endfacet
  facet normal 0.000256345 0.990345 -0.138623
    outer loop
      vertex 1738.5 2077.62 3209.65
      vertex 1719.5 2078.28 3214.33
      vertex 1719.5 2079.39 3222.26
    endloop
  endfacet
  facet normal -9.47511e-05 0.990149 -0.140021
    outer loop
      vertex 1814.5 2077.62 3209.65
      vertex 1814.5 2076.5 3201.73
      vertex 1795.5 2078.28 3214.33
    endloop
  endfacet
  facet normal -9.47511e-05 0.990149 -0.140021
    outer loop
      vertex 1757.5 2076.5 3201.73
      vertex 1748 2077.25 3207.04
      vertex 1757.5 2077.62 3209.65
    endloop
  endfacet
  facet normal -0.000143265 0.990173 -0.139848
    outer loop
      vertex 1776.5 2079.39 3222.26
      vertex 1786 2079.76 3224.87
      vertex 1786 2078.64 3216.94
    endloop
  endfacet
  facet normal -0.000556071 0.990345 -0.138623
    outer loop
      vertex 1795.5 2078.28 3214.33
      vertex 1786 2078.64 3216.94
      vertex 1795.5 2079.39 3222.26
    endloop
  endfacet
  facet normal 0.000143265 0.990173 -0.139848
    outer loop
      vertex 1786 2078.64 3216.94
      vertex 1786 2079.76 3224.87
      vertex 1795.5 2079.39 3222.26
    endloop
  endfacet
  facet normal 0.000256345 0.990345 -0.138623
    outer loop
      vertex 1814.5 2077.62 3209.65
      vertex 1795.5 2078.28 3214.33
      vertex 1795.5 2079.39 3222.26
    endloop
  endfacet
  facet normal -9.47511e-05 0.990149 -0.140021
    outer loop
      vertex 1890.5 2077.62 3209.65
      vertex 1890.5 2076.5 3201.73
      vertex 1871.5 2078.28 3214.33
    endloop
  endfacet
  facet normal 9.47511e-05 0.990149 -0.140021
    outer loop
      vertex 1890.5 2077.62 3209.65
      vertex 1900 2077.25 3207.04
      vertex 1890.5 2076.5 3201.73
    endloop
  endfacet
  facet normal -9.47511e-05 0.990149 -0.140021
    outer loop
      vertex 1833.5 2076.5 3201.73
      vertex 1824 2077.25 3207.04
      vertex 1833.5 2077.62 3209.65
    endloop
  endfacet
  facet normal -0.000143265 0.990173 -0.139848
    outer loop
      vertex 1852.5 2079.39 3222.26
      vertex 1862 2079.76 3224.87
      vertex 1862 2078.64 3216.94
    endloop
  endfacet
  facet normal -0.000556071 0.990345 -0.138623
    outer loop
      vertex 1871.5 2078.28 3214.33
      vertex 1862 2078.64 3216.94
      vertex 1871.5 2079.39 3222.26
    endloop
  endfacet
  facet normal 0.000143265 0.990173 -0.139848
    outer loop
      vertex 1862 2078.64 3216.94
      vertex 1862 2079.76 3224.87
      vertex 1871.5 2079.39 3222.26
    endloop
  endfacet
  facet normal 0.000256345 0.990345 -0.138623
    outer loop
      vertex 1890.5 2077.62 3209.65
      vertex 1871.5 2078.28 3214.33
      vertex 1871.5 2079.39 3222.26
    endloop
  endfacet
  facet normal 0.000604143 0.990321 -0.138795
    outer loop
      vertex 1900 2077.25 3207.04
      vertex 1909.5 2076.5 3201.73
      vertex 1900 2076.14 3199.12
    endloop
  endfacet
  facet normal 0.000256345 0.990345 -0.138623
    outer loop
      vertex 1947.5 2079.39 3222.26
      vertex 1966.5 2077.62 3209.65
      vertex 1947.5 2078.28 3214.33
    endloop
  endfacet
  facet normal 0.000143265 0.990173 -0.139848
    outer loop
      vertex 1938 2079.76 3224.87
      vertex 1947.5 2079.39 3222.26
      vertex 1938 2078.64 3216.94
    endloop
  endfacet
  facet normal -0.000256345 0.990345 -0.138623
    outer loop
      vertex 1928.5 2079.39 3222.26
      vertex 1928.5 2078.28 3214.33
      vertex 1909.5 2077.62 3209.65
    endloop
  endfacet
  facet normal -0.000604143 0.990321 -0.138795
    outer loop
      vertex 1976 2077.25 3207.04
      vertex 1976 2076.14 3199.12
      vertex 1966.5 2076.5 3201.73
    endloop
  endfacet
  facet normal -0.000556071 0.990345 -0.138623
    outer loop
      vertex 1938 2078.64 3216.94
      vertex 1947.5 2079.39 3222.26
      vertex 1947.5 2078.28 3214.33
    endloop
  endfacet
  facet normal -9.47511e-05 0.990149 -0.140021
    outer loop
      vertex 1947.5 2078.28 3214.33
      vertex 1966.5 2077.62 3209.65
      vertex 1966.5 2076.5 3201.73
    endloop
  endfacet
  facet normal 9.47511e-05 -0.990149 0.140021
    outer loop
      vertex 1824 -2002.65 3780.43
      vertex 1824 -2003.77 3772.51
      vertex 1833.5 -2003.4 3775.12
    endloop
  endfacet
  facet normal 0.000604143 -0.990321 0.138795
    outer loop
      vertex 1966.5 -2003.4 3775.12
      vertex 1976 -2002.65 3780.43
      vertex 1966.5 -2002.29 3783.04
    endloop
  endfacet
  facet normal 0.0004383 -0.990321 0.138795
    outer loop
      vertex 1928.5 -2001.63 3787.73
      vertex 1938 -2001.26 3790.34
      vertex 1928.5 -2000.52 3795.65
    endloop
  endfacet
  facet normal 0.000140177 -0.990321 0.138795
    outer loop
      vertex 1909.5 -2002.29 3783.04
      vertex 1909.5 -2003.4 3775.12
      vertex 1928.5 -2001.63 3787.73
    endloop
  endfacet
  facet normal 0.0004383 -0.990321 0.138795
    outer loop
      vertex 1928.5 -2000.52 3795.65
      vertex 1938 -2001.26 3790.34
      vertex 1938 -2000.15 3798.26
    endloop
  endfacet
  facet normal -0.000604143 -0.990321 0.138795
    outer loop
      vertex 1909.5 -2003.4 3775.12
      vertex 1909.5 -2002.29 3783.04
      vertex 1900 -2002.65 3780.43
    endloop
  endfacet
  facet normal -9.47511e-05 -0.990149 0.140021
    outer loop
      vertex 1814.5 -2003.4 3775.12
      vertex 1824 -2003.77 3772.51
      vertex 1824 -2002.65 3780.43
    endloop
  endfacet
  facet normal -9.47511e-05 -0.990149 0.140021
    outer loop
      vertex 1900 -2003.77 3772.51
      vertex 1900 -2002.65 3780.43
      vertex 1890.5 -2003.4 3775.12
    endloop
  endfacet
  facet normal 9.47511e-05 -0.990149 0.140021
    outer loop
      vertex 1748 -2002.65 3780.43
      vertex 1748 -2003.77 3772.51
      vertex 1757.5 -2003.4 3775.12
    endloop
  endfacet
  facet normal 0.0004383 -0.990321 0.138795
    outer loop
      vertex 1852.5 -2001.63 3787.73
      vertex 1862 -2001.26 3790.34
      vertex 1852.5 -2000.52 3795.65
    endloop
  endfacet
  facet normal 0.000140177 -0.990321 0.138795
    outer loop
      vertex 1833.5 -2003.4 3775.12
      vertex 1852.5 -2001.63 3787.73
      vertex 1833.5 -2002.29 3783.04
    endloop
  endfacet
  facet normal 0.000140177 -0.990321 0.138795
    outer loop
      vertex 1852.5 -2001.63 3787.73
      vertex 1852.5 -2000.52 3795.65
      vertex 1833.5 -2002.29 3783.04
    endloop
  endfacet
  facet normal -9.47511e-05 -0.990149 0.140021
    outer loop
      vertex 1738.5 -2003.4 3775.12
      vertex 1748 -2003.77 3772.51
      vertex 1748 -2002.65 3780.43
    endloop
  endfacet
  facet normal 0.000604143 -0.990321 0.138795
    outer loop
      vertex 1814.5 -2003.4 3775.12
      vertex 1824 -2002.65 3780.43
      vertex 1814.5 -2002.29 3783.04
    endloop
  endfacet
  facet normal 0.000604143 -0.990321 0.138795
    outer loop
      vertex 1586.5 -2002.29 3783.04
      vertex 1586.5 -2003.4 3775.12
      vertex 1596 -2002.65 3780.43
    endloop
  endfacet
  facet normal 0.0004383 -0.990321 0.138795
    outer loop
      vertex 1776.5 -2001.63 3787.73
      vertex 1786 -2001.26 3790.34
      vertex 1776.5 -2000.52 3795.65
    endloop
  endfacet
  facet normal 0.000140177 -0.990321 0.138795
    outer loop
      vertex 1757.5 -2003.4 3775.12
      vertex 1776.5 -2001.63 3787.73
      vertex 1757.5 -2002.29 3783.04
    endloop
  endfacet
  facet normal 0.000140177 -0.990321 0.138795
    outer loop
      vertex 1776.5 -2001.63 3787.73
      vertex 1776.5 -2000.52 3795.65
      vertex 1757.5 -2002.29 3783.04
    endloop
  endfacet
  facet normal -9.47511e-05 -0.990149 0.140021
    outer loop
      vertex 1662.5 -2003.4 3775.12
      vertex 1672 -2003.77 3772.51
      vertex 1672 -2002.65 3780.43
    endloop
  endfacet
  facet normal -0.000140177 -0.990321 0.138795
    outer loop
      vertex 1510.5 -2002.29 3783.04
      vertex 1491.5 -2001.63 3787.73
      vertex 1510.5 -2003.4 3775.12
    endloop
  endfacet
  facet normal 0.0004383 -0.990321 0.138795
    outer loop
      vertex 1700.5 -2001.63 3787.73
      vertex 1710 -2001.26 3790.34
      vertex 1700.5 -2000.52 3795.65
    endloop
  endfacet
  facet normal 0.000140177 -0.990321 0.138795
    outer loop
      vertex 1681.5 -2003.4 3775.12
      vertex 1700.5 -2001.63 3787.73
      vertex 1681.5 -2002.29 3783.04
    endloop
  endfacet
  facet normal 0.000140177 -0.990321 0.138795
    outer loop
      vertex 1700.5 -2001.63 3787.73
      vertex 1700.5 -2000.52 3795.65
      vertex 1681.5 -2002.29 3783.04
    endloop
  endfacet
  facet normal -9.47511e-05 -0.990149 0.140021
    outer loop
      vertex 1586.5 -2003.4 3775.12
      vertex 1596 -2003.77 3772.51
      vertex 1596 -2002.65 3780.43
    endloop
  endfacet
  facet normal 9.47511e-05 -0.990149 0.140021
    outer loop
      vertex 1672 -2003.77 3772.51
      vertex 1681.5 -2003.4 3775.12
      vertex 1672 -2002.65 3780.43
    endloop
  endfacet
  facet normal 0.000604143 -0.990321 0.138795
    outer loop
      vertex 1368 -2002.65 3780.43
      vertex 1358.5 -2002.29 3783.04
      vertex 1358.5 -2003.4 3775.12
    endloop
  endfacet
  facet normal 0.0004383 -0.990321 0.138795
    outer loop
      vertex 1624.5 -2001.63 3787.73
      vertex 1634 -2001.26 3790.34
      vertex 1624.5 -2000.52 3795.65
    endloop
  endfacet
  facet normal 0.000140177 -0.990321 0.138795
    outer loop
      vertex 1605.5 -2003.4 3775.12
      vertex 1624.5 -2001.63 3787.73
      vertex 1605.5 -2002.29 3783.04
    endloop
  endfacet
  facet normal 0.000140177 -0.990321 0.138795
    outer loop
      vertex 1624.5 -2001.63 3787.73
      vertex 1624.5 -2000.52 3795.65
      vertex 1605.5 -2002.29 3783.04
    endloop
  endfacet
  facet normal -9.47511e-05 -0.990149 0.140021
    outer loop
      vertex 1510.5 -2003.4 3775.12
      vertex 1520 -2003.77 3772.51
      vertex 1520 -2002.65 3780.43
    endloop
  endfacet
  facet normal 9.47511e-05 -0.990149 0.140021
    outer loop
      vertex 1596 -2003.77 3772.51
      vertex 1605.5 -2003.4 3775.12
      vertex 1596 -2002.65 3780.43
    endloop
  endfacet
  facet normal 0.0004383 -0.990321 0.138795
    outer loop
      vertex 1548.5 -2001.63 3787.73
      vertex 1558 -2001.26 3790.34
      vertex 1548.5 -2000.52 3795.65
    endloop
  endfacet
  facet normal 0.000140177 -0.990321 0.138795
    outer loop
      vertex 1529.5 -2003.4 3775.12
      vertex 1548.5 -2001.63 3787.73
      vertex 1529.5 -2002.29 3783.04
    endloop
  endfacet
  facet normal 0.000140177 -0.990321 0.138795
    outer loop
      vertex 1548.5 -2001.63 3787.73
      vertex 1548.5 -2000.52 3795.65
      vertex 1529.5 -2002.29 3783.04
    endloop
  endfacet
  facet normal -9.47511e-05 -0.990149 0.140021
    outer loop
      vertex 1434.5 -2003.4 3775.12
      vertex 1444 -2003.77 3772.51
      vertex 1444 -2002.65 3780.43
    endloop
  endfacet
  facet normal 9.47511e-05 -0.990149 0.140021
    outer loop
      vertex 1520 -2003.77 3772.51
      vertex 1529.5 -2003.4 3775.12
      vertex 1520 -2002.65 3780.43
    endloop
  endfacet
  facet normal 0.000604143 -0.990321 0.138795
    outer loop
      vertex 1130.5 -2003.4 3775.12
      vertex 1140 -2002.65 3780.43
      vertex 1130.5 -2002.29 3783.04
    endloop
  endfacet
  facet normal 0.0004383 -0.990321 0.138795
    outer loop
      vertex 1472.5 -2001.63 3787.73
      vertex 1482 -2001.26 3790.34
      vertex 1472.5 -2000.52 3795.65
    endloop
  endfacet
  facet normal 0.000140177 -0.990321 0.138795
    outer loop
      vertex 1453.5 -2003.4 3775.12
      vertex 1472.5 -2001.63 3787.73
      vertex 1453.5 -2002.29 3783.04
    endloop
  endfacet
  facet normal 0.000140177 -0.990321 0.138795
    outer loop
      vertex 1472.5 -2001.63 3787.73
      vertex 1472.5 -2000.52 3795.65
      vertex 1453.5 -2002.29 3783.04
    endloop
  endfacet
  facet normal -9.47511e-05 -0.990149 0.140021
    outer loop
      vertex 1358.5 -2003.4 3775.12
      vertex 1368 -2003.77 3772.51
      vertex 1368 -2002.65 3780.43
    endloop
  endfacet
  facet normal 9.47511e-05 -0.990149 0.140021
    outer loop
      vertex 1444 -2003.77 3772.51
      vertex 1453.5 -2003.4 3775.12
      vertex 1444 -2002.65 3780.43
    endloop
  endfacet
  facet normal 0.0004383 -0.990321 0.138795
    outer loop
      vertex 1396.5 -2001.63 3787.73
      vertex 1406 -2001.26 3790.34
      vertex 1396.5 -2000.52 3795.65
    endloop
  endfacet
  facet normal 0.000140177 -0.990321 0.138795
    outer loop
      vertex 1377.5 -2003.4 3775.12
      vertex 1396.5 -2001.63 3787.73
      vertex 1377.5 -2002.29 3783.04
    endloop
  endfacet
  facet normal 0.000140177 -0.990321 0.138795
    outer loop
      vertex 1396.5 -2001.63 3787.73
      vertex 1396.5 -2000.52 3795.65
      vertex 1377.5 -2002.29 3783.04
    endloop
  endfacet
  facet normal -9.47511e-05 -0.990149 0.140021
    outer loop
      vertex 1282.5 -2003.4 3775.12
      vertex 1292 -2003.77 3772.51
      vertex 1292 -2002.65 3780.43
    endloop
  endfacet
  facet normal 9.47511e-05 -0.990149 0.140021
    outer loop
      vertex 1368 -2003.77 3772.51
      vertex 1377.5 -2003.4 3775.12
      vertex 1368 -2002.65 3780.43
    endloop
  endfacet
  facet normal 0.000604143 -0.990321 0.138795
    outer loop
      vertex 902.5 -2002.29 3783.04
      vertex 902.5 -2003.4 3775.12
      vertex 912 -2002.65 3780.43
    endloop
  endfacet
  facet normal 0.0004383 -0.990321 0.138795
    outer loop
      vertex 1320.5 -2001.63 3787.73
      vertex 1330 -2001.26 3790.34
      vertex 1320.5 -2000.52 3795.65
    endloop
  endfacet
  facet normal 0.000140177 -0.990321 0.138795
    outer loop
      vertex 1301.5 -2003.4 3775.12
      vertex 1320.5 -2001.63 3787.73
      vertex 1301.5 -2002.29 3783.04
    endloop
  endfacet
  facet normal 0.000140177 -0.990321 0.138795
    outer loop
      vertex 1320.5 -2001.63 3787.73
      vertex 1320.5 -2000.52 3795.65
      vertex 1301.5 -2002.29 3783.04
    endloop
  endfacet
  facet normal -9.47511e-05 -0.990149 0.140021
    outer loop
      vertex 1206.5 -2003.4 3775.12
      vertex 1216 -2003.77 3772.51
      vertex 1216 -2002.65 3780.43
    endloop
  endfacet
  facet normal 9.47511e-05 -0.990149 0.140021
    outer loop
      vertex 1292 -2003.77 3772.51
      vertex 1301.5 -2003.4 3775.12
      vertex 1292 -2002.65 3780.43
    endloop
  endfacet
  facet normal -0.000140177 -0.990321 0.138795
    outer loop
      vertex 826.5 -2002.29 3783.04
      vertex 807.5 -2001.63 3787.73
      vertex 826.5 -2003.4 3775.12
    endloop
  endfacet
  facet normal 0.0004383 -0.990321 0.138795
    outer loop
      vertex 1244.5 -2001.63 3787.73
      vertex 1254 -2001.26 3790.34
      vertex 1244.5 -2000.52 3795.65
    endloop
  endfacet
  facet normal 0.000140177 -0.990321 0.138795
    outer loop
      vertex 1225.5 -2003.4 3775.12
      vertex 1244.5 -2001.63 3787.73
      vertex 1225.5 -2002.29 3783.04
    endloop
  endfacet
  facet normal 0.000140177 -0.990321 0.138795
    outer loop
      vertex 1244.5 -2001.63 3787.73
      vertex 1244.5 -2000.52 3795.65
      vertex 1225.5 -2002.29 3783.04
    endloop
  endfacet
  facet normal -9.47511e-05 -0.990149 0.140021
    outer loop
      vertex 1130.5 -2003.4 3775.12
      vertex 1140 -2003.77 3772.51
      vertex 1140 -2002.65 3780.43
    endloop
  endfacet
  facet normal 9.47511e-05 -0.990149 0.140021
    outer loop
      vertex 1216 -2003.77 3772.51
      vertex 1225.5 -2003.4 3775.12
      vertex 1216 -2002.65 3780.43
    endloop
  endfacet
  facet normal 0.000604143 -0.990321 0.138795
    outer loop
      vertex 684 -2002.65 3780.43
      vertex 674.5 -2002.29 3783.04
      vertex 674.5 -2003.4 3775.12
    endloop
  endfacet
  facet normal 0.0004383 -0.990321 0.138795
    outer loop
      vertex 1168.5 -2001.63 3787.73
      vertex 1178 -2001.26 3790.34
      vertex 1168.5 -2000.52 3795.65
    endloop
  endfacet
  facet normal 0.000140177 -0.990321 0.138795
    outer loop
      vertex 1149.5 -2003.4 3775.12
      vertex 1168.5 -2001.63 3787.73
      vertex 1149.5 -2002.29 3783.04
    endloop
  endfacet
  facet normal 0.000140177 -0.990321 0.138795
    outer loop
      vertex 1168.5 -2001.63 3787.73
      vertex 1168.5 -2000.52 3795.65
      vertex 1149.5 -2002.29 3783.04
    endloop
  endfacet
  facet normal -9.47511e-05 -0.990149 0.140021
    outer loop
      vertex 1054.5 -2003.4 3775.12
      vertex 1064 -2003.77 3772.51
      vertex 1064 -2002.65 3780.43
    endloop
  endfacet
  facet normal 9.47511e-05 -0.990149 0.140021
    outer loop
      vertex 1140 -2003.77 3772.51
      vertex 1149.5 -2003.4 3775.12
      vertex 1140 -2002.65 3780.43
    endloop
  endfacet
  facet normal 0.0004383 -0.990321 0.138795
    outer loop
      vertex 1092.5 -2001.63 3787.73
      vertex 1102 -2001.26 3790.34
      vertex 1092.5 -2000.52 3795.65
    endloop
  endfacet
  facet normal 0.000140177 -0.990321 0.138795
    outer loop
      vertex 1073.5 -2003.4 3775.12
      vertex 1092.5 -2001.63 3787.73
      vertex 1073.5 -2002.29 3783.04
    endloop
  endfacet
  facet normal 0.000140177 -0.990321 0.138795
    outer loop
      vertex 1092.5 -2001.63 3787.73
      vertex 1092.5 -2000.52 3795.65
      vertex 1073.5 -2002.29 3783.04
    endloop
  endfacet
  facet normal -9.47511e-05 -0.990149 0.140021
    outer loop
      vertex 978.5 -2003.4 3775.12
      vertex 988 -2003.77 3772.51
      vertex 988 -2002.65 3780.43
    endloop
  endfacet
  facet normal 9.47511e-05 -0.990149 0.140021
    outer loop
      vertex 1064 -2003.77 3772.51
      vertex 1073.5 -2003.4 3775.12
      vertex 1064 -2002.65 3780.43
    endloop
  endfacet
  facet normal 0.000604143 -0.990321 0.138795
    outer loop
      vertex 446.5 -2003.4 3775.12
      vertex 456 -2002.65 3780.43
      vertex 446.5 -2002.29 3783.04
    endloop
  endfacet
  facet normal 0.0004383 -0.990321 0.138795
    outer loop
      vertex 1016.5 -2001.63 3787.73
      vertex 1026 -2001.26 3790.34
      vertex 1016.5 -2000.52 3795.65
    endloop
  endfacet
  facet normal 0.000140177 -0.990321 0.138795
    outer loop
      vertex 997.5 -2003.4 3775.12
      vertex 1016.5 -2001.63 3787.73
      vertex 997.5 -2002.29 3783.04
    endloop
  endfacet
  facet normal 0.000140177 -0.990321 0.138795
    outer loop
      vertex 1016.5 -2001.63 3787.73
      vertex 1016.5 -2000.52 3795.65
      vertex 997.5 -2002.29 3783.04
    endloop
  endfacet
  facet normal -9.47511e-05 -0.990149 0.140021
    outer loop
      vertex 902.5 -2003.4 3775.12
      vertex 912 -2003.77 3772.51
      vertex 912 -2002.65 3780.43
    endloop
  endfacet
  facet normal 9.47511e-05 -0.990149 0.140021
    outer loop
      vertex 988 -2003.77 3772.51
      vertex 997.5 -2003.4 3775.12
      vertex 988 -2002.65 3780.43
    endloop
  endfacet
  facet normal 0.0004383 -0.990321 0.138795
    outer loop
      vertex 940.5 -2001.63 3787.73
      vertex 950 -2001.26 3790.34
      vertex 940.5 -2000.52 3795.65
    endloop
  endfacet
  facet normal 0.000140177 -0.990321 0.138795
    outer loop
      vertex 921.5 -2003.4 3775.12
      vertex 940.5 -2001.63 3787.73
      vertex 921.5 -2002.29 3783.04
    endloop
  endfacet
  facet normal 0.000140177 -0.990321 0.138795
    outer loop
      vertex 940.5 -2001.63 3787.73
      vertex 940.5 -2000.52 3795.65
      vertex 921.5 -2002.29 3783.04
    endloop
  endfacet
  facet normal -9.47511e-05 -0.990149 0.140021
    outer loop
      vertex 826.5 -2003.4 3775.12
      vertex 836 -2003.77 3772.51
      vertex 836 -2002.65 3780.43
    endloop
  endfacet
  facet normal 9.47511e-05 -0.990149 0.140021
    outer loop
      vertex 912 -2003.77 3772.51
      vertex 921.5 -2003.4 3775.12
      vertex 912 -2002.65 3780.43
    endloop
  endfacet
  facet normal 0.000604143 -0.990321 0.138795
    outer loop
      vertex 218.5 -2002.29 3783.04
      vertex 218.5 -2003.4 3775.12
      vertex 228 -2002.65 3780.43
    endloop
  endfacet
  facet normal 0.0004383 -0.990321 0.138795
    outer loop
      vertex 864.5 -2001.63 3787.73
      vertex 874 -2001.26 3790.34
      vertex 864.5 -2000.52 3795.65
    endloop
  endfacet
  facet normal 0.000140177 -0.990321 0.138795
    outer loop
      vertex 845.5 -2003.4 3775.12
      vertex 864.5 -2001.63 3787.73
      vertex 845.5 -2002.29 3783.04
    endloop
  endfacet
  facet normal 0.000140177 -0.990321 0.138795
    outer loop
      vertex 864.5 -2001.63 3787.73
      vertex 864.5 -2000.52 3795.65
      vertex 845.5 -2002.29 3783.04
    endloop
  endfacet
  facet normal -9.47511e-05 -0.990149 0.140021
    outer loop
      vertex 750.5 -2003.4 3775.12
      vertex 760 -2003.77 3772.51
      vertex 760 -2002.65 3780.43
    endloop
  endfacet
  facet normal 9.47511e-05 -0.990149 0.140021
    outer loop
      vertex 836 -2003.77 3772.51
      vertex 845.5 -2003.4 3775.12
      vertex 836 -2002.65 3780.43
    endloop
  endfacet
  facet normal -0.000140177 -0.990321 0.138795
    outer loop
      vertex 142.5 -2002.29 3783.04
      vertex 123.5 -2001.63 3787.73
      vertex 142.5 -2003.4 3775.12
    endloop
  endfacet
  facet normal 0.0004383 -0.990321 0.138795
    outer loop
      vertex 788.5 -2001.63 3787.73
      vertex 798 -2001.26 3790.34
      vertex 788.5 -2000.52 3795.65
    endloop
  endfacet
  facet normal 0.000140177 -0.990321 0.138795
    outer loop
      vertex 769.5 -2003.4 3775.12
      vertex 788.5 -2001.63 3787.73
      vertex 769.5 -2002.29 3783.04
    endloop
  endfacet
  facet normal 0.000140177 -0.990321 0.138795
    outer loop
      vertex 788.5 -2001.63 3787.73
      vertex 788.5 -2000.52 3795.65
      vertex 769.5 -2002.29 3783.04
    endloop
  endfacet
  facet normal -9.47511e-05 -0.990149 0.140021
    outer loop
      vertex 674.5 -2003.4 3775.12
      vertex 684 -2003.77 3772.51
      vertex 684 -2002.65 3780.43
    endloop
  endfacet
  facet normal 9.47511e-05 -0.990149 0.140021
    outer loop
      vertex 760 -2003.77 3772.51
      vertex 769.5 -2003.4 3775.12
      vertex 760 -2002.65 3780.43
    endloop
  endfacet
  facet normal 0.000604143 -0.990321 0.138795
    outer loop
      vertex 0 -2002.65 3780.43
      vertex -9.5 -2002.29 3783.04
      vertex -9.5 -2003.4 3775.12
    endloop
  endfacet
  facet normal 0.0004383 -0.990321 0.138795
    outer loop
      vertex 712.5 -2001.63 3787.73
      vertex 722 -2001.26 3790.34
      vertex 712.5 -2000.52 3795.65
    endloop
  endfacet
  facet normal 0.000140177 -0.990321 0.138795
    outer loop
      vertex 693.5 -2003.4 3775.12
      vertex 712.5 -2001.63 3787.73
      vertex 693.5 -2002.29 3783.04
    endloop
  endfacet
  facet normal 0.000140177 -0.990321 0.138795
    outer loop
      vertex 712.5 -2001.63 3787.73
      vertex 712.5 -2000.52 3795.65
      vertex 693.5 -2002.29 3783.04
    endloop
  endfacet
  facet normal -9.47511e-05 -0.990149 0.140021
    outer loop
      vertex 598.5 -2003.4 3775.12
      vertex 608 -2003.77 3772.51
      vertex 608 -2002.65 3780.43
    endloop
  endfacet
  facet normal 9.47511e-05 -0.990149 0.140021
    outer loop
      vertex 684 -2003.77 3772.51
      vertex 693.5 -2003.4 3775.12
      vertex 684 -2002.65 3780.43
    endloop
  endfacet
  facet normal 0.0004383 -0.990321 0.138795
    outer loop
      vertex 636.5 -2001.63 3787.73
      vertex 646 -2001.26 3790.34
      vertex 636.5 -2000.52 3795.65
    endloop
  endfacet
  facet normal 0.000140177 -0.990321 0.138795
    outer loop
      vertex 617.5 -2003.4 3775.12
      vertex 636.5 -2001.63 3787.73
      vertex 617.5 -2002.29 3783.04
    endloop
  endfacet
  facet normal 0.000140177 -0.990321 0.138795
    outer loop
      vertex 636.5 -2001.63 3787.73
      vertex 636.5 -2000.52 3795.65
      vertex 617.5 -2002.29 3783.04
    endloop
  endfacet
  facet normal -9.47511e-05 -0.990149 0.140021
    outer loop
      vertex 522.5 -2003.4 3775.12
      vertex 532 -2003.77 3772.51
      vertex 532 -2002.65 3780.43
    endloop
  endfacet
  facet normal 9.47511e-05 -0.990149 0.140021
    outer loop
      vertex 608 -2003.77 3772.51
      vertex 617.5 -2003.4 3775.12
      vertex 608 -2002.65 3780.43
    endloop
  endfacet
  facet normal 0.000604143 -0.990321 0.138795
    outer loop
      vertex -237.5 -2003.4 3775.12
      vertex -228 -2002.65 3780.43
      vertex -237.5 -2002.29 3783.04
    endloop
  endfacet
  facet normal 0.0004383 -0.990321 0.138795
    outer loop
      vertex 560.5 -2001.63 3787.73
      vertex 570 -2001.26 3790.34
      vertex 560.5 -2000.52 3795.65
    endloop
  endfacet
  facet normal 0.000140177 -0.990321 0.138795
    outer loop
      vertex 541.5 -2003.4 3775.12
      vertex 560.5 -2001.63 3787.73
      vertex 541.5 -2002.29 3783.04
    endloop
  endfacet
  facet normal 0.000140177 -0.990321 0.138795
    outer loop
      vertex 560.5 -2001.63 3787.73
      vertex 560.5 -2000.52 3795.65
      vertex 541.5 -2002.29 3783.04
    endloop
  endfacet
  facet normal -9.47511e-05 -0.990149 0.140021
    outer loop
      vertex 446.5 -2003.4 3775.12
      vertex 456 -2003.77 3772.51
      vertex 456 -2002.65 3780.43
    endloop
  endfacet
  facet normal 9.47511e-05 -0.990149 0.140021
    outer loop
      vertex 532 -2003.77 3772.51
      vertex 541.5 -2003.4 3775.12
      vertex 532 -2002.65 3780.43
    endloop
  endfacet
  facet normal 0.0004383 -0.990321 0.138795
    outer loop
      vertex 484.5 -2001.63 3787.73
      vertex 494 -2001.26 3790.34
      vertex 484.5 -2000.52 3795.65
    endloop
  endfacet
  facet normal 0.000140177 -0.990321 0.138795
    outer loop
      vertex 465.5 -2003.4 3775.12
      vertex 484.5 -2001.63 3787.73
      vertex 465.5 -2002.29 3783.04
    endloop
  endfacet
  facet normal 0.000140177 -0.990321 0.138795
    outer loop
      vertex 484.5 -2001.63 3787.73
      vertex 484.5 -2000.52 3795.65
      vertex 465.5 -2002.29 3783.04
    endloop
  endfacet
  facet normal -9.47511e-05 -0.990149 0.140021
    outer loop
      vertex 370.5 -2003.4 3775.12
      vertex 380 -2003.77 3772.51
      vertex 380 -2002.65 3780.43
    endloop
  endfacet
  facet normal 9.47511e-05 -0.990149 0.140021
    outer loop
      vertex 456 -2003.77 3772.51
      vertex 465.5 -2003.4 3775.12
      vertex 456 -2002.65 3780.43
    endloop
  endfacet
  facet normal 0.000604143 -0.990321 0.138795
    outer loop
      vertex -465.5 -2002.29 3783.04
      vertex -465.5 -2003.4 3775.12
      vertex -456 -2002.65 3780.43
    endloop
  endfacet
  facet normal 0.0004383 -0.990321 0.138795
    outer loop
      vertex 408.5 -2001.63 3787.73
      vertex 418 -2001.26 3790.34
      vertex 408.5 -2000.52 3795.65
    endloop
  endfacet
  facet normal 0.000140177 -0.990321 0.138795
    outer loop
      vertex 389.5 -2003.4 3775.12
      vertex 408.5 -2001.63 3787.73
      vertex 389.5 -2002.29 3783.04
    endloop
  endfacet
  facet normal 0.000140177 -0.990321 0.138795
    outer loop
      vertex 408.5 -2001.63 3787.73
      vertex 408.5 -2000.52 3795.65
      vertex 389.5 -2002.29 3783.04
    endloop
  endfacet
  facet normal -9.47511e-05 -0.990149 0.140021
    outer loop
      vertex 294.5 -2003.4 3775.12
      vertex 304 -2003.77 3772.51
      vertex 304 -2002.65 3780.43
    endloop
  endfacet
  facet normal 9.47511e-05 -0.990149 0.140021
    outer loop
      vertex 380 -2003.77 3772.51
      vertex 389.5 -2003.4 3775.12
      vertex 380 -2002.65 3780.43
    endloop
  endfacet
  facet normal -0.000140177 -0.990321 0.138795
    outer loop
      vertex -541.5 -2002.29 3783.04
      vertex -560.5 -2001.63 3787.73
      vertex -541.5 -2003.4 3775.12
    endloop
  endfacet
  facet normal 0.0004383 -0.990321 0.138795
    outer loop
      vertex 332.5 -2001.63 3787.73
      vertex 342 -2001.26 3790.34
      vertex 332.5 -2000.52 3795.65
    endloop
  endfacet
  facet normal 0.000140177 -0.990321 0.138795
    outer loop
      vertex 313.5 -2003.4 3775.12
      vertex 332.5 -2001.63 3787.73
      vertex 313.5 -2002.29 3783.04
    endloop
  endfacet
  facet normal 0.000140177 -0.990321 0.138795
    outer loop
      vertex 332.5 -2001.63 3787.73
      vertex 332.5 -2000.52 3795.65
      vertex 313.5 -2002.29 3783.04
    endloop
  endfacet
  facet normal -9.47511e-05 -0.990149 0.140021
    outer loop
      vertex 218.5 -2003.4 3775.12
      vertex 228 -2003.77 3772.51
      vertex 228 -2002.65 3780.43
    endloop
  endfacet
  facet normal 9.47511e-05 -0.990149 0.140021
    outer loop
      vertex 304 -2003.77 3772.51
      vertex 313.5 -2003.4 3775.12
      vertex 304 -2002.65 3780.43
    endloop
  endfacet
  facet normal 0.000604143 -0.990321 0.138795
    outer loop
      vertex -684 -2002.65 3780.43
      vertex -693.5 -2002.29 3783.04
      vertex -693.5 -2003.4 3775.12
    endloop
  endfacet
  facet normal 0.0004383 -0.990321 0.138795
    outer loop
      vertex 256.5 -2001.63 3787.73
      vertex 266 -2001.26 3790.34
      vertex 256.5 -2000.52 3795.65
    endloop
  endfacet
  facet normal 0.000140177 -0.990321 0.138795
    outer loop
      vertex 237.5 -2003.4 3775.12
      vertex 256.5 -2001.63 3787.73
      vertex 237.5 -2002.29 3783.04
    endloop
  endfacet
  facet normal 0.000140177 -0.990321 0.138795
    outer loop
      vertex 256.5 -2001.63 3787.73
      vertex 256.5 -2000.52 3795.65
      vertex 237.5 -2002.29 3783.04
    endloop
  endfacet
  facet normal -9.47511e-05 -0.990149 0.140021
    outer loop
      vertex 142.5 -2003.4 3775.12
      vertex 152 -2003.77 3772.51
      vertex 152 -2002.65 3780.43
    endloop
  endfacet
  facet normal 9.47511e-05 -0.990149 0.140021
    outer loop
      vertex 228 -2003.77 3772.51
      vertex 237.5 -2003.4 3775.12
      vertex 228 -2002.65 3780.43
    endloop
  endfacet
  facet normal 0.0004383 -0.990321 0.138795
    outer loop
      vertex 180.5 -2001.63 3787.73
      vertex 190 -2001.26 3790.34
      vertex 180.5 -2000.52 3795.65
    endloop
  endfacet
  facet normal 0.000140177 -0.990321 0.138795
    outer loop
      vertex 161.5 -2003.4 3775.12
      vertex 180.5 -2001.63 3787.73
      vertex 161.5 -2002.29 3783.04
    endloop
  endfacet
  facet normal 0.000140177 -0.990321 0.138795
    outer loop
      vertex 180.5 -2001.63 3787.73
      vertex 180.5 -2000.52 3795.65
      vertex 161.5 -2002.29 3783.04
    endloop
  endfacet
  facet normal -9.47511e-05 -0.990149 0.140021
    outer loop
      vertex 66.5 -2003.4 3775.12
      vertex 76 -2003.77 3772.51
      vertex 76 -2002.65 3780.43
    endloop
  endfacet
  facet normal 9.47511e-05 -0.990149 0.140021
    outer loop
      vertex 152 -2003.77 3772.51
      vertex 161.5 -2003.4 3775.12
      vertex 152 -2002.65 3780.43
    endloop
  endfacet
  facet normal 0.000604143 -0.990321 0.138795
    outer loop
      vertex -921.5 -2003.4 3775.12
      vertex -912 -2002.65 3780.43
      vertex -921.5 -2002.29 3783.04
    endloop
  endfacet
  facet normal 0.0004383 -0.990321 0.138795
    outer loop
      vertex 104.5 -2001.63 3787.73
      vertex 114 -2001.26 3790.34
      vertex 104.5 -2000.52 3795.65
    endloop
  endfacet
  facet normal 0.000140177 -0.990321 0.138795
    outer loop
      vertex 85.5 -2003.4 3775.12
      vertex 104.5 -2001.63 3787.73
      vertex 85.5 -2002.29 3783.04
    endloop
  endfacet
  facet normal 0.000140177 -0.990321 0.138795
    outer loop
      vertex 104.5 -2001.63 3787.73
      vertex 104.5 -2000.52 3795.65
      vertex 85.5 -2002.29 3783.04
    endloop
  endfacet
  facet normal -9.47511e-05 -0.990149 0.140021
    outer loop
      vertex -9.5 -2003.4 3775.12
      vertex 0 -2003.77 3772.51
      vertex 0 -2002.65 3780.43
    endloop
  endfacet
  facet normal 9.47511e-05 -0.990149 0.140021
    outer loop
      vertex 76 -2003.77 3772.51
      vertex 85.5 -2003.4 3775.12
      vertex 76 -2002.65 3780.43
    endloop
  endfacet
  facet normal 0.000604143 -0.990321 0.138795
    outer loop
      vertex -997.5 -2003.4 3775.12
      vertex -988 -2002.65 3780.43
      vertex -997.5 -2002.29 3783.04
    endloop
  endfacet
  facet normal 0.0004383 -0.990321 0.138795
    outer loop
      vertex 28.5 -2001.63 3787.73
      vertex 38 -2001.26 3790.34
      vertex 28.5 -2000.52 3795.65
    endloop
  endfacet
  facet normal 0.000140177 -0.990321 0.138795
    outer loop
      vertex 9.5 -2003.4 3775.12
      vertex 28.5 -2001.63 3787.73
      vertex 9.5 -2002.29 3783.04
    endloop
  endfacet
  facet normal 0.000140177 -0.990321 0.138795
    outer loop
      vertex 28.5 -2001.63 3787.73
      vertex 28.5 -2000.52 3795.65
      vertex 9.5 -2002.29 3783.04
    endloop
  endfacet
  facet normal -9.47511e-05 -0.990149 0.140021
    outer loop
      vertex -85.5 -2003.4 3775.12
      vertex -76 -2003.77 3772.51
      vertex -76 -2002.65 3780.43
    endloop
  endfacet
  facet normal 9.47511e-05 -0.990149 0.140021
    outer loop
      vertex 0 -2003.77 3772.51
      vertex 9.5 -2003.4 3775.12
      vertex 0 -2002.65 3780.43
    endloop
  endfacet
  facet normal 0.0004383 -0.990321 0.138795
    outer loop
      vertex -47.5 -2001.63 3787.73
      vertex -38 -2001.26 3790.34
      vertex -47.5 -2000.52 3795.65
    endloop
  endfacet
  facet normal 0.000140177 -0.990321 0.138795
    outer loop
      vertex -66.5 -2003.4 3775.12
      vertex -47.5 -2001.63 3787.73
      vertex -66.5 -2002.29 3783.04
    endloop
  endfacet
  facet normal 0.000140177 -0.990321 0.138795
    outer loop
      vertex -47.5 -2001.63 3787.73
      vertex -47.5 -2000.52 3795.65
      vertex -66.5 -2002.29 3783.04
    endloop
  endfacet
  facet normal -9.47511e-05 -0.990149 0.140021
    outer loop
      vertex -161.5 -2003.4 3775.12
      vertex -152 -2003.77 3772.51
      vertex -152 -2002.65 3780.43
    endloop
  endfacet
  facet normal 9.47511e-05 -0.990149 0.140021
    outer loop
      vertex -76 -2003.77 3772.51
      vertex -66.5 -2003.4 3775.12
      vertex -76 -2002.65 3780.43
    endloop
  endfacet
  facet normal 0.000604143 -0.990321 0.138795
    outer loop
      vertex -1064 -2002.65 3780.43
      vertex -1073.5 -2002.29 3783.04
      vertex -1073.5 -2003.4 3775.12
    endloop
  endfacet
  facet normal 0.0004383 -0.990321 0.138795
    outer loop
      vertex -123.5 -2001.63 3787.73
      vertex -114 -2001.26 3790.34
      vertex -123.5 -2000.52 3795.65
    endloop
  endfacet
  facet normal 0.000140177 -0.990321 0.138795
    outer loop
      vertex -142.5 -2003.4 3775.12
      vertex -123.5 -2001.63 3787.73
      vertex -142.5 -2002.29 3783.04
    endloop
  endfacet
  facet normal 0.000140177 -0.990321 0.138795
    outer loop
      vertex -123.5 -2001.63 3787.73
      vertex -123.5 -2000.52 3795.65
      vertex -142.5 -2002.29 3783.04
    endloop
  endfacet
  facet normal -9.47511e-05 -0.990149 0.140021
    outer loop
      vertex -237.5 -2003.4 3775.12
      vertex -228 -2003.77 3772.51
      vertex -228 -2002.65 3780.43
    endloop
  endfacet
  facet normal 9.47511e-05 -0.990149 0.140021
    outer loop
      vertex -152 -2003.77 3772.51
      vertex -142.5 -2003.4 3775.12
      vertex -152 -2002.65 3780.43
    endloop
  endfacet
  facet normal -0.000140177 -0.990321 0.138795
    outer loop
      vertex -1073.5 -2002.29 3783.04
      vertex -1092.5 -2001.63 3787.73
      vertex -1073.5 -2003.4 3775.12
    endloop
  endfacet
  facet normal 0.0004383 -0.990321 0.138795
    outer loop
      vertex -199.5 -2001.63 3787.73
      vertex -190 -2001.26 3790.34
      vertex -199.5 -2000.52 3795.65
    endloop
  endfacet
  facet normal 0.000140177 -0.990321 0.138795
    outer loop
      vertex -218.5 -2003.4 3775.12
      vertex -199.5 -2001.63 3787.73
      vertex -218.5 -2002.29 3783.04
    endloop
  endfacet
  facet normal 0.000140177 -0.990321 0.138795
    outer loop
      vertex -199.5 -2001.63 3787.73
      vertex -199.5 -2000.52 3795.65
      vertex -218.5 -2002.29 3783.04
    endloop
  endfacet
  facet normal -9.47511e-05 -0.990149 0.140021
    outer loop
      vertex -313.5 -2003.4 3775.12
      vertex -304 -2003.77 3772.51
      vertex -304 -2002.65 3780.43
    endloop
  endfacet
  facet normal 9.47511e-05 -0.990149 0.140021
    outer loop
      vertex -228 -2003.77 3772.51
      vertex -218.5 -2003.4 3775.12
      vertex -228 -2002.65 3780.43
    endloop
  endfacet
  facet normal 0.000604143 -0.990321 0.138795
    outer loop
      vertex -1149.5 -2002.29 3783.04
      vertex -1149.5 -2003.4 3775.12
      vertex -1140 -2002.65 3780.43
    endloop
  endfacet
  facet normal 0.0004383 -0.990321 0.138795
    outer loop
      vertex -275.5 -2001.63 3787.73
      vertex -266 -2001.26 3790.34
      vertex -275.5 -2000.52 3795.65
    endloop
  endfacet
  facet normal 0.000140177 -0.990321 0.138795
    outer loop
      vertex -294.5 -2003.4 3775.12
      vertex -275.5 -2001.63 3787.73
      vertex -294.5 -2002.29 3783.04
    endloop
  endfacet
  facet normal 0.000140177 -0.990321 0.138795
    outer loop
      vertex -275.5 -2001.63 3787.73
      vertex -275.5 -2000.52 3795.65
      vertex -294.5 -2002.29 3783.04
    endloop
  endfacet
  facet normal -9.47511e-05 -0.990149 0.140021
    outer loop
      vertex -389.5 -2003.4 3775.12
      vertex -380 -2003.77 3772.51
      vertex -380 -2002.65 3780.43
    endloop
  endfacet
  facet normal 9.47511e-05 -0.990149 0.140021
    outer loop
      vertex -304 -2003.77 3772.51
      vertex -294.5 -2003.4 3775.12
      vertex -304 -2002.65 3780.43
    endloop
  endfacet
  facet normal 0.0004383 -0.990321 0.138795
    outer loop
      vertex -351.5 -2001.63 3787.73
      vertex -342 -2001.26 3790.34
      vertex -351.5 -2000.52 3795.65
    endloop
  endfacet
  facet normal 0.000140177 -0.990321 0.138795
    outer loop
      vertex -370.5 -2003.4 3775.12
      vertex -351.5 -2001.63 3787.73
      vertex -370.5 -2002.29 3783.04
    endloop
  endfacet
  facet normal 0.000140177 -0.990321 0.138795
    outer loop
      vertex -351.5 -2001.63 3787.73
      vertex -351.5 -2000.52 3795.65
      vertex -370.5 -2002.29 3783.04
    endloop
  endfacet
  facet normal -9.47511e-05 -0.990149 0.140021
    outer loop
      vertex -465.5 -2003.4 3775.12
      vertex -456 -2003.77 3772.51
      vertex -456 -2002.65 3780.43
    endloop
  endfacet
  facet normal 9.47511e-05 -0.990149 0.140021
    outer loop
      vertex -380 -2003.77 3772.51
      vertex -370.5 -2003.4 3775.12
      vertex -380 -2002.65 3780.43
    endloop
  endfacet
  facet normal 0.000604143 -0.990321 0.138795
    outer loop
      vertex -1225.5 -2003.4 3775.12
      vertex -1216 -2002.65 3780.43
      vertex -1225.5 -2002.29 3783.04
    endloop
  endfacet
  facet normal 0.0004383 -0.990321 0.138795
    outer loop
      vertex -427.5 -2001.63 3787.73
      vertex -418 -2001.26 3790.34
      vertex -427.5 -2000.52 3795.65
    endloop
  endfacet
  facet normal 0.000140177 -0.990321 0.138795
    outer loop
      vertex -446.5 -2003.4 3775.12
      vertex -427.5 -2001.63 3787.73
      vertex -446.5 -2002.29 3783.04
    endloop
  endfacet
  facet normal 0.000140177 -0.990321 0.138795
    outer loop
      vertex -427.5 -2001.63 3787.73
      vertex -427.5 -2000.52 3795.65
      vertex -446.5 -2002.29 3783.04
    endloop
  endfacet
  facet normal -9.47511e-05 -0.990149 0.140021
    outer loop
      vertex -541.5 -2003.4 3775.12
      vertex -532 -2003.77 3772.51
      vertex -532 -2002.65 3780.43
    endloop
  endfacet
  facet normal 9.47511e-05 -0.990149 0.140021
    outer loop
      vertex -456 -2003.77 3772.51
      vertex -446.5 -2003.4 3775.12
      vertex -456 -2002.65 3780.43
    endloop
  endfacet
  facet normal 0.0004383 -0.990321 0.138795
    outer loop
      vertex -503.5 -2001.63 3787.73
      vertex -494 -2001.26 3790.34
      vertex -503.5 -2000.52 3795.65
    endloop
  endfacet
  facet normal 0.000140177 -0.990321 0.138795
    outer loop
      vertex -522.5 -2003.4 3775.12
      vertex -503.5 -2001.63 3787.73
      vertex -522.5 -2002.29 3783.04
    endloop
  endfacet
  facet normal 0.000140177 -0.990321 0.138795
    outer loop
      vertex -503.5 -2001.63 3787.73
      vertex -503.5 -2000.52 3795.65
      vertex -522.5 -2002.29 3783.04
    endloop
  endfacet
  facet normal -9.47511e-05 -0.990149 0.140021
    outer loop
      vertex -617.5 -2003.4 3775.12
      vertex -608 -2003.77 3772.51
      vertex -608 -2002.65 3780.43
    endloop
  endfacet
  facet normal 9.47511e-05 -0.990149 0.140021
    outer loop
      vertex -532 -2003.77 3772.51
      vertex -522.5 -2003.4 3775.12
      vertex -532 -2002.65 3780.43
    endloop
  endfacet
  facet normal 0.000604143 -0.990321 0.138795
    outer loop
      vertex -1292 -2002.65 3780.43
      vertex -1301.5 -2002.29 3783.04
      vertex -1301.5 -2003.4 3775.12
    endloop
  endfacet
  facet normal 0.0004383 -0.990321 0.138795
    outer loop
      vertex -579.5 -2001.63 3787.73
      vertex -570 -2001.26 3790.34
      vertex -579.5 -2000.52 3795.65
    endloop
  endfacet
  facet normal 0.000140177 -0.990321 0.138795
    outer loop
      vertex -598.5 -2003.4 3775.12
      vertex -579.5 -2001.63 3787.73
      vertex -598.5 -2002.29 3783.04
    endloop
  endfacet
  facet normal 0.000140177 -0.990321 0.138795
    outer loop
      vertex -579.5 -2001.63 3787.73
      vertex -579.5 -2000.52 3795.65
      vertex -598.5 -2002.29 3783.04
    endloop
  endfacet
  facet normal -9.47511e-05 -0.990149 0.140021
    outer loop
      vertex -693.5 -2003.4 3775.12
      vertex -684 -2003.77 3772.51
      vertex -684 -2002.65 3780.43
    endloop
  endfacet
  facet normal 9.47511e-05 -0.990149 0.140021
    outer loop
      vertex -608 -2003.77 3772.51
      vertex -598.5 -2003.4 3775.12
      vertex -608 -2002.65 3780.43
    endloop
  endfacet
  facet normal -0.000140177 -0.990321 0.138795
    outer loop
      vertex -1301.5 -2002.29 3783.04
      vertex -1320.5 -2001.63 3787.73
      vertex -1301.5 -2003.4 3775.12
    endloop
  endfacet
  facet normal 0.0004383 -0.990321 0.138795
    outer loop
      vertex -655.5 -2001.63 3787.73
      vertex -646 -2001.26 3790.34
      vertex -655.5 -2000.52 3795.65
    endloop
  endfacet
  facet normal 0.000140177 -0.990321 0.138795
    outer loop
      vertex -674.5 -2003.4 3775.12
      vertex -655.5 -2001.63 3787.73
      vertex -674.5 -2002.29 3783.04
    endloop
  endfacet
  facet normal 0.000140177 -0.990321 0.138795
    outer loop
      vertex -655.5 -2001.63 3787.73
      vertex -655.5 -2000.52 3795.65
      vertex -674.5 -2002.29 3783.04
    endloop
  endfacet
  facet normal -9.47511e-05 -0.990149 0.140021
    outer loop
      vertex -769.5 -2003.4 3775.12
      vertex -760 -2003.77 3772.51
      vertex -760 -2002.65 3780.43
    endloop
  endfacet
  facet normal 9.47511e-05 -0.990149 0.140021
    outer loop
      vertex -684 -2003.77 3772.51
      vertex -674.5 -2003.4 3775.12
      vertex -684 -2002.65 3780.43
    endloop
  endfacet
  facet normal 0.000604143 -0.990321 0.138795
    outer loop
      vertex -1377.5 -2002.29 3783.04
      vertex -1377.5 -2003.4 3775.12
      vertex -1368 -2002.65 3780.43
    endloop
  endfacet
  facet normal 0.0004383 -0.990321 0.138795
    outer loop
      vertex -731.5 -2001.63 3787.73
      vertex -722 -2001.26 3790.34
      vertex -731.5 -2000.52 3795.65
    endloop
  endfacet
  facet normal 0.000140177 -0.990321 0.138795
    outer loop
      vertex -750.5 -2003.4 3775.12
      vertex -731.5 -2001.63 3787.73
      vertex -750.5 -2002.29 3783.04
    endloop
  endfacet
  facet normal 0.000140177 -0.990321 0.138795
    outer loop
      vertex -731.5 -2001.63 3787.73
      vertex -731.5 -2000.52 3795.65
      vertex -750.5 -2002.29 3783.04
    endloop
  endfacet
  facet normal -9.47511e-05 -0.990149 0.140021
    outer loop
      vertex -845.5 -2003.4 3775.12
      vertex -836 -2003.77 3772.51
      vertex -836 -2002.65 3780.43
    endloop
  endfacet
  facet normal 9.47511e-05 -0.990149 0.140021
    outer loop
      vertex -760 -2003.77 3772.51
      vertex -750.5 -2003.4 3775.12
      vertex -760 -2002.65 3780.43
    endloop
  endfacet
  facet normal 0.0004383 -0.990321 0.138795
    outer loop
      vertex -807.5 -2001.63 3787.73
      vertex -798 -2001.26 3790.34
      vertex -807.5 -2000.52 3795.65
    endloop
  endfacet
  facet normal 0.000140177 -0.990321 0.138795
    outer loop
      vertex -826.5 -2003.4 3775.12
      vertex -807.5 -2001.63 3787.73
      vertex -826.5 -2002.29 3783.04
    endloop
  endfacet
  facet normal 0.000140177 -0.990321 0.138795
    outer loop
      vertex -807.5 -2001.63 3787.73
      vertex -807.5 -2000.52 3795.65
      vertex -826.5 -2002.29 3783.04
    endloop
  endfacet
  facet normal -9.47511e-05 -0.990149 0.140021
    outer loop
      vertex -921.5 -2003.4 3775.12
      vertex -912 -2003.77 3772.51
      vertex -912 -2002.65 3780.43
    endloop
  endfacet
  facet normal 9.47511e-05 -0.990149 0.140021
    outer loop
      vertex -836 -2003.77 3772.51
      vertex -826.5 -2003.4 3775.12
      vertex -836 -2002.65 3780.43
    endloop
  endfacet
  facet normal 0.000604143 -0.990321 0.138795
    outer loop
      vertex -1453.5 -2003.4 3775.12
      vertex -1444 -2002.65 3780.43
      vertex -1453.5 -2002.29 3783.04
    endloop
  endfacet
  facet normal 0.0004383 -0.990321 0.138795
    outer loop
      vertex -883.5 -2001.63 3787.73
      vertex -874 -2001.26 3790.34
      vertex -883.5 -2000.52 3795.65
    endloop
  endfacet
  facet normal 0.000140177 -0.990321 0.138795
    outer loop
      vertex -902.5 -2003.4 3775.12
      vertex -883.5 -2001.63 3787.73
      vertex -902.5 -2002.29 3783.04
    endloop
  endfacet
  facet normal 0.000140177 -0.990321 0.138795
    outer loop
      vertex -883.5 -2001.63 3787.73
      vertex -883.5 -2000.52 3795.65
      vertex -902.5 -2002.29 3783.04
    endloop
  endfacet
  facet normal -9.47511e-05 -0.990149 0.140021
    outer loop
      vertex -997.5 -2003.4 3775.12
      vertex -988 -2003.77 3772.51
      vertex -988 -2002.65 3780.43
    endloop
  endfacet
  facet normal 9.47511e-05 -0.990149 0.140021
    outer loop
      vertex -912 -2003.77 3772.51
      vertex -902.5 -2003.4 3775.12
      vertex -912 -2002.65 3780.43
    endloop
  endfacet
  facet normal 0.0004383 -0.990321 0.138795
    outer loop
      vertex -959.5 -2001.63 3787.73
      vertex -950 -2001.26 3790.34
      vertex -959.5 -2000.52 3795.65
    endloop
  endfacet
  facet normal 0.000140177 -0.990321 0.138795
    outer loop
      vertex -978.5 -2003.4 3775.12
      vertex -959.5 -2001.63 3787.73
      vertex -978.5 -2002.29 3783.04
    endloop
  endfacet
  facet normal 0.000140177 -0.990321 0.138795
    outer loop
      vertex -959.5 -2001.63 3787.73
      vertex -959.5 -2000.52 3795.65
      vertex -978.5 -2002.29 3783.04
    endloop
  endfacet
  facet normal -9.47511e-05 -0.990149 0.140021
    outer loop
      vertex -1073.5 -2003.4 3775.12
      vertex -1064 -2003.77 3772.51
      vertex -1064 -2002.65 3780.43
    endloop
  endfacet
  facet normal 9.47511e-05 -0.990149 0.140021
    outer loop
      vertex -988 -2003.77 3772.51
      vertex -978.5 -2003.4 3775.12
      vertex -988 -2002.65 3780.43
    endloop
  endfacet
  facet normal 0.000604143 -0.990321 0.138795
    outer loop
      vertex -1520 -2002.65 3780.43
      vertex -1529.5 -2002.29 3783.04
      vertex -1529.5 -2003.4 3775.12
    endloop
  endfacet
  facet normal 0.0004383 -0.990321 0.138795
    outer loop
      vertex -1035.5 -2001.63 3787.73
      vertex -1026 -2001.26 3790.34
      vertex -1035.5 -2000.52 3795.65
    endloop
  endfacet
  facet normal 0.000140177 -0.990321 0.138795
    outer loop
      vertex -1054.5 -2003.4 3775.12
      vertex -1035.5 -2001.63 3787.73
      vertex -1054.5 -2002.29 3783.04
    endloop
  endfacet
  facet normal 0.000140177 -0.990321 0.138795
    outer loop
      vertex -1035.5 -2001.63 3787.73
      vertex -1035.5 -2000.52 3795.65
      vertex -1054.5 -2002.29 3783.04
    endloop
  endfacet
  facet normal -9.47511e-05 -0.990149 0.140021
    outer loop
      vertex -1149.5 -2003.4 3775.12
      vertex -1140 -2003.77 3772.51
      vertex -1140 -2002.65 3780.43
    endloop
  endfacet
  facet normal 9.47511e-05 -0.990149 0.140021
    outer loop
      vertex -1064 -2003.77 3772.51
      vertex -1054.5 -2003.4 3775.12
      vertex -1064 -2002.65 3780.43
    endloop
  endfacet
  facet normal -0.000140177 -0.990321 0.138795
    outer loop
      vertex -1529.5 -2002.29 3783.04
      vertex -1548.5 -2001.63 3787.73
      vertex -1529.5 -2003.4 3775.12
    endloop
  endfacet
  facet normal 0.0004383 -0.990321 0.138795
    outer loop
      vertex -1111.5 -2001.63 3787.73
      vertex -1102 -2001.26 3790.34
      vertex -1111.5 -2000.52 3795.65
    endloop
  endfacet
  facet normal 0.000140177 -0.990321 0.138795
    outer loop
      vertex -1130.5 -2003.4 3775.12
      vertex -1111.5 -2001.63 3787.73
      vertex -1130.5 -2002.29 3783.04
    endloop
  endfacet
  facet normal 0.000140177 -0.990321 0.138795
    outer loop
      vertex -1111.5 -2001.63 3787.73
      vertex -1111.5 -2000.52 3795.65
      vertex -1130.5 -2002.29 3783.04
    endloop
  endfacet
  facet normal -9.47511e-05 -0.990149 0.140021
    outer loop
      vertex -1225.5 -2003.4 3775.12
      vertex -1216 -2003.77 3772.51
      vertex -1216 -2002.65 3780.43
    endloop
  endfacet
  facet normal 9.47511e-05 -0.990149 0.140021
    outer loop
      vertex -1140 -2003.77 3772.51
      vertex -1130.5 -2003.4 3775.12
      vertex -1140 -2002.65 3780.43
    endloop
  endfacet
  facet normal 0.000604143 -0.990321 0.138795
    outer loop
      vertex -1605.5 -2002.29 3783.04
      vertex -1605.5 -2003.4 3775.12
      vertex -1596 -2002.65 3780.43
    endloop
  endfacet
  facet normal 0.0004383 -0.990321 0.138795
    outer loop
      vertex -1187.5 -2001.63 3787.73
      vertex -1178 -2001.26 3790.34
      vertex -1187.5 -2000.52 3795.65
    endloop
  endfacet
  facet normal 0.000140177 -0.990321 0.138795
    outer loop
      vertex -1206.5 -2003.4 3775.12
      vertex -1187.5 -2001.63 3787.73
      vertex -1206.5 -2002.29 3783.04
    endloop
  endfacet
  facet normal 0.000140177 -0.990321 0.138795
    outer loop
      vertex -1187.5 -2001.63 3787.73
      vertex -1187.5 -2000.52 3795.65
      vertex -1206.5 -2002.29 3783.04
    endloop
  endfacet
  facet normal -9.47511e-05 -0.990149 0.140021
    outer loop
      vertex -1301.5 -2003.4 3775.12
      vertex -1292 -2003.77 3772.51
      vertex -1292 -2002.65 3780.43
    endloop
  endfacet
  facet normal 9.47511e-05 -0.990149 0.140021
    outer loop
      vertex -1216 -2003.77 3772.51
      vertex -1206.5 -2003.4 3775.12
      vertex -1216 -2002.65 3780.43
    endloop
  endfacet
  facet normal 0.0004383 -0.990321 0.138795
    outer loop
      vertex -1263.5 -2001.63 3787.73
      vertex -1254 -2001.26 3790.34
      vertex -1263.5 -2000.52 3795.65
    endloop
  endfacet
  facet normal 0.000140177 -0.990321 0.138795
    outer loop
      vertex -1282.5 -2003.4 3775.12
      vertex -1263.5 -2001.63 3787.73
      vertex -1282.5 -2002.29 3783.04
    endloop
  endfacet
  facet normal 0.000140177 -0.990321 0.138795
    outer loop
      vertex -1263.5 -2001.63 3787.73
      vertex -1263.5 -2000.52 3795.65
      vertex -1282.5 -2002.29 3783.04
    endloop
  endfacet
  facet normal -9.47511e-05 -0.990149 0.140021
    outer loop
      vertex -1377.5 -2003.4 3775.12
      vertex -1368 -2003.77 3772.51
      vertex -1368 -2002.65 3780.43
    endloop
  endfacet
  facet normal 9.47511e-05 -0.990149 0.140021
    outer loop
      vertex -1292 -2003.77 3772.51
      vertex -1282.5 -2003.4 3775.12
      vertex -1292 -2002.65 3780.43
    endloop
  endfacet
  facet normal 0.000604143 -0.990321 0.138795
    outer loop
      vertex -1681.5 -2003.4 3775.12
      vertex -1672 -2002.65 3780.43
      vertex -1681.5 -2002.29 3783.04
    endloop
  endfacet
  facet normal 0.0004383 -0.990321 0.138795
    outer loop
      vertex -1339.5 -2001.63 3787.73
      vertex -1330 -2001.26 3790.34
      vertex -1339.5 -2000.52 3795.65
    endloop
  endfacet
  facet normal 0.000140177 -0.990321 0.138795
    outer loop
      vertex -1358.5 -2003.4 3775.12
      vertex -1339.5 -2001.63 3787.73
      vertex -1358.5 -2002.29 3783.04
    endloop
  endfacet
  facet normal 0.000140177 -0.990321 0.138795
    outer loop
      vertex -1339.5 -2001.63 3787.73
      vertex -1339.5 -2000.52 3795.65
      vertex -1358.5 -2002.29 3783.04
    endloop
  endfacet
  facet normal -9.47511e-05 -0.990149 0.140021
    outer loop
      vertex -1453.5 -2003.4 3775.12
      vertex -1444 -2003.77 3772.51
      vertex -1444 -2002.65 3780.43
    endloop
  endfacet
  facet normal 9.47511e-05 -0.990149 0.140021
    outer loop
      vertex -1368 -2003.77 3772.51
      vertex -1358.5 -2003.4 3775.12
      vertex -1368 -2002.65 3780.43
    endloop
  endfacet
  facet normal 0.0004383 -0.990321 0.138795
    outer loop
      vertex -1415.5 -2001.63 3787.73
      vertex -1406 -2001.26 3790.34
      vertex -1415.5 -2000.52 3795.65
    endloop
  endfacet
  facet normal 0.000140177 -0.990321 0.138795
    outer loop
      vertex -1434.5 -2003.4 3775.12
      vertex -1415.5 -2001.63 3787.73
      vertex -1434.5 -2002.29 3783.04
    endloop
  endfacet
  facet normal 0.000140177 -0.990321 0.138795
    outer loop
      vertex -1415.5 -2001.63 3787.73
      vertex -1415.5 -2000.52 3795.65
      vertex -1434.5 -2002.29 3783.04
    endloop
  endfacet
  facet normal -9.47511e-05 -0.990149 0.140021
    outer loop
      vertex -1529.5 -2003.4 3775.12
      vertex -1520 -2003.77 3772.51
      vertex -1520 -2002.65 3780.43
    endloop
  endfacet
  facet normal 9.47511e-05 -0.990149 0.140021
    outer loop
      vertex -1444 -2003.77 3772.51
      vertex -1434.5 -2003.4 3775.12
      vertex -1444 -2002.65 3780.43
    endloop
  endfacet
  facet normal 0.000604143 -0.990321 0.138795
    outer loop
      vertex -1748 -2002.65 3780.43
      vertex -1757.5 -2002.29 3783.04
      vertex -1757.5 -2003.4 3775.12
    endloop
  endfacet
  facet normal 0.0004383 -0.990321 0.138795
    outer loop
      vertex -1491.5 -2001.63 3787.73
      vertex -1482 -2001.26 3790.34
      vertex -1491.5 -2000.52 3795.65
    endloop
  endfacet
  facet normal 0.000140177 -0.990321 0.138795
    outer loop
      vertex -1510.5 -2003.4 3775.12
      vertex -1491.5 -2001.63 3787.73
      vertex -1510.5 -2002.29 3783.04
    endloop
  endfacet
  facet normal 0.000140177 -0.990321 0.138795
    outer loop
      vertex -1491.5 -2001.63 3787.73
      vertex -1491.5 -2000.52 3795.65
      vertex -1510.5 -2002.29 3783.04
    endloop
  endfacet
  facet normal -9.47511e-05 -0.990149 0.140021
    outer loop
      vertex -1605.5 -2003.4 3775.12
      vertex -1596 -2003.77 3772.51
      vertex -1596 -2002.65 3780.43
    endloop
  endfacet
  facet normal 9.47511e-05 -0.990149 0.140021
    outer loop
      vertex -1520 -2003.77 3772.51
      vertex -1510.5 -2003.4 3775.12
      vertex -1520 -2002.65 3780.43
    endloop
  endfacet
  facet normal -0.000140177 -0.990321 0.138795
    outer loop
      vertex -1757.5 -2002.29 3783.04
      vertex -1776.5 -2001.63 3787.73
      vertex -1757.5 -2003.4 3775.12
    endloop
  endfacet
  facet normal 0.0004383 -0.990321 0.138795
    outer loop
      vertex -1567.5 -2001.63 3787.73
      vertex -1558 -2001.26 3790.34
      vertex -1567.5 -2000.52 3795.65
    endloop
  endfacet
  facet normal 0.000140177 -0.990321 0.138795
    outer loop
      vertex -1586.5 -2003.4 3775.12
      vertex -1567.5 -2001.63 3787.73
      vertex -1586.5 -2002.29 3783.04
    endloop
  endfacet
  facet normal 0.000140177 -0.990321 0.138795
    outer loop
      vertex -1567.5 -2001.63 3787.73
      vertex -1567.5 -2000.52 3795.65
      vertex -1586.5 -2002.29 3783.04
    endloop
  endfacet
  facet normal -9.47511e-05 -0.990149 0.140021
    outer loop
      vertex -1681.5 -2003.4 3775.12
      vertex -1672 -2003.77 3772.51
      vertex -1672 -2002.65 3780.43
    endloop
  endfacet
  facet normal 9.47511e-05 -0.990149 0.140021
    outer loop
      vertex -1596 -2003.77 3772.51
      vertex -1586.5 -2003.4 3775.12
      vertex -1596 -2002.65 3780.43
    endloop
  endfacet
  facet normal 0.000604143 -0.990321 0.138795
    outer loop
      vertex -1833.5 -2002.29 3783.04
      vertex -1833.5 -2003.4 3775.12
      vertex -1824 -2002.65 3780.43
    endloop
  endfacet
  facet normal 0.0004383 -0.990321 0.138795
    outer loop
      vertex -1643.5 -2001.63 3787.73
      vertex -1634 -2001.26 3790.34
      vertex -1643.5 -2000.52 3795.65
    endloop
  endfacet
  facet normal 0.000140177 -0.990321 0.138795
    outer loop
      vertex -1662.5 -2003.4 3775.12
      vertex -1643.5 -2001.63 3787.73
      vertex -1662.5 -2002.29 3783.04
    endloop
  endfacet
  facet normal 0.000140177 -0.990321 0.138795
    outer loop
      vertex -1643.5 -2001.63 3787.73
      vertex -1643.5 -2000.52 3795.65
      vertex -1662.5 -2002.29 3783.04
    endloop
  endfacet
  facet normal -9.47511e-05 -0.990149 0.140021
    outer loop
      vertex -1757.5 -2003.4 3775.12
      vertex -1748 -2003.77 3772.51
      vertex -1748 -2002.65 3780.43
    endloop
  endfacet
  facet normal 9.47511e-05 -0.990149 0.140021
    outer loop
      vertex -1672 -2003.77 3772.51
      vertex -1662.5 -2003.4 3775.12
      vertex -1672 -2002.65 3780.43
    endloop
  endfacet
  facet normal 0.0004383 -0.990321 0.138795
    outer loop
      vertex -1719.5 -2001.63 3787.73
      vertex -1710 -2001.26 3790.34
      vertex -1719.5 -2000.52 3795.65
    endloop
  endfacet
  facet normal 0.000140177 -0.990321 0.138795
    outer loop
      vertex -1738.5 -2003.4 3775.12
      vertex -1719.5 -2001.63 3787.73
      vertex -1738.5 -2002.29 3783.04
    endloop
  endfacet
  facet normal 0.000140177 -0.990321 0.138795
    outer loop
      vertex -1719.5 -2001.63 3787.73
      vertex -1719.5 -2000.52 3795.65
      vertex -1738.5 -2002.29 3783.04
    endloop
  endfacet
  facet normal -9.47511e-05 -0.990149 0.140021
    outer loop
      vertex -1833.5 -2003.4 3775.12
      vertex -1824 -2003.77 3772.51
      vertex -1824 -2002.65 3780.43
    endloop
  endfacet
  facet normal 9.47511e-05 -0.990149 0.140021
    outer loop
      vertex -1748 -2003.77 3772.51
      vertex -1738.5 -2003.4 3775.12
      vertex -1748 -2002.65 3780.43
    endloop
  endfacet
  facet normal 0.000604143 -0.990321 0.138795
    outer loop
      vertex -1909.5 -2003.4 3775.12
      vertex -1900 -2002.65 3780.43
      vertex -1909.5 -2002.29 3783.04
    endloop
  endfacet
  facet normal 0.0004383 -0.990321 0.138795
    outer loop
      vertex -1795.5 -2001.63 3787.73
      vertex -1786 -2001.26 3790.34
      vertex -1795.5 -2000.52 3795.65
    endloop
  endfacet
  facet normal 0.000140177 -0.990321 0.138795
    outer loop
      vertex -1814.5 -2003.4 3775.12
      vertex -1795.5 -2001.63 3787.73
      vertex -1814.5 -2002.29 3783.04
    endloop
  endfacet
  facet normal 0.000140177 -0.990321 0.138795
    outer loop
      vertex -1795.5 -2001.63 3787.73
      vertex -1795.5 -2000.52 3795.65
      vertex -1814.5 -2002.29 3783.04
    endloop
  endfacet
  facet normal -9.47511e-05 -0.990149 0.140021
    outer loop
      vertex -1909.5 -2003.4 3775.12
      vertex -1900 -2003.77 3772.51
      vertex -1900 -2002.65 3780.43
    endloop
  endfacet
  facet normal 9.47511e-05 -0.990149 0.140021
    outer loop
      vertex -1824 -2003.77 3772.51
      vertex -1814.5 -2003.4 3775.12
      vertex -1824 -2002.65 3780.43
    endloop
  endfacet
  facet normal -0.000140177 -0.990321 0.138795
    outer loop
      vertex -1909.5 -2003.4 3775.12
      vertex -1909.5 -2002.29 3783.04
      vertex -1928.5 -2001.63 3787.73
    endloop
  endfacet
  facet normal 0.0004383 -0.990321 0.138795
    outer loop
      vertex -1871.5 -2001.63 3787.73
      vertex -1862 -2001.26 3790.34
      vertex -1871.5 -2000.52 3795.65
    endloop
  endfacet
  facet normal 0.000140177 -0.990321 0.138795
    outer loop
      vertex -1890.5 -2003.4 3775.12
      vertex -1871.5 -2001.63 3787.73
      vertex -1890.5 -2002.29 3783.04
    endloop
  endfacet
  facet normal 0.000140177 -0.990321 0.138795
    outer loop
      vertex -1871.5 -2001.63 3787.73
      vertex -1871.5 -2000.52 3795.65
      vertex -1890.5 -2002.29 3783.04
    endloop
  endfacet
  facet normal 9.47511e-05 -0.990149 0.140021
    outer loop
      vertex -1976 -2003.77 3772.51
      vertex -1966.5 -2003.4 3775.12
      vertex -1976 -2002.65 3780.43
    endloop
  endfacet
  facet normal 9.47511e-05 -0.990149 0.140021
    outer loop
      vertex -1900 -2003.77 3772.51
      vertex -1890.5 -2003.4 3775.12
      vertex -1900 -2002.65 3780.43
    endloop
  endfacet
  facet normal 0.0004383 -0.990321 0.138795
    outer loop
      vertex -1947.5 -2001.63 3787.73
      vertex -1938 -2001.26 3790.34
      vertex -1947.5 -2000.52 3795.65
    endloop
  endfacet
  facet normal 0.000140177 -0.990321 0.138795
    outer loop
      vertex -1966.5 -2003.4 3775.12
      vertex -1947.5 -2001.63 3787.73
      vertex -1966.5 -2002.29 3783.04
    endloop
  endfacet
  facet normal 0.000140177 -0.990321 0.138795
    outer loop
      vertex -1947.5 -2001.63 3787.73
      vertex -1947.5 -2000.52 3795.65
      vertex -1966.5 -2002.29 3783.04
    endloop
  endfacet
  facet normal -0.000604143 -0.990321 0.138795
    outer loop
      vertex -1966.5 -2003.4 3775.12
      vertex -1966.5 -2002.29 3783.04
      vertex -1976 -2002.65 3780.43
    endloop
  endfacet
  facet normal -0.0004383 -0.990321 0.138795
    outer loop
      vertex -1938 -2001.26 3790.34
      vertex -1928.5 -2000.52 3795.65
      vertex -1938 -2000.15 3798.26
    endloop
  endfacet
  facet normal 0.0004383 -0.990321 0.138795
    outer loop
      vertex -1938 -2001.26 3790.34
      vertex -1938 -2000.15 3798.26
      vertex -1947.5 -2000.52 3795.65
    endloop
  endfacet
  facet normal -0.0004383 -0.990321 0.138795
    outer loop
      vertex -1928.5 -2001.63 3787.73
      vertex -1928.5 -2000.52 3795.65
      vertex -1938 -2001.26 3790.34
    endloop
  endfacet
  facet normal -0.000140177 -0.990321 0.138795
    outer loop
      vertex -1909.5 -2002.29 3783.04
      vertex -1928.5 -2000.52 3795.65
      vertex -1928.5 -2001.63 3787.73
    endloop
  endfacet
  facet normal -0.000140177 -0.990321 0.138795
    outer loop
      vertex -1852.5 -2001.63 3787.73
      vertex -1833.5 -2003.4 3775.12
      vertex -1833.5 -2002.29 3783.04
    endloop
  endfacet
  facet normal -0.000604143 -0.990321 0.138795
    outer loop
      vertex -1890.5 -2002.29 3783.04
      vertex -1900 -2002.65 3780.43
      vertex -1890.5 -2003.4 3775.12
    endloop
  endfacet
  facet normal 0.0004383 -0.990321 0.138795
    outer loop
      vertex -1862 -2001.26 3790.34
      vertex -1862 -2000.15 3798.26
      vertex -1871.5 -2000.52 3795.65
    endloop
  endfacet
  facet normal -0.0004383 -0.990321 0.138795
    outer loop
      vertex -1852.5 -2000.52 3795.65
      vertex -1862 -2001.26 3790.34
      vertex -1852.5 -2001.63 3787.73
    endloop
  endfacet
  facet normal -0.0004383 -0.990321 0.138795
    outer loop
      vertex -1852.5 -2000.52 3795.65
      vertex -1862 -2000.15 3798.26
      vertex -1862 -2001.26 3790.34
    endloop
  endfacet
  facet normal -0.000140177 -0.990321 0.138795
    outer loop
      vertex -1852.5 -2000.52 3795.65
      vertex -1852.5 -2001.63 3787.73
      vertex -1833.5 -2002.29 3783.04
    endloop
  endfacet
  facet normal -0.000604143 -0.990321 0.138795
    outer loop
      vertex -1814.5 -2003.4 3775.12
      vertex -1814.5 -2002.29 3783.04
      vertex -1824 -2002.65 3780.43
    endloop
  endfacet
  facet normal -0.0004383 -0.990321 0.138795
    outer loop
      vertex -1786 -2001.26 3790.34
      vertex -1776.5 -2000.52 3795.65
      vertex -1786 -2000.15 3798.26
    endloop
  endfacet
  facet normal 0.0004383 -0.990321 0.138795
    outer loop
      vertex -1786 -2001.26 3790.34
      vertex -1786 -2000.15 3798.26
      vertex -1795.5 -2000.52 3795.65
    endloop
  endfacet
  facet normal -0.0004383 -0.990321 0.138795
    outer loop
      vertex -1776.5 -2001.63 3787.73
      vertex -1776.5 -2000.52 3795.65
      vertex -1786 -2001.26 3790.34
    endloop
  endfacet
  facet normal -0.000140177 -0.990321 0.138795
    outer loop
      vertex -1757.5 -2002.29 3783.04
      vertex -1776.5 -2000.52 3795.65
      vertex -1776.5 -2001.63 3787.73
    endloop
  endfacet
  facet normal -0.000140177 -0.990321 0.138795
    outer loop
      vertex -1681.5 -2003.4 3775.12
      vertex -1681.5 -2002.29 3783.04
      vertex -1700.5 -2001.63 3787.73
    endloop
  endfacet
  facet normal -0.0004383 -0.990321 0.138795
    outer loop
      vertex -1710 -2001.26 3790.34
      vertex -1700.5 -2001.63 3787.73
      vertex -1700.5 -2000.52 3795.65
    endloop
  endfacet
  facet normal 0.000604143 -0.990321 0.138795
    outer loop
      vertex -836 -2002.65 3780.43
      vertex -845.5 -2002.29 3783.04
      vertex -845.5 -2003.4 3775.12
    endloop
  endfacet
  facet normal -0.000604143 -0.990321 0.138795
    outer loop
      vertex -1748 -2002.65 3780.43
      vertex -1738.5 -2003.4 3775.12
      vertex -1738.5 -2002.29 3783.04
    endloop
  endfacet
  facet normal 0.0004383 -0.990321 0.138795
    outer loop
      vertex -1710 -2001.26 3790.34
      vertex -1710 -2000.15 3798.26
      vertex -1719.5 -2000.52 3795.65
    endloop
  endfacet
  facet normal -0.0004383 -0.990321 0.138795
    outer loop
      vertex -1710 -2000.15 3798.26
      vertex -1710 -2001.26 3790.34
      vertex -1700.5 -2000.52 3795.65
    endloop
  endfacet
  facet normal -0.000140177 -0.990321 0.138795
    outer loop
      vertex -1700.5 -2001.63 3787.73
      vertex -1681.5 -2002.29 3783.04
      vertex -1700.5 -2000.52 3795.65
    endloop
  endfacet
  facet normal -0.000140177 -0.990321 0.138795
    outer loop
      vertex -1624.5 -2001.63 3787.73
      vertex -1605.5 -2003.4 3775.12
      vertex -1605.5 -2002.29 3783.04
    endloop
  endfacet
  facet normal 0.000604143 -0.990321 0.138795
    outer loop
      vertex -760 -2002.65 3780.43
      vertex -769.5 -2002.29 3783.04
      vertex -769.5 -2003.4 3775.12
    endloop
  endfacet
  facet normal -0.000604143 -0.990321 0.138795
    outer loop
      vertex -1662.5 -2002.29 3783.04
      vertex -1672 -2002.65 3780.43
      vertex -1662.5 -2003.4 3775.12
    endloop
  endfacet
  facet normal 0.0004383 -0.990321 0.138795
    outer loop
      vertex -1634 -2001.26 3790.34
      vertex -1634 -2000.15 3798.26
      vertex -1643.5 -2000.52 3795.65
    endloop
  endfacet
  facet normal -0.0004383 -0.990321 0.138795
    outer loop
      vertex -1624.5 -2000.52 3795.65
      vertex -1634 -2001.26 3790.34
      vertex -1624.5 -2001.63 3787.73
    endloop
  endfacet
  facet normal -0.0004383 -0.990321 0.138795
    outer loop
      vertex -1624.5 -2000.52 3795.65
      vertex -1634 -2000.15 3798.26
      vertex -1634 -2001.26 3790.34
    endloop
  endfacet
  facet normal -0.000140177 -0.990321 0.138795
    outer loop
      vertex -1624.5 -2000.52 3795.65
      vertex -1624.5 -2001.63 3787.73
      vertex -1605.5 -2002.29 3783.04
    endloop
  endfacet
  facet normal -0.000604143 -0.990321 0.138795
    outer loop
      vertex -1586.5 -2003.4 3775.12
      vertex -1586.5 -2002.29 3783.04
      vertex -1596 -2002.65 3780.43
    endloop
  endfacet
  facet normal -0.000140177 -0.990321 0.138795
    outer loop
      vertex -693.5 -2002.29 3783.04
      vertex -712.5 -2001.63 3787.73
      vertex -693.5 -2003.4 3775.12
    endloop
  endfacet
  facet normal -0.0004383 -0.990321 0.138795
    outer loop
      vertex -1558 -2001.26 3790.34
      vertex -1548.5 -2000.52 3795.65
      vertex -1558 -2000.15 3798.26
    endloop
  endfacet
  facet normal 0.0004383 -0.990321 0.138795
    outer loop
      vertex -1558 -2001.26 3790.34
      vertex -1558 -2000.15 3798.26
      vertex -1567.5 -2000.52 3795.65
    endloop
  endfacet
  facet normal -0.0004383 -0.990321 0.138795
    outer loop
      vertex -1548.5 -2001.63 3787.73
      vertex -1548.5 -2000.52 3795.65
      vertex -1558 -2001.26 3790.34
    endloop
  endfacet
  facet normal -0.000140177 -0.990321 0.138795
    outer loop
      vertex -1529.5 -2002.29 3783.04
      vertex -1548.5 -2000.52 3795.65
      vertex -1548.5 -2001.63 3787.73
    endloop
  endfacet
  facet normal -0.000140177 -0.990321 0.138795
    outer loop
      vertex -1453.5 -2003.4 3775.12
      vertex -1453.5 -2002.29 3783.04
      vertex -1472.5 -2001.63 3787.73
    endloop
  endfacet
  facet normal -0.0004383 -0.990321 0.138795
    outer loop
      vertex -1482 -2001.26 3790.34
      vertex -1472.5 -2001.63 3787.73
      vertex -1472.5 -2000.52 3795.65
    endloop
  endfacet
  facet normal -0.000140177 -0.990321 0.138795
    outer loop
      vertex -617.5 -2002.29 3783.04
      vertex -636.5 -2001.63 3787.73
      vertex -617.5 -2003.4 3775.12
    endloop
  endfacet
  facet normal -0.000604143 -0.990321 0.138795
    outer loop
      vertex -1520 -2002.65 3780.43
      vertex -1510.5 -2003.4 3775.12
      vertex -1510.5 -2002.29 3783.04
    endloop
  endfacet
  facet normal 0.0004383 -0.990321 0.138795
    outer loop
      vertex -1482 -2001.26 3790.34
      vertex -1482 -2000.15 3798.26
      vertex -1491.5 -2000.52 3795.65
    endloop
  endfacet
  facet normal -0.0004383 -0.990321 0.138795
    outer loop
      vertex -1482 -2000.15 3798.26
      vertex -1482 -2001.26 3790.34
      vertex -1472.5 -2000.52 3795.65
    endloop
  endfacet
  facet normal -0.000140177 -0.990321 0.138795
    outer loop
      vertex -1472.5 -2001.63 3787.73
      vertex -1453.5 -2002.29 3783.04
      vertex -1472.5 -2000.52 3795.65
    endloop
  endfacet
  facet normal -0.000140177 -0.990321 0.138795
    outer loop
      vertex -1396.5 -2001.63 3787.73
      vertex -1377.5 -2003.4 3775.12
      vertex -1377.5 -2002.29 3783.04
    endloop
  endfacet
  facet normal 0.000604143 -0.990321 0.138795
    outer loop
      vertex -617.5 -2002.29 3783.04
      vertex -617.5 -2003.4 3775.12
      vertex -608 -2002.65 3780.43
    endloop
  endfacet
  facet normal -0.000604143 -0.990321 0.138795
    outer loop
      vertex -1434.5 -2002.29 3783.04
      vertex -1444 -2002.65 3780.43
      vertex -1434.5 -2003.4 3775.12
    endloop
  endfacet
  facet normal 0.0004383 -0.990321 0.138795
    outer loop
      vertex -1406 -2001.26 3790.34
      vertex -1406 -2000.15 3798.26
      vertex -1415.5 -2000.52 3795.65
    endloop
  endfacet
  facet normal -0.0004383 -0.990321 0.138795
    outer loop
      vertex -1396.5 -2000.52 3795.65
      vertex -1406 -2001.26 3790.34
      vertex -1396.5 -2001.63 3787.73
    endloop
  endfacet
  facet normal -0.0004383 -0.990321 0.138795
    outer loop
      vertex -1396.5 -2000.52 3795.65
      vertex -1406 -2000.15 3798.26
      vertex -1406 -2001.26 3790.34
    endloop
  endfacet
  facet normal -0.000140177 -0.990321 0.138795
    outer loop
      vertex -1396.5 -2000.52 3795.65
      vertex -1396.5 -2001.63 3787.73
      vertex -1377.5 -2002.29 3783.04
    endloop
  endfacet
  facet normal -0.000604143 -0.990321 0.138795
    outer loop
      vertex -1358.5 -2003.4 3775.12
      vertex -1358.5 -2002.29 3783.04
      vertex -1368 -2002.65 3780.43
    endloop
  endfacet
  facet normal 0.000604143 -0.990321 0.138795
    outer loop
      vertex -541.5 -2002.29 3783.04
      vertex -541.5 -2003.4 3775.12
      vertex -532 -2002.65 3780.43
    endloop
  endfacet
  facet normal -0.0004383 -0.990321 0.138795
    outer loop
      vertex -1330 -2001.26 3790.34
      vertex -1320.5 -2000.52 3795.65
      vertex -1330 -2000.15 3798.26
    endloop
  endfacet
  facet normal 0.0004383 -0.990321 0.138795
    outer loop
      vertex -1330 -2001.26 3790.34
      vertex -1330 -2000.15 3798.26
      vertex -1339.5 -2000.52 3795.65
    endloop
  endfacet
  facet normal -0.0004383 -0.990321 0.138795
    outer loop
      vertex -1320.5 -2001.63 3787.73
      vertex -1320.5 -2000.52 3795.65
      vertex -1330 -2001.26 3790.34
    endloop
  endfacet
  facet normal -0.000140177 -0.990321 0.138795
    outer loop
      vertex -1301.5 -2002.29 3783.04
      vertex -1320.5 -2000.52 3795.65
      vertex -1320.5 -2001.63 3787.73
    endloop
  endfacet
  facet normal -0.000140177 -0.990321 0.138795
    outer loop
      vertex -1225.5 -2003.4 3775.12
      vertex -1225.5 -2002.29 3783.04
      vertex -1244.5 -2001.63 3787.73
    endloop
  endfacet
  facet normal -0.0004383 -0.990321 0.138795
    outer loop
      vertex -1254 -2001.26 3790.34
      vertex -1244.5 -2001.63 3787.73
      vertex -1244.5 -2000.52 3795.65
    endloop
  endfacet
  facet normal -0.000604143 -0.990321 0.138795
    outer loop
      vertex -1292 -2002.65 3780.43
      vertex -1282.5 -2003.4 3775.12
      vertex -1282.5 -2002.29 3783.04
    endloop
  endfacet
  facet normal 0.0004383 -0.990321 0.138795
    outer loop
      vertex -1254 -2001.26 3790.34
      vertex -1254 -2000.15 3798.26
      vertex -1263.5 -2000.52 3795.65
    endloop
  endfacet
  facet normal -0.0004383 -0.990321 0.138795
    outer loop
      vertex -1254 -2000.15 3798.26
      vertex -1254 -2001.26 3790.34
      vertex -1244.5 -2000.52 3795.65
    endloop
  endfacet
  facet normal -0.000140177 -0.990321 0.138795
    outer loop
      vertex -1244.5 -2001.63 3787.73
      vertex -1225.5 -2002.29 3783.04
      vertex -1244.5 -2000.52 3795.65
    endloop
  endfacet
  facet normal -0.000140177 -0.990321 0.138795
    outer loop
      vertex -1168.5 -2001.63 3787.73
      vertex -1149.5 -2003.4 3775.12
      vertex -1149.5 -2002.29 3783.04
    endloop
  endfacet
  facet normal -0.000604143 -0.990321 0.138795
    outer loop
      vertex -1206.5 -2002.29 3783.04
      vertex -1216 -2002.65 3780.43
      vertex -1206.5 -2003.4 3775.12
    endloop
  endfacet
  facet normal 0.0004383 -0.990321 0.138795
    outer loop
      vertex -1178 -2001.26 3790.34
      vertex -1178 -2000.15 3798.26
      vertex -1187.5 -2000.52 3795.65
    endloop
  endfacet
  facet normal -0.0004383 -0.990321 0.138795
    outer loop
      vertex -1168.5 -2000.52 3795.65
      vertex -1178 -2001.26 3790.34
      vertex -1168.5 -2001.63 3787.73
    endloop
  endfacet
  facet normal -0.0004383 -0.990321 0.138795
    outer loop
      vertex -1168.5 -2000.52 3795.65
      vertex -1178 -2000.15 3798.26
      vertex -1178 -2001.26 3790.34
    endloop
  endfacet
  facet normal -0.000140177 -0.990321 0.138795
    outer loop
      vertex -1168.5 -2000.52 3795.65
      vertex -1168.5 -2001.63 3787.73
      vertex -1149.5 -2002.29 3783.04
    endloop
  endfacet
  facet normal -0.000604143 -0.990321 0.138795
    outer loop
      vertex -1130.5 -2003.4 3775.12
      vertex -1130.5 -2002.29 3783.04
      vertex -1140 -2002.65 3780.43
    endloop
  endfacet
  facet normal 0.000604143 -0.990321 0.138795
    outer loop
      vertex -389.5 -2003.4 3775.12
      vertex -380 -2002.65 3780.43
      vertex -389.5 -2002.29 3783.04
    endloop
  endfacet
  facet normal -0.0004383 -0.990321 0.138795
    outer loop
      vertex -1102 -2001.26 3790.34
      vertex -1092.5 -2000.52 3795.65
      vertex -1102 -2000.15 3798.26
    endloop
  endfacet
  facet normal 0.0004383 -0.990321 0.138795
    outer loop
      vertex -1102 -2001.26 3790.34
      vertex -1102 -2000.15 3798.26
      vertex -1111.5 -2000.52 3795.65
    endloop
  endfacet
  facet normal -0.0004383 -0.990321 0.138795
    outer loop
      vertex -1092.5 -2001.63 3787.73
      vertex -1092.5 -2000.52 3795.65
      vertex -1102 -2001.26 3790.34
    endloop
  endfacet
  facet normal -0.000140177 -0.990321 0.138795
    outer loop
      vertex -1073.5 -2002.29 3783.04
      vertex -1092.5 -2000.52 3795.65
      vertex -1092.5 -2001.63 3787.73
    endloop
  endfacet
  facet normal -0.000140177 -0.990321 0.138795
    outer loop
      vertex -997.5 -2003.4 3775.12
      vertex -997.5 -2002.29 3783.04
      vertex -1016.5 -2001.63 3787.73
    endloop
  endfacet
  facet normal -0.0004383 -0.990321 0.138795
    outer loop
      vertex -1026 -2001.26 3790.34
      vertex -1016.5 -2001.63 3787.73
      vertex -1016.5 -2000.52 3795.65
    endloop
  endfacet
  facet normal 0.000604143 -0.990321 0.138795
    outer loop
      vertex -313.5 -2003.4 3775.12
      vertex -304 -2002.65 3780.43
      vertex -313.5 -2002.29 3783.04
    endloop
  endfacet
  facet normal -0.000604143 -0.990321 0.138795
    outer loop
      vertex -1064 -2002.65 3780.43
      vertex -1054.5 -2003.4 3775.12
      vertex -1054.5 -2002.29 3783.04
    endloop
  endfacet
  facet normal 0.0004383 -0.990321 0.138795
    outer loop
      vertex -1026 -2001.26 3790.34
      vertex -1026 -2000.15 3798.26
      vertex -1035.5 -2000.52 3795.65
    endloop
  endfacet
  facet normal -0.0004383 -0.990321 0.138795
    outer loop
      vertex -1026 -2000.15 3798.26
      vertex -1026 -2001.26 3790.34
      vertex -1016.5 -2000.52 3795.65
    endloop
  endfacet
  facet normal -0.000140177 -0.990321 0.138795
    outer loop
      vertex -1016.5 -2001.63 3787.73
      vertex -997.5 -2002.29 3783.04
      vertex -1016.5 -2000.52 3795.65
    endloop
  endfacet
  facet normal -0.000140177 -0.990321 0.138795
    outer loop
      vertex -921.5 -2003.4 3775.12
      vertex -921.5 -2002.29 3783.04
      vertex -940.5 -2001.63 3787.73
    endloop
  endfacet
  facet normal -0.0004383 -0.990321 0.138795
    outer loop
      vertex -950 -2001.26 3790.34
      vertex -940.5 -2001.63 3787.73
      vertex -940.5 -2000.52 3795.65
    endloop
  endfacet
  facet normal -0.000604143 -0.990321 0.138795
    outer loop
      vertex -988 -2002.65 3780.43
      vertex -978.5 -2003.4 3775.12
      vertex -978.5 -2002.29 3783.04
    endloop
  endfacet
  facet normal 0.0004383 -0.990321 0.138795
    outer loop
      vertex -950 -2001.26 3790.34
      vertex -950 -2000.15 3798.26
      vertex -959.5 -2000.52 3795.65
    endloop
  endfacet
  facet normal -0.0004383 -0.990321 0.138795
    outer loop
      vertex -950 -2000.15 3798.26
      vertex -950 -2001.26 3790.34
      vertex -940.5 -2000.52 3795.65
    endloop
  endfacet
  facet normal -0.000140177 -0.990321 0.138795
    outer loop
      vertex -940.5 -2001.63 3787.73
      vertex -921.5 -2002.29 3783.04
      vertex -940.5 -2000.52 3795.65
    endloop
  endfacet
  facet normal -0.000140177 -0.990321 0.138795
    outer loop
      vertex -845.5 -2003.4 3775.12
      vertex -845.5 -2002.29 3783.04
      vertex -864.5 -2001.63 3787.73
    endloop
  endfacet
  facet normal -0.0004383 -0.990321 0.138795
    outer loop
      vertex -874 -2001.26 3790.34
      vertex -864.5 -2001.63 3787.73
      vertex -864.5 -2000.52 3795.65
    endloop
  endfacet
  facet normal -0.000604143 -0.990321 0.138795
    outer loop
      vertex -912 -2002.65 3780.43
      vertex -902.5 -2003.4 3775.12
      vertex -902.5 -2002.29 3783.04
    endloop
  endfacet
  facet normal 0.0004383 -0.990321 0.138795
    outer loop
      vertex -874 -2001.26 3790.34
      vertex -874 -2000.15 3798.26
      vertex -883.5 -2000.52 3795.65
    endloop
  endfacet
  facet normal -0.0004383 -0.990321 0.138795
    outer loop
      vertex -874 -2000.15 3798.26
      vertex -874 -2001.26 3790.34
      vertex -864.5 -2000.52 3795.65
    endloop
  endfacet
  facet normal -0.000140177 -0.990321 0.138795
    outer loop
      vertex -864.5 -2001.63 3787.73
      vertex -845.5 -2002.29 3783.04
      vertex -864.5 -2000.52 3795.65
    endloop
  endfacet
  facet normal -0.000140177 -0.990321 0.138795
    outer loop
      vertex -769.5 -2003.4 3775.12
      vertex -769.5 -2002.29 3783.04
      vertex -788.5 -2001.63 3787.73
    endloop
  endfacet
  facet normal -0.0004383 -0.990321 0.138795
    outer loop
      vertex -798 -2001.26 3790.34
      vertex -788.5 -2001.63 3787.73
      vertex -788.5 -2000.52 3795.65
    endloop
  endfacet
  facet normal 0.000604143 -0.990321 0.138795
    outer loop
      vertex -152 -2002.65 3780.43
      vertex -161.5 -2002.29 3783.04
      vertex -161.5 -2003.4 3775.12
    endloop
  endfacet
  facet normal -0.000604143 -0.990321 0.138795
    outer loop
      vertex -836 -2002.65 3780.43
      vertex -826.5 -2003.4 3775.12
      vertex -826.5 -2002.29 3783.04
    endloop
  endfacet
  facet normal 0.0004383 -0.990321 0.138795
    outer loop
      vertex -798 -2001.26 3790.34
      vertex -798 -2000.15 3798.26
      vertex -807.5 -2000.52 3795.65
    endloop
  endfacet
  facet normal -0.0004383 -0.990321 0.138795
    outer loop
      vertex -798 -2000.15 3798.26
      vertex -798 -2001.26 3790.34
      vertex -788.5 -2000.52 3795.65
    endloop
  endfacet
  facet normal -0.000140177 -0.990321 0.138795
    outer loop
      vertex -788.5 -2001.63 3787.73
      vertex -769.5 -2002.29 3783.04
      vertex -788.5 -2000.52 3795.65
    endloop
  endfacet
  facet normal -0.000604143 -0.990321 0.138795
    outer loop
      vertex -750.5 -2003.4 3775.12
      vertex -750.5 -2002.29 3783.04
      vertex -760 -2002.65 3780.43
    endloop
  endfacet
  facet normal 0.000604143 -0.990321 0.138795
    outer loop
      vertex -76 -2002.65 3780.43
      vertex -85.5 -2002.29 3783.04
      vertex -85.5 -2003.4 3775.12
    endloop
  endfacet
  facet normal -0.0004383 -0.990321 0.138795
    outer loop
      vertex -722 -2001.26 3790.34
      vertex -712.5 -2000.52 3795.65
      vertex -722 -2000.15 3798.26
    endloop
  endfacet
  facet normal 0.0004383 -0.990321 0.138795
    outer loop
      vertex -722 -2001.26 3790.34
      vertex -722 -2000.15 3798.26
      vertex -731.5 -2000.52 3795.65
    endloop
  endfacet
  facet normal -0.0004383 -0.990321 0.138795
    outer loop
      vertex -712.5 -2001.63 3787.73
      vertex -712.5 -2000.52 3795.65
      vertex -722 -2001.26 3790.34
    endloop
  endfacet
  facet normal -0.000140177 -0.990321 0.138795
    outer loop
      vertex -693.5 -2002.29 3783.04
      vertex -712.5 -2000.52 3795.65
      vertex -712.5 -2001.63 3787.73
    endloop
  endfacet
  facet normal -0.000604143 -0.990321 0.138795
    outer loop
      vertex -674.5 -2003.4 3775.12
      vertex -674.5 -2002.29 3783.04
      vertex -684 -2002.65 3780.43
    endloop
  endfacet
  facet normal -0.000140177 -0.990321 0.138795
    outer loop
      vertex -9.5 -2002.29 3783.04
      vertex -28.5 -2001.63 3787.73
      vertex -9.5 -2003.4 3775.12
    endloop
  endfacet
  facet normal -0.0004383 -0.990321 0.138795
    outer loop
      vertex -646 -2001.26 3790.34
      vertex -636.5 -2000.52 3795.65
      vertex -646 -2000.15 3798.26
    endloop
  endfacet
  facet normal 0.0004383 -0.990321 0.138795
    outer loop
      vertex -646 -2001.26 3790.34
      vertex -646 -2000.15 3798.26
      vertex -655.5 -2000.52 3795.65
    endloop
  endfacet
  facet normal -0.0004383 -0.990321 0.138795
    outer loop
      vertex -636.5 -2001.63 3787.73
      vertex -636.5 -2000.52 3795.65
      vertex -646 -2001.26 3790.34
    endloop
  endfacet
  facet normal -0.000140177 -0.990321 0.138795
    outer loop
      vertex -617.5 -2002.29 3783.04
      vertex -636.5 -2000.52 3795.65
      vertex -636.5 -2001.63 3787.73
    endloop
  endfacet
  facet normal -0.000604143 -0.990321 0.138795
    outer loop
      vertex -598.5 -2003.4 3775.12
      vertex -598.5 -2002.29 3783.04
      vertex -608 -2002.65 3780.43
    endloop
  endfacet
  facet normal -0.000140177 -0.990321 0.138795
    outer loop
      vertex 66.5 -2002.29 3783.04
      vertex 47.5 -2001.63 3787.73
      vertex 66.5 -2003.4 3775.12
    endloop
  endfacet
  facet normal -0.0004383 -0.990321 0.138795
    outer loop
      vertex -570 -2001.26 3790.34
      vertex -560.5 -2000.52 3795.65
      vertex -570 -2000.15 3798.26
    endloop
  endfacet
  facet normal 0.0004383 -0.990321 0.138795
    outer loop
      vertex -570 -2001.26 3790.34
      vertex -570 -2000.15 3798.26
      vertex -579.5 -2000.52 3795.65
    endloop
  endfacet
  facet normal -0.0004383 -0.990321 0.138795
    outer loop
      vertex -560.5 -2001.63 3787.73
      vertex -560.5 -2000.52 3795.65
      vertex -570 -2001.26 3790.34
    endloop
  endfacet
  facet normal -0.000140177 -0.990321 0.138795
    outer loop
      vertex -541.5 -2002.29 3783.04
      vertex -560.5 -2000.52 3795.65
      vertex -560.5 -2001.63 3787.73
    endloop
  endfacet
  facet normal -0.000140177 -0.990321 0.138795
    outer loop
      vertex -484.5 -2001.63 3787.73
      vertex -465.5 -2003.4 3775.12
      vertex -465.5 -2002.29 3783.04
    endloop
  endfacet
  facet normal 0.000604143 -0.990321 0.138795
    outer loop
      vertex 66.5 -2002.29 3783.04
      vertex 66.5 -2003.4 3775.12
      vertex 76 -2002.65 3780.43
    endloop
  endfacet
  facet normal -0.000604143 -0.990321 0.138795
    outer loop
      vertex -522.5 -2002.29 3783.04
      vertex -532 -2002.65 3780.43
      vertex -522.5 -2003.4 3775.12
    endloop
  endfacet
  facet normal 0.0004383 -0.990321 0.138795
    outer loop
      vertex -494 -2001.26 3790.34
      vertex -494 -2000.15 3798.26
      vertex -503.5 -2000.52 3795.65
    endloop
  endfacet
  facet normal -0.0004383 -0.990321 0.138795
    outer loop
      vertex -484.5 -2000.52 3795.65
      vertex -494 -2001.26 3790.34
      vertex -484.5 -2001.63 3787.73
    endloop
  endfacet
  facet normal -0.0004383 -0.990321 0.138795
    outer loop
      vertex -484.5 -2000.52 3795.65
      vertex -494 -2000.15 3798.26
      vertex -494 -2001.26 3790.34
    endloop
  endfacet
  facet normal -0.000140177 -0.990321 0.138795
    outer loop
      vertex -484.5 -2000.52 3795.65
      vertex -484.5 -2001.63 3787.73
      vertex -465.5 -2002.29 3783.04
    endloop
  endfacet
  facet normal -0.000140177 -0.990321 0.138795
    outer loop
      vertex -408.5 -2001.63 3787.73
      vertex -389.5 -2003.4 3775.12
      vertex -389.5 -2002.29 3783.04
    endloop
  endfacet
  facet normal 0.000604143 -0.990321 0.138795
    outer loop
      vertex 142.5 -2002.29 3783.04
      vertex 142.5 -2003.4 3775.12
      vertex 152 -2002.65 3780.43
    endloop
  endfacet
  facet normal -0.000604143 -0.990321 0.138795
    outer loop
      vertex -446.5 -2002.29 3783.04
      vertex -456 -2002.65 3780.43
      vertex -446.5 -2003.4 3775.12
    endloop
  endfacet
  facet normal 0.0004383 -0.990321 0.138795
    outer loop
      vertex -418 -2001.26 3790.34
      vertex -418 -2000.15 3798.26
      vertex -427.5 -2000.52 3795.65
    endloop
  endfacet
  facet normal -0.0004383 -0.990321 0.138795
    outer loop
      vertex -408.5 -2000.52 3795.65
      vertex -418 -2001.26 3790.34
      vertex -408.5 -2001.63 3787.73
    endloop
  endfacet
  facet normal -0.0004383 -0.990321 0.138795
    outer loop
      vertex -408.5 -2000.52 3795.65
      vertex -418 -2000.15 3798.26
      vertex -418 -2001.26 3790.34
    endloop
  endfacet
  facet normal -0.000140177 -0.990321 0.138795
    outer loop
      vertex -408.5 -2000.52 3795.65
      vertex -408.5 -2001.63 3787.73
      vertex -389.5 -2002.29 3783.04
    endloop
  endfacet
  facet normal -0.000140177 -0.990321 0.138795
    outer loop
      vertex -332.5 -2001.63 3787.73
      vertex -313.5 -2003.4 3775.12
      vertex -313.5 -2002.29 3783.04
    endloop
  endfacet
  facet normal -0.000604143 -0.990321 0.138795
    outer loop
      vertex -370.5 -2002.29 3783.04
      vertex -380 -2002.65 3780.43
      vertex -370.5 -2003.4 3775.12
    endloop
  endfacet
  facet normal 0.0004383 -0.990321 0.138795
    outer loop
      vertex -342 -2001.26 3790.34
      vertex -342 -2000.15 3798.26
      vertex -351.5 -2000.52 3795.65
    endloop
  endfacet
  facet normal -0.0004383 -0.990321 0.138795
    outer loop
      vertex -332.5 -2000.52 3795.65
      vertex -342 -2001.26 3790.34
      vertex -332.5 -2001.63 3787.73
    endloop
  endfacet
  facet normal -0.0004383 -0.990321 0.138795
    outer loop
      vertex -332.5 -2000.52 3795.65
      vertex -342 -2000.15 3798.26
      vertex -342 -2001.26 3790.34
    endloop
  endfacet
  facet normal -0.000140177 -0.990321 0.138795
    outer loop
      vertex -332.5 -2000.52 3795.65
      vertex -332.5 -2001.63 3787.73
      vertex -313.5 -2002.29 3783.04
    endloop
  endfacet
  facet normal -0.000140177 -0.990321 0.138795
    outer loop
      vertex -237.5 -2003.4 3775.12
      vertex -237.5 -2002.29 3783.04
      vertex -256.5 -2001.63 3787.73
    endloop
  endfacet
  facet normal -0.0004383 -0.990321 0.138795
    outer loop
      vertex -266 -2001.26 3790.34
      vertex -256.5 -2001.63 3787.73
      vertex -256.5 -2000.52 3795.65
    endloop
  endfacet
  facet normal -0.000604143 -0.990321 0.138795
    outer loop
      vertex -304 -2002.65 3780.43
      vertex -294.5 -2003.4 3775.12
      vertex -294.5 -2002.29 3783.04
    endloop
  endfacet
  facet normal 0.0004383 -0.990321 0.138795
    outer loop
      vertex -266 -2001.26 3790.34
      vertex -266 -2000.15 3798.26
      vertex -275.5 -2000.52 3795.65
    endloop
  endfacet
  facet normal -0.0004383 -0.990321 0.138795
    outer loop
      vertex -266 -2000.15 3798.26
      vertex -266 -2001.26 3790.34
      vertex -256.5 -2000.52 3795.65
    endloop
  endfacet
  facet normal -0.000140177 -0.990321 0.138795
    outer loop
      vertex -256.5 -2001.63 3787.73
      vertex -237.5 -2002.29 3783.04
      vertex -256.5 -2000.52 3795.65
    endloop
  endfacet
  facet normal -0.000140177 -0.990321 0.138795
    outer loop
      vertex -161.5 -2003.4 3775.12
      vertex -161.5 -2002.29 3783.04
      vertex -180.5 -2001.63 3787.73
    endloop
  endfacet
  facet normal -0.0004383 -0.990321 0.138795
    outer loop
      vertex -190 -2001.26 3790.34
      vertex -180.5 -2001.63 3787.73
      vertex -180.5 -2000.52 3795.65
    endloop
  endfacet
  facet normal 0.000604143 -0.990321 0.138795
    outer loop
      vertex 294.5 -2003.4 3775.12
      vertex 304 -2002.65 3780.43
      vertex 294.5 -2002.29 3783.04
    endloop
  endfacet
  facet normal -0.000604143 -0.990321 0.138795
    outer loop
      vertex -228 -2002.65 3780.43
      vertex -218.5 -2003.4 3775.12
      vertex -218.5 -2002.29 3783.04
    endloop
  endfacet
  facet normal 0.0004383 -0.990321 0.138795
    outer loop
      vertex -190 -2001.26 3790.34
      vertex -190 -2000.15 3798.26
      vertex -199.5 -2000.52 3795.65
    endloop
  endfacet
  facet normal -0.0004383 -0.990321 0.138795
    outer loop
      vertex -190 -2000.15 3798.26
      vertex -190 -2001.26 3790.34
      vertex -180.5 -2000.52 3795.65
    endloop
  endfacet
  facet normal -0.000140177 -0.990321 0.138795
    outer loop
      vertex -180.5 -2001.63 3787.73
      vertex -161.5 -2002.29 3783.04
      vertex -180.5 -2000.52 3795.65
    endloop
  endfacet
  facet normal -0.000140177 -0.990321 0.138795
    outer loop
      vertex -85.5 -2003.4 3775.12
      vertex -85.5 -2002.29 3783.04
      vertex -104.5 -2001.63 3787.73
    endloop
  endfacet
  facet normal -0.0004383 -0.990321 0.138795
    outer loop
      vertex -114 -2001.26 3790.34
      vertex -104.5 -2001.63 3787.73
      vertex -104.5 -2000.52 3795.65
    endloop
  endfacet
  facet normal 0.000604143 -0.990321 0.138795
    outer loop
      vertex 370.5 -2003.4 3775.12
      vertex 380 -2002.65 3780.43
      vertex 370.5 -2002.29 3783.04
    endloop
  endfacet
  facet normal -0.000604143 -0.990321 0.138795
    outer loop
      vertex -152 -2002.65 3780.43
      vertex -142.5 -2003.4 3775.12
      vertex -142.5 -2002.29 3783.04
    endloop
  endfacet
  facet normal 0.0004383 -0.990321 0.138795
    outer loop
      vertex -114 -2001.26 3790.34
      vertex -114 -2000.15 3798.26
      vertex -123.5 -2000.52 3795.65
    endloop
  endfacet
  facet normal -0.0004383 -0.990321 0.138795
    outer loop
      vertex -114 -2000.15 3798.26
      vertex -114 -2001.26 3790.34
      vertex -104.5 -2000.52 3795.65
    endloop
  endfacet
  facet normal -0.000140177 -0.990321 0.138795
    outer loop
      vertex -104.5 -2001.63 3787.73
      vertex -85.5 -2002.29 3783.04
      vertex -104.5 -2000.52 3795.65
    endloop
  endfacet
  facet normal -0.000604143 -0.990321 0.138795
    outer loop
      vertex -66.5 -2003.4 3775.12
      vertex -66.5 -2002.29 3783.04
      vertex -76 -2002.65 3780.43
    endloop
  endfacet
  facet normal -0.0004383 -0.990321 0.138795
    outer loop
      vertex -38 -2001.26 3790.34
      vertex -28.5 -2000.52 3795.65
      vertex -38 -2000.15 3798.26
    endloop
  endfacet
  facet normal 0.0004383 -0.990321 0.138795
    outer loop
      vertex -38 -2001.26 3790.34
      vertex -38 -2000.15 3798.26
      vertex -47.5 -2000.52 3795.65
    endloop
  endfacet
  facet normal -0.0004383 -0.990321 0.138795
    outer loop
      vertex -28.5 -2001.63 3787.73
      vertex -28.5 -2000.52 3795.65
      vertex -38 -2001.26 3790.34
    endloop
  endfacet
  facet normal -0.000140177 -0.990321 0.138795
    outer loop
      vertex -9.5 -2002.29 3783.04
      vertex -28.5 -2000.52 3795.65
      vertex -28.5 -2001.63 3787.73
    endloop
  endfacet
  facet normal -0.000604143 -0.990321 0.138795
    outer loop
      vertex 9.5 -2003.4 3775.12
      vertex 9.5 -2002.29 3783.04
      vertex 0 -2002.65 3780.43
    endloop
  endfacet
  facet normal -0.0004383 -0.990321 0.138795
    outer loop
      vertex 38 -2001.26 3790.34
      vertex 47.5 -2000.52 3795.65
      vertex 38 -2000.15 3798.26
    endloop
  endfacet
  facet normal 0.0004383 -0.990321 0.138795
    outer loop
      vertex 38 -2001.26 3790.34
      vertex 38 -2000.15 3798.26
      vertex 28.5 -2000.52 3795.65
    endloop
  endfacet
  facet normal -0.0004383 -0.990321 0.138795
    outer loop
      vertex 47.5 -2001.63 3787.73
      vertex 47.5 -2000.52 3795.65
      vertex 38 -2001.26 3790.34
    endloop
  endfacet
  facet normal -0.000140177 -0.990321 0.138795
    outer loop
      vertex 66.5 -2002.29 3783.04
      vertex 47.5 -2000.52 3795.65
      vertex 47.5 -2001.63 3787.73
    endloop
  endfacet
  facet normal -0.000604143 -0.990321 0.138795
    outer loop
      vertex 85.5 -2003.4 3775.12
      vertex 85.5 -2002.29 3783.04
      vertex 76 -2002.65 3780.43
    endloop
  endfacet
  facet normal 0.000604143 -0.990321 0.138795
    outer loop
      vertex 532 -2002.65 3780.43
      vertex 522.5 -2002.29 3783.04
      vertex 522.5 -2003.4 3775.12
    endloop
  endfacet
  facet normal -0.0004383 -0.990321 0.138795
    outer loop
      vertex 114 -2001.26 3790.34
      vertex 123.5 -2000.52 3795.65
      vertex 114 -2000.15 3798.26
    endloop
  endfacet
  facet normal 0.0004383 -0.990321 0.138795
    outer loop
      vertex 114 -2001.26 3790.34
      vertex 114 -2000.15 3798.26
      vertex 104.5 -2000.52 3795.65
    endloop
  endfacet
  facet normal -0.0004383 -0.990321 0.138795
    outer loop
      vertex 123.5 -2001.63 3787.73
      vertex 123.5 -2000.52 3795.65
      vertex 114 -2001.26 3790.34
    endloop
  endfacet
  facet normal -0.000140177 -0.990321 0.138795
    outer loop
      vertex 142.5 -2002.29 3783.04
      vertex 123.5 -2000.52 3795.65
      vertex 123.5 -2001.63 3787.73
    endloop
  endfacet
  facet normal -0.000140177 -0.990321 0.138795
    outer loop
      vertex 199.5 -2001.63 3787.73
      vertex 218.5 -2003.4 3775.12
      vertex 218.5 -2002.29 3783.04
    endloop
  endfacet
  facet normal 0.000604143 -0.990321 0.138795
    outer loop
      vertex 608 -2002.65 3780.43
      vertex 598.5 -2002.29 3783.04
      vertex 598.5 -2003.4 3775.12
    endloop
  endfacet
  facet normal -0.000604143 -0.990321 0.138795
    outer loop
      vertex 161.5 -2002.29 3783.04
      vertex 152 -2002.65 3780.43
      vertex 161.5 -2003.4 3775.12
    endloop
  endfacet
  facet normal 0.0004383 -0.990321 0.138795
    outer loop
      vertex 190 -2001.26 3790.34
      vertex 190 -2000.15 3798.26
      vertex 180.5 -2000.52 3795.65
    endloop
  endfacet
  facet normal -0.0004383 -0.990321 0.138795
    outer loop
      vertex 199.5 -2000.52 3795.65
      vertex 190 -2001.26 3790.34
      vertex 199.5 -2001.63 3787.73
    endloop
  endfacet
  facet normal -0.0004383 -0.990321 0.138795
    outer loop
      vertex 199.5 -2000.52 3795.65
      vertex 190 -2000.15 3798.26
      vertex 190 -2001.26 3790.34
    endloop
  endfacet
  facet normal -0.000140177 -0.990321 0.138795
    outer loop
      vertex 199.5 -2000.52 3795.65
      vertex 199.5 -2001.63 3787.73
      vertex 218.5 -2002.29 3783.04
    endloop
  endfacet
  facet normal -0.000140177 -0.990321 0.138795
    outer loop
      vertex 275.5 -2001.63 3787.73
      vertex 294.5 -2003.4 3775.12
      vertex 294.5 -2002.29 3783.04
    endloop
  endfacet
  facet normal -0.000140177 -0.990321 0.138795
    outer loop
      vertex 674.5 -2002.29 3783.04
      vertex 655.5 -2001.63 3787.73
      vertex 674.5 -2003.4 3775.12
    endloop
  endfacet
  facet normal -0.000604143 -0.990321 0.138795
    outer loop
      vertex 237.5 -2002.29 3783.04
      vertex 228 -2002.65 3780.43
      vertex 237.5 -2003.4 3775.12
    endloop
  endfacet
  facet normal 0.0004383 -0.990321 0.138795
    outer loop
      vertex 266 -2001.26 3790.34
      vertex 266 -2000.15 3798.26
      vertex 256.5 -2000.52 3795.65
    endloop
  endfacet
  facet normal -0.0004383 -0.990321 0.138795
    outer loop
      vertex 275.5 -2000.52 3795.65
      vertex 266 -2001.26 3790.34
      vertex 275.5 -2001.63 3787.73
    endloop
  endfacet
  facet normal -0.0004383 -0.990321 0.138795
    outer loop
      vertex 275.5 -2000.52 3795.65
      vertex 266 -2000.15 3798.26
      vertex 266 -2001.26 3790.34
    endloop
  endfacet
  facet normal -0.000140177 -0.990321 0.138795
    outer loop
      vertex 275.5 -2000.52 3795.65
      vertex 275.5 -2001.63 3787.73
      vertex 294.5 -2002.29 3783.04
    endloop
  endfacet
  facet normal -0.000140177 -0.990321 0.138795
    outer loop
      vertex 351.5 -2001.63 3787.73
      vertex 370.5 -2003.4 3775.12
      vertex 370.5 -2002.29 3783.04
    endloop
  endfacet
  facet normal -0.000140177 -0.990321 0.138795
    outer loop
      vertex 750.5 -2002.29 3783.04
      vertex 731.5 -2001.63 3787.73
      vertex 750.5 -2003.4 3775.12
    endloop
  endfacet
  facet normal -0.000604143 -0.990321 0.138795
    outer loop
      vertex 313.5 -2002.29 3783.04
      vertex 304 -2002.65 3780.43
      vertex 313.5 -2003.4 3775.12
    endloop
  endfacet
  facet normal 0.0004383 -0.990321 0.138795
    outer loop
      vertex 342 -2001.26 3790.34
      vertex 342 -2000.15 3798.26
      vertex 332.5 -2000.52 3795.65
    endloop
  endfacet
  facet normal -0.0004383 -0.990321 0.138795
    outer loop
      vertex 351.5 -2000.52 3795.65
      vertex 342 -2001.26 3790.34
      vertex 351.5 -2001.63 3787.73
    endloop
  endfacet
  facet normal -0.0004383 -0.990321 0.138795
    outer loop
      vertex 351.5 -2000.52 3795.65
      vertex 342 -2000.15 3798.26
      vertex 342 -2001.26 3790.34
    endloop
  endfacet
  facet normal -0.000140177 -0.990321 0.138795
    outer loop
      vertex 351.5 -2000.52 3795.65
      vertex 351.5 -2001.63 3787.73
      vertex 370.5 -2002.29 3783.04
    endloop
  endfacet
  facet normal -0.000140177 -0.990321 0.138795
    outer loop
      vertex 446.5 -2003.4 3775.12
      vertex 446.5 -2002.29 3783.04
      vertex 427.5 -2001.63 3787.73
    endloop
  endfacet
  facet normal -0.0004383 -0.990321 0.138795
    outer loop
      vertex 418 -2001.26 3790.34
      vertex 427.5 -2001.63 3787.73
      vertex 427.5 -2000.52 3795.65
    endloop
  endfacet
  facet normal 0.000604143 -0.990321 0.138795
    outer loop
      vertex 750.5 -2002.29 3783.04
      vertex 750.5 -2003.4 3775.12
      vertex 760 -2002.65 3780.43
    endloop
  endfacet
  facet normal -0.000604143 -0.990321 0.138795
    outer loop
      vertex 380 -2002.65 3780.43
      vertex 389.5 -2003.4 3775.12
      vertex 389.5 -2002.29 3783.04
    endloop
  endfacet
  facet normal 0.0004383 -0.990321 0.138795
    outer loop
      vertex 418 -2001.26 3790.34
      vertex 418 -2000.15 3798.26
      vertex 408.5 -2000.52 3795.65
    endloop
  endfacet
  facet normal -0.0004383 -0.990321 0.138795
    outer loop
      vertex 418 -2000.15 3798.26
      vertex 418 -2001.26 3790.34
      vertex 427.5 -2000.52 3795.65
    endloop
  endfacet
  facet normal -0.000140177 -0.990321 0.138795
    outer loop
      vertex 427.5 -2001.63 3787.73
      vertex 446.5 -2002.29 3783.04
      vertex 427.5 -2000.52 3795.65
    endloop
  endfacet
  facet normal -0.000140177 -0.990321 0.138795
    outer loop
      vertex 522.5 -2003.4 3775.12
      vertex 522.5 -2002.29 3783.04
      vertex 503.5 -2001.63 3787.73
    endloop
  endfacet
  facet normal -0.0004383 -0.990321 0.138795
    outer loop
      vertex 494 -2001.26 3790.34
      vertex 503.5 -2001.63 3787.73
      vertex 503.5 -2000.52 3795.65
    endloop
  endfacet
  facet normal 0.000604143 -0.990321 0.138795
    outer loop
      vertex 826.5 -2002.29 3783.04
      vertex 826.5 -2003.4 3775.12
      vertex 836 -2002.65 3780.43
    endloop
  endfacet
  facet normal -0.000604143 -0.990321 0.138795
    outer loop
      vertex 456 -2002.65 3780.43
      vertex 465.5 -2003.4 3775.12
      vertex 465.5 -2002.29 3783.04
    endloop
  endfacet
  facet normal 0.0004383 -0.990321 0.138795
    outer loop
      vertex 494 -2001.26 3790.34
      vertex 494 -2000.15 3798.26
      vertex 484.5 -2000.52 3795.65
    endloop
  endfacet
  facet normal -0.0004383 -0.990321 0.138795
    outer loop
      vertex 494 -2000.15 3798.26
      vertex 494 -2001.26 3790.34
      vertex 503.5 -2000.52 3795.65
    endloop
  endfacet
  facet normal -0.000140177 -0.990321 0.138795
    outer loop
      vertex 503.5 -2001.63 3787.73
      vertex 522.5 -2002.29 3783.04
      vertex 503.5 -2000.52 3795.65
    endloop
  endfacet
  facet normal -0.000140177 -0.990321 0.138795
    outer loop
      vertex 598.5 -2003.4 3775.12
      vertex 598.5 -2002.29 3783.04
      vertex 579.5 -2001.63 3787.73
    endloop
  endfacet
  facet normal -0.0004383 -0.990321 0.138795
    outer loop
      vertex 570 -2001.26 3790.34
      vertex 579.5 -2001.63 3787.73
      vertex 579.5 -2000.52 3795.65
    endloop
  endfacet
  facet normal -0.000604143 -0.990321 0.138795
    outer loop
      vertex 532 -2002.65 3780.43
      vertex 541.5 -2003.4 3775.12
      vertex 541.5 -2002.29 3783.04
    endloop
  endfacet
  facet normal 0.0004383 -0.990321 0.138795
    outer loop
      vertex 570 -2001.26 3790.34
      vertex 570 -2000.15 3798.26
      vertex 560.5 -2000.52 3795.65
    endloop
  endfacet
  facet normal -0.0004383 -0.990321 0.138795
    outer loop
      vertex 570 -2000.15 3798.26
      vertex 570 -2001.26 3790.34
      vertex 579.5 -2000.52 3795.65
    endloop
  endfacet
  facet normal -0.000140177 -0.990321 0.138795
    outer loop
      vertex 579.5 -2001.63 3787.73
      vertex 598.5 -2002.29 3783.04
      vertex 579.5 -2000.52 3795.65
    endloop
  endfacet
  facet normal -0.000604143 -0.990321 0.138795
    outer loop
      vertex 617.5 -2003.4 3775.12
      vertex 617.5 -2002.29 3783.04
      vertex 608 -2002.65 3780.43
    endloop
  endfacet
  facet normal -0.0004383 -0.990321 0.138795
    outer loop
      vertex 646 -2001.26 3790.34
      vertex 655.5 -2000.52 3795.65
      vertex 646 -2000.15 3798.26
    endloop
  endfacet
  facet normal 0.0004383 -0.990321 0.138795
    outer loop
      vertex 646 -2001.26 3790.34
      vertex 646 -2000.15 3798.26
      vertex 636.5 -2000.52 3795.65
    endloop
  endfacet
  facet normal -0.0004383 -0.990321 0.138795
    outer loop
      vertex 655.5 -2001.63 3787.73
      vertex 655.5 -2000.52 3795.65
      vertex 646 -2001.26 3790.34
    endloop
  endfacet
  facet normal -0.000140177 -0.990321 0.138795
    outer loop
      vertex 674.5 -2002.29 3783.04
      vertex 655.5 -2000.52 3795.65
      vertex 655.5 -2001.63 3787.73
    endloop
  endfacet
  facet normal -0.000604143 -0.990321 0.138795
    outer loop
      vertex 693.5 -2003.4 3775.12
      vertex 693.5 -2002.29 3783.04
      vertex 684 -2002.65 3780.43
    endloop
  endfacet
  facet normal 0.000604143 -0.990321 0.138795
    outer loop
      vertex 978.5 -2003.4 3775.12
      vertex 988 -2002.65 3780.43
      vertex 978.5 -2002.29 3783.04
    endloop
  endfacet
  facet normal -0.0004383 -0.990321 0.138795
    outer loop
      vertex 722 -2001.26 3790.34
      vertex 731.5 -2000.52 3795.65
      vertex 722 -2000.15 3798.26
    endloop
  endfacet
  facet normal 0.0004383 -0.990321 0.138795
    outer loop
      vertex 722 -2001.26 3790.34
      vertex 722 -2000.15 3798.26
      vertex 712.5 -2000.52 3795.65
    endloop
  endfacet
  facet normal -0.0004383 -0.990321 0.138795
    outer loop
      vertex 731.5 -2001.63 3787.73
      vertex 731.5 -2000.52 3795.65
      vertex 722 -2001.26 3790.34
    endloop
  endfacet
  facet normal -0.000140177 -0.990321 0.138795
    outer loop
      vertex 750.5 -2002.29 3783.04
      vertex 731.5 -2000.52 3795.65
      vertex 731.5 -2001.63 3787.73
    endloop
  endfacet
  facet normal -0.000604143 -0.990321 0.138795
    outer loop
      vertex 769.5 -2003.4 3775.12
      vertex 769.5 -2002.29 3783.04
      vertex 760 -2002.65 3780.43
    endloop
  endfacet
  facet normal 0.000604143 -0.990321 0.138795
    outer loop
      vertex 1054.5 -2003.4 3775.12
      vertex 1064 -2002.65 3780.43
      vertex 1054.5 -2002.29 3783.04
    endloop
  endfacet
  facet normal -0.0004383 -0.990321 0.138795
    outer loop
      vertex 798 -2001.26 3790.34
      vertex 807.5 -2000.52 3795.65
      vertex 798 -2000.15 3798.26
    endloop
  endfacet
  facet normal 0.0004383 -0.990321 0.138795
    outer loop
      vertex 798 -2001.26 3790.34
      vertex 798 -2000.15 3798.26
      vertex 788.5 -2000.52 3795.65
    endloop
  endfacet
  facet normal -0.0004383 -0.990321 0.138795
    outer loop
      vertex 807.5 -2001.63 3787.73
      vertex 807.5 -2000.52 3795.65
      vertex 798 -2001.26 3790.34
    endloop
  endfacet
  facet normal -0.000140177 -0.990321 0.138795
    outer loop
      vertex 826.5 -2002.29 3783.04
      vertex 807.5 -2000.52 3795.65
      vertex 807.5 -2001.63 3787.73
    endloop
  endfacet
  facet normal -0.000140177 -0.990321 0.138795
    outer loop
      vertex 883.5 -2001.63 3787.73
      vertex 902.5 -2003.4 3775.12
      vertex 902.5 -2002.29 3783.04
    endloop
  endfacet
  facet normal -0.000604143 -0.990321 0.138795
    outer loop
      vertex 845.5 -2002.29 3783.04
      vertex 836 -2002.65 3780.43
      vertex 845.5 -2003.4 3775.12
    endloop
  endfacet
  facet normal 0.0004383 -0.990321 0.138795
    outer loop
      vertex 874 -2001.26 3790.34
      vertex 874 -2000.15 3798.26
      vertex 864.5 -2000.52 3795.65
    endloop
  endfacet
  facet normal -0.0004383 -0.990321 0.138795
    outer loop
      vertex 883.5 -2000.52 3795.65
      vertex 874 -2001.26 3790.34
      vertex 883.5 -2001.63 3787.73
    endloop
  endfacet
  facet normal -0.0004383 -0.990321 0.138795
    outer loop
      vertex 883.5 -2000.52 3795.65
      vertex 874 -2000.15 3798.26
      vertex 874 -2001.26 3790.34
    endloop
  endfacet
  facet normal -0.000140177 -0.990321 0.138795
    outer loop
      vertex 883.5 -2000.52 3795.65
      vertex 883.5 -2001.63 3787.73
      vertex 902.5 -2002.29 3783.04
    endloop
  endfacet
  facet normal -0.000140177 -0.990321 0.138795
    outer loop
      vertex 959.5 -2001.63 3787.73
      vertex 978.5 -2003.4 3775.12
      vertex 978.5 -2002.29 3783.04
    endloop
  endfacet
  facet normal -0.000604143 -0.990321 0.138795
    outer loop
      vertex 921.5 -2002.29 3783.04
      vertex 912 -2002.65 3780.43
      vertex 921.5 -2003.4 3775.12
    endloop
  endfacet
  facet normal 0.0004383 -0.990321 0.138795
    outer loop
      vertex 950 -2001.26 3790.34
      vertex 950 -2000.15 3798.26
      vertex 940.5 -2000.52 3795.65
    endloop
  endfacet
  facet normal -0.0004383 -0.990321 0.138795
    outer loop
      vertex 959.5 -2000.52 3795.65
      vertex 950 -2001.26 3790.34
      vertex 959.5 -2001.63 3787.73
    endloop
  endfacet
  facet normal -0.0004383 -0.990321 0.138795
    outer loop
      vertex 959.5 -2000.52 3795.65
      vertex 950 -2000.15 3798.26
      vertex 950 -2001.26 3790.34
    endloop
  endfacet
  facet normal -0.000140177 -0.990321 0.138795
    outer loop
      vertex 959.5 -2000.52 3795.65
      vertex 959.5 -2001.63 3787.73
      vertex 978.5 -2002.29 3783.04
    endloop
  endfacet
  facet normal -0.000140177 -0.990321 0.138795
    outer loop
      vertex 1035.5 -2001.63 3787.73
      vertex 1054.5 -2003.4 3775.12
      vertex 1054.5 -2002.29 3783.04
    endloop
  endfacet
  facet normal 0.000604143 -0.990321 0.138795
    outer loop
      vertex 1216 -2002.65 3780.43
      vertex 1206.5 -2002.29 3783.04
      vertex 1206.5 -2003.4 3775.12
    endloop
  endfacet
  facet normal -0.000604143 -0.990321 0.138795
    outer loop
      vertex 997.5 -2002.29 3783.04
      vertex 988 -2002.65 3780.43
      vertex 997.5 -2003.4 3775.12
    endloop
  endfacet
  facet normal 0.0004383 -0.990321 0.138795
    outer loop
      vertex 1026 -2001.26 3790.34
      vertex 1026 -2000.15 3798.26
      vertex 1016.5 -2000.52 3795.65
    endloop
  endfacet
  facet normal -0.0004383 -0.990321 0.138795
    outer loop
      vertex 1035.5 -2000.52 3795.65
      vertex 1026 -2001.26 3790.34
      vertex 1035.5 -2001.63 3787.73
    endloop
  endfacet
  facet normal -0.0004383 -0.990321 0.138795
    outer loop
      vertex 1035.5 -2000.52 3795.65
      vertex 1026 -2000.15 3798.26
      vertex 1026 -2001.26 3790.34
    endloop
  endfacet
  facet normal -0.000140177 -0.990321 0.138795
    outer loop
      vertex 1035.5 -2000.52 3795.65
      vertex 1035.5 -2001.63 3787.73
      vertex 1054.5 -2002.29 3783.04
    endloop
  endfacet
  facet normal -0.000140177 -0.990321 0.138795
    outer loop
      vertex 1130.5 -2003.4 3775.12
      vertex 1130.5 -2002.29 3783.04
      vertex 1111.5 -2001.63 3787.73
    endloop
  endfacet
  facet normal -0.0004383 -0.990321 0.138795
    outer loop
      vertex 1102 -2001.26 3790.34
      vertex 1111.5 -2001.63 3787.73
      vertex 1111.5 -2000.52 3795.65
    endloop
  endfacet
  facet normal 0.000604143 -0.990321 0.138795
    outer loop
      vertex 1292 -2002.65 3780.43
      vertex 1282.5 -2002.29 3783.04
      vertex 1282.5 -2003.4 3775.12
    endloop
  endfacet
  facet normal -0.000604143 -0.990321 0.138795
    outer loop
      vertex 1064 -2002.65 3780.43
      vertex 1073.5 -2003.4 3775.12
      vertex 1073.5 -2002.29 3783.04
    endloop
  endfacet
  facet normal 0.0004383 -0.990321 0.138795
    outer loop
      vertex 1102 -2001.26 3790.34
      vertex 1102 -2000.15 3798.26
      vertex 1092.5 -2000.52 3795.65
    endloop
  endfacet
  facet normal -0.0004383 -0.990321 0.138795
    outer loop
      vertex 1102 -2000.15 3798.26
      vertex 1102 -2001.26 3790.34
      vertex 1111.5 -2000.52 3795.65
    endloop
  endfacet
  facet normal -0.000140177 -0.990321 0.138795
    outer loop
      vertex 1111.5 -2001.63 3787.73
      vertex 1130.5 -2002.29 3783.04
      vertex 1111.5 -2000.52 3795.65
    endloop
  endfacet
  facet normal -0.000140177 -0.990321 0.138795
    outer loop
      vertex 1206.5 -2003.4 3775.12
      vertex 1206.5 -2002.29 3783.04
      vertex 1187.5 -2001.63 3787.73
    endloop
  endfacet
  facet normal -0.0004383 -0.990321 0.138795
    outer loop
      vertex 1178 -2001.26 3790.34
      vertex 1187.5 -2001.63 3787.73
      vertex 1187.5 -2000.52 3795.65
    endloop
  endfacet
  facet normal -0.000140177 -0.990321 0.138795
    outer loop
      vertex 1358.5 -2002.29 3783.04
      vertex 1339.5 -2001.63 3787.73
      vertex 1358.5 -2003.4 3775.12
    endloop
  endfacet
  facet normal -0.000604143 -0.990321 0.138795
    outer loop
      vertex 1140 -2002.65 3780.43
      vertex 1149.5 -2003.4 3775.12
      vertex 1149.5 -2002.29 3783.04
    endloop
  endfacet
  facet normal 0.0004383 -0.990321 0.138795
    outer loop
      vertex 1178 -2001.26 3790.34
      vertex 1178 -2000.15 3798.26
      vertex 1168.5 -2000.52 3795.65
    endloop
  endfacet
  facet normal -0.0004383 -0.990321 0.138795
    outer loop
      vertex 1178 -2000.15 3798.26
      vertex 1178 -2001.26 3790.34
      vertex 1187.5 -2000.52 3795.65
    endloop
  endfacet
  facet normal -0.000140177 -0.990321 0.138795
    outer loop
      vertex 1187.5 -2001.63 3787.73
      vertex 1206.5 -2002.29 3783.04
      vertex 1187.5 -2000.52 3795.65
    endloop
  endfacet
  facet normal -0.000140177 -0.990321 0.138795
    outer loop
      vertex 1282.5 -2003.4 3775.12
      vertex 1282.5 -2002.29 3783.04
      vertex 1263.5 -2001.63 3787.73
    endloop
  endfacet
  facet normal -0.0004383 -0.990321 0.138795
    outer loop
      vertex 1254 -2001.26 3790.34
      vertex 1263.5 -2001.63 3787.73
      vertex 1263.5 -2000.52 3795.65
    endloop
  endfacet
  facet normal -0.000140177 -0.990321 0.138795
    outer loop
      vertex 1434.5 -2002.29 3783.04
      vertex 1415.5 -2001.63 3787.73
      vertex 1434.5 -2003.4 3775.12
    endloop
  endfacet
  facet normal -0.000604143 -0.990321 0.138795
    outer loop
      vertex 1216 -2002.65 3780.43
      vertex 1225.5 -2003.4 3775.12
      vertex 1225.5 -2002.29 3783.04
    endloop
  endfacet
  facet normal 0.0004383 -0.990321 0.138795
    outer loop
      vertex 1254 -2001.26 3790.34
      vertex 1254 -2000.15 3798.26
      vertex 1244.5 -2000.52 3795.65
    endloop
  endfacet
  facet normal -0.0004383 -0.990321 0.138795
    outer loop
      vertex 1254 -2000.15 3798.26
      vertex 1254 -2001.26 3790.34
      vertex 1263.5 -2000.52 3795.65
    endloop
  endfacet
  facet normal -0.000140177 -0.990321 0.138795
    outer loop
      vertex 1263.5 -2001.63 3787.73
      vertex 1282.5 -2002.29 3783.04
      vertex 1263.5 -2000.52 3795.65
    endloop
  endfacet
  facet normal -0.000604143 -0.990321 0.138795
    outer loop
      vertex 1301.5 -2003.4 3775.12
      vertex 1301.5 -2002.29 3783.04
      vertex 1292 -2002.65 3780.43
    endloop
  endfacet
  facet normal 0.000604143 -0.990321 0.138795
    outer loop
      vertex 1510.5 -2002.29 3783.04
      vertex 1510.5 -2003.4 3775.12
      vertex 1520 -2002.65 3780.43
    endloop
  endfacet
  facet normal 0.000604143 -0.990321 0.138795
    outer loop
      vertex 1434.5 -2002.29 3783.04
      vertex 1434.5 -2003.4 3775.12
      vertex 1444 -2002.65 3780.43
    endloop
  endfacet
  facet normal -0.0004383 -0.990321 0.138795
    outer loop
      vertex 1330 -2001.26 3790.34
      vertex 1339.5 -2000.52 3795.65
      vertex 1330 -2000.15 3798.26
    endloop
  endfacet
  facet normal 0.0004383 -0.990321 0.138795
    outer loop
      vertex 1330 -2001.26 3790.34
      vertex 1330 -2000.15 3798.26
      vertex 1320.5 -2000.52 3795.65
    endloop
  endfacet
  facet normal -0.0004383 -0.990321 0.138795
    outer loop
      vertex 1339.5 -2001.63 3787.73
      vertex 1339.5 -2000.52 3795.65
      vertex 1330 -2001.26 3790.34
    endloop
  endfacet
  facet normal -0.000140177 -0.990321 0.138795
    outer loop
      vertex 1358.5 -2002.29 3783.04
      vertex 1339.5 -2000.52 3795.65
      vertex 1339.5 -2001.63 3787.73
    endloop
  endfacet
  facet normal -0.000604143 -0.990321 0.138795
    outer loop
      vertex 1377.5 -2003.4 3775.12
      vertex 1377.5 -2002.29 3783.04
      vertex 1368 -2002.65 3780.43
    endloop
  endfacet
  facet normal -0.0004383 -0.990321 0.138795
    outer loop
      vertex 1406 -2001.26 3790.34
      vertex 1415.5 -2000.52 3795.65
      vertex 1406 -2000.15 3798.26
    endloop
  endfacet
  facet normal 0.0004383 -0.990321 0.138795
    outer loop
      vertex 1406 -2001.26 3790.34
      vertex 1406 -2000.15 3798.26
      vertex 1396.5 -2000.52 3795.65
    endloop
  endfacet
  facet normal -0.0004383 -0.990321 0.138795
    outer loop
      vertex 1415.5 -2001.63 3787.73
      vertex 1415.5 -2000.52 3795.65
      vertex 1406 -2001.26 3790.34
    endloop
  endfacet
  facet normal -0.000140177 -0.990321 0.138795
    outer loop
      vertex 1434.5 -2002.29 3783.04
      vertex 1415.5 -2000.52 3795.65
      vertex 1415.5 -2001.63 3787.73
    endloop
  endfacet
  facet normal -0.000604143 -0.990321 0.138795
    outer loop
      vertex 1453.5 -2003.4 3775.12
      vertex 1453.5 -2002.29 3783.04
      vertex 1444 -2002.65 3780.43
    endloop
  endfacet
  facet normal -0.0004383 -0.990321 0.138795
    outer loop
      vertex 1482 -2001.26 3790.34
      vertex 1491.5 -2000.52 3795.65
      vertex 1482 -2000.15 3798.26
    endloop
  endfacet
  facet normal 0.0004383 -0.990321 0.138795
    outer loop
      vertex 1482 -2001.26 3790.34
      vertex 1482 -2000.15 3798.26
      vertex 1472.5 -2000.52 3795.65
    endloop
  endfacet
  facet normal -0.0004383 -0.990321 0.138795
    outer loop
      vertex 1491.5 -2001.63 3787.73
      vertex 1491.5 -2000.52 3795.65
      vertex 1482 -2001.26 3790.34
    endloop
  endfacet
  facet normal -0.000140177 -0.990321 0.138795
    outer loop
      vertex 1510.5 -2002.29 3783.04
      vertex 1491.5 -2000.52 3795.65
      vertex 1491.5 -2001.63 3787.73
    endloop
  endfacet
  facet normal -0.000140177 -0.990321 0.138795
    outer loop
      vertex 1586.5 -2003.4 3775.12
      vertex 1586.5 -2002.29 3783.04
      vertex 1567.5 -2001.63 3787.73
    endloop
  endfacet
  facet normal -0.0004383 -0.990321 0.138795
    outer loop
      vertex 1558 -2001.26 3790.34
      vertex 1567.5 -2001.63 3787.73
      vertex 1567.5 -2000.52 3795.65
    endloop
  endfacet
  facet normal 0.000604143 -0.990321 0.138795
    outer loop
      vertex 1662.5 -2003.4 3775.12
      vertex 1672 -2002.65 3780.43
      vertex 1662.5 -2002.29 3783.04
    endloop
  endfacet
  facet normal -0.000604143 -0.990321 0.138795
    outer loop
      vertex 1520 -2002.65 3780.43
      vertex 1529.5 -2003.4 3775.12
      vertex 1529.5 -2002.29 3783.04
    endloop
  endfacet
  facet normal 0.0004383 -0.990321 0.138795
    outer loop
      vertex 1558 -2001.26 3790.34
      vertex 1558 -2000.15 3798.26
      vertex 1548.5 -2000.52 3795.65
    endloop
  endfacet
  facet normal -0.0004383 -0.990321 0.138795
    outer loop
      vertex 1558 -2000.15 3798.26
      vertex 1558 -2001.26 3790.34
      vertex 1567.5 -2000.52 3795.65
    endloop
  endfacet
  facet normal -0.000140177 -0.990321 0.138795
    outer loop
      vertex 1567.5 -2001.63 3787.73
      vertex 1586.5 -2002.29 3783.04
      vertex 1567.5 -2000.52 3795.65
    endloop
  endfacet
  facet normal -0.000140177 -0.990321 0.138795
    outer loop
      vertex 1662.5 -2003.4 3775.12
      vertex 1662.5 -2002.29 3783.04
      vertex 1643.5 -2001.63 3787.73
    endloop
  endfacet
  facet normal -0.0004383 -0.990321 0.138795
    outer loop
      vertex 1634 -2001.26 3790.34
      vertex 1643.5 -2001.63 3787.73
      vertex 1643.5 -2000.52 3795.65
    endloop
  endfacet
  facet normal 0.000604143 -0.990321 0.138795
    outer loop
      vertex 1738.5 -2003.4 3775.12
      vertex 1748 -2002.65 3780.43
      vertex 1738.5 -2002.29 3783.04
    endloop
  endfacet
  facet normal -0.000604143 -0.990321 0.138795
    outer loop
      vertex 1596 -2002.65 3780.43
      vertex 1605.5 -2003.4 3775.12
      vertex 1605.5 -2002.29 3783.04
    endloop
  endfacet
  facet normal 0.0004383 -0.990321 0.138795
    outer loop
      vertex 1634 -2001.26 3790.34
      vertex 1634 -2000.15 3798.26
      vertex 1624.5 -2000.52 3795.65
    endloop
  endfacet
  facet normal -0.0004383 -0.990321 0.138795
    outer loop
      vertex 1634 -2000.15 3798.26
      vertex 1634 -2001.26 3790.34
      vertex 1643.5 -2000.52 3795.65
    endloop
  endfacet
  facet normal -0.000140177 -0.990321 0.138795
    outer loop
      vertex 1643.5 -2001.63 3787.73
      vertex 1662.5 -2002.29 3783.04
      vertex 1643.5 -2000.52 3795.65
    endloop
  endfacet
  facet normal -0.000140177 -0.990321 0.138795
    outer loop
      vertex 1719.5 -2001.63 3787.73
      vertex 1738.5 -2003.4 3775.12
      vertex 1738.5 -2002.29 3783.04
    endloop
  endfacet
  facet normal -0.000604143 -0.990321 0.138795
    outer loop
      vertex 1681.5 -2002.29 3783.04
      vertex 1672 -2002.65 3780.43
      vertex 1681.5 -2003.4 3775.12
    endloop
  endfacet
  facet normal 0.0004383 -0.990321 0.138795
    outer loop
      vertex 1710 -2001.26 3790.34
      vertex 1710 -2000.15 3798.26
      vertex 1700.5 -2000.52 3795.65
    endloop
  endfacet
  facet normal -0.0004383 -0.990321 0.138795
    outer loop
      vertex 1719.5 -2000.52 3795.65
      vertex 1710 -2001.26 3790.34
      vertex 1719.5 -2001.63 3787.73
    endloop
  endfacet
  facet normal -0.0004383 -0.990321 0.138795
    outer loop
      vertex 1719.5 -2000.52 3795.65
      vertex 1710 -2000.15 3798.26
      vertex 1710 -2001.26 3790.34
    endloop
  endfacet
  facet normal -0.000140177 -0.990321 0.138795
    outer loop
      vertex 1719.5 -2000.52 3795.65
      vertex 1719.5 -2001.63 3787.73
      vertex 1738.5 -2002.29 3783.04
    endloop
  endfacet
  facet normal -0.000140177 -0.990321 0.138795
    outer loop
      vertex 1795.5 -2001.63 3787.73
      vertex 1814.5 -2003.4 3775.12
      vertex 1814.5 -2002.29 3783.04
    endloop
  endfacet
  facet normal -0.000604143 -0.990321 0.138795
    outer loop
      vertex 1757.5 -2002.29 3783.04
      vertex 1748 -2002.65 3780.43
      vertex 1757.5 -2003.4 3775.12
    endloop
  endfacet
  facet normal 0.0004383 -0.990321 0.138795
    outer loop
      vertex 1786 -2001.26 3790.34
      vertex 1786 -2000.15 3798.26
      vertex 1776.5 -2000.52 3795.65
    endloop
  endfacet
  facet normal -0.0004383 -0.990321 0.138795
    outer loop
      vertex 1795.5 -2000.52 3795.65
      vertex 1786 -2001.26 3790.34
      vertex 1795.5 -2001.63 3787.73
    endloop
  endfacet
  facet normal -0.0004383 -0.990321 0.138795
    outer loop
      vertex 1795.5 -2000.52 3795.65
      vertex 1786 -2000.15 3798.26
      vertex 1786 -2001.26 3790.34
    endloop
  endfacet
  facet normal -0.000140177 -0.990321 0.138795
    outer loop
      vertex 1795.5 -2000.52 3795.65
      vertex 1795.5 -2001.63 3787.73
      vertex 1814.5 -2002.29 3783.04
    endloop
  endfacet
  facet normal -0.000140177 -0.990321 0.138795
    outer loop
      vertex 1871.5 -2001.63 3787.73
      vertex 1890.5 -2003.4 3775.12
      vertex 1890.5 -2002.29 3783.04
    endloop
  endfacet
  facet normal 0.000604143 -0.990321 0.138795
    outer loop
      vertex 1890.5 -2003.4 3775.12
      vertex 1900 -2002.65 3780.43
      vertex 1890.5 -2002.29 3783.04
    endloop
  endfacet
  facet normal -0.000604143 -0.990321 0.138795
    outer loop
      vertex 1833.5 -2002.29 3783.04
      vertex 1824 -2002.65 3780.43
      vertex 1833.5 -2003.4 3775.12
    endloop
  endfacet
  facet normal 0.0004383 -0.990321 0.138795
    outer loop
      vertex 1862 -2001.26 3790.34
      vertex 1862 -2000.15 3798.26
      vertex 1852.5 -2000.52 3795.65
    endloop
  endfacet
  facet normal -0.0004383 -0.990321 0.138795
    outer loop
      vertex 1871.5 -2000.52 3795.65
      vertex 1862 -2001.26 3790.34
      vertex 1871.5 -2001.63 3787.73
    endloop
  endfacet
  facet normal -0.0004383 -0.990321 0.138795
    outer loop
      vertex 1871.5 -2000.52 3795.65
      vertex 1862 -2000.15 3798.26
      vertex 1862 -2001.26 3790.34
    endloop
  endfacet
  facet normal -0.000140177 -0.990321 0.138795
    outer loop
      vertex 1871.5 -2000.52 3795.65
      vertex 1871.5 -2001.63 3787.73
      vertex 1890.5 -2002.29 3783.04
    endloop
  endfacet
  facet normal 9.47511e-05 -0.990149 0.140021
    outer loop
      vertex 1900 -2003.77 3772.51
      vertex 1909.5 -2003.4 3775.12
      vertex 1900 -2002.65 3780.43
    endloop
  endfacet
  facet normal -0.000140177 -0.990321 0.138795
    outer loop
      vertex 1947.5 -2001.63 3787.73
      vertex 1966.5 -2002.29 3783.04
      vertex 1947.5 -2000.52 3795.65
    endloop
  endfacet
  facet normal -0.0004383 -0.990321 0.138795
    outer loop
      vertex 1938 -2001.26 3790.34
      vertex 1947.5 -2000.52 3795.65
      vertex 1938 -2000.15 3798.26
    endloop
  endfacet
  facet normal 0.000140177 -0.990321 0.138795
    outer loop
      vertex 1909.5 -2002.29 3783.04
      vertex 1928.5 -2001.63 3787.73
      vertex 1928.5 -2000.52 3795.65
    endloop
  endfacet
  facet normal -9.47511e-05 -0.990149 0.140021
    outer loop
      vertex 1966.5 -2003.4 3775.12
      vertex 1976 -2003.77 3772.51
      vertex 1976 -2002.65 3780.43
    endloop
  endfacet
  facet normal -0.0004383 -0.990321 0.138795
    outer loop
      vertex 1947.5 -2001.63 3787.73
      vertex 1947.5 -2000.52 3795.65
      vertex 1938 -2001.26 3790.34
    endloop
  endfacet
  facet normal -0.000140177 -0.990321 0.138795
    outer loop
      vertex 1966.5 -2003.4 3775.12
      vertex 1966.5 -2002.29 3783.04
      vertex 1947.5 -2001.63 3787.73
    endloop
  endfacet
  facet normal 0.267381 0.134105 0.954213
    outer loop
      vertex 1966.5 2077.62 3209.65
      vertex 1976 -2002.65 3780.43
      vertex 1976 2077.25 3207.04
    endloop
  endfacet
  facet normal 0.26725 0.13411 0.95425
    outer loop
      vertex 1966.5 2077.62 3209.65
      vertex 1966.5 -2002.29 3783.04
      vertex 1976 -2002.65 3780.43
    endloop
  endfacet
  facet normal 0.556725 0.11561 0.822613
    outer loop
      vertex 1947.5 2079.39 3222.26
      vertex 1966.5 -2002.29 3783.04
      vertex 1966.5 2077.62 3209.65
    endloop
  endfacet
  facet normal 0.556725 0.11561 0.822613
    outer loop
      vertex 1947.5 2079.39 3222.26
      vertex 1947.5 -2000.52 3795.65
      vertex 1966.5 -2002.29 3783.04
    endloop
  endfacet
  facet normal 0.267381 0.134105 0.954214
    outer loop
      vertex 1938 2079.76 3224.87
      vertex 1947.5 -2000.52 3795.65
      vertex 1947.5 2079.39 3222.26
    endloop
  endfacet
  facet normal 0.267381 0.134105 0.954214
    outer loop
      vertex 1938 2079.76 3224.87
      vertex 1938 -2000.15 3798.26
      vertex 1947.5 -2000.52 3795.65
    endloop
  endfacet
  facet normal -0.267381 0.134105 0.954214
    outer loop
      vertex 1928.5 2079.39 3222.26
      vertex 1938 -2000.15 3798.26
      vertex 1938 2079.76 3224.87
    endloop
  endfacet
  facet normal -0.267381 0.134105 0.954214
    outer loop
      vertex 1928.5 2079.39 3222.26
      vertex 1928.5 -2000.52 3795.65
      vertex 1938 -2000.15 3798.26
    endloop
  endfacet
  facet normal -0.556725 0.11561 0.822613
    outer loop
      vertex 1909.5 2077.62 3209.65
      vertex 1928.5 -2000.52 3795.65
      vertex 1928.5 2079.39 3222.26
    endloop
  endfacet
  facet normal -0.556725 0.11561 0.822613
    outer loop
      vertex 1909.5 2077.62 3209.65
      vertex 1909.5 -2002.29 3783.04
      vertex 1928.5 -2000.52 3795.65
    endloop
  endfacet
  facet normal -0.267381 0.134105 0.954214
    outer loop
      vertex 1900 2077.25 3207.04
      vertex 1909.5 -2002.29 3783.04
      vertex 1909.5 2077.62 3209.65
    endloop
  endfacet
  facet normal -0.26725 0.13411 0.954249
    outer loop
      vertex 1900 2077.25 3207.04
      vertex 1900 -2002.65 3780.43
      vertex 1909.5 -2002.29 3783.04
    endloop
  endfacet
  facet normal 0.267381 0.134105 0.954213
    outer loop
      vertex 1890.5 2077.62 3209.65
      vertex 1900 -2002.65 3780.43
      vertex 1900 2077.25 3207.04
    endloop
  endfacet
  facet normal 0.26725 0.13411 0.95425
    outer loop
      vertex 1890.5 2077.62 3209.65
      vertex 1890.5 -2002.29 3783.04
      vertex 1900 -2002.65 3780.43
    endloop
  endfacet
  facet normal 0.556725 0.11561 0.822613
    outer loop
      vertex 1871.5 2079.39 3222.26
      vertex 1890.5 -2002.29 3783.04
      vertex 1890.5 2077.62 3209.65
    endloop
  endfacet
  facet normal 0.556725 0.11561 0.822613
    outer loop
      vertex 1871.5 2079.39 3222.26
      vertex 1871.5 -2000.52 3795.65
      vertex 1890.5 -2002.29 3783.04
    endloop
  endfacet
  facet normal 0.267381 0.134105 0.954214
    outer loop
      vertex 1862 2079.76 3224.87
      vertex 1871.5 -2000.52 3795.65
      vertex 1871.5 2079.39 3222.26
    endloop
  endfacet
  facet normal 0.267381 0.134105 0.954214
    outer loop
      vertex 1862 2079.76 3224.87
      vertex 1862 -2000.15 3798.26
      vertex 1871.5 -2000.52 3795.65
    endloop
  endfacet
  facet normal -0.267381 0.134105 0.954214
    outer loop
      vertex 1852.5 2079.39 3222.26
      vertex 1862 -2000.15 3798.26
      vertex 1862 2079.76 3224.87
    endloop
  endfacet
  facet normal -0.267381 0.134105 0.954214
    outer loop
      vertex 1852.5 2079.39 3222.26
      vertex 1852.5 -2000.52 3795.65
      vertex 1862 -2000.15 3798.26
    endloop
  endfacet
  facet normal -0.556725 0.11561 0.822613
    outer loop
      vertex 1833.5 2077.62 3209.65
      vertex 1852.5 -2000.52 3795.65
      vertex 1852.5 2079.39 3222.26
    endloop
  endfacet
  facet normal -0.556725 0.11561 0.822613
    outer loop
      vertex 1833.5 2077.62 3209.65
      vertex 1833.5 -2002.29 3783.04
      vertex 1852.5 -2000.52 3795.65
    endloop
  endfacet
  facet normal -0.267381 0.134105 0.954214
    outer loop
      vertex 1824 2077.25 3207.04
      vertex 1833.5 -2002.29 3783.04
      vertex 1833.5 2077.62 3209.65
    endloop
  endfacet
  facet normal -0.26725 0.13411 0.954249
    outer loop
      vertex 1824 2077.25 3207.04
      vertex 1824 -2002.65 3780.43
      vertex 1833.5 -2002.29 3783.04
    endloop
  endfacet
  facet normal 0.267381 0.134105 0.954213
    outer loop
      vertex 1814.5 2077.62 3209.65
      vertex 1824 -2002.65 3780.43
      vertex 1824 2077.25 3207.04
    endloop
  endfacet
  facet normal 0.26725 0.13411 0.95425
    outer loop
      vertex 1814.5 2077.62 3209.65
      vertex 1814.5 -2002.29 3783.04
      vertex 1824 -2002.65 3780.43
    endloop
  endfacet
  facet normal 0.556725 0.11561 0.822613
    outer loop
      vertex 1795.5 2079.39 3222.26
      vertex 1814.5 -2002.29 3783.04
      vertex 1814.5 2077.62 3209.65
    endloop
  endfacet
  facet normal 0.556725 0.11561 0.822613
    outer loop
      vertex 1795.5 2079.39 3222.26
      vertex 1795.5 -2000.52 3795.65
      vertex 1814.5 -2002.29 3783.04
    endloop
  endfacet
  facet normal 0.267381 0.134105 0.954214
    outer loop
      vertex 1786 2079.76 3224.87
      vertex 1795.5 -2000.52 3795.65
      vertex 1795.5 2079.39 3222.26
    endloop
  endfacet
  facet normal 0.267381 0.134105 0.954214
    outer loop
      vertex 1786 2079.76 3224.87
      vertex 1786 -2000.15 3798.26
      vertex 1795.5 -2000.52 3795.65
    endloop
  endfacet
  facet normal -0.267381 0.134105 0.954214
    outer loop
      vertex 1776.5 2079.39 3222.26
      vertex 1786 -2000.15 3798.26
      vertex 1786 2079.76 3224.87
    endloop
  endfacet
  facet normal -0.267381 0.134105 0.954214
    outer loop
      vertex 1776.5 2079.39 3222.26
      vertex 1776.5 -2000.52 3795.65
      vertex 1786 -2000.15 3798.26
    endloop
  endfacet
  facet normal -0.556725 0.11561 0.822613
    outer loop
      vertex 1757.5 2077.62 3209.65
      vertex 1776.5 -2000.52 3795.65
      vertex 1776.5 2079.39 3222.26
    endloop
  endfacet
  facet normal -0.556725 0.11561 0.822613
    outer loop
      vertex 1757.5 2077.62 3209.65
      vertex 1757.5 -2002.29 3783.04
      vertex 1776.5 -2000.52 3795.65
    endloop
  endfacet
  facet normal -0.267381 0.134105 0.954214
    outer loop
      vertex 1748 2077.25 3207.04
      vertex 1757.5 -2002.29 3783.04
      vertex 1757.5 2077.62 3209.65
    endloop
  endfacet
  facet normal -0.26725 0.13411 0.954249
    outer loop
      vertex 1748 2077.25 3207.04
      vertex 1748 -2002.65 3780.43
      vertex 1757.5 -2002.29 3783.04
    endloop
  endfacet
  facet normal 0.267381 0.134105 0.954213
    outer loop
      vertex 1738.5 2077.62 3209.65
      vertex 1748 -2002.65 3780.43
      vertex 1748 2077.25 3207.04
    endloop
  endfacet
  facet normal 0.26725 0.13411 0.95425
    outer loop
      vertex 1738.5 2077.62 3209.65
      vertex 1738.5 -2002.29 3783.04
      vertex 1748 -2002.65 3780.43
    endloop
  endfacet
  facet normal 0.556725 0.11561 0.822613
    outer loop
      vertex 1719.5 2079.39 3222.26
      vertex 1738.5 -2002.29 3783.04
      vertex 1738.5 2077.62 3209.65
    endloop
  endfacet
  facet normal 0.556725 0.11561 0.822613
    outer loop
      vertex 1719.5 2079.39 3222.26
      vertex 1719.5 -2000.52 3795.65
      vertex 1738.5 -2002.29 3783.04
    endloop
  endfacet
  facet normal 0.267381 0.134105 0.954214
    outer loop
      vertex 1710 2079.76 3224.87
      vertex 1719.5 -2000.52 3795.65
      vertex 1719.5 2079.39 3222.26
    endloop
  endfacet
  facet normal 0.267381 0.134105 0.954214
    outer loop
      vertex 1710 2079.76 3224.87
      vertex 1710 -2000.15 3798.26
      vertex 1719.5 -2000.52 3795.65
    endloop
  endfacet
  facet normal -0.267381 0.134105 0.954214
    outer loop
      vertex 1700.5 2079.39 3222.26
      vertex 1710 -2000.15 3798.26
      vertex 1710 2079.76 3224.87
    endloop
  endfacet
  facet normal -0.267381 0.134105 0.954214
    outer loop
      vertex 1700.5 2079.39 3222.26
      vertex 1700.5 -2000.52 3795.65
      vertex 1710 -2000.15 3798.26
    endloop
  endfacet
  facet normal -0.556725 0.11561 0.822613
    outer loop
      vertex 1681.5 2077.62 3209.65
      vertex 1700.5 -2000.52 3795.65
      vertex 1700.5 2079.39 3222.26
    endloop
  endfacet
  facet normal -0.556725 0.11561 0.822613
    outer loop
      vertex 1681.5 2077.62 3209.65
      vertex 1681.5 -2002.29 3783.04
      vertex 1700.5 -2000.52 3795.65
    endloop
  endfacet
  facet normal -0.267381 0.134105 0.954214
    outer loop
      vertex 1672 2077.25 3207.04
      vertex 1681.5 -2002.29 3783.04
      vertex 1681.5 2077.62 3209.65
    endloop
  endfacet
  facet normal -0.26725 0.13411 0.954249
    outer loop
      vertex 1672 2077.25 3207.04
      vertex 1672 -2002.65 3780.43
      vertex 1681.5 -2002.29 3783.04
    endloop
  endfacet
  facet normal 0.267381 0.134105 0.954213
    outer loop
      vertex 1662.5 2077.62 3209.65
      vertex 1672 -2002.65 3780.43
      vertex 1672 2077.25 3207.04
    endloop
  endfacet
  facet normal 0.26725 0.13411 0.95425
    outer loop
      vertex 1662.5 2077.62 3209.65
      vertex 1662.5 -2002.29 3783.04
      vertex 1672 -2002.65 3780.43
    endloop
  endfacet
  facet normal 0.556725 0.11561 0.822613
    outer loop
      vertex 1643.5 2079.39 3222.26
      vertex 1662.5 -2002.29 3783.04
      vertex 1662.5 2077.62 3209.65
    endloop
  endfacet
  facet normal 0.556725 0.11561 0.822613
    outer loop
      vertex 1643.5 2079.39 3222.26
      vertex 1643.5 -2000.52 3795.65
      vertex 1662.5 -2002.29 3783.04
    endloop
  endfacet
  facet normal 0.267381 0.134105 0.954214
    outer loop
      vertex 1634 2079.76 3224.87
      vertex 1643.5 -2000.52 3795.65
      vertex 1643.5 2079.39 3222.26
    endloop
  endfacet
  facet normal 0.267381 0.134105 0.954214
    outer loop
      vertex 1634 2079.76 3224.87
      vertex 1634 -2000.15 3798.26
      vertex 1643.5 -2000.52 3795.65
    endloop
  endfacet
  facet normal -0.267381 0.134105 0.954214
    outer loop
      vertex 1624.5 2079.39 3222.26
      vertex 1634 -2000.15 3798.26
      vertex 1634 2079.76 3224.87
    endloop
  endfacet
  facet normal -0.267381 0.134105 0.954214
    outer loop
      vertex 1624.5 2079.39 3222.26
      vertex 1624.5 -2000.52 3795.65
      vertex 1634 -2000.15 3798.26
    endloop
  endfacet
  facet normal -0.556725 0.11561 0.822613
    outer loop
      vertex 1605.5 2077.62 3209.65
      vertex 1624.5 -2000.52 3795.65
      vertex 1624.5 2079.39 3222.26
    endloop
  endfacet
  facet normal -0.556725 0.11561 0.822613
    outer loop
      vertex 1605.5 2077.62 3209.65
      vertex 1605.5 -2002.29 3783.04
      vertex 1624.5 -2000.52 3795.65
    endloop
  endfacet
  facet normal -0.267381 0.134105 0.954214
    outer loop
      vertex 1596 2077.25 3207.04
      vertex 1605.5 -2002.29 3783.04
      vertex 1605.5 2077.62 3209.65
    endloop
  endfacet
  facet normal -0.26725 0.13411 0.954249
    outer loop
      vertex 1596 2077.25 3207.04
      vertex 1596 -2002.65 3780.43
      vertex 1605.5 -2002.29 3783.04
    endloop
  endfacet
  facet normal 0.267381 0.134105 0.954213
    outer loop
      vertex 1586.5 2077.62 3209.65
      vertex 1596 -2002.65 3780.43
      vertex 1596 2077.25 3207.04
    endloop
  endfacet
  facet normal 0.26725 0.13411 0.95425
    outer loop
      vertex 1586.5 2077.62 3209.65
      vertex 1586.5 -2002.29 3783.04
      vertex 1596 -2002.65 3780.43
    endloop
  endfacet
  facet normal 0.556725 0.11561 0.822613
    outer loop
      vertex 1567.5 2079.39 3222.26
      vertex 1586.5 -2002.29 3783.04
      vertex 1586.5 2077.62 3209.65
    endloop
  endfacet
  facet normal 0.556725 0.11561 0.822613
    outer loop
      vertex 1567.5 2079.39 3222.26
      vertex 1567.5 -2000.52 3795.65
      vertex 1586.5 -2002.29 3783.04
    endloop
  endfacet
  facet normal 0.267381 0.134105 0.954214
    outer loop
      vertex 1558 2079.76 3224.87
      vertex 1567.5 -2000.52 3795.65
      vertex 1567.5 2079.39 3222.26
    endloop
  endfacet
  facet normal 0.267381 0.134105 0.954214
    outer loop
      vertex 1558 2079.76 3224.87
      vertex 1558 -2000.15 3798.26
      vertex 1567.5 -2000.52 3795.65
    endloop
  endfacet
  facet normal -0.267381 0.134105 0.954214
    outer loop
      vertex 1548.5 2079.39 3222.26
      vertex 1558 -2000.15 3798.26
      vertex 1558 2079.76 3224.87
    endloop
  endfacet
  facet normal -0.267381 0.134105 0.954214
    outer loop
      vertex 1548.5 2079.39 3222.26
      vertex 1548.5 -2000.52 3795.65
      vertex 1558 -2000.15 3798.26
    endloop
  endfacet
  facet normal -0.556725 0.11561 0.822613
    outer loop
      vertex 1529.5 2077.62 3209.65
      vertex 1548.5 -2000.52 3795.65
      vertex 1548.5 2079.39 3222.26
    endloop
  endfacet
  facet normal -0.556725 0.11561 0.822613
    outer loop
      vertex 1529.5 2077.62 3209.65
      vertex 1529.5 -2002.29 3783.04
      vertex 1548.5 -2000.52 3795.65
    endloop
  endfacet
  facet normal -0.267381 0.134105 0.954214
    outer loop
      vertex 1520 2077.25 3207.04
      vertex 1529.5 -2002.29 3783.04
      vertex 1529.5 2077.62 3209.65
    endloop
  endfacet
  facet normal -0.26725 0.13411 0.954249
    outer loop
      vertex 1520 2077.25 3207.04
      vertex 1520 -2002.65 3780.43
      vertex 1529.5 -2002.29 3783.04
    endloop
  endfacet
  facet normal 0.267381 0.134105 0.954213
    outer loop
      vertex 1510.5 2077.62 3209.65
      vertex 1520 -2002.65 3780.43
      vertex 1520 2077.25 3207.04
    endloop
  endfacet
  facet normal 0.26725 0.13411 0.95425
    outer loop
      vertex 1510.5 2077.62 3209.65
      vertex 1510.5 -2002.29 3783.04
      vertex 1520 -2002.65 3780.43
    endloop
  endfacet
  facet normal 0.556725 0.11561 0.822613
    outer loop
      vertex 1491.5 2079.39 3222.26
      vertex 1510.5 -2002.29 3783.04
      vertex 1510.5 2077.62 3209.65
    endloop
  endfacet
  facet normal 0.556725 0.11561 0.822613
    outer loop
      vertex 1491.5 2079.39 3222.26
      vertex 1491.5 -2000.52 3795.65
      vertex 1510.5 -2002.29 3783.04
    endloop
  endfacet
  facet normal 0.267381 0.134105 0.954214
    outer loop
      vertex 1482 2079.76 3224.87
      vertex 1491.5 -2000.52 3795.65
      vertex 1491.5 2079.39 3222.26
    endloop
  endfacet
  facet normal 0.267381 0.134105 0.954214
    outer loop
      vertex 1482 2079.76 3224.87
      vertex 1482 -2000.15 3798.26
      vertex 1491.5 -2000.52 3795.65
    endloop
  endfacet
  facet normal -0.267381 0.134105 0.954214
    outer loop
      vertex 1472.5 2079.39 3222.26
      vertex 1482 -2000.15 3798.26
      vertex 1482 2079.76 3224.87
    endloop
  endfacet
  facet normal -0.267381 0.134105 0.954214
    outer loop
      vertex 1472.5 2079.39 3222.26
      vertex 1472.5 -2000.52 3795.65
      vertex 1482 -2000.15 3798.26
    endloop
  endfacet
  facet normal -0.556725 0.11561 0.822613
    outer loop
      vertex 1453.5 2077.62 3209.65
      vertex 1472.5 -2000.52 3795.65
      vertex 1472.5 2079.39 3222.26
    endloop
  endfacet
  facet normal -0.556725 0.11561 0.822613
    outer loop
      vertex 1453.5 2077.62 3209.65
      vertex 1453.5 -2002.29 3783.04
      vertex 1472.5 -2000.52 3795.65
    endloop
  endfacet
  facet normal -0.267381 0.134105 0.954214
    outer loop
      vertex 1444 2077.25 3207.04
      vertex 1453.5 -2002.29 3783.04
      vertex 1453.5 2077.62 3209.65
    endloop
  endfacet
  facet normal -0.26725 0.13411 0.954249
    outer loop
      vertex 1444 2077.25 3207.04
      vertex 1444 -2002.65 3780.43
      vertex 1453.5 -2002.29 3783.04
    endloop
  endfacet
  facet normal 0.267381 0.134105 0.954213
    outer loop
      vertex 1434.5 2077.62 3209.65
      vertex 1444 -2002.65 3780.43
      vertex 1444 2077.25 3207.04
    endloop
  endfacet
  facet normal 0.26725 0.13411 0.95425
    outer loop
      vertex 1434.5 2077.62 3209.65
      vertex 1434.5 -2002.29 3783.04
      vertex 1444 -2002.65 3780.43
    endloop
  endfacet
  facet normal 0.556725 0.11561 0.822613
    outer loop
      vertex 1415.5 2079.39 3222.26
      vertex 1434.5 -2002.29 3783.04
      vertex 1434.5 2077.62 3209.65
    endloop
  endfacet
  facet normal 0.556725 0.11561 0.822613
    outer loop
      vertex 1415.5 2079.39 3222.26
      vertex 1415.5 -2000.52 3795.65
      vertex 1434.5 -2002.29 3783.04
    endloop
  endfacet
  facet normal 0.267381 0.134105 0.954214
    outer loop
      vertex 1406 2079.76 3224.87
      vertex 1415.5 -2000.52 3795.65
      vertex 1415.5 2079.39 3222.26
    endloop
  endfacet
  facet normal 0.267381 0.134105 0.954214
    outer loop
      vertex 1406 2079.76 3224.87
      vertex 1406 -2000.15 3798.26
      vertex 1415.5 -2000.52 3795.65
    endloop
  endfacet
  facet normal -0.267381 0.134105 0.954214
    outer loop
      vertex 1396.5 2079.39 3222.26
      vertex 1406 -2000.15 3798.26
      vertex 1406 2079.76 3224.87
    endloop
  endfacet
  facet normal -0.267381 0.134105 0.954214
    outer loop
      vertex 1396.5 2079.39 3222.26
      vertex 1396.5 -2000.52 3795.65
      vertex 1406 -2000.15 3798.26
    endloop
  endfacet
  facet normal -0.556725 0.11561 0.822613
    outer loop
      vertex 1377.5 2077.62 3209.65
      vertex 1396.5 -2000.52 3795.65
      vertex 1396.5 2079.39 3222.26
    endloop
  endfacet
  facet normal -0.556725 0.11561 0.822613
    outer loop
      vertex 1377.5 2077.62 3209.65
      vertex 1377.5 -2002.29 3783.04
      vertex 1396.5 -2000.52 3795.65
    endloop
  endfacet
  facet normal -0.267381 0.134105 0.954214
    outer loop
      vertex 1368 2077.25 3207.04
      vertex 1377.5 -2002.29 3783.04
      vertex 1377.5 2077.62 3209.65
    endloop
  endfacet
  facet normal -0.26725 0.13411 0.954249
    outer loop
      vertex 1368 2077.25 3207.04
      vertex 1368 -2002.65 3780.43
      vertex 1377.5 -2002.29 3783.04
    endloop
  endfacet
  facet normal 0.267381 0.134105 0.954213
    outer loop
      vertex 1358.5 2077.62 3209.65
      vertex 1368 -2002.65 3780.43
      vertex 1368 2077.25 3207.04
    endloop
  endfacet
  facet normal 0.26725 0.13411 0.95425
    outer loop
      vertex 1358.5 2077.62 3209.65
      vertex 1358.5 -2002.29 3783.04
      vertex 1368 -2002.65 3780.43
    endloop
  endfacet
  facet normal 0.556725 0.11561 0.822613
    outer loop
      vertex 1339.5 2079.39 3222.26
      vertex 1358.5 -2002.29 3783.04
      vertex 1358.5 2077.62 3209.65
    endloop
  endfacet
  facet normal 0.556725 0.11561 0.822613
    outer loop
      vertex 1339.5 2079.39 3222.26
      vertex 1339.5 -2000.52 3795.65
      vertex 1358.5 -2002.29 3783.04
    endloop
  endfacet
  facet normal 0.267381 0.134105 0.954214
    outer loop
      vertex 1330 2079.76 3224.87
      vertex 1339.5 -2000.52 3795.65
      vertex 1339.5 2079.39 3222.26
    endloop
  endfacet
  facet normal 0.267381 0.134105 0.954214
    outer loop
      vertex 1330 2079.76 3224.87
      vertex 1330 -2000.15 3798.26
      vertex 1339.5 -2000.52 3795.65
    endloop
  endfacet
  facet normal -0.267381 0.134105 0.954214
    outer loop
      vertex 1320.5 2079.39 3222.26
      vertex 1330 -2000.15 3798.26
      vertex 1330 2079.76 3224.87
    endloop
  endfacet
  facet normal -0.267381 0.134105 0.954214
    outer loop
      vertex 1320.5 2079.39 3222.26
      vertex 1320.5 -2000.52 3795.65
      vertex 1330 -2000.15 3798.26
    endloop
  endfacet
  facet normal -0.556725 0.11561 0.822613
    outer loop
      vertex 1301.5 2077.62 3209.65
      vertex 1320.5 -2000.52 3795.65
      vertex 1320.5 2079.39 3222.26
    endloop
  endfacet
  facet normal -0.556725 0.11561 0.822613
    outer loop
      vertex 1301.5 2077.62 3209.65
      vertex 1301.5 -2002.29 3783.04
      vertex 1320.5 -2000.52 3795.65
    endloop
  endfacet
  facet normal -0.267381 0.134105 0.954214
    outer loop
      vertex 1292 2077.25 3207.04
      vertex 1301.5 -2002.29 3783.04
      vertex 1301.5 2077.62 3209.65
    endloop
  endfacet
  facet normal -0.26725 0.13411 0.954249
    outer loop
      vertex 1292 2077.25 3207.04
      vertex 1292 -2002.65 3780.43
      vertex 1301.5 -2002.29 3783.04
    endloop
  endfacet
  facet normal 0.267381 0.134105 0.954213
    outer loop
      vertex 1282.5 2077.62 3209.65
      vertex 1292 -2002.65 3780.43
      vertex 1292 2077.25 3207.04
    endloop
  endfacet
  facet normal 0.26725 0.13411 0.95425
    outer loop
      vertex 1282.5 2077.62 3209.65
      vertex 1282.5 -2002.29 3783.04
      vertex 1292 -2002.65 3780.43
    endloop
  endfacet
  facet normal 0.556725 0.11561 0.822613
    outer loop
      vertex 1263.5 2079.39 3222.26
      vertex 1282.5 -2002.29 3783.04
      vertex 1282.5 2077.62 3209.65
    endloop
  endfacet
  facet normal 0.556725 0.11561 0.822613
    outer loop
      vertex 1263.5 2079.39 3222.26
      vertex 1263.5 -2000.52 3795.65
      vertex 1282.5 -2002.29 3783.04
    endloop
  endfacet
  facet normal 0.267381 0.134105 0.954214
    outer loop
      vertex 1254 2079.76 3224.87
      vertex 1263.5 -2000.52 3795.65
      vertex 1263.5 2079.39 3222.26
    endloop
  endfacet
  facet normal 0.267381 0.134105 0.954214
    outer loop
      vertex 1254 2079.76 3224.87
      vertex 1254 -2000.15 3798.26
      vertex 1263.5 -2000.52 3795.65
    endloop
  endfacet
  facet normal -0.267381 0.134105 0.954214
    outer loop
      vertex 1244.5 2079.39 3222.26
      vertex 1254 -2000.15 3798.26
      vertex 1254 2079.76 3224.87
    endloop
  endfacet
  facet normal -0.267381 0.134105 0.954214
    outer loop
      vertex 1244.5 2079.39 3222.26
      vertex 1244.5 -2000.52 3795.65
      vertex 1254 -2000.15 3798.26
    endloop
  endfacet
  facet normal -0.556725 0.11561 0.822613
    outer loop
      vertex 1225.5 2077.62 3209.65
      vertex 1244.5 -2000.52 3795.65
      vertex 1244.5 2079.39 3222.26
    endloop
  endfacet
  facet normal -0.556725 0.11561 0.822613
    outer loop
      vertex 1225.5 2077.62 3209.65
      vertex 1225.5 -2002.29 3783.04
      vertex 1244.5 -2000.52 3795.65
    endloop
  endfacet
  facet normal -0.267381 0.134105 0.954214
    outer loop
      vertex 1216 2077.25 3207.04
      vertex 1225.5 -2002.29 3783.04
      vertex 1225.5 2077.62 3209.65
    endloop
  endfacet
  facet normal -0.26725 0.13411 0.954249
    outer loop
      vertex 1216 2077.25 3207.04
      vertex 1216 -2002.65 3780.43
      vertex 1225.5 -2002.29 3783.04
    endloop
  endfacet
  facet normal 0.267381 0.134105 0.954213
    outer loop
      vertex 1206.5 2077.62 3209.65
      vertex 1216 -2002.65 3780.43
      vertex 1216 2077.25 3207.04
    endloop
  endfacet
  facet normal 0.26725 0.13411 0.95425
    outer loop
      vertex 1206.5 2077.62 3209.65
      vertex 1206.5 -2002.29 3783.04
      vertex 1216 -2002.65 3780.43
    endloop
  endfacet
  facet normal 0.556725 0.11561 0.822613
    outer loop
      vertex 1187.5 2079.39 3222.26
      vertex 1206.5 -2002.29 3783.04
      vertex 1206.5 2077.62 3209.65
    endloop
  endfacet
  facet normal 0.556725 0.11561 0.822613
    outer loop
      vertex 1187.5 2079.39 3222.26
      vertex 1187.5 -2000.52 3795.65
      vertex 1206.5 -2002.29 3783.04
    endloop
  endfacet
  facet normal 0.267381 0.134105 0.954214
    outer loop
      vertex 1178 2079.76 3224.87
      vertex 1187.5 -2000.52 3795.65
      vertex 1187.5 2079.39 3222.26
    endloop
  endfacet
  facet normal 0.267381 0.134105 0.954214
    outer loop
      vertex 1178 2079.76 3224.87
      vertex 1178 -2000.15 3798.26
      vertex 1187.5 -2000.52 3795.65
    endloop
  endfacet
  facet normal -0.267381 0.134105 0.954214
    outer loop
      vertex 1168.5 2079.39 3222.26
      vertex 1178 -2000.15 3798.26
      vertex 1178 2079.76 3224.87
    endloop
  endfacet
  facet normal -0.267381 0.134105 0.954214
    outer loop
      vertex 1168.5 2079.39 3222.26
      vertex 1168.5 -2000.52 3795.65
      vertex 1178 -2000.15 3798.26
    endloop
  endfacet
  facet normal -0.556725 0.11561 0.822613
    outer loop
      vertex 1149.5 2077.62 3209.65
      vertex 1168.5 -2000.52 3795.65
      vertex 1168.5 2079.39 3222.26
    endloop
  endfacet
  facet normal -0.556725 0.11561 0.822613
    outer loop
      vertex 1149.5 2077.62 3209.65
      vertex 1149.5 -2002.29 3783.04
      vertex 1168.5 -2000.52 3795.65
    endloop
  endfacet
  facet normal -0.267381 0.134105 0.954214
    outer loop
      vertex 1140 2077.25 3207.04
      vertex 1149.5 -2002.29 3783.04
      vertex 1149.5 2077.62 3209.65
    endloop
  endfacet
  facet normal -0.26725 0.13411 0.954249
    outer loop
      vertex 1140 2077.25 3207.04
      vertex 1140 -2002.65 3780.43
      vertex 1149.5 -2002.29 3783.04
    endloop
  endfacet
  facet normal 0.267381 0.134105 0.954213
    outer loop
      vertex 1130.5 2077.62 3209.65
      vertex 1140 -2002.65 3780.43
      vertex 1140 2077.25 3207.04
    endloop
  endfacet
  facet normal 0.26725 0.13411 0.95425
    outer loop
      vertex 1130.5 2077.62 3209.65
      vertex 1130.5 -2002.29 3783.04
      vertex 1140 -2002.65 3780.43
    endloop
  endfacet
  facet normal 0.556725 0.11561 0.822613
    outer loop
      vertex 1111.5 2079.39 3222.26
      vertex 1130.5 -2002.29 3783.04
      vertex 1130.5 2077.62 3209.65
    endloop
  endfacet
  facet normal 0.556725 0.11561 0.822613
    outer loop
      vertex 1111.5 2079.39 3222.26
      vertex 1111.5 -2000.52 3795.65
      vertex 1130.5 -2002.29 3783.04
    endloop
  endfacet
  facet normal 0.267381 0.134105 0.954214
    outer loop
      vertex 1102 2079.76 3224.87
      vertex 1111.5 -2000.52 3795.65
      vertex 1111.5 2079.39 3222.26
    endloop
  endfacet
  facet normal 0.267381 0.134105 0.954214
    outer loop
      vertex 1102 2079.76 3224.87
      vertex 1102 -2000.15 3798.26
      vertex 1111.5 -2000.52 3795.65
    endloop
  endfacet
  facet normal -0.267381 0.134105 0.954214
    outer loop
      vertex 1092.5 2079.39 3222.26
      vertex 1102 -2000.15 3798.26
      vertex 1102 2079.76 3224.87
    endloop
  endfacet
  facet normal -0.267381 0.134105 0.954214
    outer loop
      vertex 1092.5 2079.39 3222.26
      vertex 1092.5 -2000.52 3795.65
      vertex 1102 -2000.15 3798.26
    endloop
  endfacet
  facet normal -0.556725 0.11561 0.822613
    outer loop
      vertex 1073.5 2077.62 3209.65
      vertex 1092.5 -2000.52 3795.65
      vertex 1092.5 2079.39 3222.26
    endloop
  endfacet
  facet normal -0.556725 0.11561 0.822613
    outer loop
      vertex 1073.5 2077.62 3209.65
      vertex 1073.5 -2002.29 3783.04
      vertex 1092.5 -2000.52 3795.65
    endloop
  endfacet
  facet normal -0.267381 0.134105 0.954214
    outer loop
      vertex 1064 2077.25 3207.04
      vertex 1073.5 -2002.29 3783.04
      vertex 1073.5 2077.62 3209.65
    endloop
  endfacet
  facet normal -0.26725 0.13411 0.954249
    outer loop
      vertex 1064 2077.25 3207.04
      vertex 1064 -2002.65 3780.43
      vertex 1073.5 -2002.29 3783.04
    endloop
  endfacet
  facet normal 0.267381 0.134105 0.954213
    outer loop
      vertex 1054.5 2077.62 3209.65
      vertex 1064 -2002.65 3780.43
      vertex 1064 2077.25 3207.04
    endloop
  endfacet
  facet normal 0.26725 0.13411 0.95425
    outer loop
      vertex 1054.5 2077.62 3209.65
      vertex 1054.5 -2002.29 3783.04
      vertex 1064 -2002.65 3780.43
    endloop
  endfacet
  facet normal 0.556725 0.11561 0.822613
    outer loop
      vertex 1035.5 2079.39 3222.26
      vertex 1054.5 -2002.29 3783.04
      vertex 1054.5 2077.62 3209.65
    endloop
  endfacet
  facet normal 0.556725 0.11561 0.822613
    outer loop
      vertex 1035.5 2079.39 3222.26
      vertex 1035.5 -2000.52 3795.65
      vertex 1054.5 -2002.29 3783.04
    endloop
  endfacet
  facet normal 0.267381 0.134105 0.954214
    outer loop
      vertex 1026 2079.76 3224.87
      vertex 1035.5 -2000.52 3795.65
      vertex 1035.5 2079.39 3222.26
    endloop
  endfacet
  facet normal 0.267381 0.134105 0.954214
    outer loop
      vertex 1026 2079.76 3224.87
      vertex 1026 -2000.15 3798.26
      vertex 1035.5 -2000.52 3795.65
    endloop
  endfacet
  facet normal -0.267381 0.134105 0.954214
    outer loop
      vertex 1016.5 2079.39 3222.26
      vertex 1026 -2000.15 3798.26
      vertex 1026 2079.76 3224.87
    endloop
  endfacet
  facet normal -0.267381 0.134105 0.954214
    outer loop
      vertex 1016.5 2079.39 3222.26
      vertex 1016.5 -2000.52 3795.65
      vertex 1026 -2000.15 3798.26
    endloop
  endfacet
  facet normal -0.556725 0.11561 0.822613
    outer loop
      vertex 997.5 2077.62 3209.65
      vertex 1016.5 -2000.52 3795.65
      vertex 1016.5 2079.39 3222.26
    endloop
  endfacet
  facet normal -0.556725 0.11561 0.822613
    outer loop
      vertex 997.5 2077.62 3209.65
      vertex 997.5 -2002.29 3783.04
      vertex 1016.5 -2000.52 3795.65
    endloop
  endfacet
  facet normal -0.267381 0.134105 0.954214
    outer loop
      vertex 988 2077.25 3207.04
      vertex 997.5 -2002.29 3783.04
      vertex 997.5 2077.62 3209.65
    endloop
  endfacet
  facet normal -0.26725 0.13411 0.954249
    outer loop
      vertex 988 2077.25 3207.04
      vertex 988 -2002.65 3780.43
      vertex 997.5 -2002.29 3783.04
    endloop
  endfacet
  facet normal 0.267381 0.134105 0.954213
    outer loop
      vertex 978.5 2077.62 3209.65
      vertex 988 -2002.65 3780.43
      vertex 988 2077.25 3207.04
    endloop
  endfacet
  facet normal 0.26725 0.13411 0.95425
    outer loop
      vertex 978.5 2077.62 3209.65
      vertex 978.5 -2002.29 3783.04
      vertex 988 -2002.65 3780.43
    endloop
  endfacet
  facet normal 0.556725 0.11561 0.822613
    outer loop
      vertex 959.5 2079.39 3222.26
      vertex 978.5 -2002.29 3783.04
      vertex 978.5 2077.62 3209.65
    endloop
  endfacet
  facet normal 0.556725 0.11561 0.822613
    outer loop
      vertex 959.5 2079.39 3222.26
      vertex 959.5 -2000.52 3795.65
      vertex 978.5 -2002.29 3783.04
    endloop
  endfacet
  facet normal 0.267381 0.134105 0.954214
    outer loop
      vertex 950 2079.76 3224.87
      vertex 959.5 -2000.52 3795.65
      vertex 959.5 2079.39 3222.26
    endloop
  endfacet
  facet normal 0.267381 0.134105 0.954214
    outer loop
      vertex 950 2079.76 3224.87
      vertex 950 -2000.15 3798.26
      vertex 959.5 -2000.52 3795.65
    endloop
  endfacet
  facet normal -0.267381 0.134105 0.954214
    outer loop
      vertex 940.5 2079.39 3222.26
      vertex 950 -2000.15 3798.26
      vertex 950 2079.76 3224.87
    endloop
  endfacet
  facet normal -0.267381 0.134105 0.954214
    outer loop
      vertex 940.5 2079.39 3222.26
      vertex 940.5 -2000.52 3795.65
      vertex 950 -2000.15 3798.26
    endloop
  endfacet
  facet normal -0.556725 0.11561 0.822613
    outer loop
      vertex 921.5 2077.62 3209.65
      vertex 940.5 -2000.52 3795.65
      vertex 940.5 2079.39 3222.26
    endloop
  endfacet
  facet normal -0.556725 0.11561 0.822613
    outer loop
      vertex 921.5 2077.62 3209.65
      vertex 921.5 -2002.29 3783.04
      vertex 940.5 -2000.52 3795.65
    endloop
  endfacet
  facet normal -0.267381 0.134105 0.954214
    outer loop
      vertex 912 2077.25 3207.04
      vertex 921.5 -2002.29 3783.04
      vertex 921.5 2077.62 3209.65
    endloop
  endfacet
  facet normal -0.26725 0.13411 0.954249
    outer loop
      vertex 912 2077.25 3207.04
      vertex 912 -2002.65 3780.43
      vertex 921.5 -2002.29 3783.04
    endloop
  endfacet
  facet normal 0.267381 0.134105 0.954213
    outer loop
      vertex 902.5 2077.62 3209.65
      vertex 912 -2002.65 3780.43
      vertex 912 2077.25 3207.04
    endloop
  endfacet
  facet normal 0.26725 0.13411 0.95425
    outer loop
      vertex 902.5 2077.62 3209.65
      vertex 902.5 -2002.29 3783.04
      vertex 912 -2002.65 3780.43
    endloop
  endfacet
  facet normal 0.556725 0.11561 0.822613
    outer loop
      vertex 883.5 2079.39 3222.26
      vertex 902.5 -2002.29 3783.04
      vertex 902.5 2077.62 3209.65
    endloop
  endfacet
  facet normal 0.556725 0.11561 0.822613
    outer loop
      vertex 883.5 2079.39 3222.26
      vertex 883.5 -2000.52 3795.65
      vertex 902.5 -2002.29 3783.04
    endloop
  endfacet
  facet normal 0.267381 0.134105 0.954214
    outer loop
      vertex 874 2079.76 3224.87
      vertex 883.5 -2000.52 3795.65
      vertex 883.5 2079.39 3222.26
    endloop
  endfacet
  facet normal 0.267381 0.134105 0.954214
    outer loop
      vertex 874 2079.76 3224.87
      vertex 874 -2000.15 3798.26
      vertex 883.5 -2000.52 3795.65
    endloop
  endfacet
  facet normal -0.267381 0.134105 0.954214
    outer loop
      vertex 864.5 2079.39 3222.26
      vertex 874 -2000.15 3798.26
      vertex 874 2079.76 3224.87
    endloop
  endfacet
  facet normal -0.267381 0.134105 0.954214
    outer loop
      vertex 864.5 2079.39 3222.26
      vertex 864.5 -2000.52 3795.65
      vertex 874 -2000.15 3798.26
    endloop
  endfacet
  facet normal -0.556725 0.11561 0.822613
    outer loop
      vertex 845.5 2077.62 3209.65
      vertex 864.5 -2000.52 3795.65
      vertex 864.5 2079.39 3222.26
    endloop
  endfacet
  facet normal -0.556725 0.11561 0.822613
    outer loop
      vertex 845.5 2077.62 3209.65
      vertex 845.5 -2002.29 3783.04
      vertex 864.5 -2000.52 3795.65
    endloop
  endfacet
  facet normal -0.267381 0.134105 0.954214
    outer loop
      vertex 836 2077.25 3207.04
      vertex 845.5 -2002.29 3783.04
      vertex 845.5 2077.62 3209.65
    endloop
  endfacet
  facet normal -0.26725 0.13411 0.954249
    outer loop
      vertex 836 2077.25 3207.04
      vertex 836 -2002.65 3780.43
      vertex 845.5 -2002.29 3783.04
    endloop
  endfacet
  facet normal 0.267381 0.134105 0.954213
    outer loop
      vertex 826.5 2077.62 3209.65
      vertex 836 -2002.65 3780.43
      vertex 836 2077.25 3207.04
    endloop
  endfacet
  facet normal 0.26725 0.13411 0.95425
    outer loop
      vertex 826.5 2077.62 3209.65
      vertex 826.5 -2002.29 3783.04
      vertex 836 -2002.65 3780.43
    endloop
  endfacet
  facet normal 0.556725 0.11561 0.822613
    outer loop
      vertex 807.5 2079.39 3222.26
      vertex 826.5 -2002.29 3783.04
      vertex 826.5 2077.62 3209.65
    endloop
  endfacet
  facet normal 0.556725 0.11561 0.822613
    outer loop
      vertex 807.5 2079.39 3222.26
      vertex 807.5 -2000.52 3795.65
      vertex 826.5 -2002.29 3783.04
    endloop
  endfacet
  facet normal 0.267381 0.134105 0.954214
    outer loop
      vertex 798 2079.76 3224.87
      vertex 807.5 -2000.52 3795.65
      vertex 807.5 2079.39 3222.26
    endloop
  endfacet
  facet normal 0.267381 0.134105 0.954214
    outer loop
      vertex 798 2079.76 3224.87
      vertex 798 -2000.15 3798.26
      vertex 807.5 -2000.52 3795.65
    endloop
  endfacet
  facet normal -0.267381 0.134105 0.954214
    outer loop
      vertex 788.5 2079.39 3222.26
      vertex 798 -2000.15 3798.26
      vertex 798 2079.76 3224.87
    endloop
  endfacet
  facet normal -0.267381 0.134105 0.954214
    outer loop
      vertex 788.5 2079.39 3222.26
      vertex 788.5 -2000.52 3795.65
      vertex 798 -2000.15 3798.26
    endloop
  endfacet
  facet normal -0.556725 0.11561 0.822613
    outer loop
      vertex 769.5 2077.62 3209.65
      vertex 788.5 -2000.52 3795.65
      vertex 788.5 2079.39 3222.26
    endloop
  endfacet
  facet normal -0.556725 0.11561 0.822613
    outer loop
      vertex 769.5 2077.62 3209.65
      vertex 769.5 -2002.29 3783.04
      vertex 788.5 -2000.52 3795.65
    endloop
  endfacet
  facet normal -0.267381 0.134105 0.954214
    outer loop
      vertex 760 2077.25 3207.04
      vertex 769.5 -2002.29 3783.04
      vertex 769.5 2077.62 3209.65
    endloop
  endfacet
  facet normal -0.26725 0.13411 0.954249
    outer loop
      vertex 760 2077.25 3207.04
      vertex 760 -2002.65 3780.43
      vertex 769.5 -2002.29 3783.04
    endloop
  endfacet
  facet normal 0.267381 0.134105 0.954213
    outer loop
      vertex 750.5 2077.62 3209.65
      vertex 760 -2002.65 3780.43
      vertex 760 2077.25 3207.04
    endloop
  endfacet
  facet normal 0.26725 0.13411 0.95425
    outer loop
      vertex 750.5 2077.62 3209.65
      vertex 750.5 -2002.29 3783.04
      vertex 760 -2002.65 3780.43
    endloop
  endfacet
  facet normal 0.556725 0.11561 0.822613
    outer loop
      vertex 731.5 2079.39 3222.26
      vertex 750.5 -2002.29 3783.04
      vertex 750.5 2077.62 3209.65
    endloop
  endfacet
  facet normal 0.556725 0.11561 0.822613
    outer loop
      vertex 731.5 2079.39 3222.26
      vertex 731.5 -2000.52 3795.65
      vertex 750.5 -2002.29 3783.04
    endloop
  endfacet
  facet normal 0.267381 0.134105 0.954214
    outer loop
      vertex 722 2079.76 3224.87
      vertex 731.5 -2000.52 3795.65
      vertex 731.5 2079.39 3222.26
    endloop
  endfacet
  facet normal 0.267381 0.134105 0.954214
    outer loop
      vertex 722 2079.76 3224.87
      vertex 722 -2000.15 3798.26
      vertex 731.5 -2000.52 3795.65
    endloop
  endfacet
  facet normal -0.267381 0.134105 0.954214
    outer loop
      vertex 712.5 2079.39 3222.26
      vertex 722 -2000.15 3798.26
      vertex 722 2079.76 3224.87
    endloop
  endfacet
  facet normal -0.267381 0.134105 0.954214
    outer loop
      vertex 712.5 2079.39 3222.26
      vertex 712.5 -2000.52 3795.65
      vertex 722 -2000.15 3798.26
    endloop
  endfacet
  facet normal -0.556725 0.11561 0.822613
    outer loop
      vertex 693.5 2077.62 3209.65
      vertex 712.5 -2000.52 3795.65
      vertex 712.5 2079.39 3222.26
    endloop
  endfacet
  facet normal -0.556725 0.11561 0.822613
    outer loop
      vertex 693.5 2077.62 3209.65
      vertex 693.5 -2002.29 3783.04
      vertex 712.5 -2000.52 3795.65
    endloop
  endfacet
  facet normal -0.267381 0.134105 0.954214
    outer loop
      vertex 684 2077.25 3207.04
      vertex 693.5 -2002.29 3783.04
      vertex 693.5 2077.62 3209.65
    endloop
  endfacet
  facet normal -0.26725 0.13411 0.954249
    outer loop
      vertex 684 2077.25 3207.04
      vertex 684 -2002.65 3780.43
      vertex 693.5 -2002.29 3783.04
    endloop
  endfacet
  facet normal 0.267381 0.134105 0.954213
    outer loop
      vertex 674.5 2077.62 3209.65
      vertex 684 -2002.65 3780.43
      vertex 684 2077.25 3207.04
    endloop
  endfacet
  facet normal 0.26725 0.13411 0.95425
    outer loop
      vertex 674.5 2077.62 3209.65
      vertex 674.5 -2002.29 3783.04
      vertex 684 -2002.65 3780.43
    endloop
  endfacet
  facet normal 0.556725 0.11561 0.822613
    outer loop
      vertex 655.5 2079.39 3222.26
      vertex 674.5 -2002.29 3783.04
      vertex 674.5 2077.62 3209.65
    endloop
  endfacet
  facet normal 0.556725 0.11561 0.822613
    outer loop
      vertex 655.5 2079.39 3222.26
      vertex 655.5 -2000.52 3795.65
      vertex 674.5 -2002.29 3783.04
    endloop
  endfacet
  facet normal 0.267381 0.134105 0.954214
    outer loop
      vertex 646 2079.76 3224.87
      vertex 655.5 -2000.52 3795.65
      vertex 655.5 2079.39 3222.26
    endloop
  endfacet
  facet normal 0.267381 0.134105 0.954214
    outer loop
      vertex 646 2079.76 3224.87
      vertex 646 -2000.15 3798.26
      vertex 655.5 -2000.52 3795.65
    endloop
  endfacet
  facet normal -0.267381 0.134105 0.954214
    outer loop
      vertex 636.5 2079.39 3222.26
      vertex 646 -2000.15 3798.26
      vertex 646 2079.76 3224.87
    endloop
  endfacet
  facet normal -0.267381 0.134105 0.954214
    outer loop
      vertex 636.5 2079.39 3222.26
      vertex 636.5 -2000.52 3795.65
      vertex 646 -2000.15 3798.26
    endloop
  endfacet
  facet normal -0.556725 0.11561 0.822613
    outer loop
      vertex 617.5 2077.62 3209.65
      vertex 636.5 -2000.52 3795.65
      vertex 636.5 2079.39 3222.26
    endloop
  endfacet
  facet normal -0.556725 0.11561 0.822613
    outer loop
      vertex 617.5 2077.62 3209.65
      vertex 617.5 -2002.29 3783.04
      vertex 636.5 -2000.52 3795.65
    endloop
  endfacet
  facet normal -0.267381 0.134105 0.954214
    outer loop
      vertex 608 2077.25 3207.04
      vertex 617.5 -2002.29 3783.04
      vertex 617.5 2077.62 3209.65
    endloop
  endfacet
  facet normal -0.26725 0.13411 0.954249
    outer loop
      vertex 608 2077.25 3207.04
      vertex 608 -2002.65 3780.43
      vertex 617.5 -2002.29 3783.04
    endloop
  endfacet
  facet normal 0.267381 0.134105 0.954213
    outer loop
      vertex 598.5 2077.62 3209.65
      vertex 608 -2002.65 3780.43
      vertex 608 2077.25 3207.04
    endloop
  endfacet
  facet normal 0.26725 0.13411 0.95425
    outer loop
      vertex 598.5 2077.62 3209.65
      vertex 598.5 -2002.29 3783.04
      vertex 608 -2002.65 3780.43
    endloop
  endfacet
  facet normal 0.556725 0.11561 0.822613
    outer loop
      vertex 579.5 2079.39 3222.26
      vertex 598.5 -2002.29 3783.04
      vertex 598.5 2077.62 3209.65
    endloop
  endfacet
  facet normal 0.556725 0.11561 0.822613
    outer loop
      vertex 579.5 2079.39 3222.26
      vertex 579.5 -2000.52 3795.65
      vertex 598.5 -2002.29 3783.04
    endloop
  endfacet
  facet normal 0.267381 0.134105 0.954214
    outer loop
      vertex 570 2079.76 3224.87
      vertex 579.5 -2000.52 3795.65
      vertex 579.5 2079.39 3222.26
    endloop
  endfacet
  facet normal 0.267381 0.134105 0.954214
    outer loop
      vertex 570 2079.76 3224.87
      vertex 570 -2000.15 3798.26
      vertex 579.5 -2000.52 3795.65
    endloop
  endfacet
  facet normal -0.267381 0.134105 0.954214
    outer loop
      vertex 560.5 2079.39 3222.26
      vertex 570 -2000.15 3798.26
      vertex 570 2079.76 3224.87
    endloop
  endfacet
  facet normal -0.267381 0.134105 0.954214
    outer loop
      vertex 560.5 2079.39 3222.26
      vertex 560.5 -2000.52 3795.65
      vertex 570 -2000.15 3798.26
    endloop
  endfacet
  facet normal -0.556725 0.11561 0.822613
    outer loop
      vertex 541.5 2077.62 3209.65
      vertex 560.5 -2000.52 3795.65
      vertex 560.5 2079.39 3222.26
    endloop
  endfacet
  facet normal -0.556725 0.11561 0.822613
    outer loop
      vertex 541.5 2077.62 3209.65
      vertex 541.5 -2002.29 3783.04
      vertex 560.5 -2000.52 3795.65
    endloop
  endfacet
  facet normal -0.267381 0.134105 0.954214
    outer loop
      vertex 532 2077.25 3207.04
      vertex 541.5 -2002.29 3783.04
      vertex 541.5 2077.62 3209.65
    endloop
  endfacet
  facet normal -0.26725 0.13411 0.954249
    outer loop
      vertex 532 2077.25 3207.04
      vertex 532 -2002.65 3780.43
      vertex 541.5 -2002.29 3783.04
    endloop
  endfacet
  facet normal 0.267381 0.134105 0.954213
    outer loop
      vertex 522.5 2077.62 3209.65
      vertex 532 -2002.65 3780.43
      vertex 532 2077.25 3207.04
    endloop
  endfacet
  facet normal 0.26725 0.13411 0.95425
    outer loop
      vertex 522.5 2077.62 3209.65
      vertex 522.5 -2002.29 3783.04
      vertex 532 -2002.65 3780.43
    endloop
  endfacet
  facet normal 0.556725 0.11561 0.822613
    outer loop
      vertex 503.5 2079.39 3222.26
      vertex 522.5 -2002.29 3783.04
      vertex 522.5 2077.62 3209.65
    endloop
  endfacet
  facet normal 0.556725 0.11561 0.822613
    outer loop
      vertex 503.5 2079.39 3222.26
      vertex 503.5 -2000.52 3795.65
      vertex 522.5 -2002.29 3783.04
    endloop
  endfacet
  facet normal 0.267381 0.134105 0.954214
    outer loop
      vertex 494 2079.76 3224.87
      vertex 503.5 -2000.52 3795.65
      vertex 503.5 2079.39 3222.26
    endloop
  endfacet
  facet normal 0.267381 0.134105 0.954214
    outer loop
      vertex 494 2079.76 3224.87
      vertex 494 -2000.15 3798.26
      vertex 503.5 -2000.52 3795.65
    endloop
  endfacet
  facet normal -0.267381 0.134105 0.954214
    outer loop
      vertex 484.5 2079.39 3222.26
      vertex 494 -2000.15 3798.26
      vertex 494 2079.76 3224.87
    endloop
  endfacet
  facet normal -0.267381 0.134105 0.954214
    outer loop
      vertex 484.5 2079.39 3222.26
      vertex 484.5 -2000.52 3795.65
      vertex 494 -2000.15 3798.26
    endloop
  endfacet
  facet normal -0.556725 0.11561 0.822613
    outer loop
      vertex 465.5 2077.62 3209.65
      vertex 484.5 -2000.52 3795.65
      vertex 484.5 2079.39 3222.26
    endloop
  endfacet
  facet normal -0.556725 0.11561 0.822613
    outer loop
      vertex 465.5 2077.62 3209.65
      vertex 465.5 -2002.29 3783.04
      vertex 484.5 -2000.52 3795.65
    endloop
  endfacet
  facet normal -0.267381 0.134105 0.954214
    outer loop
      vertex 456 2077.25 3207.04
      vertex 465.5 -2002.29 3783.04
      vertex 465.5 2077.62 3209.65
    endloop
  endfacet
  facet normal -0.26725 0.13411 0.954249
    outer loop
      vertex 456 2077.25 3207.04
      vertex 456 -2002.65 3780.43
      vertex 465.5 -2002.29 3783.04
    endloop
  endfacet
  facet normal 0.267381 0.134105 0.954213
    outer loop
      vertex 446.5 2077.62 3209.65
      vertex 456 -2002.65 3780.43
      vertex 456 2077.25 3207.04
    endloop
  endfacet
  facet normal 0.26725 0.13411 0.95425
    outer loop
      vertex 446.5 2077.62 3209.65
      vertex 446.5 -2002.29 3783.04
      vertex 456 -2002.65 3780.43
    endloop
  endfacet
  facet normal 0.556725 0.11561 0.822613
    outer loop
      vertex 427.5 2079.39 3222.26
      vertex 446.5 -2002.29 3783.04
      vertex 446.5 2077.62 3209.65
    endloop
  endfacet
  facet normal 0.556725 0.11561 0.822613
    outer loop
      vertex 427.5 2079.39 3222.26
      vertex 427.5 -2000.52 3795.65
      vertex 446.5 -2002.29 3783.04
    endloop
  endfacet
  facet normal 0.267381 0.134105 0.954214
    outer loop
      vertex 418 2079.76 3224.87
      vertex 427.5 -2000.52 3795.65
      vertex 427.5 2079.39 3222.26
    endloop
  endfacet
  facet normal 0.267381 0.134105 0.954214
    outer loop
      vertex 418 2079.76 3224.87
      vertex 418 -2000.15 3798.26
      vertex 427.5 -2000.52 3795.65
    endloop
  endfacet
  facet normal -0.267381 0.134105 0.954214
    outer loop
      vertex 408.5 2079.39 3222.26
      vertex 418 -2000.15 3798.26
      vertex 418 2079.76 3224.87
    endloop
  endfacet
  facet normal -0.267381 0.134105 0.954214
    outer loop
      vertex 408.5 2079.39 3222.26
      vertex 408.5 -2000.52 3795.65
      vertex 418 -2000.15 3798.26
    endloop
  endfacet
  facet normal -0.556725 0.11561 0.822613
    outer loop
      vertex 389.5 2077.62 3209.65
      vertex 408.5 -2000.52 3795.65
      vertex 408.5 2079.39 3222.26
    endloop
  endfacet
  facet normal -0.556725 0.11561 0.822613
    outer loop
      vertex 389.5 2077.62 3209.65
      vertex 389.5 -2002.29 3783.04
      vertex 408.5 -2000.52 3795.65
    endloop
  endfacet
  facet normal -0.267381 0.134105 0.954214
    outer loop
      vertex 380 2077.25 3207.04
      vertex 389.5 -2002.29 3783.04
      vertex 389.5 2077.62 3209.65
    endloop
  endfacet
  facet normal -0.26725 0.13411 0.954249
    outer loop
      vertex 380 2077.25 3207.04
      vertex 380 -2002.65 3780.43
      vertex 389.5 -2002.29 3783.04
    endloop
  endfacet
  facet normal 0.267381 0.134105 0.954213
    outer loop
      vertex 370.5 2077.62 3209.65
      vertex 380 -2002.65 3780.43
      vertex 380 2077.25 3207.04
    endloop
  endfacet
  facet normal 0.26725 0.13411 0.95425
    outer loop
      vertex 370.5 2077.62 3209.65
      vertex 370.5 -2002.29 3783.04
      vertex 380 -2002.65 3780.43
    endloop
  endfacet
  facet normal 0.556725 0.11561 0.822613
    outer loop
      vertex 351.5 2079.39 3222.26
      vertex 370.5 -2002.29 3783.04
      vertex 370.5 2077.62 3209.65
    endloop
  endfacet
  facet normal 0.556725 0.11561 0.822613
    outer loop
      vertex 351.5 2079.39 3222.26
      vertex 351.5 -2000.52 3795.65
      vertex 370.5 -2002.29 3783.04
    endloop
  endfacet
  facet normal 0.267381 0.134105 0.954214
    outer loop
      vertex 342 2079.76 3224.87
      vertex 351.5 -2000.52 3795.65
      vertex 351.5 2079.39 3222.26
    endloop
  endfacet
  facet normal 0.267381 0.134105 0.954214
    outer loop
      vertex 342 2079.76 3224.87
      vertex 342 -2000.15 3798.26
      vertex 351.5 -2000.52 3795.65
    endloop
  endfacet
  facet normal -0.267381 0.134105 0.954214
    outer loop
      vertex 332.5 2079.39 3222.26
      vertex 342 -2000.15 3798.26
      vertex 342 2079.76 3224.87
    endloop
  endfacet
  facet normal -0.267381 0.134105 0.954214
    outer loop
      vertex 332.5 2079.39 3222.26
      vertex 332.5 -2000.52 3795.65
      vertex 342 -2000.15 3798.26
    endloop
  endfacet
  facet normal -0.556725 0.11561 0.822613
    outer loop
      vertex 313.5 2077.62 3209.65
      vertex 332.5 -2000.52 3795.65
      vertex 332.5 2079.39 3222.26
    endloop
  endfacet
  facet normal -0.556725 0.11561 0.822613
    outer loop
      vertex 313.5 2077.62 3209.65
      vertex 313.5 -2002.29 3783.04
      vertex 332.5 -2000.52 3795.65
    endloop
  endfacet
  facet normal -0.267381 0.134105 0.954214
    outer loop
      vertex 304 2077.25 3207.04
      vertex 313.5 -2002.29 3783.04
      vertex 313.5 2077.62 3209.65
    endloop
  endfacet
  facet normal -0.26725 0.13411 0.954249
    outer loop
      vertex 304 2077.25 3207.04
      vertex 304 -2002.65 3780.43
      vertex 313.5 -2002.29 3783.04
    endloop
  endfacet
  facet normal 0.267381 0.134105 0.954213
    outer loop
      vertex 294.5 2077.62 3209.65
      vertex 304 -2002.65 3780.43
      vertex 304 2077.25 3207.04
    endloop
  endfacet
  facet normal 0.26725 0.13411 0.95425
    outer loop
      vertex 294.5 2077.62 3209.65
      vertex 294.5 -2002.29 3783.04
      vertex 304 -2002.65 3780.43
    endloop
  endfacet
  facet normal 0.556725 0.11561 0.822613
    outer loop
      vertex 275.5 2079.39 3222.26
      vertex 294.5 -2002.29 3783.04
      vertex 294.5 2077.62 3209.65
    endloop
  endfacet
  facet normal 0.556725 0.11561 0.822613
    outer loop
      vertex 275.5 2079.39 3222.26
      vertex 275.5 -2000.52 3795.65
      vertex 294.5 -2002.29 3783.04
    endloop
  endfacet
  facet normal 0.267381 0.134105 0.954214
    outer loop
      vertex 266 2079.76 3224.87
      vertex 275.5 -2000.52 3795.65
      vertex 275.5 2079.39 3222.26
    endloop
  endfacet
  facet normal 0.267381 0.134105 0.954214
    outer loop
      vertex 266 2079.76 3224.87
      vertex 266 -2000.15 3798.26
      vertex 275.5 -2000.52 3795.65
    endloop
  endfacet
  facet normal -0.267381 0.134105 0.954214
    outer loop
      vertex 256.5 2079.39 3222.26
      vertex 266 -2000.15 3798.26
      vertex 266 2079.76 3224.87
    endloop
  endfacet
  facet normal -0.267381 0.134105 0.954214
    outer loop
      vertex 256.5 2079.39 3222.26
      vertex 256.5 -2000.52 3795.65
      vertex 266 -2000.15 3798.26
    endloop
  endfacet
  facet normal -0.556725 0.11561 0.822613
    outer loop
      vertex 237.5 2077.62 3209.65
      vertex 256.5 -2000.52 3795.65
      vertex 256.5 2079.39 3222.26
    endloop
  endfacet
  facet normal -0.556725 0.11561 0.822613
    outer loop
      vertex 237.5 2077.62 3209.65
      vertex 237.5 -2002.29 3783.04
      vertex 256.5 -2000.52 3795.65
    endloop
  endfacet
  facet normal -0.267381 0.134105 0.954214
    outer loop
      vertex 228 2077.25 3207.04
      vertex 237.5 -2002.29 3783.04
      vertex 237.5 2077.62 3209.65
    endloop
  endfacet
  facet normal -0.26725 0.13411 0.954249
    outer loop
      vertex 228 2077.25 3207.04
      vertex 228 -2002.65 3780.43
      vertex 237.5 -2002.29 3783.04
    endloop
  endfacet
  facet normal 0.267381 0.134105 0.954213
    outer loop
      vertex 218.5 2077.62 3209.65
      vertex 228 -2002.65 3780.43
      vertex 228 2077.25 3207.04
    endloop
  endfacet
  facet normal 0.26725 0.13411 0.95425
    outer loop
      vertex 218.5 2077.62 3209.65
      vertex 218.5 -2002.29 3783.04
      vertex 228 -2002.65 3780.43
    endloop
  endfacet
  facet normal 0.556725 0.11561 0.822613
    outer loop
      vertex 199.5 2079.39 3222.26
      vertex 218.5 -2002.29 3783.04
      vertex 218.5 2077.62 3209.65
    endloop
  endfacet
  facet normal 0.556725 0.11561 0.822613
    outer loop
      vertex 199.5 2079.39 3222.26
      vertex 199.5 -2000.52 3795.65
      vertex 218.5 -2002.29 3783.04
    endloop
  endfacet
  facet normal 0.267381 0.134105 0.954214
    outer loop
      vertex 190 2079.76 3224.87
      vertex 199.5 -2000.52 3795.65
      vertex 199.5 2079.39 3222.26
    endloop
  endfacet
  facet normal 0.267381 0.134105 0.954214
    outer loop
      vertex 190 2079.76 3224.87
      vertex 190 -2000.15 3798.26
      vertex 199.5 -2000.52 3795.65
    endloop
  endfacet
  facet normal -0.267381 0.134105 0.954214
    outer loop
      vertex 180.5 2079.39 3222.26
      vertex 190 -2000.15 3798.26
      vertex 190 2079.76 3224.87
    endloop
  endfacet
  facet normal -0.267381 0.134105 0.954214
    outer loop
      vertex 180.5 2079.39 3222.26
      vertex 180.5 -2000.52 3795.65
      vertex 190 -2000.15 3798.26
    endloop
  endfacet
  facet normal -0.556725 0.11561 0.822613
    outer loop
      vertex 161.5 2077.62 3209.65
      vertex 180.5 -2000.52 3795.65
      vertex 180.5 2079.39 3222.26
    endloop
  endfacet
  facet normal -0.556725 0.11561 0.822613
    outer loop
      vertex 161.5 2077.62 3209.65
      vertex 161.5 -2002.29 3783.04
      vertex 180.5 -2000.52 3795.65
    endloop
  endfacet
  facet normal -0.267381 0.134105 0.954214
    outer loop
      vertex 152 2077.25 3207.04
      vertex 161.5 -2002.29 3783.04
      vertex 161.5 2077.62 3209.65
    endloop
  endfacet
  facet normal -0.26725 0.13411 0.954249
    outer loop
      vertex 152 2077.25 3207.04
      vertex 152 -2002.65 3780.43
      vertex 161.5 -2002.29 3783.04
    endloop
  endfacet
  facet normal 0.267381 0.134105 0.954213
    outer loop
      vertex 142.5 2077.62 3209.65
      vertex 152 -2002.65 3780.43
      vertex 152 2077.25 3207.04
    endloop
  endfacet
  facet normal 0.26725 0.13411 0.95425
    outer loop
      vertex 142.5 2077.62 3209.65
      vertex 142.5 -2002.29 3783.04
      vertex 152 -2002.65 3780.43
    endloop
  endfacet
  facet normal 0.556725 0.11561 0.822613
    outer loop
      vertex 123.5 2079.39 3222.26
      vertex 142.5 -2002.29 3783.04
      vertex 142.5 2077.62 3209.65
    endloop
  endfacet
  facet normal 0.556725 0.11561 0.822613
    outer loop
      vertex 123.5 2079.39 3222.26
      vertex 123.5 -2000.52 3795.65
      vertex 142.5 -2002.29 3783.04
    endloop
  endfacet
  facet normal 0.267381 0.134105 0.954214
    outer loop
      vertex 114 2079.76 3224.87
      vertex 123.5 -2000.52 3795.65
      vertex 123.5 2079.39 3222.26
    endloop
  endfacet
  facet normal 0.267381 0.134105 0.954214
    outer loop
      vertex 114 2079.76 3224.87
      vertex 114 -2000.15 3798.26
      vertex 123.5 -2000.52 3795.65
    endloop
  endfacet
  facet normal -0.267381 0.134105 0.954214
    outer loop
      vertex 104.5 2079.39 3222.26
      vertex 114 -2000.15 3798.26
      vertex 114 2079.76 3224.87
    endloop
  endfacet
  facet normal -0.267381 0.134105 0.954214
    outer loop
      vertex 104.5 2079.39 3222.26
      vertex 104.5 -2000.52 3795.65
      vertex 114 -2000.15 3798.26
    endloop
  endfacet
  facet normal -0.556725 0.11561 0.822613
    outer loop
      vertex 85.5 2077.62 3209.65
      vertex 104.5 -2000.52 3795.65
      vertex 104.5 2079.39 3222.26
    endloop
  endfacet
  facet normal -0.556725 0.11561 0.822613
    outer loop
      vertex 85.5 2077.62 3209.65
      vertex 85.5 -2002.29 3783.04
      vertex 104.5 -2000.52 3795.65
    endloop
  endfacet
  facet normal -0.267381 0.134105 0.954214
    outer loop
      vertex 76 2077.25 3207.04
      vertex 85.5 -2002.29 3783.04
      vertex 85.5 2077.62 3209.65
    endloop
  endfacet
  facet normal -0.26725 0.13411 0.954249
    outer loop
      vertex 76 2077.25 3207.04
      vertex 76 -2002.65 3780.43
      vertex 85.5 -2002.29 3783.04
    endloop
  endfacet
  facet normal 0.267381 0.134105 0.954213
    outer loop
      vertex 66.5 2077.62 3209.65
      vertex 76 -2002.65 3780.43
      vertex 76 2077.25 3207.04
    endloop
  endfacet
  facet normal 0.26725 0.13411 0.95425
    outer loop
      vertex 66.5 2077.62 3209.65
      vertex 66.5 -2002.29 3783.04
      vertex 76 -2002.65 3780.43
    endloop
  endfacet
  facet normal 0.556725 0.11561 0.822613
    outer loop
      vertex 47.5 2079.39 3222.26
      vertex 66.5 -2002.29 3783.04
      vertex 66.5 2077.62 3209.65
    endloop
  endfacet
  facet normal 0.556725 0.11561 0.822613
    outer loop
      vertex 47.5 2079.39 3222.26
      vertex 47.5 -2000.52 3795.65
      vertex 66.5 -2002.29 3783.04
    endloop
  endfacet
  facet normal 0.267381 0.134105 0.954214
    outer loop
      vertex 38 2079.76 3224.87
      vertex 47.5 -2000.52 3795.65
      vertex 47.5 2079.39 3222.26
    endloop
  endfacet
  facet normal 0.267381 0.134105 0.954214
    outer loop
      vertex 38 2079.76 3224.87
      vertex 38 -2000.15 3798.26
      vertex 47.5 -2000.52 3795.65
    endloop
  endfacet
  facet normal -0.267381 0.134105 0.954214
    outer loop
      vertex 28.5 2079.39 3222.26
      vertex 38 -2000.15 3798.26
      vertex 38 2079.76 3224.87
    endloop
  endfacet
  facet normal -0.267381 0.134105 0.954214
    outer loop
      vertex 28.5 2079.39 3222.26
      vertex 28.5 -2000.52 3795.65
      vertex 38 -2000.15 3798.26
    endloop
  endfacet
  facet normal -0.556725 0.11561 0.822613
    outer loop
      vertex 9.5 2077.62 3209.65
      vertex 28.5 -2000.52 3795.65
      vertex 28.5 2079.39 3222.26
    endloop
  endfacet
  facet normal -0.556725 0.11561 0.822613
    outer loop
      vertex 9.5 2077.62 3209.65
      vertex 9.5 -2002.29 3783.04
      vertex 28.5 -2000.52 3795.65
    endloop
  endfacet
  facet normal -0.267381 0.134105 0.954214
    outer loop
      vertex 0 2077.25 3207.04
      vertex 9.5 -2002.29 3783.04
      vertex 9.5 2077.62 3209.65
    endloop
  endfacet
  facet normal -0.26725 0.13411 0.954249
    outer loop
      vertex 0 2077.25 3207.04
      vertex 0 -2002.65 3780.43
      vertex 9.5 -2002.29 3783.04
    endloop
  endfacet
  facet normal 0.267381 0.134105 0.954213
    outer loop
      vertex -9.5 2077.62 3209.65
      vertex 0 -2002.65 3780.43
      vertex 0 2077.25 3207.04
    endloop
  endfacet
  facet normal 0.26725 0.13411 0.95425
    outer loop
      vertex -9.5 2077.62 3209.65
      vertex -9.5 -2002.29 3783.04
      vertex 0 -2002.65 3780.43
    endloop
  endfacet
  facet normal 0.556725 0.11561 0.822613
    outer loop
      vertex -28.5 2079.39 3222.26
      vertex -9.5 -2002.29 3783.04
      vertex -9.5 2077.62 3209.65
    endloop
  endfacet
  facet normal 0.556725 0.11561 0.822613
    outer loop
      vertex -28.5 2079.39 3222.26
      vertex -28.5 -2000.52 3795.65
      vertex -9.5 -2002.29 3783.04
    endloop
  endfacet
  facet normal 0.267381 0.134105 0.954214
    outer loop
      vertex -38 2079.76 3224.87
      vertex -28.5 -2000.52 3795.65
      vertex -28.5 2079.39 3222.26
    endloop
  endfacet
  facet normal 0.267381 0.134105 0.954214
    outer loop
      vertex -38 2079.76 3224.87
      vertex -38 -2000.15 3798.26
      vertex -28.5 -2000.52 3795.65
    endloop
  endfacet
  facet normal -0.267381 0.134105 0.954214
    outer loop
      vertex -47.5 2079.39 3222.26
      vertex -38 -2000.15 3798.26
      vertex -38 2079.76 3224.87
    endloop
  endfacet
  facet normal -0.267381 0.134105 0.954214
    outer loop
      vertex -47.5 2079.39 3222.26
      vertex -47.5 -2000.52 3795.65
      vertex -38 -2000.15 3798.26
    endloop
  endfacet
  facet normal -0.556725 0.11561 0.822613
    outer loop
      vertex -66.5 2077.62 3209.65
      vertex -47.5 -2000.52 3795.65
      vertex -47.5 2079.39 3222.26
    endloop
  endfacet
  facet normal -0.556725 0.11561 0.822613
    outer loop
      vertex -66.5 2077.62 3209.65
      vertex -66.5 -2002.29 3783.04
      vertex -47.5 -2000.52 3795.65
    endloop
  endfacet
  facet normal -0.267381 0.134105 0.954214
    outer loop
      vertex -76 2077.25 3207.04
      vertex -66.5 -2002.29 3783.04
      vertex -66.5 2077.62 3209.65
    endloop
  endfacet
  facet normal -0.26725 0.13411 0.954249
    outer loop
      vertex -76 2077.25 3207.04
      vertex -76 -2002.65 3780.43
      vertex -66.5 -2002.29 3783.04
    endloop
  endfacet
  facet normal 0.267381 0.134105 0.954213
    outer loop
      vertex -85.5 2077.62 3209.65
      vertex -76 -2002.65 3780.43
      vertex -76 2077.25 3207.04
    endloop
  endfacet
  facet normal 0.26725 0.13411 0.95425
    outer loop
      vertex -85.5 2077.62 3209.65
      vertex -85.5 -2002.29 3783.04
      vertex -76 -2002.65 3780.43
    endloop
  endfacet
  facet normal 0.556725 0.11561 0.822613
    outer loop
      vertex -104.5 2079.39 3222.26
      vertex -85.5 -2002.29 3783.04
      vertex -85.5 2077.62 3209.65
    endloop
  endfacet
  facet normal 0.556725 0.11561 0.822613
    outer loop
      vertex -104.5 2079.39 3222.26
      vertex -104.5 -2000.52 3795.65
      vertex -85.5 -2002.29 3783.04
    endloop
  endfacet
  facet normal 0.267381 0.134105 0.954214
    outer loop
      vertex -114 2079.76 3224.87
      vertex -104.5 -2000.52 3795.65
      vertex -104.5 2079.39 3222.26
    endloop
  endfacet
  facet normal 0.267381 0.134105 0.954214
    outer loop
      vertex -114 2079.76 3224.87
      vertex -114 -2000.15 3798.26
      vertex -104.5 -2000.52 3795.65
    endloop
  endfacet
  facet normal -0.267381 0.134105 0.954214
    outer loop
      vertex -123.5 2079.39 3222.26
      vertex -114 -2000.15 3798.26
      vertex -114 2079.76 3224.87
    endloop
  endfacet
  facet normal -0.267381 0.134105 0.954214
    outer loop
      vertex -123.5 2079.39 3222.26
      vertex -123.5 -2000.52 3795.65
      vertex -114 -2000.15 3798.26
    endloop
  endfacet
  facet normal -0.556725 0.11561 0.822613
    outer loop
      vertex -142.5 2077.62 3209.65
      vertex -123.5 -2000.52 3795.65
      vertex -123.5 2079.39 3222.26
    endloop
  endfacet
  facet normal -0.556725 0.11561 0.822613
    outer loop
      vertex -142.5 2077.62 3209.65
      vertex -142.5 -2002.29 3783.04
      vertex -123.5 -2000.52 3795.65
    endloop
  endfacet
  facet normal -0.267381 0.134105 0.954214
    outer loop
      vertex -152 2077.25 3207.04
      vertex -142.5 -2002.29 3783.04
      vertex -142.5 2077.62 3209.65
    endloop
  endfacet
  facet normal -0.26725 0.13411 0.954249
    outer loop
      vertex -152 2077.25 3207.04
      vertex -152 -2002.65 3780.43
      vertex -142.5 -2002.29 3783.04
    endloop
  endfacet
  facet normal 0.267381 0.134105 0.954213
    outer loop
      vertex -161.5 2077.62 3209.65
      vertex -152 -2002.65 3780.43
      vertex -152 2077.25 3207.04
    endloop
  endfacet
  facet normal 0.26725 0.13411 0.95425
    outer loop
      vertex -161.5 2077.62 3209.65
      vertex -161.5 -2002.29 3783.04
      vertex -152 -2002.65 3780.43
    endloop
  endfacet
  facet normal 0.556725 0.11561 0.822613
    outer loop
      vertex -180.5 2079.39 3222.26
      vertex -161.5 -2002.29 3783.04
      vertex -161.5 2077.62 3209.65
    endloop
  endfacet
  facet normal 0.556725 0.11561 0.822613
    outer loop
      vertex -180.5 2079.39 3222.26
      vertex -180.5 -2000.52 3795.65
      vertex -161.5 -2002.29 3783.04
    endloop
  endfacet
  facet normal 0.267381 0.134105 0.954214
    outer loop
      vertex -190 2079.76 3224.87
      vertex -180.5 -2000.52 3795.65
      vertex -180.5 2079.39 3222.26
    endloop
  endfacet
  facet normal 0.267381 0.134105 0.954214
    outer loop
      vertex -190 2079.76 3224.87
      vertex -190 -2000.15 3798.26
      vertex -180.5 -2000.52 3795.65
    endloop
  endfacet
  facet normal -0.267381 0.134105 0.954214
    outer loop
      vertex -199.5 2079.39 3222.26
      vertex -190 -2000.15 3798.26
      vertex -190 2079.76 3224.87
    endloop
  endfacet
  facet normal -0.267381 0.134105 0.954214
    outer loop
      vertex -199.5 2079.39 3222.26
      vertex -199.5 -2000.52 3795.65
      vertex -190 -2000.15 3798.26
    endloop
  endfacet
  facet normal -0.556725 0.11561 0.822613
    outer loop
      vertex -218.5 2077.62 3209.65
      vertex -199.5 -2000.52 3795.65
      vertex -199.5 2079.39 3222.26
    endloop
  endfacet
  facet normal -0.556725 0.11561 0.822613
    outer loop
      vertex -218.5 2077.62 3209.65
      vertex -218.5 -2002.29 3783.04
      vertex -199.5 -2000.52 3795.65
    endloop
  endfacet
  facet normal -0.267381 0.134105 0.954214
    outer loop
      vertex -228 2077.25 3207.04
      vertex -218.5 -2002.29 3783.04
      vertex -218.5 2077.62 3209.65
    endloop
  endfacet
  facet normal -0.26725 0.13411 0.954249
    outer loop
      vertex -228 2077.25 3207.04
      vertex -228 -2002.65 3780.43
      vertex -218.5 -2002.29 3783.04
    endloop
  endfacet
  facet normal 0.267381 0.134105 0.954213
    outer loop
      vertex -237.5 2077.62 3209.65
      vertex -228 -2002.65 3780.43
      vertex -228 2077.25 3207.04
    endloop
  endfacet
  facet normal 0.26725 0.13411 0.95425
    outer loop
      vertex -237.5 2077.62 3209.65
      vertex -237.5 -2002.29 3783.04
      vertex -228 -2002.65 3780.43
    endloop
  endfacet
  facet normal 0.556725 0.11561 0.822613
    outer loop
      vertex -256.5 2079.39 3222.26
      vertex -237.5 -2002.29 3783.04
      vertex -237.5 2077.62 3209.65
    endloop
  endfacet
  facet normal 0.556725 0.11561 0.822613
    outer loop
      vertex -256.5 2079.39 3222.26
      vertex -256.5 -2000.52 3795.65
      vertex -237.5 -2002.29 3783.04
    endloop
  endfacet
  facet normal 0.267381 0.134105 0.954214
    outer loop
      vertex -266 2079.76 3224.87
      vertex -256.5 -2000.52 3795.65
      vertex -256.5 2079.39 3222.26
    endloop
  endfacet
  facet normal 0.267381 0.134105 0.954214
    outer loop
      vertex -266 2079.76 3224.87
      vertex -266 -2000.15 3798.26
      vertex -256.5 -2000.52 3795.65
    endloop
  endfacet
  facet normal -0.267381 0.134105 0.954214
    outer loop
      vertex -275.5 2079.39 3222.26
      vertex -266 -2000.15 3798.26
      vertex -266 2079.76 3224.87
    endloop
  endfacet
  facet normal -0.267381 0.134105 0.954214
    outer loop
      vertex -275.5 2079.39 3222.26
      vertex -275.5 -2000.52 3795.65
      vertex -266 -2000.15 3798.26
    endloop
  endfacet
  facet normal -0.556725 0.11561 0.822613
    outer loop
      vertex -294.5 2077.62 3209.65
      vertex -275.5 -2000.52 3795.65
      vertex -275.5 2079.39 3222.26
    endloop
  endfacet
  facet normal -0.556725 0.11561 0.822613
    outer loop
      vertex -294.5 2077.62 3209.65
      vertex -294.5 -2002.29 3783.04
      vertex -275.5 -2000.52 3795.65
    endloop
  endfacet
  facet normal -0.267381 0.134105 0.954214
    outer loop
      vertex -304 2077.25 3207.04
      vertex -294.5 -2002.29 3783.04
      vertex -294.5 2077.62 3209.65
    endloop
  endfacet
  facet normal -0.26725 0.13411 0.954249
    outer loop
      vertex -304 2077.25 3207.04
      vertex -304 -2002.65 3780.43
      vertex -294.5 -2002.29 3783.04
    endloop
  endfacet
  facet normal 0.267381 0.134105 0.954213
    outer loop
      vertex -313.5 2077.62 3209.65
      vertex -304 -2002.65 3780.43
      vertex -304 2077.25 3207.04
    endloop
  endfacet
  facet normal 0.26725 0.13411 0.95425
    outer loop
      vertex -313.5 2077.62 3209.65
      vertex -313.5 -2002.29 3783.04
      vertex -304 -2002.65 3780.43
    endloop
  endfacet
  facet normal 0.556725 0.11561 0.822613
    outer loop
      vertex -332.5 2079.39 3222.26
      vertex -313.5 -2002.29 3783.04
      vertex -313.5 2077.62 3209.65
    endloop
  endfacet
  facet normal 0.556725 0.11561 0.822613
    outer loop
      vertex -332.5 2079.39 3222.26
      vertex -332.5 -2000.52 3795.65
      vertex -313.5 -2002.29 3783.04
    endloop
  endfacet
  facet normal 0.267381 0.134105 0.954214
    outer loop
      vertex -342 2079.76 3224.87
      vertex -332.5 -2000.52 3795.65
      vertex -332.5 2079.39 3222.26
    endloop
  endfacet
  facet normal 0.267381 0.134105 0.954214
    outer loop
      vertex -342 2079.76 3224.87
      vertex -342 -2000.15 3798.26
      vertex -332.5 -2000.52 3795.65
    endloop
  endfacet
  facet normal -0.267381 0.134105 0.954214
    outer loop
      vertex -351.5 2079.39 3222.26
      vertex -342 -2000.15 3798.26
      vertex -342 2079.76 3224.87
    endloop
  endfacet
  facet normal -0.267381 0.134105 0.954214
    outer loop
      vertex -351.5 2079.39 3222.26
      vertex -351.5 -2000.52 3795.65
      vertex -342 -2000.15 3798.26
    endloop
  endfacet
  facet normal -0.556725 0.11561 0.822613
    outer loop
      vertex -370.5 2077.62 3209.65
      vertex -351.5 -2000.52 3795.65
      vertex -351.5 2079.39 3222.26
    endloop
  endfacet
  facet normal -0.556725 0.11561 0.822613
    outer loop
      vertex -370.5 2077.62 3209.65
      vertex -370.5 -2002.29 3783.04
      vertex -351.5 -2000.52 3795.65
    endloop
  endfacet
  facet normal -0.267381 0.134105 0.954214
    outer loop
      vertex -380 2077.25 3207.04
      vertex -370.5 -2002.29 3783.04
      vertex -370.5 2077.62 3209.65
    endloop
  endfacet
  facet normal -0.26725 0.13411 0.954249
    outer loop
      vertex -380 2077.25 3207.04
      vertex -380 -2002.65 3780.43
      vertex -370.5 -2002.29 3783.04
    endloop
  endfacet
  facet normal 0.267381 0.134105 0.954213
    outer loop
      vertex -389.5 2077.62 3209.65
      vertex -380 -2002.65 3780.43
      vertex -380 2077.25 3207.04
    endloop
  endfacet
  facet normal 0.26725 0.13411 0.95425
    outer loop
      vertex -389.5 2077.62 3209.65
      vertex -389.5 -2002.29 3783.04
      vertex -380 -2002.65 3780.43
    endloop
  endfacet
  facet normal 0.556725 0.11561 0.822613
    outer loop
      vertex -408.5 2079.39 3222.26
      vertex -389.5 -2002.29 3783.04
      vertex -389.5 2077.62 3209.65
    endloop
  endfacet
  facet normal 0.556725 0.11561 0.822613
    outer loop
      vertex -408.5 2079.39 3222.26
      vertex -408.5 -2000.52 3795.65
      vertex -389.5 -2002.29 3783.04
    endloop
  endfacet
  facet normal 0.267381 0.134105 0.954214
    outer loop
      vertex -418 2079.76 3224.87
      vertex -408.5 -2000.52 3795.65
      vertex -408.5 2079.39 3222.26
    endloop
  endfacet
  facet normal 0.267381 0.134105 0.954214
    outer loop
      vertex -418 2079.76 3224.87
      vertex -418 -2000.15 3798.26
      vertex -408.5 -2000.52 3795.65
    endloop
  endfacet
  facet normal -0.267381 0.134105 0.954214
    outer loop
      vertex -427.5 2079.39 3222.26
      vertex -418 -2000.15 3798.26
      vertex -418 2079.76 3224.87
    endloop
  endfacet
  facet normal -0.267381 0.134105 0.954214
    outer loop
      vertex -427.5 2079.39 3222.26
      vertex -427.5 -2000.52 3795.65
      vertex -418 -2000.15 3798.26
    endloop
  endfacet
  facet normal -0.556725 0.11561 0.822613
    outer loop
      vertex -446.5 2077.62 3209.65
      vertex -427.5 -2000.52 3795.65
      vertex -427.5 2079.39 3222.26
    endloop
  endfacet
  facet normal -0.556725 0.11561 0.822613
    outer loop
      vertex -446.5 2077.62 3209.65
      vertex -446.5 -2002.29 3783.04
      vertex -427.5 -2000.52 3795.65
    endloop
  endfacet
  facet normal -0.267381 0.134105 0.954214
    outer loop
      vertex -456 2077.25 3207.04
      vertex -446.5 -2002.29 3783.04
      vertex -446.5 2077.62 3209.65
    endloop
  endfacet
  facet normal -0.26725 0.13411 0.954249
    outer loop
      vertex -456 2077.25 3207.04
      vertex -456 -2002.65 3780.43
      vertex -446.5 -2002.29 3783.04
    endloop
  endfacet
  facet normal 0.267381 0.134105 0.954213
    outer loop
      vertex -465.5 2077.62 3209.65
      vertex -456 -2002.65 3780.43
      vertex -456 2077.25 3207.04
    endloop
  endfacet
  facet normal 0.26725 0.13411 0.95425
    outer loop
      vertex -465.5 2077.62 3209.65
      vertex -465.5 -2002.29 3783.04
      vertex -456 -2002.65 3780.43
    endloop
  endfacet
  facet normal 0.556725 0.11561 0.822613
    outer loop
      vertex -484.5 2079.39 3222.26
      vertex -465.5 -2002.29 3783.04
      vertex -465.5 2077.62 3209.65
    endloop
  endfacet
  facet normal 0.556725 0.11561 0.822613
    outer loop
      vertex -484.5 2079.39 3222.26
      vertex -484.5 -2000.52 3795.65
      vertex -465.5 -2002.29 3783.04
    endloop
  endfacet
  facet normal 0.267381 0.134105 0.954214
    outer loop
      vertex -494 2079.76 3224.87
      vertex -484.5 -2000.52 3795.65
      vertex -484.5 2079.39 3222.26
    endloop
  endfacet
  facet normal 0.267381 0.134105 0.954214
    outer loop
      vertex -494 2079.76 3224.87
      vertex -494 -2000.15 3798.26
      vertex -484.5 -2000.52 3795.65
    endloop
  endfacet
  facet normal -0.267381 0.134105 0.954214
    outer loop
      vertex -503.5 2079.39 3222.26
      vertex -494 -2000.15 3798.26
      vertex -494 2079.76 3224.87
    endloop
  endfacet
  facet normal -0.267381 0.134105 0.954214
    outer loop
      vertex -503.5 2079.39 3222.26
      vertex -503.5 -2000.52 3795.65
      vertex -494 -2000.15 3798.26
    endloop
  endfacet
  facet normal -0.556725 0.11561 0.822613
    outer loop
      vertex -522.5 2077.62 3209.65
      vertex -503.5 -2000.52 3795.65
      vertex -503.5 2079.39 3222.26
    endloop
  endfacet
  facet normal -0.556725 0.11561 0.822613
    outer loop
      vertex -522.5 2077.62 3209.65
      vertex -522.5 -2002.29 3783.04
      vertex -503.5 -2000.52 3795.65
    endloop
  endfacet
  facet normal -0.267381 0.134105 0.954214
    outer loop
      vertex -532 2077.25 3207.04
      vertex -522.5 -2002.29 3783.04
      vertex -522.5 2077.62 3209.65
    endloop
  endfacet
  facet normal -0.26725 0.13411 0.954249
    outer loop
      vertex -532 2077.25 3207.04
      vertex -532 -2002.65 3780.43
      vertex -522.5 -2002.29 3783.04
    endloop
  endfacet
  facet normal 0.267381 0.134105 0.954213
    outer loop
      vertex -541.5 2077.62 3209.65
      vertex -532 -2002.65 3780.43
      vertex -532 2077.25 3207.04
    endloop
  endfacet
  facet normal 0.26725 0.13411 0.95425
    outer loop
      vertex -541.5 2077.62 3209.65
      vertex -541.5 -2002.29 3783.04
      vertex -532 -2002.65 3780.43
    endloop
  endfacet
  facet normal 0.556725 0.11561 0.822613
    outer loop
      vertex -560.5 2079.39 3222.26
      vertex -541.5 -2002.29 3783.04
      vertex -541.5 2077.62 3209.65
    endloop
  endfacet
  facet normal 0.556725 0.11561 0.822613
    outer loop
      vertex -560.5 2079.39 3222.26
      vertex -560.5 -2000.52 3795.65
      vertex -541.5 -2002.29 3783.04
    endloop
  endfacet
  facet normal 0.267381 0.134105 0.954214
    outer loop
      vertex -570 2079.76 3224.87
      vertex -560.5 -2000.52 3795.65
      vertex -560.5 2079.39 3222.26
    endloop
  endfacet
  facet normal 0.267381 0.134105 0.954214
    outer loop
      vertex -570 2079.76 3224.87
      vertex -570 -2000.15 3798.26
      vertex -560.5 -2000.52 3795.65
    endloop
  endfacet
  facet normal -0.267381 0.134105 0.954214
    outer loop
      vertex -579.5 2079.39 3222.26
      vertex -570 -2000.15 3798.26
      vertex -570 2079.76 3224.87
    endloop
  endfacet
  facet normal -0.267381 0.134105 0.954214
    outer loop
      vertex -579.5 2079.39 3222.26
      vertex -579.5 -2000.52 3795.65
      vertex -570 -2000.15 3798.26
    endloop
  endfacet
  facet normal -0.556725 0.11561 0.822613
    outer loop
      vertex -598.5 2077.62 3209.65
      vertex -579.5 -2000.52 3795.65
      vertex -579.5 2079.39 3222.26
    endloop
  endfacet
  facet normal -0.556725 0.11561 0.822613
    outer loop
      vertex -598.5 2077.62 3209.65
      vertex -598.5 -2002.29 3783.04
      vertex -579.5 -2000.52 3795.65
    endloop
  endfacet
  facet normal -0.267381 0.134105 0.954214
    outer loop
      vertex -608 2077.25 3207.04
      vertex -598.5 -2002.29 3783.04
      vertex -598.5 2077.62 3209.65
    endloop
  endfacet
  facet normal -0.26725 0.13411 0.954249
    outer loop
      vertex -608 2077.25 3207.04
      vertex -608 -2002.65 3780.43
      vertex -598.5 -2002.29 3783.04
    endloop
  endfacet
  facet normal 0.267381 0.134105 0.954213
    outer loop
      vertex -617.5 2077.62 3209.65
      vertex -608 -2002.65 3780.43
      vertex -608 2077.25 3207.04
    endloop
  endfacet
  facet normal 0.26725 0.13411 0.95425
    outer loop
      vertex -617.5 2077.62 3209.65
      vertex -617.5 -2002.29 3783.04
      vertex -608 -2002.65 3780.43
    endloop
  endfacet
  facet normal 0.556725 0.11561 0.822613
    outer loop
      vertex -636.5 2079.39 3222.26
      vertex -617.5 -2002.29 3783.04
      vertex -617.5 2077.62 3209.65
    endloop
  endfacet
  facet normal 0.556725 0.11561 0.822613
    outer loop
      vertex -636.5 2079.39 3222.26
      vertex -636.5 -2000.52 3795.65
      vertex -617.5 -2002.29 3783.04
    endloop
  endfacet
  facet normal 0.267381 0.134105 0.954214
    outer loop
      vertex -646 2079.76 3224.87
      vertex -636.5 -2000.52 3795.65
      vertex -636.5 2079.39 3222.26
    endloop
  endfacet
  facet normal 0.267381 0.134105 0.954214
    outer loop
      vertex -646 2079.76 3224.87
      vertex -646 -2000.15 3798.26
      vertex -636.5 -2000.52 3795.65
    endloop
  endfacet
  facet normal -0.267381 0.134105 0.954214
    outer loop
      vertex -655.5 2079.39 3222.26
      vertex -646 -2000.15 3798.26
      vertex -646 2079.76 3224.87
    endloop
  endfacet
  facet normal -0.267381 0.134105 0.954214
    outer loop
      vertex -655.5 2079.39 3222.26
      vertex -655.5 -2000.52 3795.65
      vertex -646 -2000.15 3798.26
    endloop
  endfacet
  facet normal -0.556725 0.11561 0.822613
    outer loop
      vertex -674.5 2077.62 3209.65
      vertex -655.5 -2000.52 3795.65
      vertex -655.5 2079.39 3222.26
    endloop
  endfacet
  facet normal -0.556725 0.11561 0.822613
    outer loop
      vertex -674.5 2077.62 3209.65
      vertex -674.5 -2002.29 3783.04
      vertex -655.5 -2000.52 3795.65
    endloop
  endfacet
  facet normal -0.267381 0.134105 0.954214
    outer loop
      vertex -684 2077.25 3207.04
      vertex -674.5 -2002.29 3783.04
      vertex -674.5 2077.62 3209.65
    endloop
  endfacet
  facet normal -0.26725 0.13411 0.954249
    outer loop
      vertex -684 2077.25 3207.04
      vertex -684 -2002.65 3780.43
      vertex -674.5 -2002.29 3783.04
    endloop
  endfacet
  facet normal 0.267381 0.134105 0.954213
    outer loop
      vertex -693.5 2077.62 3209.65
      vertex -684 -2002.65 3780.43
      vertex -684 2077.25 3207.04
    endloop
  endfacet
  facet normal 0.26725 0.13411 0.95425
    outer loop
      vertex -693.5 2077.62 3209.65
      vertex -693.5 -2002.29 3783.04
      vertex -684 -2002.65 3780.43
    endloop
  endfacet
  facet normal 0.556725 0.11561 0.822613
    outer loop
      vertex -712.5 2079.39 3222.26
      vertex -693.5 -2002.29 3783.04
      vertex -693.5 2077.62 3209.65
    endloop
  endfacet
  facet normal 0.556725 0.11561 0.822613
    outer loop
      vertex -712.5 2079.39 3222.26
      vertex -712.5 -2000.52 3795.65
      vertex -693.5 -2002.29 3783.04
    endloop
  endfacet
  facet normal 0.267381 0.134105 0.954214
    outer loop
      vertex -722 2079.76 3224.87
      vertex -712.5 -2000.52 3795.65
      vertex -712.5 2079.39 3222.26
    endloop
  endfacet
  facet normal 0.267381 0.134105 0.954214
    outer loop
      vertex -722 2079.76 3224.87
      vertex -722 -2000.15 3798.26
      vertex -712.5 -2000.52 3795.65
    endloop
  endfacet
  facet normal -0.267381 0.134105 0.954214
    outer loop
      vertex -731.5 2079.39 3222.26
      vertex -722 -2000.15 3798.26
      vertex -722 2079.76 3224.87
    endloop
  endfacet
  facet normal -0.267381 0.134105 0.954214
    outer loop
      vertex -731.5 2079.39 3222.26
      vertex -731.5 -2000.52 3795.65
      vertex -722 -2000.15 3798.26
    endloop
  endfacet
  facet normal -0.556725 0.11561 0.822613
    outer loop
      vertex -750.5 2077.62 3209.65
      vertex -731.5 -2000.52 3795.65
      vertex -731.5 2079.39 3222.26
    endloop
  endfacet
  facet normal -0.556725 0.11561 0.822613
    outer loop
      vertex -750.5 2077.62 3209.65
      vertex -750.5 -2002.29 3783.04
      vertex -731.5 -2000.52 3795.65
    endloop
  endfacet
  facet normal -0.267381 0.134105 0.954214
    outer loop
      vertex -760 2077.25 3207.04
      vertex -750.5 -2002.29 3783.04
      vertex -750.5 2077.62 3209.65
    endloop
  endfacet
  facet normal -0.26725 0.13411 0.954249
    outer loop
      vertex -760 2077.25 3207.04
      vertex -760 -2002.65 3780.43
      vertex -750.5 -2002.29 3783.04
    endloop
  endfacet
  facet normal 0.267381 0.134105 0.954213
    outer loop
      vertex -769.5 2077.62 3209.65
      vertex -760 -2002.65 3780.43
      vertex -760 2077.25 3207.04
    endloop
  endfacet
  facet normal 0.26725 0.13411 0.95425
    outer loop
      vertex -769.5 2077.62 3209.65
      vertex -769.5 -2002.29 3783.04
      vertex -760 -2002.65 3780.43
    endloop
  endfacet
  facet normal 0.556725 0.11561 0.822613
    outer loop
      vertex -788.5 2079.39 3222.26
      vertex -769.5 -2002.29 3783.04
      vertex -769.5 2077.62 3209.65
    endloop
  endfacet
  facet normal 0.556725 0.11561 0.822613
    outer loop
      vertex -788.5 2079.39 3222.26
      vertex -788.5 -2000.52 3795.65
      vertex -769.5 -2002.29 3783.04
    endloop
  endfacet
  facet normal 0.267381 0.134105 0.954214
    outer loop
      vertex -798 2079.76 3224.87
      vertex -788.5 -2000.52 3795.65
      vertex -788.5 2079.39 3222.26
    endloop
  endfacet
  facet normal 0.267381 0.134105 0.954214
    outer loop
      vertex -798 2079.76 3224.87
      vertex -798 -2000.15 3798.26
      vertex -788.5 -2000.52 3795.65
    endloop
  endfacet
  facet normal -0.267381 0.134105 0.954214
    outer loop
      vertex -807.5 2079.39 3222.26
      vertex -798 -2000.15 3798.26
      vertex -798 2079.76 3224.87
    endloop
  endfacet
  facet normal -0.267381 0.134105 0.954214
    outer loop
      vertex -807.5 2079.39 3222.26
      vertex -807.5 -2000.52 3795.65
      vertex -798 -2000.15 3798.26
    endloop
  endfacet
  facet normal -0.556725 0.11561 0.822613
    outer loop
      vertex -826.5 2077.62 3209.65
      vertex -807.5 -2000.52 3795.65
      vertex -807.5 2079.39 3222.26
    endloop
  endfacet
  facet normal -0.556725 0.11561 0.822613
    outer loop
      vertex -826.5 2077.62 3209.65
      vertex -826.5 -2002.29 3783.04
      vertex -807.5 -2000.52 3795.65
    endloop
  endfacet
  facet normal -0.267381 0.134105 0.954214
    outer loop
      vertex -836 2077.25 3207.04
      vertex -826.5 -2002.29 3783.04
      vertex -826.5 2077.62 3209.65
    endloop
  endfacet
  facet normal -0.26725 0.13411 0.954249
    outer loop
      vertex -836 2077.25 3207.04
      vertex -836 -2002.65 3780.43
      vertex -826.5 -2002.29 3783.04
    endloop
  endfacet
  facet normal 0.267381 0.134105 0.954213
    outer loop
      vertex -845.5 2077.62 3209.65
      vertex -836 -2002.65 3780.43
      vertex -836 2077.25 3207.04
    endloop
  endfacet
  facet normal 0.26725 0.13411 0.95425
    outer loop
      vertex -845.5 2077.62 3209.65
      vertex -845.5 -2002.29 3783.04
      vertex -836 -2002.65 3780.43
    endloop
  endfacet
  facet normal 0.556725 0.11561 0.822613
    outer loop
      vertex -864.5 2079.39 3222.26
      vertex -845.5 -2002.29 3783.04
      vertex -845.5 2077.62 3209.65
    endloop
  endfacet
  facet normal 0.556725 0.11561 0.822613
    outer loop
      vertex -864.5 2079.39 3222.26
      vertex -864.5 -2000.52 3795.65
      vertex -845.5 -2002.29 3783.04
    endloop
  endfacet
  facet normal 0.267381 0.134105 0.954214
    outer loop
      vertex -874 2079.76 3224.87
      vertex -864.5 -2000.52 3795.65
      vertex -864.5 2079.39 3222.26
    endloop
  endfacet
  facet normal 0.267381 0.134105 0.954214
    outer loop
      vertex -874 2079.76 3224.87
      vertex -874 -2000.15 3798.26
      vertex -864.5 -2000.52 3795.65
    endloop
  endfacet
  facet normal -0.267381 0.134105 0.954214
    outer loop
      vertex -883.5 2079.39 3222.26
      vertex -874 -2000.15 3798.26
      vertex -874 2079.76 3224.87
    endloop
  endfacet
  facet normal -0.267381 0.134105 0.954214
    outer loop
      vertex -883.5 2079.39 3222.26
      vertex -883.5 -2000.52 3795.65
      vertex -874 -2000.15 3798.26
    endloop
  endfacet
  facet normal -0.556725 0.11561 0.822613
    outer loop
      vertex -902.5 2077.62 3209.65
      vertex -883.5 -2000.52 3795.65
      vertex -883.5 2079.39 3222.26
    endloop
  endfacet
  facet normal -0.556725 0.11561 0.822613
    outer loop
      vertex -902.5 2077.62 3209.65
      vertex -902.5 -2002.29 3783.04
      vertex -883.5 -2000.52 3795.65
    endloop
  endfacet
  facet normal -0.267381 0.134105 0.954214
    outer loop
      vertex -912 2077.25 3207.04
      vertex -902.5 -2002.29 3783.04
      vertex -902.5 2077.62 3209.65
    endloop
  endfacet
  facet normal -0.26725 0.13411 0.954249
    outer loop
      vertex -912 2077.25 3207.04
      vertex -912 -2002.65 3780.43
      vertex -902.5 -2002.29 3783.04
    endloop
  endfacet
  facet normal 0.267381 0.134105 0.954213
    outer loop
      vertex -921.5 2077.62 3209.65
      vertex -912 -2002.65 3780.43
      vertex -912 2077.25 3207.04
    endloop
  endfacet
  facet normal 0.26725 0.13411 0.95425
    outer loop
      vertex -921.5 2077.62 3209.65
      vertex -921.5 -2002.29 3783.04
      vertex -912 -2002.65 3780.43
    endloop
  endfacet
  facet normal 0.556725 0.11561 0.822613
    outer loop
      vertex -940.5 2079.39 3222.26
      vertex -921.5 -2002.29 3783.04
      vertex -921.5 2077.62 3209.65
    endloop
  endfacet
  facet normal 0.556725 0.11561 0.822613
    outer loop
      vertex -940.5 2079.39 3222.26
      vertex -940.5 -2000.52 3795.65
      vertex -921.5 -2002.29 3783.04
    endloop
  endfacet
  facet normal 0.267381 0.134105 0.954214
    outer loop
      vertex -950 2079.76 3224.87
      vertex -940.5 -2000.52 3795.65
      vertex -940.5 2079.39 3222.26
    endloop
  endfacet
  facet normal 0.267381 0.134105 0.954214
    outer loop
      vertex -950 2079.76 3224.87
      vertex -950 -2000.15 3798.26
      vertex -940.5 -2000.52 3795.65
    endloop
  endfacet
  facet normal -0.267381 0.134105 0.954214
    outer loop
      vertex -959.5 2079.39 3222.26
      vertex -950 -2000.15 3798.26
      vertex -950 2079.76 3224.87
    endloop
  endfacet
  facet normal -0.267381 0.134105 0.954214
    outer loop
      vertex -959.5 2079.39 3222.26
      vertex -959.5 -2000.52 3795.65
      vertex -950 -2000.15 3798.26
    endloop
  endfacet
  facet normal -0.556725 0.11561 0.822613
    outer loop
      vertex -978.5 2077.62 3209.65
      vertex -959.5 -2000.52 3795.65
      vertex -959.5 2079.39 3222.26
    endloop
  endfacet
  facet normal -0.556725 0.11561 0.822613
    outer loop
      vertex -978.5 2077.62 3209.65
      vertex -978.5 -2002.29 3783.04
      vertex -959.5 -2000.52 3795.65
    endloop
  endfacet
  facet normal -0.267381 0.134105 0.954214
    outer loop
      vertex -988 2077.25 3207.04
      vertex -978.5 -2002.29 3783.04
      vertex -978.5 2077.62 3209.65
    endloop
  endfacet
  facet normal -0.26725 0.13411 0.954249
    outer loop
      vertex -988 2077.25 3207.04
      vertex -988 -2002.65 3780.43
      vertex -978.5 -2002.29 3783.04
    endloop
  endfacet
  facet normal 0.267381 0.134105 0.954213
    outer loop
      vertex -997.5 2077.62 3209.65
      vertex -988 -2002.65 3780.43
      vertex -988 2077.25 3207.04
    endloop
  endfacet
  facet normal 0.26725 0.13411 0.95425
    outer loop
      vertex -997.5 2077.62 3209.65
      vertex -997.5 -2002.29 3783.04
      vertex -988 -2002.65 3780.43
    endloop
  endfacet
  facet normal 0.556725 0.11561 0.822613
    outer loop
      vertex -1016.5 2079.39 3222.26
      vertex -997.5 -2002.29 3783.04
      vertex -997.5 2077.62 3209.65
    endloop
  endfacet
  facet normal 0.556725 0.11561 0.822613
    outer loop
      vertex -1016.5 2079.39 3222.26
      vertex -1016.5 -2000.52 3795.65
      vertex -997.5 -2002.29 3783.04
    endloop
  endfacet
  facet normal 0.267381 0.134105 0.954214
    outer loop
      vertex -1026 2079.76 3224.87
      vertex -1016.5 -2000.52 3795.65
      vertex -1016.5 2079.39 3222.26
    endloop
  endfacet
  facet normal 0.267381 0.134105 0.954214
    outer loop
      vertex -1026 2079.76 3224.87
      vertex -1026 -2000.15 3798.26
      vertex -1016.5 -2000.52 3795.65
    endloop
  endfacet
  facet normal -0.267381 0.134105 0.954214
    outer loop
      vertex -1035.5 2079.39 3222.26
      vertex -1026 -2000.15 3798.26
      vertex -1026 2079.76 3224.87
    endloop
  endfacet
  facet normal -0.267381 0.134105 0.954214
    outer loop
      vertex -1035.5 2079.39 3222.26
      vertex -1035.5 -2000.52 3795.65
      vertex -1026 -2000.15 3798.26
    endloop
  endfacet
  facet normal -0.556725 0.11561 0.822613
    outer loop
      vertex -1054.5 2077.62 3209.65
      vertex -1035.5 -2000.52 3795.65
      vertex -1035.5 2079.39 3222.26
    endloop
  endfacet
  facet normal -0.556725 0.11561 0.822613
    outer loop
      vertex -1054.5 2077.62 3209.65
      vertex -1054.5 -2002.29 3783.04
      vertex -1035.5 -2000.52 3795.65
    endloop
  endfacet
  facet normal -0.267381 0.134105 0.954214
    outer loop
      vertex -1064 2077.25 3207.04
      vertex -1054.5 -2002.29 3783.04
      vertex -1054.5 2077.62 3209.65
    endloop
  endfacet
  facet normal -0.26725 0.13411 0.954249
    outer loop
      vertex -1064 2077.25 3207.04
      vertex -1064 -2002.65 3780.43
      vertex -1054.5 -2002.29 3783.04
    endloop
  endfacet
  facet normal 0.267381 0.134105 0.954213
    outer loop
      vertex -1073.5 2077.62 3209.65
      vertex -1064 -2002.65 3780.43
      vertex -1064 2077.25 3207.04
    endloop
  endfacet
  facet normal 0.26725 0.13411 0.95425
    outer loop
      vertex -1073.5 2077.62 3209.65
      vertex -1073.5 -2002.29 3783.04
      vertex -1064 -2002.65 3780.43
    endloop
  endfacet
  facet normal 0.556725 0.11561 0.822613
    outer loop
      vertex -1092.5 2079.39 3222.26
      vertex -1073.5 -2002.29 3783.04
      vertex -1073.5 2077.62 3209.65
    endloop
  endfacet
  facet normal 0.556725 0.11561 0.822613
    outer loop
      vertex -1092.5 2079.39 3222.26
      vertex -1092.5 -2000.52 3795.65
      vertex -1073.5 -2002.29 3783.04
    endloop
  endfacet
  facet normal 0.267381 0.134105 0.954214
    outer loop
      vertex -1102 2079.76 3224.87
      vertex -1092.5 -2000.52 3795.65
      vertex -1092.5 2079.39 3222.26
    endloop
  endfacet
  facet normal 0.267381 0.134105 0.954214
    outer loop
      vertex -1102 2079.76 3224.87
      vertex -1102 -2000.15 3798.26
      vertex -1092.5 -2000.52 3795.65
    endloop
  endfacet
  facet normal -0.267381 0.134105 0.954214
    outer loop
      vertex -1111.5 2079.39 3222.26
      vertex -1102 -2000.15 3798.26
      vertex -1102 2079.76 3224.87
    endloop
  endfacet
  facet normal -0.267381 0.134105 0.954214
    outer loop
      vertex -1111.5 2079.39 3222.26
      vertex -1111.5 -2000.52 3795.65
      vertex -1102 -2000.15 3798.26
    endloop
  endfacet
  facet normal -0.556725 0.11561 0.822613
    outer loop
      vertex -1130.5 2077.62 3209.65
      vertex -1111.5 -2000.52 3795.65
      vertex -1111.5 2079.39 3222.26
    endloop
  endfacet
  facet normal -0.556725 0.11561 0.822613
    outer loop
      vertex -1130.5 2077.62 3209.65
      vertex -1130.5 -2002.29 3783.04
      vertex -1111.5 -2000.52 3795.65
    endloop
  endfacet
  facet normal -0.267381 0.134105 0.954214
    outer loop
      vertex -1140 2077.25 3207.04
      vertex -1130.5 -2002.29 3783.04
      vertex -1130.5 2077.62 3209.65
    endloop
  endfacet
  facet normal -0.26725 0.13411 0.954249
    outer loop
      vertex -1140 2077.25 3207.04
      vertex -1140 -2002.65 3780.43
      vertex -1130.5 -2002.29 3783.04
    endloop
  endfacet
  facet normal 0.267381 0.134105 0.954213
    outer loop
      vertex -1149.5 2077.62 3209.65
      vertex -1140 -2002.65 3780.43
      vertex -1140 2077.25 3207.04
    endloop
  endfacet
  facet normal 0.26725 0.13411 0.95425
    outer loop
      vertex -1149.5 2077.62 3209.65
      vertex -1149.5 -2002.29 3783.04
      vertex -1140 -2002.65 3780.43
    endloop
  endfacet
  facet normal 0.556725 0.11561 0.822613
    outer loop
      vertex -1168.5 2079.39 3222.26
      vertex -1149.5 -2002.29 3783.04
      vertex -1149.5 2077.62 3209.65
    endloop
  endfacet
  facet normal 0.556725 0.11561 0.822613
    outer loop
      vertex -1168.5 2079.39 3222.26
      vertex -1168.5 -2000.52 3795.65
      vertex -1149.5 -2002.29 3783.04
    endloop
  endfacet
  facet normal 0.267381 0.134105 0.954214
    outer loop
      vertex -1178 2079.76 3224.87
      vertex -1168.5 -2000.52 3795.65
      vertex -1168.5 2079.39 3222.26
    endloop
  endfacet
  facet normal 0.267381 0.134105 0.954214
    outer loop
      vertex -1178 2079.76 3224.87
      vertex -1178 -2000.15 3798.26
      vertex -1168.5 -2000.52 3795.65
    endloop
  endfacet
  facet normal -0.267381 0.134105 0.954214
    outer loop
      vertex -1187.5 2079.39 3222.26
      vertex -1178 -2000.15 3798.26
      vertex -1178 2079.76 3224.87
    endloop
  endfacet
  facet normal -0.267381 0.134105 0.954214
    outer loop
      vertex -1187.5 2079.39 3222.26
      vertex -1187.5 -2000.52 3795.65
      vertex -1178 -2000.15 3798.26
    endloop
  endfacet
  facet normal -0.556725 0.11561 0.822613
    outer loop
      vertex -1206.5 2077.62 3209.65
      vertex -1187.5 -2000.52 3795.65
      vertex -1187.5 2079.39 3222.26
    endloop
  endfacet
  facet normal -0.556725 0.11561 0.822613
    outer loop
      vertex -1206.5 2077.62 3209.65
      vertex -1206.5 -2002.29 3783.04
      vertex -1187.5 -2000.52 3795.65
    endloop
  endfacet
  facet normal -0.267381 0.134105 0.954214
    outer loop
      vertex -1216 2077.25 3207.04
      vertex -1206.5 -2002.29 3783.04
      vertex -1206.5 2077.62 3209.65
    endloop
  endfacet
  facet normal -0.26725 0.13411 0.954249
    outer loop
      vertex -1216 2077.25 3207.04
      vertex -1216 -2002.65 3780.43
      vertex -1206.5 -2002.29 3783.04
    endloop
  endfacet
  facet normal 0.267381 0.134105 0.954213
    outer loop
      vertex -1225.5 2077.62 3209.65
      vertex -1216 -2002.65 3780.43
      vertex -1216 2077.25 3207.04
    endloop
  endfacet
  facet normal 0.26725 0.13411 0.95425
    outer loop
      vertex -1225.5 2077.62 3209.65
      vertex -1225.5 -2002.29 3783.04
      vertex -1216 -2002.65 3780.43
    endloop
  endfacet
  facet normal 0.556725 0.11561 0.822613
    outer loop
      vertex -1244.5 2079.39 3222.26
      vertex -1225.5 -2002.29 3783.04
      vertex -1225.5 2077.62 3209.65
    endloop
  endfacet
  facet normal 0.556725 0.11561 0.822613
    outer loop
      vertex -1244.5 2079.39 3222.26
      vertex -1244.5 -2000.52 3795.65
      vertex -1225.5 -2002.29 3783.04
    endloop
  endfacet
  facet normal 0.267381 0.134105 0.954214
    outer loop
      vertex -1254 2079.76 3224.87
      vertex -1244.5 -2000.52 3795.65
      vertex -1244.5 2079.39 3222.26
    endloop
  endfacet
  facet normal 0.267381 0.134105 0.954214
    outer loop
      vertex -1254 2079.76 3224.87
      vertex -1254 -2000.15 3798.26
      vertex -1244.5 -2000.52 3795.65
    endloop
  endfacet
  facet normal -0.267381 0.134105 0.954214
    outer loop
      vertex -1263.5 2079.39 3222.26
      vertex -1254 -2000.15 3798.26
      vertex -1254 2079.76 3224.87
    endloop
  endfacet
  facet normal -0.267381 0.134105 0.954214
    outer loop
      vertex -1263.5 2079.39 3222.26
      vertex -1263.5 -2000.52 3795.65
      vertex -1254 -2000.15 3798.26
    endloop
  endfacet
  facet normal -0.556725 0.11561 0.822613
    outer loop
      vertex -1282.5 2077.62 3209.65
      vertex -1263.5 -2000.52 3795.65
      vertex -1263.5 2079.39 3222.26
    endloop
  endfacet
  facet normal -0.556725 0.11561 0.822613
    outer loop
      vertex -1282.5 2077.62 3209.65
      vertex -1282.5 -2002.29 3783.04
      vertex -1263.5 -2000.52 3795.65
    endloop
  endfacet
  facet normal -0.267381 0.134105 0.954214
    outer loop
      vertex -1292 2077.25 3207.04
      vertex -1282.5 -2002.29 3783.04
      vertex -1282.5 2077.62 3209.65
    endloop
  endfacet
  facet normal -0.26725 0.13411 0.954249
    outer loop
      vertex -1292 2077.25 3207.04
      vertex -1292 -2002.65 3780.43
      vertex -1282.5 -2002.29 3783.04
    endloop
  endfacet
  facet normal 0.267381 0.134105 0.954213
    outer loop
      vertex -1301.5 2077.62 3209.65
      vertex -1292 -2002.65 3780.43
      vertex -1292 2077.25 3207.04
    endloop
  endfacet
  facet normal 0.26725 0.13411 0.95425
    outer loop
      vertex -1301.5 2077.62 3209.65
      vertex -1301.5 -2002.29 3783.04
      vertex -1292 -2002.65 3780.43
    endloop
  endfacet
  facet normal 0.556725 0.11561 0.822613
    outer loop
      vertex -1320.5 2079.39 3222.26
      vertex -1301.5 -2002.29 3783.04
      vertex -1301.5 2077.62 3209.65
    endloop
  endfacet
  facet normal 0.556725 0.11561 0.822613
    outer loop
      vertex -1320.5 2079.39 3222.26
      vertex -1320.5 -2000.52 3795.65
      vertex -1301.5 -2002.29 3783.04
    endloop
  endfacet
  facet normal 0.267381 0.134105 0.954214
    outer loop
      vertex -1330 2079.76 3224.87
      vertex -1320.5 -2000.52 3795.65
      vertex -1320.5 2079.39 3222.26
    endloop
  endfacet
  facet normal 0.267381 0.134105 0.954214
    outer loop
      vertex -1330 2079.76 3224.87
      vertex -1330 -2000.15 3798.26
      vertex -1320.5 -2000.52 3795.65
    endloop
  endfacet
  facet normal -0.267381 0.134105 0.954214
    outer loop
      vertex -1339.5 2079.39 3222.26
      vertex -1330 -2000.15 3798.26
      vertex -1330 2079.76 3224.87
    endloop
  endfacet
  facet normal -0.267381 0.134105 0.954214
    outer loop
      vertex -1339.5 2079.39 3222.26
      vertex -1339.5 -2000.52 3795.65
      vertex -1330 -2000.15 3798.26
    endloop
  endfacet
  facet normal -0.556725 0.11561 0.822613
    outer loop
      vertex -1358.5 2077.62 3209.65
      vertex -1339.5 -2000.52 3795.65
      vertex -1339.5 2079.39 3222.26
    endloop
  endfacet
  facet normal -0.556725 0.11561 0.822613
    outer loop
      vertex -1358.5 2077.62 3209.65
      vertex -1358.5 -2002.29 3783.04
      vertex -1339.5 -2000.52 3795.65
    endloop
  endfacet
  facet normal -0.267381 0.134105 0.954214
    outer loop
      vertex -1368 2077.25 3207.04
      vertex -1358.5 -2002.29 3783.04
      vertex -1358.5 2077.62 3209.65
    endloop
  endfacet
  facet normal -0.26725 0.13411 0.954249
    outer loop
      vertex -1368 2077.25 3207.04
      vertex -1368 -2002.65 3780.43
      vertex -1358.5 -2002.29 3783.04
    endloop
  endfacet
  facet normal 0.267381 0.134105 0.954213
    outer loop
      vertex -1377.5 2077.62 3209.65
      vertex -1368 -2002.65 3780.43
      vertex -1368 2077.25 3207.04
    endloop
  endfacet
  facet normal 0.26725 0.13411 0.95425
    outer loop
      vertex -1377.5 2077.62 3209.65
      vertex -1377.5 -2002.29 3783.04
      vertex -1368 -2002.65 3780.43
    endloop
  endfacet
  facet normal 0.556725 0.11561 0.822613
    outer loop
      vertex -1396.5 2079.39 3222.26
      vertex -1377.5 -2002.29 3783.04
      vertex -1377.5 2077.62 3209.65
    endloop
  endfacet
  facet normal 0.556725 0.11561 0.822613
    outer loop
      vertex -1396.5 2079.39 3222.26
      vertex -1396.5 -2000.52 3795.65
      vertex -1377.5 -2002.29 3783.04
    endloop
  endfacet
  facet normal 0.267381 0.134105 0.954214
    outer loop
      vertex -1406 2079.76 3224.87
      vertex -1396.5 -2000.52 3795.65
      vertex -1396.5 2079.39 3222.26
    endloop
  endfacet
  facet normal 0.267381 0.134105 0.954214
    outer loop
      vertex -1406 2079.76 3224.87
      vertex -1406 -2000.15 3798.26
      vertex -1396.5 -2000.52 3795.65
    endloop
  endfacet
  facet normal -0.267381 0.134105 0.954214
    outer loop
      vertex -1415.5 2079.39 3222.26
      vertex -1406 -2000.15 3798.26
      vertex -1406 2079.76 3224.87
    endloop
  endfacet
  facet normal -0.267381 0.134105 0.954214
    outer loop
      vertex -1415.5 2079.39 3222.26
      vertex -1415.5 -2000.52 3795.65
      vertex -1406 -2000.15 3798.26
    endloop
  endfacet
  facet normal -0.556725 0.11561 0.822613
    outer loop
      vertex -1434.5 2077.62 3209.65
      vertex -1415.5 -2000.52 3795.65
      vertex -1415.5 2079.39 3222.26
    endloop
  endfacet
  facet normal -0.556725 0.11561 0.822613
    outer loop
      vertex -1434.5 2077.62 3209.65
      vertex -1434.5 -2002.29 3783.04
      vertex -1415.5 -2000.52 3795.65
    endloop
  endfacet
  facet normal -0.267381 0.134105 0.954214
    outer loop
      vertex -1444 2077.25 3207.04
      vertex -1434.5 -2002.29 3783.04
      vertex -1434.5 2077.62 3209.65
    endloop
  endfacet
  facet normal -0.26725 0.13411 0.954249
    outer loop
      vertex -1444 2077.25 3207.04
      vertex -1444 -2002.65 3780.43
      vertex -1434.5 -2002.29 3783.04
    endloop
  endfacet
  facet normal 0.267381 0.134105 0.954213
    outer loop
      vertex -1453.5 2077.62 3209.65
      vertex -1444 -2002.65 3780.43
      vertex -1444 2077.25 3207.04
    endloop
  endfacet
  facet normal 0.26725 0.13411 0.95425
    outer loop
      vertex -1453.5 2077.62 3209.65
      vertex -1453.5 -2002.29 3783.04
      vertex -1444 -2002.65 3780.43
    endloop
  endfacet
  facet normal 0.556725 0.11561 0.822613
    outer loop
      vertex -1472.5 2079.39 3222.26
      vertex -1453.5 -2002.29 3783.04
      vertex -1453.5 2077.62 3209.65
    endloop
  endfacet
  facet normal 0.556725 0.11561 0.822613
    outer loop
      vertex -1472.5 2079.39 3222.26
      vertex -1472.5 -2000.52 3795.65
      vertex -1453.5 -2002.29 3783.04
    endloop
  endfacet
  facet normal 0.267381 0.134105 0.954214
    outer loop
      vertex -1482 2079.76 3224.87
      vertex -1472.5 -2000.52 3795.65
      vertex -1472.5 2079.39 3222.26
    endloop
  endfacet
  facet normal 0.267381 0.134105 0.954214
    outer loop
      vertex -1482 2079.76 3224.87
      vertex -1482 -2000.15 3798.26
      vertex -1472.5 -2000.52 3795.65
    endloop
  endfacet
  facet normal -0.267381 0.134105 0.954214
    outer loop
      vertex -1491.5 2079.39 3222.26
      vertex -1482 -2000.15 3798.26
      vertex -1482 2079.76 3224.87
    endloop
  endfacet
  facet normal -0.267381 0.134105 0.954214
    outer loop
      vertex -1491.5 2079.39 3222.26
      vertex -1491.5 -2000.52 3795.65
      vertex -1482 -2000.15 3798.26
    endloop
  endfacet
  facet normal -0.556725 0.11561 0.822613
    outer loop
      vertex -1510.5 2077.62 3209.65
      vertex -1491.5 -2000.52 3795.65
      vertex -1491.5 2079.39 3222.26
    endloop
  endfacet
  facet normal -0.556725 0.11561 0.822613
    outer loop
      vertex -1510.5 2077.62 3209.65
      vertex -1510.5 -2002.29 3783.04
      vertex -1491.5 -2000.52 3795.65
    endloop
  endfacet
  facet normal -0.267381 0.134105 0.954214
    outer loop
      vertex -1520 2077.25 3207.04
      vertex -1510.5 -2002.29 3783.04
      vertex -1510.5 2077.62 3209.65
    endloop
  endfacet
  facet normal -0.26725 0.13411 0.954249
    outer loop
      vertex -1520 2077.25 3207.04
      vertex -1520 -2002.65 3780.43
      vertex -1510.5 -2002.29 3783.04
    endloop
  endfacet
  facet normal 0.267381 0.134105 0.954213
    outer loop
      vertex -1529.5 2077.62 3209.65
      vertex -1520 -2002.65 3780.43
      vertex -1520 2077.25 3207.04
    endloop
  endfacet
  facet normal 0.26725 0.13411 0.95425
    outer loop
      vertex -1529.5 2077.62 3209.65
      vertex -1529.5 -2002.29 3783.04
      vertex -1520 -2002.65 3780.43
    endloop
  endfacet
  facet normal 0.556725 0.11561 0.822613
    outer loop
      vertex -1548.5 2079.39 3222.26
      vertex -1529.5 -2002.29 3783.04
      vertex -1529.5 2077.62 3209.65
    endloop
  endfacet
  facet normal 0.556725 0.11561 0.822613
    outer loop
      vertex -1548.5 2079.39 3222.26
      vertex -1548.5 -2000.52 3795.65
      vertex -1529.5 -2002.29 3783.04
    endloop
  endfacet
  facet normal 0.267381 0.134105 0.954214
    outer loop
      vertex -1558 2079.76 3224.87
      vertex -1548.5 -2000.52 3795.65
      vertex -1548.5 2079.39 3222.26
    endloop
  endfacet
  facet normal 0.267381 0.134105 0.954214
    outer loop
      vertex -1558 2079.76 3224.87
      vertex -1558 -2000.15 3798.26
      vertex -1548.5 -2000.52 3795.65
    endloop
  endfacet
  facet normal -0.267381 0.134105 0.954214
    outer loop
      vertex -1567.5 2079.39 3222.26
      vertex -1558 -2000.15 3798.26
      vertex -1558 2079.76 3224.87
    endloop
  endfacet
  facet normal -0.267381 0.134105 0.954214
    outer loop
      vertex -1567.5 2079.39 3222.26
      vertex -1567.5 -2000.52 3795.65
      vertex -1558 -2000.15 3798.26
    endloop
  endfacet
  facet normal -0.556725 0.11561 0.822613
    outer loop
      vertex -1586.5 2077.62 3209.65
      vertex -1567.5 -2000.52 3795.65
      vertex -1567.5 2079.39 3222.26
    endloop
  endfacet
  facet normal -0.556725 0.11561 0.822613
    outer loop
      vertex -1586.5 2077.62 3209.65
      vertex -1586.5 -2002.29 3783.04
      vertex -1567.5 -2000.52 3795.65
    endloop
  endfacet
  facet normal -0.267381 0.134105 0.954214
    outer loop
      vertex -1596 2077.25 3207.04
      vertex -1586.5 -2002.29 3783.04
      vertex -1586.5 2077.62 3209.65
    endloop
  endfacet
  facet normal -0.26725 0.13411 0.954249
    outer loop
      vertex -1596 2077.25 3207.04
      vertex -1596 -2002.65 3780.43
      vertex -1586.5 -2002.29 3783.04
    endloop
  endfacet
  facet normal 0.267381 0.134105 0.954213
    outer loop
      vertex -1605.5 2077.62 3209.65
      vertex -1596 -2002.65 3780.43
      vertex -1596 2077.25 3207.04
    endloop
  endfacet
  facet normal 0.26725 0.13411 0.95425
    outer loop
      vertex -1605.5 2077.62 3209.65
      vertex -1605.5 -2002.29 3783.04
      vertex -1596 -2002.65 3780.43
    endloop
  endfacet
  facet normal 0.556725 0.11561 0.822613
    outer loop
      vertex -1624.5 2079.39 3222.26
      vertex -1605.5 -2002.29 3783.04
      vertex -1605.5 2077.62 3209.65
    endloop
  endfacet
  facet normal 0.556725 0.11561 0.822613
    outer loop
      vertex -1624.5 2079.39 3222.26
      vertex -1624.5 -2000.52 3795.65
      vertex -1605.5 -2002.29 3783.04
    endloop
  endfacet
  facet normal 0.267381 0.134105 0.954214
    outer loop
      vertex -1634 2079.76 3224.87
      vertex -1624.5 -2000.52 3795.65
      vertex -1624.5 2079.39 3222.26
    endloop
  endfacet
  facet normal 0.267381 0.134105 0.954214
    outer loop
      vertex -1634 2079.76 3224.87
      vertex -1634 -2000.15 3798.26
      vertex -1624.5 -2000.52 3795.65
    endloop
  endfacet
  facet normal -0.267381 0.134105 0.954214
    outer loop
      vertex -1643.5 2079.39 3222.26
      vertex -1634 -2000.15 3798.26
      vertex -1634 2079.76 3224.87
    endloop
  endfacet
  facet normal -0.267381 0.134105 0.954214
    outer loop
      vertex -1643.5 2079.39 3222.26
      vertex -1643.5 -2000.52 3795.65
      vertex -1634 -2000.15 3798.26
    endloop
  endfacet
  facet normal -0.556725 0.11561 0.822613
    outer loop
      vertex -1662.5 2077.62 3209.65
      vertex -1643.5 -2000.52 3795.65
      vertex -1643.5 2079.39 3222.26
    endloop
  endfacet
  facet normal -0.556725 0.11561 0.822613
    outer loop
      vertex -1662.5 2077.62 3209.65
      vertex -1662.5 -2002.29 3783.04
      vertex -1643.5 -2000.52 3795.65
    endloop
  endfacet
  facet normal -0.267381 0.134105 0.954214
    outer loop
      vertex -1672 2077.25 3207.04
      vertex -1662.5 -2002.29 3783.04
      vertex -1662.5 2077.62 3209.65
    endloop
  endfacet
  facet normal -0.26725 0.13411 0.954249
    outer loop
      vertex -1672 2077.25 3207.04
      vertex -1672 -2002.65 3780.43
      vertex -1662.5 -2002.29 3783.04
    endloop
  endfacet
  facet normal 0.267381 0.134105 0.954213
    outer loop
      vertex -1681.5 2077.62 3209.65
      vertex -1672 -2002.65 3780.43
      vertex -1672 2077.25 3207.04
    endloop
  endfacet
  facet normal 0.26725 0.13411 0.95425
    outer loop
      vertex -1681.5 2077.62 3209.65
      vertex -1681.5 -2002.29 3783.04
      vertex -1672 -2002.65 3780.43
    endloop
  endfacet
  facet normal 0.556725 0.11561 0.822613
    outer loop
      vertex -1700.5 2079.39 3222.26
      vertex -1681.5 -2002.29 3783.04
      vertex -1681.5 2077.62 3209.65
    endloop
  endfacet
  facet normal 0.556725 0.11561 0.822613
    outer loop
      vertex -1700.5 2079.39 3222.26
      vertex -1700.5 -2000.52 3795.65
      vertex -1681.5 -2002.29 3783.04
    endloop
  endfacet
  facet normal 0.267381 0.134105 0.954214
    outer loop
      vertex -1710 2079.76 3224.87
      vertex -1700.5 -2000.52 3795.65
      vertex -1700.5 2079.39 3222.26
    endloop
  endfacet
  facet normal 0.267381 0.134105 0.954214
    outer loop
      vertex -1710 2079.76 3224.87
      vertex -1710 -2000.15 3798.26
      vertex -1700.5 -2000.52 3795.65
    endloop
  endfacet
  facet normal -0.267381 0.134105 0.954214
    outer loop
      vertex -1719.5 2079.39 3222.26
      vertex -1710 -2000.15 3798.26
      vertex -1710 2079.76 3224.87
    endloop
  endfacet
  facet normal -0.267381 0.134105 0.954214
    outer loop
      vertex -1719.5 2079.39 3222.26
      vertex -1719.5 -2000.52 3795.65
      vertex -1710 -2000.15 3798.26
    endloop
  endfacet
  facet normal -0.556725 0.11561 0.822613
    outer loop
      vertex -1738.5 2077.62 3209.65
      vertex -1719.5 -2000.52 3795.65
      vertex -1719.5 2079.39 3222.26
    endloop
  endfacet
  facet normal -0.556725 0.11561 0.822613
    outer loop
      vertex -1738.5 2077.62 3209.65
      vertex -1738.5 -2002.29 3783.04
      vertex -1719.5 -2000.52 3795.65
    endloop
  endfacet
  facet normal -0.267381 0.134105 0.954214
    outer loop
      vertex -1748 2077.25 3207.04
      vertex -1738.5 -2002.29 3783.04
      vertex -1738.5 2077.62 3209.65
    endloop
  endfacet
  facet normal -0.26725 0.13411 0.954249
    outer loop
      vertex -1748 2077.25 3207.04
      vertex -1748 -2002.65 3780.43
      vertex -1738.5 -2002.29 3783.04
    endloop
  endfacet
  facet normal 0.267381 0.134105 0.954213
    outer loop
      vertex -1757.5 2077.62 3209.65
      vertex -1748 -2002.65 3780.43
      vertex -1748 2077.25 3207.04
    endloop
  endfacet
  facet normal 0.26725 0.13411 0.95425
    outer loop
      vertex -1757.5 2077.62 3209.65
      vertex -1757.5 -2002.29 3783.04
      vertex -1748 -2002.65 3780.43
    endloop
  endfacet
  facet normal 0.556725 0.11561 0.822613
    outer loop
      vertex -1776.5 2079.39 3222.26
      vertex -1757.5 -2002.29 3783.04
      vertex -1757.5 2077.62 3209.65
    endloop
  endfacet
  facet normal 0.556725 0.11561 0.822613
    outer loop
      vertex -1776.5 2079.39 3222.26
      vertex -1776.5 -2000.52 3795.65
      vertex -1757.5 -2002.29 3783.04
    endloop
  endfacet
  facet normal 0.267381 0.134105 0.954214
    outer loop
      vertex -1786 2079.76 3224.87
      vertex -1776.5 -2000.52 3795.65
      vertex -1776.5 2079.39 3222.26
    endloop
  endfacet
  facet normal 0.267381 0.134105 0.954214
    outer loop
      vertex -1786 2079.76 3224.87
      vertex -1786 -2000.15 3798.26
      vertex -1776.5 -2000.52 3795.65
    endloop
  endfacet
  facet normal -0.267381 0.134105 0.954214
    outer loop
      vertex -1795.5 2079.39 3222.26
      vertex -1786 -2000.15 3798.26
      vertex -1786 2079.76 3224.87
    endloop
  endfacet
  facet normal -0.267381 0.134105 0.954214
    outer loop
      vertex -1795.5 2079.39 3222.26
      vertex -1795.5 -2000.52 3795.65
      vertex -1786 -2000.15 3798.26
    endloop
  endfacet
  facet normal -0.556725 0.11561 0.822613
    outer loop
      vertex -1814.5 2077.62 3209.65
      vertex -1795.5 -2000.52 3795.65
      vertex -1795.5 2079.39 3222.26
    endloop
  endfacet
  facet normal -0.556725 0.11561 0.822613
    outer loop
      vertex -1814.5 2077.62 3209.65
      vertex -1814.5 -2002.29 3783.04
      vertex -1795.5 -2000.52 3795.65
    endloop
  endfacet
  facet normal -0.267381 0.134105 0.954214
    outer loop
      vertex -1824 2077.25 3207.04
      vertex -1814.5 -2002.29 3783.04
      vertex -1814.5 2077.62 3209.65
    endloop
  endfacet
  facet normal -0.26725 0.13411 0.954249
    outer loop
      vertex -1824 2077.25 3207.04
      vertex -1824 -2002.65 3780.43
      vertex -1814.5 -2002.29 3783.04
    endloop
  endfacet
  facet normal 0.267381 0.134105 0.954213
    outer loop
      vertex -1833.5 2077.62 3209.65
      vertex -1824 -2002.65 3780.43
      vertex -1824 2077.25 3207.04
    endloop
  endfacet
  facet normal 0.26725 0.13411 0.95425
    outer loop
      vertex -1833.5 2077.62 3209.65
      vertex -1833.5 -2002.29 3783.04
      vertex -1824 -2002.65 3780.43
    endloop
  endfacet
  facet normal 0.556725 0.11561 0.822613
    outer loop
      vertex -1852.5 2079.39 3222.26
      vertex -1833.5 -2002.29 3783.04
      vertex -1833.5 2077.62 3209.65
    endloop
  endfacet
  facet normal 0.556725 0.11561 0.822613
    outer loop
      vertex -1852.5 2079.39 3222.26
      vertex -1852.5 -2000.52 3795.65
      vertex -1833.5 -2002.29 3783.04
    endloop
  endfacet
  facet normal 0.267381 0.134105 0.954214
    outer loop
      vertex -1862 2079.76 3224.87
      vertex -1852.5 -2000.52 3795.65
      vertex -1852.5 2079.39 3222.26
    endloop
  endfacet
  facet normal 0.267381 0.134105 0.954214
    outer loop
      vertex -1862 2079.76 3224.87
      vertex -1862 -2000.15 3798.26
      vertex -1852.5 -2000.52 3795.65
    endloop
  endfacet
  facet normal -0.267381 0.134105 0.954214
    outer loop
      vertex -1871.5 2079.39 3222.26
      vertex -1862 -2000.15 3798.26
      vertex -1862 2079.76 3224.87
    endloop
  endfacet
  facet normal -0.267381 0.134105 0.954214
    outer loop
      vertex -1871.5 2079.39 3222.26
      vertex -1871.5 -2000.52 3795.65
      vertex -1862 -2000.15 3798.26
    endloop
  endfacet
  facet normal -0.556725 0.11561 0.822613
    outer loop
      vertex -1890.5 2077.62 3209.65
      vertex -1871.5 -2000.52 3795.65
      vertex -1871.5 2079.39 3222.26
    endloop
  endfacet
  facet normal -0.556725 0.11561 0.822613
    outer loop
      vertex -1890.5 2077.62 3209.65
      vertex -1890.5 -2002.29 3783.04
      vertex -1871.5 -2000.52 3795.65
    endloop
  endfacet
  facet normal -0.267381 0.134105 0.954214
    outer loop
      vertex -1900 2077.25 3207.04
      vertex -1890.5 -2002.29 3783.04
      vertex -1890.5 2077.62 3209.65
    endloop
  endfacet
  facet normal -0.26725 0.13411 0.954249
    outer loop
      vertex -1900 2077.25 3207.04
      vertex -1900 -2002.65 3780.43
      vertex -1890.5 -2002.29 3783.04
    endloop
  endfacet
  facet normal 0.267381 0.134105 0.954213
    outer loop
      vertex -1909.5 2077.62 3209.65
      vertex -1900 -2002.65 3780.43
      vertex -1900 2077.25 3207.04
    endloop
  endfacet
  facet normal 0.26725 0.13411 0.95425
    outer loop
      vertex -1909.5 2077.62 3209.65
      vertex -1909.5 -2002.29 3783.04
      vertex -1900 -2002.65 3780.43
    endloop
  endfacet
  facet normal 0.556725 0.11561 0.822613
    outer loop
      vertex -1928.5 2079.39 3222.26
      vertex -1909.5 -2002.29 3783.04
      vertex -1909.5 2077.62 3209.65
    endloop
  endfacet
  facet normal 0.556725 0.11561 0.822613
    outer loop
      vertex -1928.5 2079.39 3222.26
      vertex -1928.5 -2000.52 3795.65
      vertex -1909.5 -2002.29 3783.04
    endloop
  endfacet
  facet normal 0.267381 0.134105 0.954214
    outer loop
      vertex -1938 2079.76 3224.87
      vertex -1928.5 -2000.52 3795.65
      vertex -1928.5 2079.39 3222.26
    endloop
  endfacet
  facet normal 0.267381 0.134105 0.954214
    outer loop
      vertex -1938 2079.76 3224.87
      vertex -1938 -2000.15 3798.26
      vertex -1928.5 -2000.52 3795.65
    endloop
  endfacet
  facet normal -0.267381 0.134105 0.954214
    outer loop
      vertex -1947.5 2079.39 3222.26
      vertex -1938 -2000.15 3798.26
      vertex -1938 2079.76 3224.87
    endloop
  endfacet
  facet normal -0.267381 0.134105 0.954214
    outer loop
      vertex -1947.5 2079.39 3222.26
      vertex -1947.5 -2000.52 3795.65
      vertex -1938 -2000.15 3798.26
    endloop
  endfacet
  facet normal -0.556725 0.11561 0.822613
    outer loop
      vertex -1966.5 2077.62 3209.65
      vertex -1947.5 -2000.52 3795.65
      vertex -1947.5 2079.39 3222.26
    endloop
  endfacet
  facet normal -0.556725 0.11561 0.822613
    outer loop
      vertex -1966.5 2077.62 3209.65
      vertex -1966.5 -2002.29 3783.04
      vertex -1947.5 -2000.52 3795.65
    endloop
  endfacet
  facet normal -0.267381 0.134105 0.954214
    outer loop
      vertex -1976 2077.25 3207.04
      vertex -1966.5 -2002.29 3783.04
      vertex -1966.5 2077.62 3209.65
    endloop
  endfacet
  facet normal -0.26725 0.13411 0.954249
    outer loop
      vertex -1976 2077.25 3207.04
      vertex -1976 -2002.65 3780.43
      vertex -1966.5 -2002.29 3783.04
    endloop
  endfacet
  facet normal -1 0 0
    outer loop
      vertex -1976 2076.14 3199.12
      vertex -1976 -2002.65 3780.43
      vertex -1976 2077.25 3207.04
    endloop
  endfacet
  facet normal -1 0 0
    outer loop
      vertex -1976 2076.14 3199.12
      vertex -1976 -2003.77 3772.51
      vertex -1976 -2002.65 3780.43
    endloop
  endfacet
  facet normal 0.26725 -0.13411 -0.95425
    outer loop
      vertex -1966.5 2076.5 3201.73
      vertex -1976 -2003.77 3772.51
      vertex -1976 2076.14 3199.12
    endloop
  endfacet
  facet normal 0.267381 -0.134105 -0.954213
    outer loop
      vertex -1966.5 2076.5 3201.73
      vertex -1966.5 -2003.4 3775.12
      vertex -1976 -2003.77 3772.51
    endloop
  endfacet
  facet normal 0.556468 -0.115634 -0.822783
    outer loop
      vertex -1947.5 2078.28 3214.33
      vertex -1966.5 -2003.4 3775.12
      vertex -1966.5 2076.5 3201.73
    endloop
  endfacet
  facet normal 0.556725 -0.115612 -0.822612
    outer loop
      vertex -1947.5 2078.28 3214.33
      vertex -1947.5 -2001.63 3787.73
      vertex -1966.5 -2003.4 3775.12
    endloop
  endfacet
  facet normal 0.26725 -0.134112 -0.954249
    outer loop
      vertex -1938 2078.64 3216.94
      vertex -1947.5 -2001.63 3787.73
      vertex -1947.5 2078.28 3214.33
    endloop
  endfacet
  facet normal 0.267381 -0.134108 -0.954213
    outer loop
      vertex -1938 2078.64 3216.94
      vertex -1938 -2001.26 3790.34
      vertex -1947.5 -2001.63 3787.73
    endloop
  endfacet
  facet normal -0.26725 -0.134113 -0.954249
    outer loop
      vertex -1928.5 2078.28 3214.33
      vertex -1938 -2001.26 3790.34
      vertex -1938 2078.64 3216.94
    endloop
  endfacet
  facet normal -0.267381 -0.134107 -0.954213
    outer loop
      vertex -1928.5 2078.28 3214.33
      vertex -1928.5 -2001.63 3787.73
      vertex -1938 -2001.26 3790.34
    endloop
  endfacet
  facet normal -0.556468 -0.115636 -0.822783
    outer loop
      vertex -1909.5 2076.5 3201.73
      vertex -1928.5 -2001.63 3787.73
      vertex -1928.5 2078.28 3214.33
    endloop
  endfacet
  facet normal -0.556725 -0.11561 -0.822613
    outer loop
      vertex -1909.5 2076.5 3201.73
      vertex -1909.5 -2003.4 3775.12
      vertex -1928.5 -2001.63 3787.73
    endloop
  endfacet
  facet normal -0.26725 -0.13411 -0.954249
    outer loop
      vertex -1900 2076.14 3199.12
      vertex -1909.5 -2003.4 3775.12
      vertex -1909.5 2076.5 3201.73
    endloop
  endfacet
  facet normal -0.267381 -0.134105 -0.954214
    outer loop
      vertex -1900 2076.14 3199.12
      vertex -1900 -2003.77 3772.51
      vertex -1909.5 -2003.4 3775.12
    endloop
  endfacet
  facet normal 0.26725 -0.13411 -0.95425
    outer loop
      vertex -1890.5 2076.5 3201.73
      vertex -1900 -2003.77 3772.51
      vertex -1900 2076.14 3199.12
    endloop
  endfacet
  facet normal 0.267381 -0.134105 -0.954213
    outer loop
      vertex -1890.5 2076.5 3201.73
      vertex -1890.5 -2003.4 3775.12
      vertex -1900 -2003.77 3772.51
    endloop
  endfacet
  facet normal 0.556468 -0.115634 -0.822783
    outer loop
      vertex -1871.5 2078.28 3214.33
      vertex -1890.5 -2003.4 3775.12
      vertex -1890.5 2076.5 3201.73
    endloop
  endfacet
  facet normal 0.556725 -0.115612 -0.822612
    outer loop
      vertex -1871.5 2078.28 3214.33
      vertex -1871.5 -2001.63 3787.73
      vertex -1890.5 -2003.4 3775.12
    endloop
  endfacet
  facet normal 0.26725 -0.134112 -0.954249
    outer loop
      vertex -1862 2078.64 3216.94
      vertex -1871.5 -2001.63 3787.73
      vertex -1871.5 2078.28 3214.33
    endloop
  endfacet
  facet normal 0.267381 -0.134108 -0.954213
    outer loop
      vertex -1862 2078.64 3216.94
      vertex -1862 -2001.26 3790.34
      vertex -1871.5 -2001.63 3787.73
    endloop
  endfacet
  facet normal -0.26725 -0.134113 -0.954249
    outer loop
      vertex -1852.5 2078.28 3214.33
      vertex -1862 -2001.26 3790.34
      vertex -1862 2078.64 3216.94
    endloop
  endfacet
  facet normal -0.267381 -0.134107 -0.954213
    outer loop
      vertex -1852.5 2078.28 3214.33
      vertex -1852.5 -2001.63 3787.73
      vertex -1862 -2001.26 3790.34
    endloop
  endfacet
  facet normal -0.556468 -0.115636 -0.822783
    outer loop
      vertex -1833.5 2076.5 3201.73
      vertex -1852.5 -2001.63 3787.73
      vertex -1852.5 2078.28 3214.33
    endloop
  endfacet
  facet normal -0.556725 -0.11561 -0.822613
    outer loop
      vertex -1833.5 2076.5 3201.73
      vertex -1833.5 -2003.4 3775.12
      vertex -1852.5 -2001.63 3787.73
    endloop
  endfacet
  facet normal -0.26725 -0.13411 -0.954249
    outer loop
      vertex -1824 2076.14 3199.12
      vertex -1833.5 -2003.4 3775.12
      vertex -1833.5 2076.5 3201.73
    endloop
  endfacet
  facet normal -0.267381 -0.134105 -0.954214
    outer loop
      vertex -1824 2076.14 3199.12
      vertex -1824 -2003.77 3772.51
      vertex -1833.5 -2003.4 3775.12
    endloop
  endfacet
  facet normal 0.26725 -0.13411 -0.95425
    outer loop
      vertex -1814.5 2076.5 3201.73
      vertex -1824 -2003.77 3772.51
      vertex -1824 2076.14 3199.12
    endloop
  endfacet
  facet normal 0.267381 -0.134105 -0.954213
    outer loop
      vertex -1814.5 2076.5 3201.73
      vertex -1814.5 -2003.4 3775.12
      vertex -1824 -2003.77 3772.51
    endloop
  endfacet
  facet normal 0.556468 -0.115634 -0.822783
    outer loop
      vertex -1795.5 2078.28 3214.33
      vertex -1814.5 -2003.4 3775.12
      vertex -1814.5 2076.5 3201.73
    endloop
  endfacet
  facet normal 0.556725 -0.115612 -0.822612
    outer loop
      vertex -1795.5 2078.28 3214.33
      vertex -1795.5 -2001.63 3787.73
      vertex -1814.5 -2003.4 3775.12
    endloop
  endfacet
  facet normal 0.26725 -0.134112 -0.954249
    outer loop
      vertex -1786 2078.64 3216.94
      vertex -1795.5 -2001.63 3787.73
      vertex -1795.5 2078.28 3214.33
    endloop
  endfacet
  facet normal 0.267381 -0.134108 -0.954213
    outer loop
      vertex -1786 2078.64 3216.94
      vertex -1786 -2001.26 3790.34
      vertex -1795.5 -2001.63 3787.73
    endloop
  endfacet
  facet normal -0.26725 -0.134113 -0.954249
    outer loop
      vertex -1776.5 2078.28 3214.33
      vertex -1786 -2001.26 3790.34
      vertex -1786 2078.64 3216.94
    endloop
  endfacet
  facet normal -0.267381 -0.134107 -0.954213
    outer loop
      vertex -1776.5 2078.28 3214.33
      vertex -1776.5 -2001.63 3787.73
      vertex -1786 -2001.26 3790.34
    endloop
  endfacet
  facet normal -0.556468 -0.115636 -0.822783
    outer loop
      vertex -1757.5 2076.5 3201.73
      vertex -1776.5 -2001.63 3787.73
      vertex -1776.5 2078.28 3214.33
    endloop
  endfacet
  facet normal -0.556725 -0.11561 -0.822613
    outer loop
      vertex -1757.5 2076.5 3201.73
      vertex -1757.5 -2003.4 3775.12
      vertex -1776.5 -2001.63 3787.73
    endloop
  endfacet
  facet normal -0.26725 -0.13411 -0.954249
    outer loop
      vertex -1748 2076.14 3199.12
      vertex -1757.5 -2003.4 3775.12
      vertex -1757.5 2076.5 3201.73
    endloop
  endfacet
  facet normal -0.267381 -0.134105 -0.954214
    outer loop
      vertex -1748 2076.14 3199.12
      vertex -1748 -2003.77 3772.51
      vertex -1757.5 -2003.4 3775.12
    endloop
  endfacet
  facet normal 0.26725 -0.13411 -0.95425
    outer loop
      vertex -1738.5 2076.5 3201.73
      vertex -1748 -2003.77 3772.51
      vertex -1748 2076.14 3199.12
    endloop
  endfacet
  facet normal 0.267381 -0.134105 -0.954213
    outer loop
      vertex -1738.5 2076.5 3201.73
      vertex -1738.5 -2003.4 3775.12
      vertex -1748 -2003.77 3772.51
    endloop
  endfacet
  facet normal 0.556468 -0.115634 -0.822783
    outer loop
      vertex -1719.5 2078.28 3214.33
      vertex -1738.5 -2003.4 3775.12
      vertex -1738.5 2076.5 3201.73
    endloop
  endfacet
  facet normal 0.556725 -0.115612 -0.822612
    outer loop
      vertex -1719.5 2078.28 3214.33
      vertex -1719.5 -2001.63 3787.73
      vertex -1738.5 -2003.4 3775.12
    endloop
  endfacet
  facet normal 0.26725 -0.134112 -0.954249
    outer loop
      vertex -1710 2078.64 3216.94
      vertex -1719.5 -2001.63 3787.73
      vertex -1719.5 2078.28 3214.33
    endloop
  endfacet
  facet normal 0.267381 -0.134108 -0.954213
    outer loop
      vertex -1710 2078.64 3216.94
      vertex -1710 -2001.26 3790.34
      vertex -1719.5 -2001.63 3787.73
    endloop
  endfacet
  facet normal -0.26725 -0.134113 -0.954249
    outer loop
      vertex -1700.5 2078.28 3214.33
      vertex -1710 -2001.26 3790.34
      vertex -1710 2078.64 3216.94
    endloop
  endfacet
  facet normal -0.267381 -0.134107 -0.954213
    outer loop
      vertex -1700.5 2078.28 3214.33
      vertex -1700.5 -2001.63 3787.73
      vertex -1710 -2001.26 3790.34
    endloop
  endfacet
  facet normal -0.556468 -0.115636 -0.822783
    outer loop
      vertex -1681.5 2076.5 3201.73
      vertex -1700.5 -2001.63 3787.73
      vertex -1700.5 2078.28 3214.33
    endloop
  endfacet
  facet normal -0.556725 -0.11561 -0.822613
    outer loop
      vertex -1681.5 2076.5 3201.73
      vertex -1681.5 -2003.4 3775.12
      vertex -1700.5 -2001.63 3787.73
    endloop
  endfacet
  facet normal -0.26725 -0.13411 -0.954249
    outer loop
      vertex -1672 2076.14 3199.12
      vertex -1681.5 -2003.4 3775.12
      vertex -1681.5 2076.5 3201.73
    endloop
  endfacet
  facet normal -0.267381 -0.134105 -0.954214
    outer loop
      vertex -1672 2076.14 3199.12
      vertex -1672 -2003.77 3772.51
      vertex -1681.5 -2003.4 3775.12
    endloop
  endfacet
  facet normal 0.26725 -0.13411 -0.95425
    outer loop
      vertex -1662.5 2076.5 3201.73
      vertex -1672 -2003.77 3772.51
      vertex -1672 2076.14 3199.12
    endloop
  endfacet
  facet normal 0.267381 -0.134105 -0.954213
    outer loop
      vertex -1662.5 2076.5 3201.73
      vertex -1662.5 -2003.4 3775.12
      vertex -1672 -2003.77 3772.51
    endloop
  endfacet
  facet normal 0.556468 -0.115634 -0.822783
    outer loop
      vertex -1643.5 2078.28 3214.33
      vertex -1662.5 -2003.4 3775.12
      vertex -1662.5 2076.5 3201.73
    endloop
  endfacet
  facet normal 0.556725 -0.115612 -0.822612
    outer loop
      vertex -1643.5 2078.28 3214.33
      vertex -1643.5 -2001.63 3787.73
      vertex -1662.5 -2003.4 3775.12
    endloop
  endfacet
  facet normal 0.26725 -0.134112 -0.954249
    outer loop
      vertex -1634 2078.64 3216.94
      vertex -1643.5 -2001.63 3787.73
      vertex -1643.5 2078.28 3214.33
    endloop
  endfacet
  facet normal 0.267381 -0.134108 -0.954213
    outer loop
      vertex -1634 2078.64 3216.94
      vertex -1634 -2001.26 3790.34
      vertex -1643.5 -2001.63 3787.73
    endloop
  endfacet
  facet normal -0.26725 -0.134113 -0.954249
    outer loop
      vertex -1624.5 2078.28 3214.33
      vertex -1634 -2001.26 3790.34
      vertex -1634 2078.64 3216.94
    endloop
  endfacet
  facet normal -0.267381 -0.134107 -0.954213
    outer loop
      vertex -1624.5 2078.28 3214.33
      vertex -1624.5 -2001.63 3787.73
      vertex -1634 -2001.26 3790.34
    endloop
  endfacet
  facet normal -0.556468 -0.115636 -0.822783
    outer loop
      vertex -1605.5 2076.5 3201.73
      vertex -1624.5 -2001.63 3787.73
      vertex -1624.5 2078.28 3214.33
    endloop
  endfacet
  facet normal -0.556725 -0.11561 -0.822613
    outer loop
      vertex -1605.5 2076.5 3201.73
      vertex -1605.5 -2003.4 3775.12
      vertex -1624.5 -2001.63 3787.73
    endloop
  endfacet
  facet normal -0.26725 -0.13411 -0.954249
    outer loop
      vertex -1596 2076.14 3199.12
      vertex -1605.5 -2003.4 3775.12
      vertex -1605.5 2076.5 3201.73
    endloop
  endfacet
  facet normal -0.267381 -0.134105 -0.954214
    outer loop
      vertex -1596 2076.14 3199.12
      vertex -1596 -2003.77 3772.51
      vertex -1605.5 -2003.4 3775.12
    endloop
  endfacet
  facet normal 0.26725 -0.13411 -0.95425
    outer loop
      vertex -1586.5 2076.5 3201.73
      vertex -1596 -2003.77 3772.51
      vertex -1596 2076.14 3199.12
    endloop
  endfacet
  facet normal 0.267381 -0.134105 -0.954213
    outer loop
      vertex -1586.5 2076.5 3201.73
      vertex -1586.5 -2003.4 3775.12
      vertex -1596 -2003.77 3772.51
    endloop
  endfacet
  facet normal 0.556468 -0.115634 -0.822783
    outer loop
      vertex -1567.5 2078.28 3214.33
      vertex -1586.5 -2003.4 3775.12
      vertex -1586.5 2076.5 3201.73
    endloop
  endfacet
  facet normal 0.556725 -0.115612 -0.822612
    outer loop
      vertex -1567.5 2078.28 3214.33
      vertex -1567.5 -2001.63 3787.73
      vertex -1586.5 -2003.4 3775.12
    endloop
  endfacet
  facet normal 0.26725 -0.134112 -0.954249
    outer loop
      vertex -1558 2078.64 3216.94
      vertex -1567.5 -2001.63 3787.73
      vertex -1567.5 2078.28 3214.33
    endloop
  endfacet
  facet normal 0.267381 -0.134108 -0.954213
    outer loop
      vertex -1558 2078.64 3216.94
      vertex -1558 -2001.26 3790.34
      vertex -1567.5 -2001.63 3787.73
    endloop
  endfacet
  facet normal -0.26725 -0.134113 -0.954249
    outer loop
      vertex -1548.5 2078.28 3214.33
      vertex -1558 -2001.26 3790.34
      vertex -1558 2078.64 3216.94
    endloop
  endfacet
  facet normal -0.267381 -0.134107 -0.954213
    outer loop
      vertex -1548.5 2078.28 3214.33
      vertex -1548.5 -2001.63 3787.73
      vertex -1558 -2001.26 3790.34
    endloop
  endfacet
  facet normal -0.556468 -0.115636 -0.822783
    outer loop
      vertex -1529.5 2076.5 3201.73
      vertex -1548.5 -2001.63 3787.73
      vertex -1548.5 2078.28 3214.33
    endloop
  endfacet
  facet normal -0.556725 -0.11561 -0.822613
    outer loop
      vertex -1529.5 2076.5 3201.73
      vertex -1529.5 -2003.4 3775.12
      vertex -1548.5 -2001.63 3787.73
    endloop
  endfacet
  facet normal -0.26725 -0.13411 -0.954249
    outer loop
      vertex -1520 2076.14 3199.12
      vertex -1529.5 -2003.4 3775.12
      vertex -1529.5 2076.5 3201.73
    endloop
  endfacet
  facet normal -0.267381 -0.134105 -0.954214
    outer loop
      vertex -1520 2076.14 3199.12
      vertex -1520 -2003.77 3772.51
      vertex -1529.5 -2003.4 3775.12
    endloop
  endfacet
  facet normal 0.26725 -0.13411 -0.95425
    outer loop
      vertex -1510.5 2076.5 3201.73
      vertex -1520 -2003.77 3772.51
      vertex -1520 2076.14 3199.12
    endloop
  endfacet
  facet normal 0.267381 -0.134105 -0.954213
    outer loop
      vertex -1510.5 2076.5 3201.73
      vertex -1510.5 -2003.4 3775.12
      vertex -1520 -2003.77 3772.51
    endloop
  endfacet
  facet normal 0.556468 -0.115634 -0.822783
    outer loop
      vertex -1491.5 2078.28 3214.33
      vertex -1510.5 -2003.4 3775.12
      vertex -1510.5 2076.5 3201.73
    endloop
  endfacet
  facet normal 0.556725 -0.115612 -0.822612
    outer loop
      vertex -1491.5 2078.28 3214.33
      vertex -1491.5 -2001.63 3787.73
      vertex -1510.5 -2003.4 3775.12
    endloop
  endfacet
  facet normal 0.26725 -0.134112 -0.954249
    outer loop
      vertex -1482 2078.64 3216.94
      vertex -1491.5 -2001.63 3787.73
      vertex -1491.5 2078.28 3214.33
    endloop
  endfacet
  facet normal 0.267381 -0.134108 -0.954213
    outer loop
      vertex -1482 2078.64 3216.94
      vertex -1482 -2001.26 3790.34
      vertex -1491.5 -2001.63 3787.73
    endloop
  endfacet
  facet normal -0.26725 -0.134113 -0.954249
    outer loop
      vertex -1472.5 2078.28 3214.33
      vertex -1482 -2001.26 3790.34
      vertex -1482 2078.64 3216.94
    endloop
  endfacet
  facet normal -0.267381 -0.134107 -0.954213
    outer loop
      vertex -1472.5 2078.28 3214.33
      vertex -1472.5 -2001.63 3787.73
      vertex -1482 -2001.26 3790.34
    endloop
  endfacet
  facet normal -0.556468 -0.115636 -0.822783
    outer loop
      vertex -1453.5 2076.5 3201.73
      vertex -1472.5 -2001.63 3787.73
      vertex -1472.5 2078.28 3214.33
    endloop
  endfacet
  facet normal -0.556725 -0.11561 -0.822613
    outer loop
      vertex -1453.5 2076.5 3201.73
      vertex -1453.5 -2003.4 3775.12
      vertex -1472.5 -2001.63 3787.73
    endloop
  endfacet
  facet normal -0.26725 -0.13411 -0.954249
    outer loop
      vertex -1444 2076.14 3199.12
      vertex -1453.5 -2003.4 3775.12
      vertex -1453.5 2076.5 3201.73
    endloop
  endfacet
  facet normal -0.267381 -0.134105 -0.954214
    outer loop
      vertex -1444 2076.14 3199.12
      vertex -1444 -2003.77 3772.51
      vertex -1453.5 -2003.4 3775.12
    endloop
  endfacet
  facet normal 0.26725 -0.13411 -0.95425
    outer loop
      vertex -1434.5 2076.5 3201.73
      vertex -1444 -2003.77 3772.51
      vertex -1444 2076.14 3199.12
    endloop
  endfacet
  facet normal 0.267381 -0.134105 -0.954213
    outer loop
      vertex -1434.5 2076.5 3201.73
      vertex -1434.5 -2003.4 3775.12
      vertex -1444 -2003.77 3772.51
    endloop
  endfacet
  facet normal 0.556468 -0.115634 -0.822783
    outer loop
      vertex -1415.5 2078.28 3214.33
      vertex -1434.5 -2003.4 3775.12
      vertex -1434.5 2076.5 3201.73
    endloop
  endfacet
  facet normal 0.556725 -0.115612 -0.822612
    outer loop
      vertex -1415.5 2078.28 3214.33
      vertex -1415.5 -2001.63 3787.73
      vertex -1434.5 -2003.4 3775.12
    endloop
  endfacet
  facet normal 0.26725 -0.134112 -0.954249
    outer loop
      vertex -1406 2078.64 3216.94
      vertex -1415.5 -2001.63 3787.73
      vertex -1415.5 2078.28 3214.33
    endloop
  endfacet
  facet normal 0.267381 -0.134108 -0.954213
    outer loop
      vertex -1406 2078.64 3216.94
      vertex -1406 -2001.26 3790.34
      vertex -1415.5 -2001.63 3787.73
    endloop
  endfacet
  facet normal -0.26725 -0.134113 -0.954249
    outer loop
      vertex -1396.5 2078.28 3214.33
      vertex -1406 -2001.26 3790.34
      vertex -1406 2078.64 3216.94
    endloop
  endfacet
  facet normal -0.267381 -0.134107 -0.954213
    outer loop
      vertex -1396.5 2078.28 3214.33
      vertex -1396.5 -2001.63 3787.73
      vertex -1406 -2001.26 3790.34
    endloop
  endfacet
  facet normal -0.556468 -0.115636 -0.822783
    outer loop
      vertex -1377.5 2076.5 3201.73
      vertex -1396.5 -2001.63 3787.73
      vertex -1396.5 2078.28 3214.33
    endloop
  endfacet
  facet normal -0.556725 -0.11561 -0.822613
    outer loop
      vertex -1377.5 2076.5 3201.73
      vertex -1377.5 -2003.4 3775.12
      vertex -1396.5 -2001.63 3787.73
    endloop
  endfacet
  facet normal -0.26725 -0.13411 -0.954249
    outer loop
      vertex -1368 2076.14 3199.12
      vertex -1377.5 -2003.4 3775.12
      vertex -1377.5 2076.5 3201.73
    endloop
  endfacet
  facet normal -0.267381 -0.134105 -0.954214
    outer loop
      vertex -1368 2076.14 3199.12
      vertex -1368 -2003.77 3772.51
      vertex -1377.5 -2003.4 3775.12
    endloop
  endfacet
  facet normal 0.26725 -0.13411 -0.95425
    outer loop
      vertex -1358.5 2076.5 3201.73
      vertex -1368 -2003.77 3772.51
      vertex -1368 2076.14 3199.12
    endloop
  endfacet
  facet normal 0.267381 -0.134105 -0.954213
    outer loop
      vertex -1358.5 2076.5 3201.73
      vertex -1358.5 -2003.4 3775.12
      vertex -1368 -2003.77 3772.51
    endloop
  endfacet
  facet normal 0.556468 -0.115634 -0.822783
    outer loop
      vertex -1339.5 2078.28 3214.33
      vertex -1358.5 -2003.4 3775.12
      vertex -1358.5 2076.5 3201.73
    endloop
  endfacet
  facet normal 0.556725 -0.115612 -0.822612
    outer loop
      vertex -1339.5 2078.28 3214.33
      vertex -1339.5 -2001.63 3787.73
      vertex -1358.5 -2003.4 3775.12
    endloop
  endfacet
  facet normal 0.26725 -0.134112 -0.954249
    outer loop
      vertex -1330 2078.64 3216.94
      vertex -1339.5 -2001.63 3787.73
      vertex -1339.5 2078.28 3214.33
    endloop
  endfacet
  facet normal 0.267381 -0.134108 -0.954213
    outer loop
      vertex -1330 2078.64 3216.94
      vertex -1330 -2001.26 3790.34
      vertex -1339.5 -2001.63 3787.73
    endloop
  endfacet
  facet normal -0.26725 -0.134113 -0.954249
    outer loop
      vertex -1320.5 2078.28 3214.33
      vertex -1330 -2001.26 3790.34
      vertex -1330 2078.64 3216.94
    endloop
  endfacet
  facet normal -0.267381 -0.134107 -0.954213
    outer loop
      vertex -1320.5 2078.28 3214.33
      vertex -1320.5 -2001.63 3787.73
      vertex -1330 -2001.26 3790.34
    endloop
  endfacet
  facet normal -0.556468 -0.115636 -0.822783
    outer loop
      vertex -1301.5 2076.5 3201.73
      vertex -1320.5 -2001.63 3787.73
      vertex -1320.5 2078.28 3214.33
    endloop
  endfacet
  facet normal -0.556725 -0.11561 -0.822613
    outer loop
      vertex -1301.5 2076.5 3201.73
      vertex -1301.5 -2003.4 3775.12
      vertex -1320.5 -2001.63 3787.73
    endloop
  endfacet
  facet normal -0.26725 -0.13411 -0.954249
    outer loop
      vertex -1292 2076.14 3199.12
      vertex -1301.5 -2003.4 3775.12
      vertex -1301.5 2076.5 3201.73
    endloop
  endfacet
  facet normal -0.267381 -0.134105 -0.954214
    outer loop
      vertex -1292 2076.14 3199.12
      vertex -1292 -2003.77 3772.51
      vertex -1301.5 -2003.4 3775.12
    endloop
  endfacet
  facet normal 0.26725 -0.13411 -0.95425
    outer loop
      vertex -1282.5 2076.5 3201.73
      vertex -1292 -2003.77 3772.51
      vertex -1292 2076.14 3199.12
    endloop
  endfacet
  facet normal 0.267381 -0.134105 -0.954213
    outer loop
      vertex -1282.5 2076.5 3201.73
      vertex -1282.5 -2003.4 3775.12
      vertex -1292 -2003.77 3772.51
    endloop
  endfacet
  facet normal 0.556468 -0.115634 -0.822783
    outer loop
      vertex -1263.5 2078.28 3214.33
      vertex -1282.5 -2003.4 3775.12
      vertex -1282.5 2076.5 3201.73
    endloop
  endfacet
  facet normal 0.556725 -0.115612 -0.822612
    outer loop
      vertex -1263.5 2078.28 3214.33
      vertex -1263.5 -2001.63 3787.73
      vertex -1282.5 -2003.4 3775.12
    endloop
  endfacet
  facet normal 0.26725 -0.134112 -0.954249
    outer loop
      vertex -1254 2078.64 3216.94
      vertex -1263.5 -2001.63 3787.73
      vertex -1263.5 2078.28 3214.33
    endloop
  endfacet
  facet normal 0.267381 -0.134108 -0.954213
    outer loop
      vertex -1254 2078.64 3216.94
      vertex -1254 -2001.26 3790.34
      vertex -1263.5 -2001.63 3787.73
    endloop
  endfacet
  facet normal -0.26725 -0.134113 -0.954249
    outer loop
      vertex -1244.5 2078.28 3214.33
      vertex -1254 -2001.26 3790.34
      vertex -1254 2078.64 3216.94
    endloop
  endfacet
  facet normal -0.267381 -0.134107 -0.954213
    outer loop
      vertex -1244.5 2078.28 3214.33
      vertex -1244.5 -2001.63 3787.73
      vertex -1254 -2001.26 3790.34
    endloop
  endfacet
  facet normal -0.556468 -0.115636 -0.822783
    outer loop
      vertex -1225.5 2076.5 3201.73
      vertex -1244.5 -2001.63 3787.73
      vertex -1244.5 2078.28 3214.33
    endloop
  endfacet
  facet normal -0.556725 -0.11561 -0.822613
    outer loop
      vertex -1225.5 2076.5 3201.73
      vertex -1225.5 -2003.4 3775.12
      vertex -1244.5 -2001.63 3787.73
    endloop
  endfacet
  facet normal -0.26725 -0.13411 -0.954249
    outer loop
      vertex -1216 2076.14 3199.12
      vertex -1225.5 -2003.4 3775.12
      vertex -1225.5 2076.5 3201.73
    endloop
  endfacet
  facet normal -0.267381 -0.134105 -0.954214
    outer loop
      vertex -1216 2076.14 3199.12
      vertex -1216 -2003.77 3772.51
      vertex -1225.5 -2003.4 3775.12
    endloop
  endfacet
  facet normal 0.26725 -0.13411 -0.95425
    outer loop
      vertex -1206.5 2076.5 3201.73
      vertex -1216 -2003.77 3772.51
      vertex -1216 2076.14 3199.12
    endloop
  endfacet
  facet normal 0.267381 -0.134105 -0.954213
    outer loop
      vertex -1206.5 2076.5 3201.73
      vertex -1206.5 -2003.4 3775.12
      vertex -1216 -2003.77 3772.51
    endloop
  endfacet
  facet normal 0.556468 -0.115634 -0.822783
    outer loop
      vertex -1187.5 2078.28 3214.33
      vertex -1206.5 -2003.4 3775.12
      vertex -1206.5 2076.5 3201.73
    endloop
  endfacet
  facet normal 0.556725 -0.115612 -0.822612
    outer loop
      vertex -1187.5 2078.28 3214.33
      vertex -1187.5 -2001.63 3787.73
      vertex -1206.5 -2003.4 3775.12
    endloop
  endfacet
  facet normal 0.26725 -0.134112 -0.954249
    outer loop
      vertex -1178 2078.64 3216.94
      vertex -1187.5 -2001.63 3787.73
      vertex -1187.5 2078.28 3214.33
    endloop
  endfacet
  facet normal 0.267381 -0.134108 -0.954213
    outer loop
      vertex -1178 2078.64 3216.94
      vertex -1178 -2001.26 3790.34
      vertex -1187.5 -2001.63 3787.73
    endloop
  endfacet
  facet normal -0.26725 -0.134113 -0.954249
    outer loop
      vertex -1168.5 2078.28 3214.33
      vertex -1178 -2001.26 3790.34
      vertex -1178 2078.64 3216.94
    endloop
  endfacet
  facet normal -0.267381 -0.134107 -0.954213
    outer loop
      vertex -1168.5 2078.28 3214.33
      vertex -1168.5 -2001.63 3787.73
      vertex -1178 -2001.26 3790.34
    endloop
  endfacet
  facet normal -0.556468 -0.115636 -0.822783
    outer loop
      vertex -1149.5 2076.5 3201.73
      vertex -1168.5 -2001.63 3787.73
      vertex -1168.5 2078.28 3214.33
    endloop
  endfacet
  facet normal -0.556725 -0.11561 -0.822613
    outer loop
      vertex -1149.5 2076.5 3201.73
      vertex -1149.5 -2003.4 3775.12
      vertex -1168.5 -2001.63 3787.73
    endloop
  endfacet
  facet normal -0.26725 -0.13411 -0.954249
    outer loop
      vertex -1140 2076.14 3199.12
      vertex -1149.5 -2003.4 3775.12
      vertex -1149.5 2076.5 3201.73
    endloop
  endfacet
  facet normal -0.267381 -0.134105 -0.954214
    outer loop
      vertex -1140 2076.14 3199.12
      vertex -1140 -2003.77 3772.51
      vertex -1149.5 -2003.4 3775.12
    endloop
  endfacet
  facet normal 0.26725 -0.13411 -0.95425
    outer loop
      vertex -1130.5 2076.5 3201.73
      vertex -1140 -2003.77 3772.51
      vertex -1140 2076.14 3199.12
    endloop
  endfacet
  facet normal 0.267381 -0.134105 -0.954213
    outer loop
      vertex -1130.5 2076.5 3201.73
      vertex -1130.5 -2003.4 3775.12
      vertex -1140 -2003.77 3772.51
    endloop
  endfacet
  facet normal 0.556468 -0.115634 -0.822783
    outer loop
      vertex -1111.5 2078.28 3214.33
      vertex -1130.5 -2003.4 3775.12
      vertex -1130.5 2076.5 3201.73
    endloop
  endfacet
  facet normal 0.556725 -0.115612 -0.822612
    outer loop
      vertex -1111.5 2078.28 3214.33
      vertex -1111.5 -2001.63 3787.73
      vertex -1130.5 -2003.4 3775.12
    endloop
  endfacet
  facet normal 0.26725 -0.134112 -0.954249
    outer loop
      vertex -1102 2078.64 3216.94
      vertex -1111.5 -2001.63 3787.73
      vertex -1111.5 2078.28 3214.33
    endloop
  endfacet
  facet normal 0.267381 -0.134108 -0.954213
    outer loop
      vertex -1102 2078.64 3216.94
      vertex -1102 -2001.26 3790.34
      vertex -1111.5 -2001.63 3787.73
    endloop
  endfacet
  facet normal -0.26725 -0.134113 -0.954249
    outer loop
      vertex -1092.5 2078.28 3214.33
      vertex -1102 -2001.26 3790.34
      vertex -1102 2078.64 3216.94
    endloop
  endfacet
  facet normal -0.267381 -0.134107 -0.954213
    outer loop
      vertex -1092.5 2078.28 3214.33
      vertex -1092.5 -2001.63 3787.73
      vertex -1102 -2001.26 3790.34
    endloop
  endfacet
  facet normal -0.556468 -0.115636 -0.822783
    outer loop
      vertex -1073.5 2076.5 3201.73
      vertex -1092.5 -2001.63 3787.73
      vertex -1092.5 2078.28 3214.33
    endloop
  endfacet
  facet normal -0.556725 -0.11561 -0.822613
    outer loop
      vertex -1073.5 2076.5 3201.73
      vertex -1073.5 -2003.4 3775.12
      vertex -1092.5 -2001.63 3787.73
    endloop
  endfacet
  facet normal -0.26725 -0.13411 -0.954249
    outer loop
      vertex -1064 2076.14 3199.12
      vertex -1073.5 -2003.4 3775.12
      vertex -1073.5 2076.5 3201.73
    endloop
  endfacet
  facet normal -0.267381 -0.134105 -0.954214
    outer loop
      vertex -1064 2076.14 3199.12
      vertex -1064 -2003.77 3772.51
      vertex -1073.5 -2003.4 3775.12
    endloop
  endfacet
  facet normal 0.26725 -0.13411 -0.95425
    outer loop
      vertex -1054.5 2076.5 3201.73
      vertex -1064 -2003.77 3772.51
      vertex -1064 2076.14 3199.12
    endloop
  endfacet
  facet normal 0.267381 -0.134105 -0.954213
    outer loop
      vertex -1054.5 2076.5 3201.73
      vertex -1054.5 -2003.4 3775.12
      vertex -1064 -2003.77 3772.51
    endloop
  endfacet
  facet normal 0.556468 -0.115634 -0.822783
    outer loop
      vertex -1035.5 2078.28 3214.33
      vertex -1054.5 -2003.4 3775.12
      vertex -1054.5 2076.5 3201.73
    endloop
  endfacet
  facet normal 0.556725 -0.115612 -0.822612
    outer loop
      vertex -1035.5 2078.28 3214.33
      vertex -1035.5 -2001.63 3787.73
      vertex -1054.5 -2003.4 3775.12
    endloop
  endfacet
  facet normal 0.26725 -0.134112 -0.954249
    outer loop
      vertex -1026 2078.64 3216.94
      vertex -1035.5 -2001.63 3787.73
      vertex -1035.5 2078.28 3214.33
    endloop
  endfacet
  facet normal 0.267381 -0.134108 -0.954213
    outer loop
      vertex -1026 2078.64 3216.94
      vertex -1026 -2001.26 3790.34
      vertex -1035.5 -2001.63 3787.73
    endloop
  endfacet
  facet normal -0.26725 -0.134113 -0.954249
    outer loop
      vertex -1016.5 2078.28 3214.33
      vertex -1026 -2001.26 3790.34
      vertex -1026 2078.64 3216.94
    endloop
  endfacet
  facet normal -0.267381 -0.134107 -0.954213
    outer loop
      vertex -1016.5 2078.28 3214.33
      vertex -1016.5 -2001.63 3787.73
      vertex -1026 -2001.26 3790.34
    endloop
  endfacet
  facet normal -0.556468 -0.115636 -0.822783
    outer loop
      vertex -997.5 2076.5 3201.73
      vertex -1016.5 -2001.63 3787.73
      vertex -1016.5 2078.28 3214.33
    endloop
  endfacet
  facet normal -0.556725 -0.11561 -0.822613
    outer loop
      vertex -997.5 2076.5 3201.73
      vertex -997.5 -2003.4 3775.12
      vertex -1016.5 -2001.63 3787.73
    endloop
  endfacet
  facet normal -0.26725 -0.13411 -0.954249
    outer loop
      vertex -988 2076.14 3199.12
      vertex -997.5 -2003.4 3775.12
      vertex -997.5 2076.5 3201.73
    endloop
  endfacet
  facet normal -0.267381 -0.134105 -0.954214
    outer loop
      vertex -988 2076.14 3199.12
      vertex -988 -2003.77 3772.51
      vertex -997.5 -2003.4 3775.12
    endloop
  endfacet
  facet normal 0.26725 -0.13411 -0.95425
    outer loop
      vertex -978.5 2076.5 3201.73
      vertex -988 -2003.77 3772.51
      vertex -988 2076.14 3199.12
    endloop
  endfacet
  facet normal 0.267381 -0.134105 -0.954213
    outer loop
      vertex -978.5 2076.5 3201.73
      vertex -978.5 -2003.4 3775.12
      vertex -988 -2003.77 3772.51
    endloop
  endfacet
  facet normal 0.556468 -0.115634 -0.822783
    outer loop
      vertex -959.5 2078.28 3214.33
      vertex -978.5 -2003.4 3775.12
      vertex -978.5 2076.5 3201.73
    endloop
  endfacet
  facet normal 0.556725 -0.115612 -0.822612
    outer loop
      vertex -959.5 2078.28 3214.33
      vertex -959.5 -2001.63 3787.73
      vertex -978.5 -2003.4 3775.12
    endloop
  endfacet
  facet normal 0.26725 -0.134112 -0.954249
    outer loop
      vertex -950 2078.64 3216.94
      vertex -959.5 -2001.63 3787.73
      vertex -959.5 2078.28 3214.33
    endloop
  endfacet
  facet normal 0.267381 -0.134108 -0.954213
    outer loop
      vertex -950 2078.64 3216.94
      vertex -950 -2001.26 3790.34
      vertex -959.5 -2001.63 3787.73
    endloop
  endfacet
  facet normal -0.26725 -0.134113 -0.954249
    outer loop
      vertex -940.5 2078.28 3214.33
      vertex -950 -2001.26 3790.34
      vertex -950 2078.64 3216.94
    endloop
  endfacet
  facet normal -0.267381 -0.134107 -0.954213
    outer loop
      vertex -940.5 2078.28 3214.33
      vertex -940.5 -2001.63 3787.73
      vertex -950 -2001.26 3790.34
    endloop
  endfacet
  facet normal -0.556468 -0.115636 -0.822783
    outer loop
      vertex -921.5 2076.5 3201.73
      vertex -940.5 -2001.63 3787.73
      vertex -940.5 2078.28 3214.33
    endloop
  endfacet
  facet normal -0.556725 -0.11561 -0.822613
    outer loop
      vertex -921.5 2076.5 3201.73
      vertex -921.5 -2003.4 3775.12
      vertex -940.5 -2001.63 3787.73
    endloop
  endfacet
  facet normal -0.26725 -0.13411 -0.954249
    outer loop
      vertex -912 2076.14 3199.12
      vertex -921.5 -2003.4 3775.12
      vertex -921.5 2076.5 3201.73
    endloop
  endfacet
  facet normal -0.267381 -0.134105 -0.954214
    outer loop
      vertex -912 2076.14 3199.12
      vertex -912 -2003.77 3772.51
      vertex -921.5 -2003.4 3775.12
    endloop
  endfacet
  facet normal 0.26725 -0.13411 -0.95425
    outer loop
      vertex -902.5 2076.5 3201.73
      vertex -912 -2003.77 3772.51
      vertex -912 2076.14 3199.12
    endloop
  endfacet
  facet normal 0.267381 -0.134105 -0.954213
    outer loop
      vertex -902.5 2076.5 3201.73
      vertex -902.5 -2003.4 3775.12
      vertex -912 -2003.77 3772.51
    endloop
  endfacet
  facet normal 0.556468 -0.115634 -0.822783
    outer loop
      vertex -883.5 2078.28 3214.33
      vertex -902.5 -2003.4 3775.12
      vertex -902.5 2076.5 3201.73
    endloop
  endfacet
  facet normal 0.556725 -0.115612 -0.822612
    outer loop
      vertex -883.5 2078.28 3214.33
      vertex -883.5 -2001.63 3787.73
      vertex -902.5 -2003.4 3775.12
    endloop
  endfacet
  facet normal 0.26725 -0.134112 -0.954249
    outer loop
      vertex -874 2078.64 3216.94
      vertex -883.5 -2001.63 3787.73
      vertex -883.5 2078.28 3214.33
    endloop
  endfacet
  facet normal 0.267381 -0.134108 -0.954213
    outer loop
      vertex -874 2078.64 3216.94
      vertex -874 -2001.26 3790.34
      vertex -883.5 -2001.63 3787.73
    endloop
  endfacet
  facet normal -0.26725 -0.134113 -0.954249
    outer loop
      vertex -864.5 2078.28 3214.33
      vertex -874 -2001.26 3790.34
      vertex -874 2078.64 3216.94
    endloop
  endfacet
  facet normal -0.267381 -0.134107 -0.954213
    outer loop
      vertex -864.5 2078.28 3214.33
      vertex -864.5 -2001.63 3787.73
      vertex -874 -2001.26 3790.34
    endloop
  endfacet
  facet normal -0.556468 -0.115636 -0.822783
    outer loop
      vertex -845.5 2076.5 3201.73
      vertex -864.5 -2001.63 3787.73
      vertex -864.5 2078.28 3214.33
    endloop
  endfacet
  facet normal -0.556725 -0.11561 -0.822613
    outer loop
      vertex -845.5 2076.5 3201.73
      vertex -845.5 -2003.4 3775.12
      vertex -864.5 -2001.63 3787.73
    endloop
  endfacet
  facet normal -0.26725 -0.13411 -0.954249
    outer loop
      vertex -836 2076.14 3199.12
      vertex -845.5 -2003.4 3775.12
      vertex -845.5 2076.5 3201.73
    endloop
  endfacet
  facet normal -0.267381 -0.134105 -0.954214
    outer loop
      vertex -836 2076.14 3199.12
      vertex -836 -2003.77 3772.51
      vertex -845.5 -2003.4 3775.12
    endloop
  endfacet
  facet normal 0.26725 -0.13411 -0.95425
    outer loop
      vertex -826.5 2076.5 3201.73
      vertex -836 -2003.77 3772.51
      vertex -836 2076.14 3199.12
    endloop
  endfacet
  facet normal 0.267381 -0.134105 -0.954213
    outer loop
      vertex -826.5 2076.5 3201.73
      vertex -826.5 -2003.4 3775.12
      vertex -836 -2003.77 3772.51
    endloop
  endfacet
  facet normal 0.556468 -0.115634 -0.822783
    outer loop
      vertex -807.5 2078.28 3214.33
      vertex -826.5 -2003.4 3775.12
      vertex -826.5 2076.5 3201.73
    endloop
  endfacet
  facet normal 0.556725 -0.115612 -0.822612
    outer loop
      vertex -807.5 2078.28 3214.33
      vertex -807.5 -2001.63 3787.73
      vertex -826.5 -2003.4 3775.12
    endloop
  endfacet
  facet normal 0.26725 -0.134112 -0.954249
    outer loop
      vertex -798 2078.64 3216.94
      vertex -807.5 -2001.63 3787.73
      vertex -807.5 2078.28 3214.33
    endloop
  endfacet
  facet normal 0.267381 -0.134108 -0.954213
    outer loop
      vertex -798 2078.64 3216.94
      vertex -798 -2001.26 3790.34
      vertex -807.5 -2001.63 3787.73
    endloop
  endfacet
  facet normal -0.26725 -0.134113 -0.954249
    outer loop
      vertex -788.5 2078.28 3214.33
      vertex -798 -2001.26 3790.34
      vertex -798 2078.64 3216.94
    endloop
  endfacet
  facet normal -0.267381 -0.134107 -0.954213
    outer loop
      vertex -788.5 2078.28 3214.33
      vertex -788.5 -2001.63 3787.73
      vertex -798 -2001.26 3790.34
    endloop
  endfacet
  facet normal -0.556468 -0.115636 -0.822783
    outer loop
      vertex -769.5 2076.5 3201.73
      vertex -788.5 -2001.63 3787.73
      vertex -788.5 2078.28 3214.33
    endloop
  endfacet
  facet normal -0.556725 -0.11561 -0.822613
    outer loop
      vertex -769.5 2076.5 3201.73
      vertex -769.5 -2003.4 3775.12
      vertex -788.5 -2001.63 3787.73
    endloop
  endfacet
  facet normal -0.26725 -0.13411 -0.954249
    outer loop
      vertex -760 2076.14 3199.12
      vertex -769.5 -2003.4 3775.12
      vertex -769.5 2076.5 3201.73
    endloop
  endfacet
  facet normal -0.267381 -0.134105 -0.954214
    outer loop
      vertex -760 2076.14 3199.12
      vertex -760 -2003.77 3772.51
      vertex -769.5 -2003.4 3775.12
    endloop
  endfacet
  facet normal 0.26725 -0.13411 -0.95425
    outer loop
      vertex -750.5 2076.5 3201.73
      vertex -760 -2003.77 3772.51
      vertex -760 2076.14 3199.12
    endloop
  endfacet
  facet normal 0.267381 -0.134105 -0.954213
    outer loop
      vertex -750.5 2076.5 3201.73
      vertex -750.5 -2003.4 3775.12
      vertex -760 -2003.77 3772.51
    endloop
  endfacet
  facet normal 0.556468 -0.115634 -0.822783
    outer loop
      vertex -731.5 2078.28 3214.33
      vertex -750.5 -2003.4 3775.12
      vertex -750.5 2076.5 3201.73
    endloop
  endfacet
  facet normal 0.556725 -0.115612 -0.822612
    outer loop
      vertex -731.5 2078.28 3214.33
      vertex -731.5 -2001.63 3787.73
      vertex -750.5 -2003.4 3775.12
    endloop
  endfacet
  facet normal 0.26725 -0.134112 -0.954249
    outer loop
      vertex -722 2078.64 3216.94
      vertex -731.5 -2001.63 3787.73
      vertex -731.5 2078.28 3214.33
    endloop
  endfacet
  facet normal 0.267381 -0.134108 -0.954213
    outer loop
      vertex -722 2078.64 3216.94
      vertex -722 -2001.26 3790.34
      vertex -731.5 -2001.63 3787.73
    endloop
  endfacet
  facet normal -0.26725 -0.134113 -0.954249
    outer loop
      vertex -712.5 2078.28 3214.33
      vertex -722 -2001.26 3790.34
      vertex -722 2078.64 3216.94
    endloop
  endfacet
  facet normal -0.267381 -0.134107 -0.954213
    outer loop
      vertex -712.5 2078.28 3214.33
      vertex -712.5 -2001.63 3787.73
      vertex -722 -2001.26 3790.34
    endloop
  endfacet
  facet normal -0.556468 -0.115636 -0.822783
    outer loop
      vertex -693.5 2076.5 3201.73
      vertex -712.5 -2001.63 3787.73
      vertex -712.5 2078.28 3214.33
    endloop
  endfacet
  facet normal -0.556725 -0.11561 -0.822613
    outer loop
      vertex -693.5 2076.5 3201.73
      vertex -693.5 -2003.4 3775.12
      vertex -712.5 -2001.63 3787.73
    endloop
  endfacet
  facet normal -0.26725 -0.13411 -0.954249
    outer loop
      vertex -684 2076.14 3199.12
      vertex -693.5 -2003.4 3775.12
      vertex -693.5 2076.5 3201.73
    endloop
  endfacet
  facet normal -0.267381 -0.134105 -0.954214
    outer loop
      vertex -684 2076.14 3199.12
      vertex -684 -2003.77 3772.51
      vertex -693.5 -2003.4 3775.12
    endloop
  endfacet
  facet normal 0.26725 -0.13411 -0.95425
    outer loop
      vertex -674.5 2076.5 3201.73
      vertex -684 -2003.77 3772.51
      vertex -684 2076.14 3199.12
    endloop
  endfacet
  facet normal 0.267381 -0.134105 -0.954213
    outer loop
      vertex -674.5 2076.5 3201.73
      vertex -674.5 -2003.4 3775.12
      vertex -684 -2003.77 3772.51
    endloop
  endfacet
  facet normal 0.556468 -0.115634 -0.822783
    outer loop
      vertex -655.5 2078.28 3214.33
      vertex -674.5 -2003.4 3775.12
      vertex -674.5 2076.5 3201.73
    endloop
  endfacet
  facet normal 0.556725 -0.115612 -0.822612
    outer loop
      vertex -655.5 2078.28 3214.33
      vertex -655.5 -2001.63 3787.73
      vertex -674.5 -2003.4 3775.12
    endloop
  endfacet
  facet normal 0.26725 -0.134112 -0.954249
    outer loop
      vertex -646 2078.64 3216.94
      vertex -655.5 -2001.63 3787.73
      vertex -655.5 2078.28 3214.33
    endloop
  endfacet
  facet normal 0.267381 -0.134108 -0.954213
    outer loop
      vertex -646 2078.64 3216.94
      vertex -646 -2001.26 3790.34
      vertex -655.5 -2001.63 3787.73
    endloop
  endfacet
  facet normal -0.26725 -0.134113 -0.954249
    outer loop
      vertex -636.5 2078.28 3214.33
      vertex -646 -2001.26 3790.34
      vertex -646 2078.64 3216.94
    endloop
  endfacet
  facet normal -0.267381 -0.134107 -0.954213
    outer loop
      vertex -636.5 2078.28 3214.33
      vertex -636.5 -2001.63 3787.73
      vertex -646 -2001.26 3790.34
    endloop
  endfacet
  facet normal -0.556468 -0.115636 -0.822783
    outer loop
      vertex -617.5 2076.5 3201.73
      vertex -636.5 -2001.63 3787.73
      vertex -636.5 2078.28 3214.33
    endloop
  endfacet
  facet normal -0.556725 -0.11561 -0.822613
    outer loop
      vertex -617.5 2076.5 3201.73
      vertex -617.5 -2003.4 3775.12
      vertex -636.5 -2001.63 3787.73
    endloop
  endfacet
  facet normal -0.26725 -0.13411 -0.954249
    outer loop
      vertex -608 2076.14 3199.12
      vertex -617.5 -2003.4 3775.12
      vertex -617.5 2076.5 3201.73
    endloop
  endfacet
  facet normal -0.267381 -0.134105 -0.954214
    outer loop
      vertex -608 2076.14 3199.12
      vertex -608 -2003.77 3772.51
      vertex -617.5 -2003.4 3775.12
    endloop
  endfacet
  facet normal 0.26725 -0.13411 -0.95425
    outer loop
      vertex -598.5 2076.5 3201.73
      vertex -608 -2003.77 3772.51
      vertex -608 2076.14 3199.12
    endloop
  endfacet
  facet normal 0.267381 -0.134105 -0.954213
    outer loop
      vertex -598.5 2076.5 3201.73
      vertex -598.5 -2003.4 3775.12
      vertex -608 -2003.77 3772.51
    endloop
  endfacet
  facet normal 0.556468 -0.115634 -0.822783
    outer loop
      vertex -579.5 2078.28 3214.33
      vertex -598.5 -2003.4 3775.12
      vertex -598.5 2076.5 3201.73
    endloop
  endfacet
  facet normal 0.556725 -0.115612 -0.822612
    outer loop
      vertex -579.5 2078.28 3214.33
      vertex -579.5 -2001.63 3787.73
      vertex -598.5 -2003.4 3775.12
    endloop
  endfacet
  facet normal 0.26725 -0.134112 -0.954249
    outer loop
      vertex -570 2078.64 3216.94
      vertex -579.5 -2001.63 3787.73
      vertex -579.5 2078.28 3214.33
    endloop
  endfacet
  facet normal 0.267381 -0.134108 -0.954213
    outer loop
      vertex -570 2078.64 3216.94
      vertex -570 -2001.26 3790.34
      vertex -579.5 -2001.63 3787.73
    endloop
  endfacet
  facet normal -0.26725 -0.134113 -0.954249
    outer loop
      vertex -560.5 2078.28 3214.33
      vertex -570 -2001.26 3790.34
      vertex -570 2078.64 3216.94
    endloop
  endfacet
  facet normal -0.267381 -0.134107 -0.954213
    outer loop
      vertex -560.5 2078.28 3214.33
      vertex -560.5 -2001.63 3787.73
      vertex -570 -2001.26 3790.34
    endloop
  endfacet
  facet normal -0.556468 -0.115636 -0.822783
    outer loop
      vertex -541.5 2076.5 3201.73
      vertex -560.5 -2001.63 3787.73
      vertex -560.5 2078.28 3214.33
    endloop
  endfacet
  facet normal -0.556725 -0.11561 -0.822613
    outer loop
      vertex -541.5 2076.5 3201.73
      vertex -541.5 -2003.4 3775.12
      vertex -560.5 -2001.63 3787.73
    endloop
  endfacet
  facet normal -0.26725 -0.13411 -0.954249
    outer loop
      vertex -532 2076.14 3199.12
      vertex -541.5 -2003.4 3775.12
      vertex -541.5 2076.5 3201.73
    endloop
  endfacet
  facet normal -0.267381 -0.134105 -0.954214
    outer loop
      vertex -532 2076.14 3199.12
      vertex -532 -2003.77 3772.51
      vertex -541.5 -2003.4 3775.12
    endloop
  endfacet
  facet normal 0.26725 -0.13411 -0.95425
    outer loop
      vertex -522.5 2076.5 3201.73
      vertex -532 -2003.77 3772.51
      vertex -532 2076.14 3199.12
    endloop
  endfacet
  facet normal 0.267381 -0.134105 -0.954213
    outer loop
      vertex -522.5 2076.5 3201.73
      vertex -522.5 -2003.4 3775.12
      vertex -532 -2003.77 3772.51
    endloop
  endfacet
  facet normal 0.556468 -0.115634 -0.822783
    outer loop
      vertex -503.5 2078.28 3214.33
      vertex -522.5 -2003.4 3775.12
      vertex -522.5 2076.5 3201.73
    endloop
  endfacet
  facet normal 0.556725 -0.115612 -0.822612
    outer loop
      vertex -503.5 2078.28 3214.33
      vertex -503.5 -2001.63 3787.73
      vertex -522.5 -2003.4 3775.12
    endloop
  endfacet
  facet normal 0.26725 -0.134112 -0.954249
    outer loop
      vertex -494 2078.64 3216.94
      vertex -503.5 -2001.63 3787.73
      vertex -503.5 2078.28 3214.33
    endloop
  endfacet
  facet normal 0.267381 -0.134108 -0.954213
    outer loop
      vertex -494 2078.64 3216.94
      vertex -494 -2001.26 3790.34
      vertex -503.5 -2001.63 3787.73
    endloop
  endfacet
  facet normal -0.26725 -0.134113 -0.954249
    outer loop
      vertex -484.5 2078.28 3214.33
      vertex -494 -2001.26 3790.34
      vertex -494 2078.64 3216.94
    endloop
  endfacet
  facet normal -0.267381 -0.134107 -0.954213
    outer loop
      vertex -484.5 2078.28 3214.33
      vertex -484.5 -2001.63 3787.73
      vertex -494 -2001.26 3790.34
    endloop
  endfacet
  facet normal -0.556468 -0.115636 -0.822783
    outer loop
      vertex -465.5 2076.5 3201.73
      vertex -484.5 -2001.63 3787.73
      vertex -484.5 2078.28 3214.33
    endloop
  endfacet
  facet normal -0.556725 -0.11561 -0.822613
    outer loop
      vertex -465.5 2076.5 3201.73
      vertex -465.5 -2003.4 3775.12
      vertex -484.5 -2001.63 3787.73
    endloop
  endfacet
  facet normal -0.26725 -0.13411 -0.954249
    outer loop
      vertex -456 2076.14 3199.12
      vertex -465.5 -2003.4 3775.12
      vertex -465.5 2076.5 3201.73
    endloop
  endfacet
  facet normal -0.267381 -0.134105 -0.954214
    outer loop
      vertex -456 2076.14 3199.12
      vertex -456 -2003.77 3772.51
      vertex -465.5 -2003.4 3775.12
    endloop
  endfacet
  facet normal 0.26725 -0.13411 -0.95425
    outer loop
      vertex -446.5 2076.5 3201.73
      vertex -456 -2003.77 3772.51
      vertex -456 2076.14 3199.12
    endloop
  endfacet
  facet normal 0.267381 -0.134105 -0.954213
    outer loop
      vertex -446.5 2076.5 3201.73
      vertex -446.5 -2003.4 3775.12
      vertex -456 -2003.77 3772.51
    endloop
  endfacet
  facet normal 0.556468 -0.115634 -0.822783
    outer loop
      vertex -427.5 2078.28 3214.33
      vertex -446.5 -2003.4 3775.12
      vertex -446.5 2076.5 3201.73
    endloop
  endfacet
  facet normal 0.556725 -0.115612 -0.822612
    outer loop
      vertex -427.5 2078.28 3214.33
      vertex -427.5 -2001.63 3787.73
      vertex -446.5 -2003.4 3775.12
    endloop
  endfacet
  facet normal 0.26725 -0.134112 -0.954249
    outer loop
      vertex -418 2078.64 3216.94
      vertex -427.5 -2001.63 3787.73
      vertex -427.5 2078.28 3214.33
    endloop
  endfacet
  facet normal 0.267381 -0.134108 -0.954213
    outer loop
      vertex -418 2078.64 3216.94
      vertex -418 -2001.26 3790.34
      vertex -427.5 -2001.63 3787.73
    endloop
  endfacet
  facet normal -0.26725 -0.134113 -0.954249
    outer loop
      vertex -408.5 2078.28 3214.33
      vertex -418 -2001.26 3790.34
      vertex -418 2078.64 3216.94
    endloop
  endfacet
  facet normal -0.267381 -0.134107 -0.954213
    outer loop
      vertex -408.5 2078.28 3214.33
      vertex -408.5 -2001.63 3787.73
      vertex -418 -2001.26 3790.34
    endloop
  endfacet
  facet normal -0.556468 -0.115636 -0.822783
    outer loop
      vertex -389.5 2076.5 3201.73
      vertex -408.5 -2001.63 3787.73
      vertex -408.5 2078.28 3214.33
    endloop
  endfacet
  facet normal -0.556725 -0.11561 -0.822613
    outer loop
      vertex -389.5 2076.5 3201.73
      vertex -389.5 -2003.4 3775.12
      vertex -408.5 -2001.63 3787.73
    endloop
  endfacet
  facet normal -0.26725 -0.13411 -0.954249
    outer loop
      vertex -380 2076.14 3199.12
      vertex -389.5 -2003.4 3775.12
      vertex -389.5 2076.5 3201.73
    endloop
  endfacet
  facet normal -0.267381 -0.134105 -0.954214
    outer loop
      vertex -380 2076.14 3199.12
      vertex -380 -2003.77 3772.51
      vertex -389.5 -2003.4 3775.12
    endloop
  endfacet
  facet normal 0.26725 -0.13411 -0.95425
    outer loop
      vertex -370.5 2076.5 3201.73
      vertex -380 -2003.77 3772.51
      vertex -380 2076.14 3199.12
    endloop
  endfacet
  facet normal 0.267381 -0.134105 -0.954213
    outer loop
      vertex -370.5 2076.5 3201.73
      vertex -370.5 -2003.4 3775.12
      vertex -380 -2003.77 3772.51
    endloop
  endfacet
  facet normal 0.556468 -0.115634 -0.822783
    outer loop
      vertex -351.5 2078.28 3214.33
      vertex -370.5 -2003.4 3775.12
      vertex -370.5 2076.5 3201.73
    endloop
  endfacet
  facet normal 0.556725 -0.115612 -0.822612
    outer loop
      vertex -351.5 2078.28 3214.33
      vertex -351.5 -2001.63 3787.73
      vertex -370.5 -2003.4 3775.12
    endloop
  endfacet
  facet normal 0.26725 -0.134112 -0.954249
    outer loop
      vertex -342 2078.64 3216.94
      vertex -351.5 -2001.63 3787.73
      vertex -351.5 2078.28 3214.33
    endloop
  endfacet
  facet normal 0.267381 -0.134108 -0.954213
    outer loop
      vertex -342 2078.64 3216.94
      vertex -342 -2001.26 3790.34
      vertex -351.5 -2001.63 3787.73
    endloop
  endfacet
  facet normal -0.26725 -0.134113 -0.954249
    outer loop
      vertex -332.5 2078.28 3214.33
      vertex -342 -2001.26 3790.34
      vertex -342 2078.64 3216.94
    endloop
  endfacet
  facet normal -0.267381 -0.134107 -0.954213
    outer loop
      vertex -332.5 2078.28 3214.33
      vertex -332.5 -2001.63 3787.73
      vertex -342 -2001.26 3790.34
    endloop
  endfacet
  facet normal -0.556468 -0.115636 -0.822783
    outer loop
      vertex -313.5 2076.5 3201.73
      vertex -332.5 -2001.63 3787.73
      vertex -332.5 2078.28 3214.33
    endloop
  endfacet
  facet normal -0.556725 -0.11561 -0.822613
    outer loop
      vertex -313.5 2076.5 3201.73
      vertex -313.5 -2003.4 3775.12
      vertex -332.5 -2001.63 3787.73
    endloop
  endfacet
  facet normal -0.26725 -0.13411 -0.954249
    outer loop
      vertex -304 2076.14 3199.12
      vertex -313.5 -2003.4 3775.12
      vertex -313.5 2076.5 3201.73
    endloop
  endfacet
  facet normal -0.267381 -0.134105 -0.954214
    outer loop
      vertex -304 2076.14 3199.12
      vertex -304 -2003.77 3772.51
      vertex -313.5 -2003.4 3775.12
    endloop
  endfacet
  facet normal 0.26725 -0.13411 -0.95425
    outer loop
      vertex -294.5 2076.5 3201.73
      vertex -304 -2003.77 3772.51
      vertex -304 2076.14 3199.12
    endloop
  endfacet
  facet normal 0.267381 -0.134105 -0.954213
    outer loop
      vertex -294.5 2076.5 3201.73
      vertex -294.5 -2003.4 3775.12
      vertex -304 -2003.77 3772.51
    endloop
  endfacet
  facet normal 0.556468 -0.115634 -0.822783
    outer loop
      vertex -275.5 2078.28 3214.33
      vertex -294.5 -2003.4 3775.12
      vertex -294.5 2076.5 3201.73
    endloop
  endfacet
  facet normal 0.556725 -0.115612 -0.822612
    outer loop
      vertex -275.5 2078.28 3214.33
      vertex -275.5 -2001.63 3787.73
      vertex -294.5 -2003.4 3775.12
    endloop
  endfacet
  facet normal 0.26725 -0.134112 -0.954249
    outer loop
      vertex -266 2078.64 3216.94
      vertex -275.5 -2001.63 3787.73
      vertex -275.5 2078.28 3214.33
    endloop
  endfacet
  facet normal 0.267381 -0.134108 -0.954213
    outer loop
      vertex -266 2078.64 3216.94
      vertex -266 -2001.26 3790.34
      vertex -275.5 -2001.63 3787.73
    endloop
  endfacet
  facet normal -0.26725 -0.134113 -0.954249
    outer loop
      vertex -256.5 2078.28 3214.33
      vertex -266 -2001.26 3790.34
      vertex -266 2078.64 3216.94
    endloop
  endfacet
  facet normal -0.267381 -0.134107 -0.954213
    outer loop
      vertex -256.5 2078.28 3214.33
      vertex -256.5 -2001.63 3787.73
      vertex -266 -2001.26 3790.34
    endloop
  endfacet
  facet normal -0.556468 -0.115636 -0.822783
    outer loop
      vertex -237.5 2076.5 3201.73
      vertex -256.5 -2001.63 3787.73
      vertex -256.5 2078.28 3214.33
    endloop
  endfacet
  facet normal -0.556725 -0.11561 -0.822613
    outer loop
      vertex -237.5 2076.5 3201.73
      vertex -237.5 -2003.4 3775.12
      vertex -256.5 -2001.63 3787.73
    endloop
  endfacet
  facet normal -0.26725 -0.13411 -0.954249
    outer loop
      vertex -228 2076.14 3199.12
      vertex -237.5 -2003.4 3775.12
      vertex -237.5 2076.5 3201.73
    endloop
  endfacet
  facet normal -0.267381 -0.134105 -0.954214
    outer loop
      vertex -228 2076.14 3199.12
      vertex -228 -2003.77 3772.51
      vertex -237.5 -2003.4 3775.12
    endloop
  endfacet
  facet normal 0.26725 -0.13411 -0.95425
    outer loop
      vertex -218.5 2076.5 3201.73
      vertex -228 -2003.77 3772.51
      vertex -228 2076.14 3199.12
    endloop
  endfacet
  facet normal 0.267381 -0.134105 -0.954213
    outer loop
      vertex -218.5 2076.5 3201.73
      vertex -218.5 -2003.4 3775.12
      vertex -228 -2003.77 3772.51
    endloop
  endfacet
  facet normal 0.556468 -0.115634 -0.822783
    outer loop
      vertex -199.5 2078.28 3214.33
      vertex -218.5 -2003.4 3775.12
      vertex -218.5 2076.5 3201.73
    endloop
  endfacet
  facet normal 0.556725 -0.115612 -0.822612
    outer loop
      vertex -199.5 2078.28 3214.33
      vertex -199.5 -2001.63 3787.73
      vertex -218.5 -2003.4 3775.12
    endloop
  endfacet
  facet normal 0.26725 -0.134112 -0.954249
    outer loop
      vertex -190 2078.64 3216.94
      vertex -199.5 -2001.63 3787.73
      vertex -199.5 2078.28 3214.33
    endloop
  endfacet
  facet normal 0.267381 -0.134108 -0.954213
    outer loop
      vertex -190 2078.64 3216.94
      vertex -190 -2001.26 3790.34
      vertex -199.5 -2001.63 3787.73
    endloop
  endfacet
  facet normal -0.26725 -0.134113 -0.954249
    outer loop
      vertex -180.5 2078.28 3214.33
      vertex -190 -2001.26 3790.34
      vertex -190 2078.64 3216.94
    endloop
  endfacet
  facet normal -0.267381 -0.134107 -0.954213
    outer loop
      vertex -180.5 2078.28 3214.33
      vertex -180.5 -2001.63 3787.73
      vertex -190 -2001.26 3790.34
    endloop
  endfacet
  facet normal -0.556468 -0.115636 -0.822783
    outer loop
      vertex -161.5 2076.5 3201.73
      vertex -180.5 -2001.63 3787.73
      vertex -180.5 2078.28 3214.33
    endloop
  endfacet
  facet normal -0.556725 -0.11561 -0.822613
    outer loop
      vertex -161.5 2076.5 3201.73
      vertex -161.5 -2003.4 3775.12
      vertex -180.5 -2001.63 3787.73
    endloop
  endfacet
  facet normal -0.26725 -0.13411 -0.954249
    outer loop
      vertex -152 2076.14 3199.12
      vertex -161.5 -2003.4 3775.12
      vertex -161.5 2076.5 3201.73
    endloop
  endfacet
  facet normal -0.267381 -0.134105 -0.954214
    outer loop
      vertex -152 2076.14 3199.12
      vertex -152 -2003.77 3772.51
      vertex -161.5 -2003.4 3775.12
    endloop
  endfacet
  facet normal 0.26725 -0.13411 -0.95425
    outer loop
      vertex -142.5 2076.5 3201.73
      vertex -152 -2003.77 3772.51
      vertex -152 2076.14 3199.12
    endloop
  endfacet
  facet normal 0.267381 -0.134105 -0.954213
    outer loop
      vertex -142.5 2076.5 3201.73
      vertex -142.5 -2003.4 3775.12
      vertex -152 -2003.77 3772.51
    endloop
  endfacet
  facet normal 0.556468 -0.115634 -0.822783
    outer loop
      vertex -123.5 2078.28 3214.33
      vertex -142.5 -2003.4 3775.12
      vertex -142.5 2076.5 3201.73
    endloop
  endfacet
  facet normal 0.556725 -0.115612 -0.822612
    outer loop
      vertex -123.5 2078.28 3214.33
      vertex -123.5 -2001.63 3787.73
      vertex -142.5 -2003.4 3775.12
    endloop
  endfacet
  facet normal 0.26725 -0.134112 -0.954249
    outer loop
      vertex -114 2078.64 3216.94
      vertex -123.5 -2001.63 3787.73
      vertex -123.5 2078.28 3214.33
    endloop
  endfacet
  facet normal 0.267381 -0.134108 -0.954213
    outer loop
      vertex -114 2078.64 3216.94
      vertex -114 -2001.26 3790.34
      vertex -123.5 -2001.63 3787.73
    endloop
  endfacet
  facet normal -0.26725 -0.134113 -0.954249
    outer loop
      vertex -104.5 2078.28 3214.33
      vertex -114 -2001.26 3790.34
      vertex -114 2078.64 3216.94
    endloop
  endfacet
  facet normal -0.267381 -0.134107 -0.954213
    outer loop
      vertex -104.5 2078.28 3214.33
      vertex -104.5 -2001.63 3787.73
      vertex -114 -2001.26 3790.34
    endloop
  endfacet
  facet normal -0.556468 -0.115636 -0.822783
    outer loop
      vertex -85.5 2076.5 3201.73
      vertex -104.5 -2001.63 3787.73
      vertex -104.5 2078.28 3214.33
    endloop
  endfacet
  facet normal -0.556725 -0.11561 -0.822613
    outer loop
      vertex -85.5 2076.5 3201.73
      vertex -85.5 -2003.4 3775.12
      vertex -104.5 -2001.63 3787.73
    endloop
  endfacet
  facet normal -0.26725 -0.13411 -0.954249
    outer loop
      vertex -76 2076.14 3199.12
      vertex -85.5 -2003.4 3775.12
      vertex -85.5 2076.5 3201.73
    endloop
  endfacet
  facet normal -0.267381 -0.134105 -0.954214
    outer loop
      vertex -76 2076.14 3199.12
      vertex -76 -2003.77 3772.51
      vertex -85.5 -2003.4 3775.12
    endloop
  endfacet
  facet normal 0.26725 -0.13411 -0.95425
    outer loop
      vertex -66.5 2076.5 3201.73
      vertex -76 -2003.77 3772.51
      vertex -76 2076.14 3199.12
    endloop
  endfacet
  facet normal 0.267381 -0.134105 -0.954213
    outer loop
      vertex -66.5 2076.5 3201.73
      vertex -66.5 -2003.4 3775.12
      vertex -76 -2003.77 3772.51
    endloop
  endfacet
  facet normal 0.556468 -0.115634 -0.822783
    outer loop
      vertex -47.5 2078.28 3214.33
      vertex -66.5 -2003.4 3775.12
      vertex -66.5 2076.5 3201.73
    endloop
  endfacet
  facet normal 0.556725 -0.115612 -0.822612
    outer loop
      vertex -47.5 2078.28 3214.33
      vertex -47.5 -2001.63 3787.73
      vertex -66.5 -2003.4 3775.12
    endloop
  endfacet
  facet normal 0.26725 -0.134112 -0.954249
    outer loop
      vertex -38 2078.64 3216.94
      vertex -47.5 -2001.63 3787.73
      vertex -47.5 2078.28 3214.33
    endloop
  endfacet
  facet normal 0.267381 -0.134108 -0.954213
    outer loop
      vertex -38 2078.64 3216.94
      vertex -38 -2001.26 3790.34
      vertex -47.5 -2001.63 3787.73
    endloop
  endfacet
  facet normal -0.26725 -0.134113 -0.954249
    outer loop
      vertex -28.5 2078.28 3214.33
      vertex -38 -2001.26 3790.34
      vertex -38 2078.64 3216.94
    endloop
  endfacet
  facet normal -0.267381 -0.134107 -0.954213
    outer loop
      vertex -28.5 2078.28 3214.33
      vertex -28.5 -2001.63 3787.73
      vertex -38 -2001.26 3790.34
    endloop
  endfacet
  facet normal -0.556468 -0.115636 -0.822783
    outer loop
      vertex -9.5 2076.5 3201.73
      vertex -28.5 -2001.63 3787.73
      vertex -28.5 2078.28 3214.33
    endloop
  endfacet
  facet normal -0.556725 -0.11561 -0.822613
    outer loop
      vertex -9.5 2076.5 3201.73
      vertex -9.5 -2003.4 3775.12
      vertex -28.5 -2001.63 3787.73
    endloop
  endfacet
  facet normal -0.26725 -0.13411 -0.954249
    outer loop
      vertex 0 2076.14 3199.12
      vertex -9.5 -2003.4 3775.12
      vertex -9.5 2076.5 3201.73
    endloop
  endfacet
  facet normal -0.267381 -0.134105 -0.954214
    outer loop
      vertex 0 2076.14 3199.12
      vertex 0 -2003.77 3772.51
      vertex -9.5 -2003.4 3775.12
    endloop
  endfacet
  facet normal 0.26725 -0.13411 -0.95425
    outer loop
      vertex 9.5 2076.5 3201.73
      vertex 0 -2003.77 3772.51
      vertex 0 2076.14 3199.12
    endloop
  endfacet
  facet normal 0.267381 -0.134105 -0.954213
    outer loop
      vertex 9.5 2076.5 3201.73
      vertex 9.5 -2003.4 3775.12
      vertex 0 -2003.77 3772.51
    endloop
  endfacet
  facet normal 0.556468 -0.115634 -0.822783
    outer loop
      vertex 28.5 2078.28 3214.33
      vertex 9.5 -2003.4 3775.12
      vertex 9.5 2076.5 3201.73
    endloop
  endfacet
  facet normal 0.556725 -0.115612 -0.822612
    outer loop
      vertex 28.5 2078.28 3214.33
      vertex 28.5 -2001.63 3787.73
      vertex 9.5 -2003.4 3775.12
    endloop
  endfacet
  facet normal 0.26725 -0.134112 -0.954249
    outer loop
      vertex 38 2078.64 3216.94
      vertex 28.5 -2001.63 3787.73
      vertex 28.5 2078.28 3214.33
    endloop
  endfacet
  facet normal 0.267381 -0.134108 -0.954213
    outer loop
      vertex 38 2078.64 3216.94
      vertex 38 -2001.26 3790.34
      vertex 28.5 -2001.63 3787.73
    endloop
  endfacet
  facet normal -0.26725 -0.134113 -0.954249
    outer loop
      vertex 47.5 2078.28 3214.33
      vertex 38 -2001.26 3790.34
      vertex 38 2078.64 3216.94
    endloop
  endfacet
  facet normal -0.267381 -0.134107 -0.954213
    outer loop
      vertex 47.5 2078.28 3214.33
      vertex 47.5 -2001.63 3787.73
      vertex 38 -2001.26 3790.34
    endloop
  endfacet
  facet normal -0.556468 -0.115636 -0.822783
    outer loop
      vertex 66.5 2076.5 3201.73
      vertex 47.5 -2001.63 3787.73
      vertex 47.5 2078.28 3214.33
    endloop
  endfacet
  facet normal -0.556725 -0.11561 -0.822613
    outer loop
      vertex 66.5 2076.5 3201.73
      vertex 66.5 -2003.4 3775.12
      vertex 47.5 -2001.63 3787.73
    endloop
  endfacet
  facet normal -0.26725 -0.13411 -0.954249
    outer loop
      vertex 76 2076.14 3199.12
      vertex 66.5 -2003.4 3775.12
      vertex 66.5 2076.5 3201.73
    endloop
  endfacet
  facet normal -0.267381 -0.134105 -0.954214
    outer loop
      vertex 76 2076.14 3199.12
      vertex 76 -2003.77 3772.51
      vertex 66.5 -2003.4 3775.12
    endloop
  endfacet
  facet normal 0.26725 -0.13411 -0.95425
    outer loop
      vertex 85.5 2076.5 3201.73
      vertex 76 -2003.77 3772.51
      vertex 76 2076.14 3199.12
    endloop
  endfacet
  facet normal 0.267381 -0.134105 -0.954213
    outer loop
      vertex 85.5 2076.5 3201.73
      vertex 85.5 -2003.4 3775.12
      vertex 76 -2003.77 3772.51
    endloop
  endfacet
  facet normal 0.556468 -0.115634 -0.822783
    outer loop
      vertex 104.5 2078.28 3214.33
      vertex 85.5 -2003.4 3775.12
      vertex 85.5 2076.5 3201.73
    endloop
  endfacet
  facet normal 0.556725 -0.115612 -0.822612
    outer loop
      vertex 104.5 2078.28 3214.33
      vertex 104.5 -2001.63 3787.73
      vertex 85.5 -2003.4 3775.12
    endloop
  endfacet
  facet normal 0.26725 -0.134112 -0.954249
    outer loop
      vertex 114 2078.64 3216.94
      vertex 104.5 -2001.63 3787.73
      vertex 104.5 2078.28 3214.33
    endloop
  endfacet
  facet normal 0.267381 -0.134108 -0.954213
    outer loop
      vertex 114 2078.64 3216.94
      vertex 114 -2001.26 3790.34
      vertex 104.5 -2001.63 3787.73
    endloop
  endfacet
  facet normal -0.26725 -0.134113 -0.954249
    outer loop
      vertex 123.5 2078.28 3214.33
      vertex 114 -2001.26 3790.34
      vertex 114 2078.64 3216.94
    endloop
  endfacet
  facet normal -0.267381 -0.134107 -0.954213
    outer loop
      vertex 123.5 2078.28 3214.33
      vertex 123.5 -2001.63 3787.73
      vertex 114 -2001.26 3790.34
    endloop
  endfacet
  facet normal -0.556468 -0.115636 -0.822783
    outer loop
      vertex 142.5 2076.5 3201.73
      vertex 123.5 -2001.63 3787.73
      vertex 123.5 2078.28 3214.33
    endloop
  endfacet
  facet normal -0.556725 -0.11561 -0.822613
    outer loop
      vertex 142.5 2076.5 3201.73
      vertex 142.5 -2003.4 3775.12
      vertex 123.5 -2001.63 3787.73
    endloop
  endfacet
  facet normal -0.26725 -0.13411 -0.954249
    outer loop
      vertex 152 2076.14 3199.12
      vertex 142.5 -2003.4 3775.12
      vertex 142.5 2076.5 3201.73
    endloop
  endfacet
  facet normal -0.267381 -0.134105 -0.954214
    outer loop
      vertex 152 2076.14 3199.12
      vertex 152 -2003.77 3772.51
      vertex 142.5 -2003.4 3775.12
    endloop
  endfacet
  facet normal 0.26725 -0.13411 -0.95425
    outer loop
      vertex 161.5 2076.5 3201.73
      vertex 152 -2003.77 3772.51
      vertex 152 2076.14 3199.12
    endloop
  endfacet
  facet normal 0.267381 -0.134105 -0.954213
    outer loop
      vertex 161.5 2076.5 3201.73
      vertex 161.5 -2003.4 3775.12
      vertex 152 -2003.77 3772.51
    endloop
  endfacet
  facet normal 0.556468 -0.115634 -0.822783
    outer loop
      vertex 180.5 2078.28 3214.33
      vertex 161.5 -2003.4 3775.12
      vertex 161.5 2076.5 3201.73
    endloop
  endfacet
  facet normal 0.556725 -0.115612 -0.822612
    outer loop
      vertex 180.5 2078.28 3214.33
      vertex 180.5 -2001.63 3787.73
      vertex 161.5 -2003.4 3775.12
    endloop
  endfacet
  facet normal 0.26725 -0.134112 -0.954249
    outer loop
      vertex 190 2078.64 3216.94
      vertex 180.5 -2001.63 3787.73
      vertex 180.5 2078.28 3214.33
    endloop
  endfacet
  facet normal 0.267381 -0.134108 -0.954213
    outer loop
      vertex 190 2078.64 3216.94
      vertex 190 -2001.26 3790.34
      vertex 180.5 -2001.63 3787.73
    endloop
  endfacet
  facet normal -0.26725 -0.134113 -0.954249
    outer loop
      vertex 199.5 2078.28 3214.33
      vertex 190 -2001.26 3790.34
      vertex 190 2078.64 3216.94
    endloop
  endfacet
  facet normal -0.267381 -0.134107 -0.954213
    outer loop
      vertex 199.5 2078.28 3214.33
      vertex 199.5 -2001.63 3787.73
      vertex 190 -2001.26 3790.34
    endloop
  endfacet
  facet normal -0.556468 -0.115636 -0.822783
    outer loop
      vertex 218.5 2076.5 3201.73
      vertex 199.5 -2001.63 3787.73
      vertex 199.5 2078.28 3214.33
    endloop
  endfacet
  facet normal -0.556725 -0.11561 -0.822613
    outer loop
      vertex 218.5 2076.5 3201.73
      vertex 218.5 -2003.4 3775.12
      vertex 199.5 -2001.63 3787.73
    endloop
  endfacet
  facet normal -0.26725 -0.13411 -0.954249
    outer loop
      vertex 228 2076.14 3199.12
      vertex 218.5 -2003.4 3775.12
      vertex 218.5 2076.5 3201.73
    endloop
  endfacet
  facet normal -0.267381 -0.134105 -0.954214
    outer loop
      vertex 228 2076.14 3199.12
      vertex 228 -2003.77 3772.51
      vertex 218.5 -2003.4 3775.12
    endloop
  endfacet
  facet normal 0.26725 -0.13411 -0.95425
    outer loop
      vertex 237.5 2076.5 3201.73
      vertex 228 -2003.77 3772.51
      vertex 228 2076.14 3199.12
    endloop
  endfacet
  facet normal 0.267381 -0.134105 -0.954213
    outer loop
      vertex 237.5 2076.5 3201.73
      vertex 237.5 -2003.4 3775.12
      vertex 228 -2003.77 3772.51
    endloop
  endfacet
  facet normal 0.556468 -0.115634 -0.822783
    outer loop
      vertex 256.5 2078.28 3214.33
      vertex 237.5 -2003.4 3775.12
      vertex 237.5 2076.5 3201.73
    endloop
  endfacet
  facet normal 0.556725 -0.115612 -0.822612
    outer loop
      vertex 256.5 2078.28 3214.33
      vertex 256.5 -2001.63 3787.73
      vertex 237.5 -2003.4 3775.12
    endloop
  endfacet
  facet normal 0.26725 -0.134112 -0.954249
    outer loop
      vertex 266 2078.64 3216.94
      vertex 256.5 -2001.63 3787.73
      vertex 256.5 2078.28 3214.33
    endloop
  endfacet
  facet normal 0.267381 -0.134108 -0.954213
    outer loop
      vertex 266 2078.64 3216.94
      vertex 266 -2001.26 3790.34
      vertex 256.5 -2001.63 3787.73
    endloop
  endfacet
  facet normal -0.26725 -0.134113 -0.954249
    outer loop
      vertex 275.5 2078.28 3214.33
      vertex 266 -2001.26 3790.34
      vertex 266 2078.64 3216.94
    endloop
  endfacet
  facet normal -0.267381 -0.134107 -0.954213
    outer loop
      vertex 275.5 2078.28 3214.33
      vertex 275.5 -2001.63 3787.73
      vertex 266 -2001.26 3790.34
    endloop
  endfacet
  facet normal -0.556468 -0.115636 -0.822783
    outer loop
      vertex 294.5 2076.5 3201.73
      vertex 275.5 -2001.63 3787.73
      vertex 275.5 2078.28 3214.33
    endloop
  endfacet
  facet normal -0.556725 -0.11561 -0.822613
    outer loop
      vertex 294.5 2076.5 3201.73
      vertex 294.5 -2003.4 3775.12
      vertex 275.5 -2001.63 3787.73
    endloop
  endfacet
  facet normal -0.26725 -0.13411 -0.954249
    outer loop
      vertex 304 2076.14 3199.12
      vertex 294.5 -2003.4 3775.12
      vertex 294.5 2076.5 3201.73
    endloop
  endfacet
  facet normal -0.267381 -0.134105 -0.954214
    outer loop
      vertex 304 2076.14 3199.12
      vertex 304 -2003.77 3772.51
      vertex 294.5 -2003.4 3775.12
    endloop
  endfacet
  facet normal 0.26725 -0.13411 -0.95425
    outer loop
      vertex 313.5 2076.5 3201.73
      vertex 304 -2003.77 3772.51
      vertex 304 2076.14 3199.12
    endloop
  endfacet
  facet normal 0.267381 -0.134105 -0.954213
    outer loop
      vertex 313.5 2076.5 3201.73
      vertex 313.5 -2003.4 3775.12
      vertex 304 -2003.77 3772.51
    endloop
  endfacet
  facet normal 0.556468 -0.115634 -0.822783
    outer loop
      vertex 332.5 2078.28 3214.33
      vertex 313.5 -2003.4 3775.12
      vertex 313.5 2076.5 3201.73
    endloop
  endfacet
  facet normal 0.556725 -0.115612 -0.822612
    outer loop
      vertex 332.5 2078.28 3214.33
      vertex 332.5 -2001.63 3787.73
      vertex 313.5 -2003.4 3775.12
    endloop
  endfacet
  facet normal 0.26725 -0.134112 -0.954249
    outer loop
      vertex 342 2078.64 3216.94
      vertex 332.5 -2001.63 3787.73
      vertex 332.5 2078.28 3214.33
    endloop
  endfacet
  facet normal 0.267381 -0.134108 -0.954213
    outer loop
      vertex 342 2078.64 3216.94
      vertex 342 -2001.26 3790.34
      vertex 332.5 -2001.63 3787.73
    endloop
  endfacet
  facet normal -0.26725 -0.134113 -0.954249
    outer loop
      vertex 351.5 2078.28 3214.33
      vertex 342 -2001.26 3790.34
      vertex 342 2078.64 3216.94
    endloop
  endfacet
  facet normal -0.267381 -0.134107 -0.954213
    outer loop
      vertex 351.5 2078.28 3214.33
      vertex 351.5 -2001.63 3787.73
      vertex 342 -2001.26 3790.34
    endloop
  endfacet
  facet normal -0.556468 -0.115636 -0.822783
    outer loop
      vertex 370.5 2076.5 3201.73
      vertex 351.5 -2001.63 3787.73
      vertex 351.5 2078.28 3214.33
    endloop
  endfacet
  facet normal -0.556725 -0.11561 -0.822613
    outer loop
      vertex 370.5 2076.5 3201.73
      vertex 370.5 -2003.4 3775.12
      vertex 351.5 -2001.63 3787.73
    endloop
  endfacet
  facet normal -0.26725 -0.13411 -0.954249
    outer loop
      vertex 380 2076.14 3199.12
      vertex 370.5 -2003.4 3775.12
      vertex 370.5 2076.5 3201.73
    endloop
  endfacet
  facet normal -0.267381 -0.134105 -0.954214
    outer loop
      vertex 380 2076.14 3199.12
      vertex 380 -2003.77 3772.51
      vertex 370.5 -2003.4 3775.12
    endloop
  endfacet
  facet normal 0.26725 -0.13411 -0.95425
    outer loop
      vertex 389.5 2076.5 3201.73
      vertex 380 -2003.77 3772.51
      vertex 380 2076.14 3199.12
    endloop
  endfacet
  facet normal 0.267381 -0.134105 -0.954213
    outer loop
      vertex 389.5 2076.5 3201.73
      vertex 389.5 -2003.4 3775.12
      vertex 380 -2003.77 3772.51
    endloop
  endfacet
  facet normal 0.556468 -0.115634 -0.822783
    outer loop
      vertex 408.5 2078.28 3214.33
      vertex 389.5 -2003.4 3775.12
      vertex 389.5 2076.5 3201.73
    endloop
  endfacet
  facet normal 0.556725 -0.115612 -0.822612
    outer loop
      vertex 408.5 2078.28 3214.33
      vertex 408.5 -2001.63 3787.73
      vertex 389.5 -2003.4 3775.12
    endloop
  endfacet
  facet normal 0.26725 -0.134112 -0.954249
    outer loop
      vertex 418 2078.64 3216.94
      vertex 408.5 -2001.63 3787.73
      vertex 408.5 2078.28 3214.33
    endloop
  endfacet
  facet normal 0.267381 -0.134108 -0.954213
    outer loop
      vertex 418 2078.64 3216.94
      vertex 418 -2001.26 3790.34
      vertex 408.5 -2001.63 3787.73
    endloop
  endfacet
  facet normal -0.26725 -0.134113 -0.954249
    outer loop
      vertex 427.5 2078.28 3214.33
      vertex 418 -2001.26 3790.34
      vertex 418 2078.64 3216.94
    endloop
  endfacet
  facet normal -0.267381 -0.134107 -0.954213
    outer loop
      vertex 427.5 2078.28 3214.33
      vertex 427.5 -2001.63 3787.73
      vertex 418 -2001.26 3790.34
    endloop
  endfacet
  facet normal -0.556468 -0.115636 -0.822783
    outer loop
      vertex 446.5 2076.5 3201.73
      vertex 427.5 -2001.63 3787.73
      vertex 427.5 2078.28 3214.33
    endloop
  endfacet
  facet normal -0.556725 -0.11561 -0.822613
    outer loop
      vertex 446.5 2076.5 3201.73
      vertex 446.5 -2003.4 3775.12
      vertex 427.5 -2001.63 3787.73
    endloop
  endfacet
  facet normal -0.26725 -0.13411 -0.954249
    outer loop
      vertex 456 2076.14 3199.12
      vertex 446.5 -2003.4 3775.12
      vertex 446.5 2076.5 3201.73
    endloop
  endfacet
  facet normal -0.267381 -0.134105 -0.954214
    outer loop
      vertex 456 2076.14 3199.12
      vertex 456 -2003.77 3772.51
      vertex 446.5 -2003.4 3775.12
    endloop
  endfacet
  facet normal 0.26725 -0.13411 -0.95425
    outer loop
      vertex 465.5 2076.5 3201.73
      vertex 456 -2003.77 3772.51
      vertex 456 2076.14 3199.12
    endloop
  endfacet
  facet normal 0.267381 -0.134105 -0.954213
    outer loop
      vertex 465.5 2076.5 3201.73
      vertex 465.5 -2003.4 3775.12
      vertex 456 -2003.77 3772.51
    endloop
  endfacet
  facet normal 0.556468 -0.115634 -0.822783
    outer loop
      vertex 484.5 2078.28 3214.33
      vertex 465.5 -2003.4 3775.12
      vertex 465.5 2076.5 3201.73
    endloop
  endfacet
  facet normal 0.556725 -0.115612 -0.822612
    outer loop
      vertex 484.5 2078.28 3214.33
      vertex 484.5 -2001.63 3787.73
      vertex 465.5 -2003.4 3775.12
    endloop
  endfacet
  facet normal 0.26725 -0.134112 -0.954249
    outer loop
      vertex 494 2078.64 3216.94
      vertex 484.5 -2001.63 3787.73
      vertex 484.5 2078.28 3214.33
    endloop
  endfacet
  facet normal 0.267381 -0.134108 -0.954213
    outer loop
      vertex 494 2078.64 3216.94
      vertex 494 -2001.26 3790.34
      vertex 484.5 -2001.63 3787.73
    endloop
  endfacet
  facet normal -0.26725 -0.134113 -0.954249
    outer loop
      vertex 503.5 2078.28 3214.33
      vertex 494 -2001.26 3790.34
      vertex 494 2078.64 3216.94
    endloop
  endfacet
  facet normal -0.267381 -0.134107 -0.954213
    outer loop
      vertex 503.5 2078.28 3214.33
      vertex 503.5 -2001.63 3787.73
      vertex 494 -2001.26 3790.34
    endloop
  endfacet
  facet normal -0.556468 -0.115636 -0.822783
    outer loop
      vertex 522.5 2076.5 3201.73
      vertex 503.5 -2001.63 3787.73
      vertex 503.5 2078.28 3214.33
    endloop
  endfacet
  facet normal -0.556725 -0.11561 -0.822613
    outer loop
      vertex 522.5 2076.5 3201.73
      vertex 522.5 -2003.4 3775.12
      vertex 503.5 -2001.63 3787.73
    endloop
  endfacet
  facet normal -0.26725 -0.13411 -0.954249
    outer loop
      vertex 532 2076.14 3199.12
      vertex 522.5 -2003.4 3775.12
      vertex 522.5 2076.5 3201.73
    endloop
  endfacet
  facet normal -0.267381 -0.134105 -0.954214
    outer loop
      vertex 532 2076.14 3199.12
      vertex 532 -2003.77 3772.51
      vertex 522.5 -2003.4 3775.12
    endloop
  endfacet
  facet normal 0.26725 -0.13411 -0.95425
    outer loop
      vertex 541.5 2076.5 3201.73
      vertex 532 -2003.77 3772.51
      vertex 532 2076.14 3199.12
    endloop
  endfacet
  facet normal 0.267381 -0.134105 -0.954213
    outer loop
      vertex 541.5 2076.5 3201.73
      vertex 541.5 -2003.4 3775.12
      vertex 532 -2003.77 3772.51
    endloop
  endfacet
  facet normal 0.556468 -0.115634 -0.822783
    outer loop
      vertex 560.5 2078.28 3214.33
      vertex 541.5 -2003.4 3775.12
      vertex 541.5 2076.5 3201.73
    endloop
  endfacet
  facet normal 0.556725 -0.115612 -0.822612
    outer loop
      vertex 560.5 2078.28 3214.33
      vertex 560.5 -2001.63 3787.73
      vertex 541.5 -2003.4 3775.12
    endloop
  endfacet
  facet normal 0.26725 -0.134112 -0.954249
    outer loop
      vertex 570 2078.64 3216.94
      vertex 560.5 -2001.63 3787.73
      vertex 560.5 2078.28 3214.33
    endloop
  endfacet
  facet normal 0.267381 -0.134108 -0.954213
    outer loop
      vertex 570 2078.64 3216.94
      vertex 570 -2001.26 3790.34
      vertex 560.5 -2001.63 3787.73
    endloop
  endfacet
  facet normal -0.26725 -0.134113 -0.954249
    outer loop
      vertex 579.5 2078.28 3214.33
      vertex 570 -2001.26 3790.34
      vertex 570 2078.64 3216.94
    endloop
  endfacet
  facet normal -0.267381 -0.134107 -0.954213
    outer loop
      vertex 579.5 2078.28 3214.33
      vertex 579.5 -2001.63 3787.73
      vertex 570 -2001.26 3790.34
    endloop
  endfacet
  facet normal -0.556468 -0.115636 -0.822783
    outer loop
      vertex 598.5 2076.5 3201.73
      vertex 579.5 -2001.63 3787.73
      vertex 579.5 2078.28 3214.33
    endloop
  endfacet
  facet normal -0.556725 -0.11561 -0.822613
    outer loop
      vertex 598.5 2076.5 3201.73
      vertex 598.5 -2003.4 3775.12
      vertex 579.5 -2001.63 3787.73
    endloop
  endfacet
  facet normal -0.26725 -0.13411 -0.954249
    outer loop
      vertex 608 2076.14 3199.12
      vertex 598.5 -2003.4 3775.12
      vertex 598.5 2076.5 3201.73
    endloop
  endfacet
  facet normal -0.267381 -0.134105 -0.954214
    outer loop
      vertex 608 2076.14 3199.12
      vertex 608 -2003.77 3772.51
      vertex 598.5 -2003.4 3775.12
    endloop
  endfacet
  facet normal 0.26725 -0.13411 -0.95425
    outer loop
      vertex 617.5 2076.5 3201.73
      vertex 608 -2003.77 3772.51
      vertex 608 2076.14 3199.12
    endloop
  endfacet
  facet normal 0.267381 -0.134105 -0.954213
    outer loop
      vertex 617.5 2076.5 3201.73
      vertex 617.5 -2003.4 3775.12
      vertex 608 -2003.77 3772.51
    endloop
  endfacet
  facet normal 0.556468 -0.115634 -0.822783
    outer loop
      vertex 636.5 2078.28 3214.33
      vertex 617.5 -2003.4 3775.12
      vertex 617.5 2076.5 3201.73
    endloop
  endfacet
  facet normal 0.556725 -0.115612 -0.822612
    outer loop
      vertex 636.5 2078.28 3214.33
      vertex 636.5 -2001.63 3787.73
      vertex 617.5 -2003.4 3775.12
    endloop
  endfacet
  facet normal 0.26725 -0.134112 -0.954249
    outer loop
      vertex 646 2078.64 3216.94
      vertex 636.5 -2001.63 3787.73
      vertex 636.5 2078.28 3214.33
    endloop
  endfacet
  facet normal 0.267381 -0.134108 -0.954213
    outer loop
      vertex 646 2078.64 3216.94
      vertex 646 -2001.26 3790.34
      vertex 636.5 -2001.63 3787.73
    endloop
  endfacet
  facet normal -0.26725 -0.134113 -0.954249
    outer loop
      vertex 655.5 2078.28 3214.33
      vertex 646 -2001.26 3790.34
      vertex 646 2078.64 3216.94
    endloop
  endfacet
  facet normal -0.267381 -0.134107 -0.954213
    outer loop
      vertex 655.5 2078.28 3214.33
      vertex 655.5 -2001.63 3787.73
      vertex 646 -2001.26 3790.34
    endloop
  endfacet
  facet normal -0.556468 -0.115636 -0.822783
    outer loop
      vertex 674.5 2076.5 3201.73
      vertex 655.5 -2001.63 3787.73
      vertex 655.5 2078.28 3214.33
    endloop
  endfacet
  facet normal -0.556725 -0.11561 -0.822613
    outer loop
      vertex 674.5 2076.5 3201.73
      vertex 674.5 -2003.4 3775.12
      vertex 655.5 -2001.63 3787.73
    endloop
  endfacet
  facet normal -0.26725 -0.13411 -0.954249
    outer loop
      vertex 684 2076.14 3199.12
      vertex 674.5 -2003.4 3775.12
      vertex 674.5 2076.5 3201.73
    endloop
  endfacet
  facet normal -0.267381 -0.134105 -0.954214
    outer loop
      vertex 684 2076.14 3199.12
      vertex 684 -2003.77 3772.51
      vertex 674.5 -2003.4 3775.12
    endloop
  endfacet
  facet normal 0.26725 -0.13411 -0.95425
    outer loop
      vertex 693.5 2076.5 3201.73
      vertex 684 -2003.77 3772.51
      vertex 684 2076.14 3199.12
    endloop
  endfacet
  facet normal 0.267381 -0.134105 -0.954213
    outer loop
      vertex 693.5 2076.5 3201.73
      vertex 693.5 -2003.4 3775.12
      vertex 684 -2003.77 3772.51
    endloop
  endfacet
  facet normal 0.556468 -0.115634 -0.822783
    outer loop
      vertex 712.5 2078.28 3214.33
      vertex 693.5 -2003.4 3775.12
      vertex 693.5 2076.5 3201.73
    endloop
  endfacet
  facet normal 0.556725 -0.115612 -0.822612
    outer loop
      vertex 712.5 2078.28 3214.33
      vertex 712.5 -2001.63 3787.73
      vertex 693.5 -2003.4 3775.12
    endloop
  endfacet
  facet normal 0.26725 -0.134112 -0.954249
    outer loop
      vertex 722 2078.64 3216.94
      vertex 712.5 -2001.63 3787.73
      vertex 712.5 2078.28 3214.33
    endloop
  endfacet
  facet normal 0.267381 -0.134108 -0.954213
    outer loop
      vertex 722 2078.64 3216.94
      vertex 722 -2001.26 3790.34
      vertex 712.5 -2001.63 3787.73
    endloop
  endfacet
  facet normal -0.26725 -0.134113 -0.954249
    outer loop
      vertex 731.5 2078.28 3214.33
      vertex 722 -2001.26 3790.34
      vertex 722 2078.64 3216.94
    endloop
  endfacet
  facet normal -0.267381 -0.134107 -0.954213
    outer loop
      vertex 731.5 2078.28 3214.33
      vertex 731.5 -2001.63 3787.73
      vertex 722 -2001.26 3790.34
    endloop
  endfacet
  facet normal -0.556468 -0.115636 -0.822783
    outer loop
      vertex 750.5 2076.5 3201.73
      vertex 731.5 -2001.63 3787.73
      vertex 731.5 2078.28 3214.33
    endloop
  endfacet
  facet normal -0.556725 -0.11561 -0.822613
    outer loop
      vertex 750.5 2076.5 3201.73
      vertex 750.5 -2003.4 3775.12
      vertex 731.5 -2001.63 3787.73
    endloop
  endfacet
  facet normal -0.26725 -0.13411 -0.954249
    outer loop
      vertex 760 2076.14 3199.12
      vertex 750.5 -2003.4 3775.12
      vertex 750.5 2076.5 3201.73
    endloop
  endfacet
  facet normal -0.267381 -0.134105 -0.954214
    outer loop
      vertex 760 2076.14 3199.12
      vertex 760 -2003.77 3772.51
      vertex 750.5 -2003.4 3775.12
    endloop
  endfacet
  facet normal 0.26725 -0.13411 -0.95425
    outer loop
      vertex 769.5 2076.5 3201.73
      vertex 760 -2003.77 3772.51
      vertex 760 2076.14 3199.12
    endloop
  endfacet
  facet normal 0.267381 -0.134105 -0.954213
    outer loop
      vertex 769.5 2076.5 3201.73
      vertex 769.5 -2003.4 3775.12
      vertex 760 -2003.77 3772.51
    endloop
  endfacet
  facet normal 0.556468 -0.115634 -0.822783
    outer loop
      vertex 788.5 2078.28 3214.33
      vertex 769.5 -2003.4 3775.12
      vertex 769.5 2076.5 3201.73
    endloop
  endfacet
  facet normal 0.556725 -0.115612 -0.822612
    outer loop
      vertex 788.5 2078.28 3214.33
      vertex 788.5 -2001.63 3787.73
      vertex 769.5 -2003.4 3775.12
    endloop
  endfacet
  facet normal 0.26725 -0.134112 -0.954249
    outer loop
      vertex 798 2078.64 3216.94
      vertex 788.5 -2001.63 3787.73
      vertex 788.5 2078.28 3214.33
    endloop
  endfacet
  facet normal 0.267381 -0.134108 -0.954213
    outer loop
      vertex 798 2078.64 3216.94
      vertex 798 -2001.26 3790.34
      vertex 788.5 -2001.63 3787.73
    endloop
  endfacet
  facet normal -0.26725 -0.134113 -0.954249
    outer loop
      vertex 807.5 2078.28 3214.33
      vertex 798 -2001.26 3790.34
      vertex 798 2078.64 3216.94
    endloop
  endfacet
  facet normal -0.267381 -0.134107 -0.954213
    outer loop
      vertex 807.5 2078.28 3214.33
      vertex 807.5 -2001.63 3787.73
      vertex 798 -2001.26 3790.34
    endloop
  endfacet
  facet normal -0.556468 -0.115636 -0.822783
    outer loop
      vertex 826.5 2076.5 3201.73
      vertex 807.5 -2001.63 3787.73
      vertex 807.5 2078.28 3214.33
    endloop
  endfacet
  facet normal -0.556725 -0.11561 -0.822613
    outer loop
      vertex 826.5 2076.5 3201.73
      vertex 826.5 -2003.4 3775.12
      vertex 807.5 -2001.63 3787.73
    endloop
  endfacet
  facet normal -0.26725 -0.13411 -0.954249
    outer loop
      vertex 836 2076.14 3199.12
      vertex 826.5 -2003.4 3775.12
      vertex 826.5 2076.5 3201.73
    endloop
  endfacet
  facet normal -0.267381 -0.134105 -0.954214
    outer loop
      vertex 836 2076.14 3199.12
      vertex 836 -2003.77 3772.51
      vertex 826.5 -2003.4 3775.12
    endloop
  endfacet
  facet normal 0.26725 -0.13411 -0.95425
    outer loop
      vertex 845.5 2076.5 3201.73
      vertex 836 -2003.77 3772.51
      vertex 836 2076.14 3199.12
    endloop
  endfacet
  facet normal 0.267381 -0.134105 -0.954213
    outer loop
      vertex 845.5 2076.5 3201.73
      vertex 845.5 -2003.4 3775.12
      vertex 836 -2003.77 3772.51
    endloop
  endfacet
  facet normal 0.556468 -0.115634 -0.822783
    outer loop
      vertex 864.5 2078.28 3214.33
      vertex 845.5 -2003.4 3775.12
      vertex 845.5 2076.5 3201.73
    endloop
  endfacet
  facet normal 0.556725 -0.115612 -0.822612
    outer loop
      vertex 864.5 2078.28 3214.33
      vertex 864.5 -2001.63 3787.73
      vertex 845.5 -2003.4 3775.12
    endloop
  endfacet
  facet normal 0.26725 -0.134112 -0.954249
    outer loop
      vertex 874 2078.64 3216.94
      vertex 864.5 -2001.63 3787.73
      vertex 864.5 2078.28 3214.33
    endloop
  endfacet
  facet normal 0.267381 -0.134108 -0.954213
    outer loop
      vertex 874 2078.64 3216.94
      vertex 874 -2001.26 3790.34
      vertex 864.5 -2001.63 3787.73
    endloop
  endfacet
  facet normal -0.26725 -0.134113 -0.954249
    outer loop
      vertex 883.5 2078.28 3214.33
      vertex 874 -2001.26 3790.34
      vertex 874 2078.64 3216.94
    endloop
  endfacet
  facet normal -0.267381 -0.134107 -0.954213
    outer loop
      vertex 883.5 2078.28 3214.33
      vertex 883.5 -2001.63 3787.73
      vertex 874 -2001.26 3790.34
    endloop
  endfacet
  facet normal -0.556468 -0.115636 -0.822783
    outer loop
      vertex 902.5 2076.5 3201.73
      vertex 883.5 -2001.63 3787.73
      vertex 883.5 2078.28 3214.33
    endloop
  endfacet
  facet normal -0.556725 -0.11561 -0.822613
    outer loop
      vertex 902.5 2076.5 3201.73
      vertex 902.5 -2003.4 3775.12
      vertex 883.5 -2001.63 3787.73
    endloop
  endfacet
  facet normal -0.26725 -0.13411 -0.954249
    outer loop
      vertex 912 2076.14 3199.12
      vertex 902.5 -2003.4 3775.12
      vertex 902.5 2076.5 3201.73
    endloop
  endfacet
  facet normal -0.267381 -0.134105 -0.954214
    outer loop
      vertex 912 2076.14 3199.12
      vertex 912 -2003.77 3772.51
      vertex 902.5 -2003.4 3775.12
    endloop
  endfacet
  facet normal 0.26725 -0.13411 -0.95425
    outer loop
      vertex 921.5 2076.5 3201.73
      vertex 912 -2003.77 3772.51
      vertex 912 2076.14 3199.12
    endloop
  endfacet
  facet normal 0.267381 -0.134105 -0.954213
    outer loop
      vertex 921.5 2076.5 3201.73
      vertex 921.5 -2003.4 3775.12
      vertex 912 -2003.77 3772.51
    endloop
  endfacet
  facet normal 0.556468 -0.115634 -0.822783
    outer loop
      vertex 940.5 2078.28 3214.33
      vertex 921.5 -2003.4 3775.12
      vertex 921.5 2076.5 3201.73
    endloop
  endfacet
  facet normal 0.556725 -0.115612 -0.822612
    outer loop
      vertex 940.5 2078.28 3214.33
      vertex 940.5 -2001.63 3787.73
      vertex 921.5 -2003.4 3775.12
    endloop
  endfacet
  facet normal 0.26725 -0.134112 -0.954249
    outer loop
      vertex 950 2078.64 3216.94
      vertex 940.5 -2001.63 3787.73
      vertex 940.5 2078.28 3214.33
    endloop
  endfacet
  facet normal 0.267381 -0.134108 -0.954213
    outer loop
      vertex 950 2078.64 3216.94
      vertex 950 -2001.26 3790.34
      vertex 940.5 -2001.63 3787.73
    endloop
  endfacet
  facet normal -0.26725 -0.134113 -0.954249
    outer loop
      vertex 959.5 2078.28 3214.33
      vertex 950 -2001.26 3790.34
      vertex 950 2078.64 3216.94
    endloop
  endfacet
  facet normal -0.267381 -0.134107 -0.954213
    outer loop
      vertex 959.5 2078.28 3214.33
      vertex 959.5 -2001.63 3787.73
      vertex 950 -2001.26 3790.34
    endloop
  endfacet
  facet normal -0.556468 -0.115636 -0.822783
    outer loop
      vertex 978.5 2076.5 3201.73
      vertex 959.5 -2001.63 3787.73
      vertex 959.5 2078.28 3214.33
    endloop
  endfacet
  facet normal -0.556725 -0.11561 -0.822613
    outer loop
      vertex 978.5 2076.5 3201.73
      vertex 978.5 -2003.4 3775.12
      vertex 959.5 -2001.63 3787.73
    endloop
  endfacet
  facet normal -0.26725 -0.13411 -0.954249
    outer loop
      vertex 988 2076.14 3199.12
      vertex 978.5 -2003.4 3775.12
      vertex 978.5 2076.5 3201.73
    endloop
  endfacet
  facet normal -0.267381 -0.134105 -0.954214
    outer loop
      vertex 988 2076.14 3199.12
      vertex 988 -2003.77 3772.51
      vertex 978.5 -2003.4 3775.12
    endloop
  endfacet
  facet normal 0.26725 -0.13411 -0.95425
    outer loop
      vertex 997.5 2076.5 3201.73
      vertex 988 -2003.77 3772.51
      vertex 988 2076.14 3199.12
    endloop
  endfacet
  facet normal 0.267381 -0.134105 -0.954213
    outer loop
      vertex 997.5 2076.5 3201.73
      vertex 997.5 -2003.4 3775.12
      vertex 988 -2003.77 3772.51
    endloop
  endfacet
  facet normal 0.556468 -0.115634 -0.822783
    outer loop
      vertex 1016.5 2078.28 3214.33
      vertex 997.5 -2003.4 3775.12
      vertex 997.5 2076.5 3201.73
    endloop
  endfacet
  facet normal 0.556725 -0.115612 -0.822612
    outer loop
      vertex 1016.5 2078.28 3214.33
      vertex 1016.5 -2001.63 3787.73
      vertex 997.5 -2003.4 3775.12
    endloop
  endfacet
  facet normal 0.26725 -0.134112 -0.954249
    outer loop
      vertex 1026 2078.64 3216.94
      vertex 1016.5 -2001.63 3787.73
      vertex 1016.5 2078.28 3214.33
    endloop
  endfacet
  facet normal 0.267381 -0.134108 -0.954213
    outer loop
      vertex 1026 2078.64 3216.94
      vertex 1026 -2001.26 3790.34
      vertex 1016.5 -2001.63 3787.73
    endloop
  endfacet
  facet normal -0.26725 -0.134113 -0.954249
    outer loop
      vertex 1035.5 2078.28 3214.33
      vertex 1026 -2001.26 3790.34
      vertex 1026 2078.64 3216.94
    endloop
  endfacet
  facet normal -0.267381 -0.134107 -0.954213
    outer loop
      vertex 1035.5 2078.28 3214.33
      vertex 1035.5 -2001.63 3787.73
      vertex 1026 -2001.26 3790.34
    endloop
  endfacet
  facet normal -0.556468 -0.115636 -0.822783
    outer loop
      vertex 1054.5 2076.5 3201.73
      vertex 1035.5 -2001.63 3787.73
      vertex 1035.5 2078.28 3214.33
    endloop
  endfacet
  facet normal -0.556725 -0.11561 -0.822613
    outer loop
      vertex 1054.5 2076.5 3201.73
      vertex 1054.5 -2003.4 3775.12
      vertex 1035.5 -2001.63 3787.73
    endloop
  endfacet
  facet normal -0.26725 -0.13411 -0.954249
    outer loop
      vertex 1064 2076.14 3199.12
      vertex 1054.5 -2003.4 3775.12
      vertex 1054.5 2076.5 3201.73
    endloop
  endfacet
  facet normal -0.267381 -0.134105 -0.954214
    outer loop
      vertex 1064 2076.14 3199.12
      vertex 1064 -2003.77 3772.51
      vertex 1054.5 -2003.4 3775.12
    endloop
  endfacet
  facet normal 0.26725 -0.13411 -0.95425
    outer loop
      vertex 1073.5 2076.5 3201.73
      vertex 1064 -2003.77 3772.51
      vertex 1064 2076.14 3199.12
    endloop
  endfacet
  facet normal 0.267381 -0.134105 -0.954213
    outer loop
      vertex 1073.5 2076.5 3201.73
      vertex 1073.5 -2003.4 3775.12
      vertex 1064 -2003.77 3772.51
    endloop
  endfacet
  facet normal 0.556468 -0.115634 -0.822783
    outer loop
      vertex 1092.5 2078.28 3214.33
      vertex 1073.5 -2003.4 3775.12
      vertex 1073.5 2076.5 3201.73
    endloop
  endfacet
  facet normal 0.556725 -0.115612 -0.822612
    outer loop
      vertex 1092.5 2078.28 3214.33
      vertex 1092.5 -2001.63 3787.73
      vertex 1073.5 -2003.4 3775.12
    endloop
  endfacet
  facet normal 0.26725 -0.134112 -0.954249
    outer loop
      vertex 1102 2078.64 3216.94
      vertex 1092.5 -2001.63 3787.73
      vertex 1092.5 2078.28 3214.33
    endloop
  endfacet
  facet normal 0.267381 -0.134108 -0.954213
    outer loop
      vertex 1102 2078.64 3216.94
      vertex 1102 -2001.26 3790.34
      vertex 1092.5 -2001.63 3787.73
    endloop
  endfacet
  facet normal -0.26725 -0.134113 -0.954249
    outer loop
      vertex 1111.5 2078.28 3214.33
      vertex 1102 -2001.26 3790.34
      vertex 1102 2078.64 3216.94
    endloop
  endfacet
  facet normal -0.267381 -0.134107 -0.954213
    outer loop
      vertex 1111.5 2078.28 3214.33
      vertex 1111.5 -2001.63 3787.73
      vertex 1102 -2001.26 3790.34
    endloop
  endfacet
  facet normal -0.556468 -0.115636 -0.822783
    outer loop
      vertex 1130.5 2076.5 3201.73
      vertex 1111.5 -2001.63 3787.73
      vertex 1111.5 2078.28 3214.33
    endloop
  endfacet
  facet normal -0.556725 -0.11561 -0.822613
    outer loop
      vertex 1130.5 2076.5 3201.73
      vertex 1130.5 -2003.4 3775.12
      vertex 1111.5 -2001.63 3787.73
    endloop
  endfacet
  facet normal -0.26725 -0.13411 -0.954249
    outer loop
      vertex 1140 2076.14 3199.12
      vertex 1130.5 -2003.4 3775.12
      vertex 1130.5 2076.5 3201.73
    endloop
  endfacet
  facet normal -0.267381 -0.134105 -0.954214
    outer loop
      vertex 1140 2076.14 3199.12
      vertex 1140 -2003.77 3772.51
      vertex 1130.5 -2003.4 3775.12
    endloop
  endfacet
  facet normal 0.26725 -0.13411 -0.95425
    outer loop
      vertex 1149.5 2076.5 3201.73
      vertex 1140 -2003.77 3772.51
      vertex 1140 2076.14 3199.12
    endloop
  endfacet
  facet normal 0.267381 -0.134105 -0.954213
    outer loop
      vertex 1149.5 2076.5 3201.73
      vertex 1149.5 -2003.4 3775.12
      vertex 1140 -2003.77 3772.51
    endloop
  endfacet
  facet normal 0.556468 -0.115634 -0.822783
    outer loop
      vertex 1168.5 2078.28 3214.33
      vertex 1149.5 -2003.4 3775.12
      vertex 1149.5 2076.5 3201.73
    endloop
  endfacet
  facet normal 0.556725 -0.115612 -0.822612
    outer loop
      vertex 1168.5 2078.28 3214.33
      vertex 1168.5 -2001.63 3787.73
      vertex 1149.5 -2003.4 3775.12
    endloop
  endfacet
  facet normal 0.26725 -0.134112 -0.954249
    outer loop
      vertex 1178 2078.64 3216.94
      vertex 1168.5 -2001.63 3787.73
      vertex 1168.5 2078.28 3214.33
    endloop
  endfacet
  facet normal 0.267381 -0.134108 -0.954213
    outer loop
      vertex 1178 2078.64 3216.94
      vertex 1178 -2001.26 3790.34
      vertex 1168.5 -2001.63 3787.73
    endloop
  endfacet
  facet normal -0.26725 -0.134113 -0.954249
    outer loop
      vertex 1187.5 2078.28 3214.33
      vertex 1178 -2001.26 3790.34
      vertex 1178 2078.64 3216.94
    endloop
  endfacet
  facet normal -0.267381 -0.134107 -0.954213
    outer loop
      vertex 1187.5 2078.28 3214.33
      vertex 1187.5 -2001.63 3787.73
      vertex 1178 -2001.26 3790.34
    endloop
  endfacet
  facet normal -0.556468 -0.115636 -0.822783
    outer loop
      vertex 1206.5 2076.5 3201.73
      vertex 1187.5 -2001.63 3787.73
      vertex 1187.5 2078.28 3214.33
    endloop
  endfacet
  facet normal -0.556725 -0.11561 -0.822613
    outer loop
      vertex 1206.5 2076.5 3201.73
      vertex 1206.5 -2003.4 3775.12
      vertex 1187.5 -2001.63 3787.73
    endloop
  endfacet
  facet normal -0.26725 -0.13411 -0.954249
    outer loop
      vertex 1216 2076.14 3199.12
      vertex 1206.5 -2003.4 3775.12
      vertex 1206.5 2076.5 3201.73
    endloop
  endfacet
  facet normal -0.267381 -0.134105 -0.954214
    outer loop
      vertex 1216 2076.14 3199.12
      vertex 1216 -2003.77 3772.51
      vertex 1206.5 -2003.4 3775.12
    endloop
  endfacet
  facet normal 0.26725 -0.13411 -0.95425
    outer loop
      vertex 1225.5 2076.5 3201.73
      vertex 1216 -2003.77 3772.51
      vertex 1216 2076.14 3199.12
    endloop
  endfacet
  facet normal 0.267381 -0.134105 -0.954213
    outer loop
      vertex 1225.5 2076.5 3201.73
      vertex 1225.5 -2003.4 3775.12
      vertex 1216 -2003.77 3772.51
    endloop
  endfacet
  facet normal 0.556468 -0.115634 -0.822783
    outer loop
      vertex 1244.5 2078.28 3214.33
      vertex 1225.5 -2003.4 3775.12
      vertex 1225.5 2076.5 3201.73
    endloop
  endfacet
  facet normal 0.556725 -0.115612 -0.822612
    outer loop
      vertex 1244.5 2078.28 3214.33
      vertex 1244.5 -2001.63 3787.73
      vertex 1225.5 -2003.4 3775.12
    endloop
  endfacet
  facet normal 0.26725 -0.134112 -0.954249
    outer loop
      vertex 1254 2078.64 3216.94
      vertex 1244.5 -2001.63 3787.73
      vertex 1244.5 2078.28 3214.33
    endloop
  endfacet
  facet normal 0.267381 -0.134108 -0.954213
    outer loop
      vertex 1254 2078.64 3216.94
      vertex 1254 -2001.26 3790.34
      vertex 1244.5 -2001.63 3787.73
    endloop
  endfacet
  facet normal -0.26725 -0.134113 -0.954249
    outer loop
      vertex 1263.5 2078.28 3214.33
      vertex 1254 -2001.26 3790.34
      vertex 1254 2078.64 3216.94
    endloop
  endfacet
  facet normal -0.267381 -0.134107 -0.954213
    outer loop
      vertex 1263.5 2078.28 3214.33
      vertex 1263.5 -2001.63 3787.73
      vertex 1254 -2001.26 3790.34
    endloop
  endfacet
  facet normal -0.556468 -0.115636 -0.822783
    outer loop
      vertex 1282.5 2076.5 3201.73
      vertex 1263.5 -2001.63 3787.73
      vertex 1263.5 2078.28 3214.33
    endloop
  endfacet
  facet normal -0.556725 -0.11561 -0.822613
    outer loop
      vertex 1282.5 2076.5 3201.73
      vertex 1282.5 -2003.4 3775.12
      vertex 1263.5 -2001.63 3787.73
    endloop
  endfacet
  facet normal -0.26725 -0.13411 -0.954249
    outer loop
      vertex 1292 2076.14 3199.12
      vertex 1282.5 -2003.4 3775.12
      vertex 1282.5 2076.5 3201.73
    endloop
  endfacet
  facet normal -0.267381 -0.134105 -0.954214
    outer loop
      vertex 1292 2076.14 3199.12
      vertex 1292 -2003.77 3772.51
      vertex 1282.5 -2003.4 3775.12
    endloop
  endfacet
  facet normal 0.26725 -0.13411 -0.95425
    outer loop
      vertex 1301.5 2076.5 3201.73
      vertex 1292 -2003.77 3772.51
      vertex 1292 2076.14 3199.12
    endloop
  endfacet
  facet normal 0.267381 -0.134105 -0.954213
    outer loop
      vertex 1301.5 2076.5 3201.73
      vertex 1301.5 -2003.4 3775.12
      vertex 1292 -2003.77 3772.51
    endloop
  endfacet
  facet normal 0.556468 -0.115634 -0.822783
    outer loop
      vertex 1320.5 2078.28 3214.33
      vertex 1301.5 -2003.4 3775.12
      vertex 1301.5 2076.5 3201.73
    endloop
  endfacet
  facet normal 0.556725 -0.115612 -0.822612
    outer loop
      vertex 1320.5 2078.28 3214.33
      vertex 1320.5 -2001.63 3787.73
      vertex 1301.5 -2003.4 3775.12
    endloop
  endfacet
  facet normal 0.26725 -0.134112 -0.954249
    outer loop
      vertex 1330 2078.64 3216.94
      vertex 1320.5 -2001.63 3787.73
      vertex 1320.5 2078.28 3214.33
    endloop
  endfacet
  facet normal 0.267381 -0.134108 -0.954213
    outer loop
      vertex 1330 2078.64 3216.94
      vertex 1330 -2001.26 3790.34
      vertex 1320.5 -2001.63 3787.73
    endloop
  endfacet
  facet normal -0.26725 -0.134113 -0.954249
    outer loop
      vertex 1339.5 2078.28 3214.33
      vertex 1330 -2001.26 3790.34
      vertex 1330 2078.64 3216.94
    endloop
  endfacet
  facet normal -0.267381 -0.134107 -0.954213
    outer loop
      vertex 1339.5 2078.28 3214.33
      vertex 1339.5 -2001.63 3787.73
      vertex 1330 -2001.26 3790.34
    endloop
  endfacet
  facet normal -0.556468 -0.115636 -0.822783
    outer loop
      vertex 1358.5 2076.5 3201.73
      vertex 1339.5 -2001.63 3787.73
      vertex 1339.5 2078.28 3214.33
    endloop
  endfacet
  facet normal -0.556725 -0.11561 -0.822613
    outer loop
      vertex 1358.5 2076.5 3201.73
      vertex 1358.5 -2003.4 3775.12
      vertex 1339.5 -2001.63 3787.73
    endloop
  endfacet
  facet normal -0.26725 -0.13411 -0.954249
    outer loop
      vertex 1368 2076.14 3199.12
      vertex 1358.5 -2003.4 3775.12
      vertex 1358.5 2076.5 3201.73
    endloop
  endfacet
  facet normal -0.267381 -0.134105 -0.954214
    outer loop
      vertex 1368 2076.14 3199.12
      vertex 1368 -2003.77 3772.51
      vertex 1358.5 -2003.4 3775.12
    endloop
  endfacet
  facet normal 0.26725 -0.13411 -0.95425
    outer loop
      vertex 1377.5 2076.5 3201.73
      vertex 1368 -2003.77 3772.51
      vertex 1368 2076.14 3199.12
    endloop
  endfacet
  facet normal 0.267381 -0.134105 -0.954213
    outer loop
      vertex 1377.5 2076.5 3201.73
      vertex 1377.5 -2003.4 3775.12
      vertex 1368 -2003.77 3772.51
    endloop
  endfacet
  facet normal 0.556468 -0.115634 -0.822783
    outer loop
      vertex 1396.5 2078.28 3214.33
      vertex 1377.5 -2003.4 3775.12
      vertex 1377.5 2076.5 3201.73
    endloop
  endfacet
  facet normal 0.556725 -0.115612 -0.822612
    outer loop
      vertex 1396.5 2078.28 3214.33
      vertex 1396.5 -2001.63 3787.73
      vertex 1377.5 -2003.4 3775.12
    endloop
  endfacet
  facet normal 0.26725 -0.134112 -0.954249
    outer loop
      vertex 1406 2078.64 3216.94
      vertex 1396.5 -2001.63 3787.73
      vertex 1396.5 2078.28 3214.33
    endloop
  endfacet
  facet normal 0.267381 -0.134108 -0.954213
    outer loop
      vertex 1406 2078.64 3216.94
      vertex 1406 -2001.26 3790.34
      vertex 1396.5 -2001.63 3787.73
    endloop
  endfacet
  facet normal -0.26725 -0.134113 -0.954249
    outer loop
      vertex 1415.5 2078.28 3214.33
      vertex 1406 -2001.26 3790.34
      vertex 1406 2078.64 3216.94
    endloop
  endfacet
  facet normal -0.267381 -0.134107 -0.954213
    outer loop
      vertex 1415.5 2078.28 3214.33
      vertex 1415.5 -2001.63 3787.73
      vertex 1406 -2001.26 3790.34
    endloop
  endfacet
  facet normal -0.556468 -0.115636 -0.822783
    outer loop
      vertex 1434.5 2076.5 3201.73
      vertex 1415.5 -2001.63 3787.73
      vertex 1415.5 2078.28 3214.33
    endloop
  endfacet
  facet normal -0.556725 -0.11561 -0.822613
    outer loop
      vertex 1434.5 2076.5 3201.73
      vertex 1434.5 -2003.4 3775.12
      vertex 1415.5 -2001.63 3787.73
    endloop
  endfacet
  facet normal -0.26725 -0.13411 -0.954249
    outer loop
      vertex 1444 2076.14 3199.12
      vertex 1434.5 -2003.4 3775.12
      vertex 1434.5 2076.5 3201.73
    endloop
  endfacet
  facet normal -0.267381 -0.134105 -0.954214
    outer loop
      vertex 1444 2076.14 3199.12
      vertex 1444 -2003.77 3772.51
      vertex 1434.5 -2003.4 3775.12
    endloop
  endfacet
  facet normal 0.26725 -0.13411 -0.95425
    outer loop
      vertex 1453.5 2076.5 3201.73
      vertex 1444 -2003.77 3772.51
      vertex 1444 2076.14 3199.12
    endloop
  endfacet
  facet normal 0.267381 -0.134105 -0.954213
    outer loop
      vertex 1453.5 2076.5 3201.73
      vertex 1453.5 -2003.4 3775.12
      vertex 1444 -2003.77 3772.51
    endloop
  endfacet
  facet normal 0.556468 -0.115634 -0.822783
    outer loop
      vertex 1472.5 2078.28 3214.33
      vertex 1453.5 -2003.4 3775.12
      vertex 1453.5 2076.5 3201.73
    endloop
  endfacet
  facet normal 0.556725 -0.115612 -0.822612
    outer loop
      vertex 1472.5 2078.28 3214.33
      vertex 1472.5 -2001.63 3787.73
      vertex 1453.5 -2003.4 3775.12
    endloop
  endfacet
  facet normal 0.26725 -0.134112 -0.954249
    outer loop
      vertex 1482 2078.64 3216.94
      vertex 1472.5 -2001.63 3787.73
      vertex 1472.5 2078.28 3214.33
    endloop
  endfacet
  facet normal 0.267381 -0.134108 -0.954213
    outer loop
      vertex 1482 2078.64 3216.94
      vertex 1482 -2001.26 3790.34
      vertex 1472.5 -2001.63 3787.73
    endloop
  endfacet
  facet normal -0.26725 -0.134113 -0.954249
    outer loop
      vertex 1491.5 2078.28 3214.33
      vertex 1482 -2001.26 3790.34
      vertex 1482 2078.64 3216.94
    endloop
  endfacet
  facet normal -0.267381 -0.134107 -0.954213
    outer loop
      vertex 1491.5 2078.28 3214.33
      vertex 1491.5 -2001.63 3787.73
      vertex 1482 -2001.26 3790.34
    endloop
  endfacet
  facet normal -0.556468 -0.115636 -0.822783
    outer loop
      vertex 1510.5 2076.5 3201.73
      vertex 1491.5 -2001.63 3787.73
      vertex 1491.5 2078.28 3214.33
    endloop
  endfacet
  facet normal -0.556725 -0.11561 -0.822613
    outer loop
      vertex 1510.5 2076.5 3201.73
      vertex 1510.5 -2003.4 3775.12
      vertex 1491.5 -2001.63 3787.73
    endloop
  endfacet
  facet normal -0.26725 -0.13411 -0.954249
    outer loop
      vertex 1520 2076.14 3199.12
      vertex 1510.5 -2003.4 3775.12
      vertex 1510.5 2076.5 3201.73
    endloop
  endfacet
  facet normal -0.267381 -0.134105 -0.954214
    outer loop
      vertex 1520 2076.14 3199.12
      vertex 1520 -2003.77 3772.51
      vertex 1510.5 -2003.4 3775.12
    endloop
  endfacet
  facet normal 0.26725 -0.13411 -0.95425
    outer loop
      vertex 1529.5 2076.5 3201.73
      vertex 1520 -2003.77 3772.51
      vertex 1520 2076.14 3199.12
    endloop
  endfacet
  facet normal 0.267381 -0.134105 -0.954213
    outer loop
      vertex 1529.5 2076.5 3201.73
      vertex 1529.5 -2003.4 3775.12
      vertex 1520 -2003.77 3772.51
    endloop
  endfacet
  facet normal 0.556468 -0.115634 -0.822783
    outer loop
      vertex 1548.5 2078.28 3214.33
      vertex 1529.5 -2003.4 3775.12
      vertex 1529.5 2076.5 3201.73
    endloop
  endfacet
  facet normal 0.556725 -0.115612 -0.822612
    outer loop
      vertex 1548.5 2078.28 3214.33
      vertex 1548.5 -2001.63 3787.73
      vertex 1529.5 -2003.4 3775.12
    endloop
  endfacet
  facet normal 0.26725 -0.134112 -0.954249
    outer loop
      vertex 1558 2078.64 3216.94
      vertex 1548.5 -2001.63 3787.73
      vertex 1548.5 2078.28 3214.33
    endloop
  endfacet
  facet normal 0.267381 -0.134108 -0.954213
    outer loop
      vertex 1558 2078.64 3216.94
      vertex 1558 -2001.26 3790.34
      vertex 1548.5 -2001.63 3787.73
    endloop
  endfacet
  facet normal -0.26725 -0.134113 -0.954249
    outer loop
      vertex 1567.5 2078.28 3214.33
      vertex 1558 -2001.26 3790.34
      vertex 1558 2078.64 3216.94
    endloop
  endfacet
  facet normal -0.267381 -0.134107 -0.954213
    outer loop
      vertex 1567.5 2078.28 3214.33
      vertex 1567.5 -2001.63 3787.73
      vertex 1558 -2001.26 3790.34
    endloop
  endfacet
  facet normal -0.556468 -0.115636 -0.822783
    outer loop
      vertex 1586.5 2076.5 3201.73
      vertex 1567.5 -2001.63 3787.73
      vertex 1567.5 2078.28 3214.33
    endloop
  endfacet
  facet normal -0.556725 -0.11561 -0.822613
    outer loop
      vertex 1586.5 2076.5 3201.73
      vertex 1586.5 -2003.4 3775.12
      vertex 1567.5 -2001.63 3787.73
    endloop
  endfacet
  facet normal -0.26725 -0.13411 -0.954249
    outer loop
      vertex 1596 2076.14 3199.12
      vertex 1586.5 -2003.4 3775.12
      vertex 1586.5 2076.5 3201.73
    endloop
  endfacet
  facet normal -0.267381 -0.134105 -0.954214
    outer loop
      vertex 1596 2076.14 3199.12
      vertex 1596 -2003.77 3772.51
      vertex 1586.5 -2003.4 3775.12
    endloop
  endfacet
  facet normal 0.26725 -0.13411 -0.95425
    outer loop
      vertex 1605.5 2076.5 3201.73
      vertex 1596 -2003.77 3772.51
      vertex 1596 2076.14 3199.12
    endloop
  endfacet
  facet normal 0.267381 -0.134105 -0.954213
    outer loop
      vertex 1605.5 2076.5 3201.73
      vertex 1605.5 -2003.4 3775.12
      vertex 1596 -2003.77 3772.51
    endloop
  endfacet
  facet normal 0.556468 -0.115634 -0.822783
    outer loop
      vertex 1624.5 2078.28 3214.33
      vertex 1605.5 -2003.4 3775.12
      vertex 1605.5 2076.5 3201.73
    endloop
  endfacet
  facet normal 0.556725 -0.115612 -0.822612
    outer loop
      vertex 1624.5 2078.28 3214.33
      vertex 1624.5 -2001.63 3787.73
      vertex 1605.5 -2003.4 3775.12
    endloop
  endfacet
  facet normal 0.26725 -0.134112 -0.954249
    outer loop
      vertex 1634 2078.64 3216.94
      vertex 1624.5 -2001.63 3787.73
      vertex 1624.5 2078.28 3214.33
    endloop
  endfacet
  facet normal 0.267381 -0.134108 -0.954213
    outer loop
      vertex 1634 2078.64 3216.94
      vertex 1634 -2001.26 3790.34
      vertex 1624.5 -2001.63 3787.73
    endloop
  endfacet
  facet normal -0.26725 -0.134113 -0.954249
    outer loop
      vertex 1643.5 2078.28 3214.33
      vertex 1634 -2001.26 3790.34
      vertex 1634 2078.64 3216.94
    endloop
  endfacet
  facet normal -0.267381 -0.134107 -0.954213
    outer loop
      vertex 1643.5 2078.28 3214.33
      vertex 1643.5 -2001.63 3787.73
      vertex 1634 -2001.26 3790.34
    endloop
  endfacet
  facet normal -0.556468 -0.115636 -0.822783
    outer loop
      vertex 1662.5 2076.5 3201.73
      vertex 1643.5 -2001.63 3787.73
      vertex 1643.5 2078.28 3214.33
    endloop
  endfacet
  facet normal -0.556725 -0.11561 -0.822613
    outer loop
      vertex 1662.5 2076.5 3201.73
      vertex 1662.5 -2003.4 3775.12
      vertex 1643.5 -2001.63 3787.73
    endloop
  endfacet
  facet normal -0.26725 -0.13411 -0.954249
    outer loop
      vertex 1672 2076.14 3199.12
      vertex 1662.5 -2003.4 3775.12
      vertex 1662.5 2076.5 3201.73
    endloop
  endfacet
  facet normal -0.267381 -0.134105 -0.954214
    outer loop
      vertex 1672 2076.14 3199.12
      vertex 1672 -2003.77 3772.51
      vertex 1662.5 -2003.4 3775.12
    endloop
  endfacet
  facet normal 0.26725 -0.13411 -0.95425
    outer loop
      vertex 1681.5 2076.5 3201.73
      vertex 1672 -2003.77 3772.51
      vertex 1672 2076.14 3199.12
    endloop
  endfacet
  facet normal 0.267381 -0.134105 -0.954213
    outer loop
      vertex 1681.5 2076.5 3201.73
      vertex 1681.5 -2003.4 3775.12
      vertex 1672 -2003.77 3772.51
    endloop
  endfacet
  facet normal 0.556468 -0.115634 -0.822783
    outer loop
      vertex 1700.5 2078.28 3214.33
      vertex 1681.5 -2003.4 3775.12
      vertex 1681.5 2076.5 3201.73
    endloop
  endfacet
  facet normal 0.556725 -0.115612 -0.822612
    outer loop
      vertex 1700.5 2078.28 3214.33
      vertex 1700.5 -2001.63 3787.73
      vertex 1681.5 -2003.4 3775.12
    endloop
  endfacet
  facet normal 0.26725 -0.134112 -0.954249
    outer loop
      vertex 1710 2078.64 3216.94
      vertex 1700.5 -2001.63 3787.73
      vertex 1700.5 2078.28 3214.33
    endloop
  endfacet
  facet normal 0.267381 -0.134108 -0.954213
    outer loop
      vertex 1710 2078.64 3216.94
      vertex 1710 -2001.26 3790.34
      vertex 1700.5 -2001.63 3787.73
    endloop
  endfacet
  facet normal -0.26725 -0.134113 -0.954249
    outer loop
      vertex 1719.5 2078.28 3214.33
      vertex 1710 -2001.26 3790.34
      vertex 1710 2078.64 3216.94
    endloop
  endfacet
  facet normal -0.267381 -0.134107 -0.954213
    outer loop
      vertex 1719.5 2078.28 3214.33
      vertex 1719.5 -2001.63 3787.73
      vertex 1710 -2001.26 3790.34
    endloop
  endfacet
  facet normal -0.556468 -0.115636 -0.822783
    outer loop
      vertex 1738.5 2076.5 3201.73
      vertex 1719.5 -2001.63 3787.73
      vertex 1719.5 2078.28 3214.33
    endloop
  endfacet
  facet normal -0.556725 -0.11561 -0.822613
    outer loop
      vertex 1738.5 2076.5 3201.73
      vertex 1738.5 -2003.4 3775.12
      vertex 1719.5 -2001.63 3787.73
    endloop
  endfacet
  facet normal -0.26725 -0.13411 -0.954249
    outer loop
      vertex 1748 2076.14 3199.12
      vertex 1738.5 -2003.4 3775.12
      vertex 1738.5 2076.5 3201.73
    endloop
  endfacet
  facet normal -0.267381 -0.134105 -0.954214
    outer loop
      vertex 1748 2076.14 3199.12
      vertex 1748 -2003.77 3772.51
      vertex 1738.5 -2003.4 3775.12
    endloop
  endfacet
  facet normal 0.26725 -0.13411 -0.95425
    outer loop
      vertex 1757.5 2076.5 3201.73
      vertex 1748 -2003.77 3772.51
      vertex 1748 2076.14 3199.12
    endloop
  endfacet
  facet normal 0.267381 -0.134105 -0.954213
    outer loop
      vertex 1757.5 2076.5 3201.73
      vertex 1757.5 -2003.4 3775.12
      vertex 1748 -2003.77 3772.51
    endloop
  endfacet
  facet normal 0.556468 -0.115634 -0.822783
    outer loop
      vertex 1776.5 2078.28 3214.33
      vertex 1757.5 -2003.4 3775.12
      vertex 1757.5 2076.5 3201.73
    endloop
  endfacet
  facet normal 0.556725 -0.115612 -0.822612
    outer loop
      vertex 1776.5 2078.28 3214.33
      vertex 1776.5 -2001.63 3787.73
      vertex 1757.5 -2003.4 3775.12
    endloop
  endfacet
  facet normal 0.26725 -0.134112 -0.954249
    outer loop
      vertex 1786 2078.64 3216.94
      vertex 1776.5 -2001.63 3787.73
      vertex 1776.5 2078.28 3214.33
    endloop
  endfacet
  facet normal 0.267381 -0.134108 -0.954213
    outer loop
      vertex 1786 2078.64 3216.94
      vertex 1786 -2001.26 3790.34
      vertex 1776.5 -2001.63 3787.73
    endloop
  endfacet
  facet normal -0.26725 -0.134113 -0.954249
    outer loop
      vertex 1795.5 2078.28 3214.33
      vertex 1786 -2001.26 3790.34
      vertex 1786 2078.64 3216.94
    endloop
  endfacet
  facet normal -0.267381 -0.134107 -0.954213
    outer loop
      vertex 1795.5 2078.28 3214.33
      vertex 1795.5 -2001.63 3787.73
      vertex 1786 -2001.26 3790.34
    endloop
  endfacet
  facet normal -0.556468 -0.115636 -0.822783
    outer loop
      vertex 1814.5 2076.5 3201.73
      vertex 1795.5 -2001.63 3787.73
      vertex 1795.5 2078.28 3214.33
    endloop
  endfacet
  facet normal -0.556725 -0.11561 -0.822613
    outer loop
      vertex 1814.5 2076.5 3201.73
      vertex 1814.5 -2003.4 3775.12
      vertex 1795.5 -2001.63 3787.73
    endloop
  endfacet
  facet normal -0.26725 -0.13411 -0.954249
    outer loop
      vertex 1824 2076.14 3199.12
      vertex 1814.5 -2003.4 3775.12
      vertex 1814.5 2076.5 3201.73
    endloop
  endfacet
  facet normal -0.267381 -0.134105 -0.954214
    outer loop
      vertex 1824 2076.14 3199.12
      vertex 1824 -2003.77 3772.51
      vertex 1814.5 -2003.4 3775.12
    endloop
  endfacet
  facet normal 0.26725 -0.13411 -0.95425
    outer loop
      vertex 1833.5 2076.5 3201.73
      vertex 1824 -2003.77 3772.51
      vertex 1824 2076.14 3199.12
    endloop
  endfacet
  facet normal 0.267381 -0.134105 -0.954213
    outer loop
      vertex 1833.5 2076.5 3201.73
      vertex 1833.5 -2003.4 3775.12
      vertex 1824 -2003.77 3772.51
    endloop
  endfacet
  facet normal 0.556468 -0.115634 -0.822783
    outer loop
      vertex 1852.5 2078.28 3214.33
      vertex 1833.5 -2003.4 3775.12
      vertex 1833.5 2076.5 3201.73
    endloop
  endfacet
  facet normal 0.556725 -0.115612 -0.822612
    outer loop
      vertex 1852.5 2078.28 3214.33
      vertex 1852.5 -2001.63 3787.73
      vertex 1833.5 -2003.4 3775.12
    endloop
  endfacet
  facet normal 0.26725 -0.134112 -0.954249
    outer loop
      vertex 1862 2078.64 3216.94
      vertex 1852.5 -2001.63 3787.73
      vertex 1852.5 2078.28 3214.33
    endloop
  endfacet
  facet normal 0.267381 -0.134108 -0.954213
    outer loop
      vertex 1862 2078.64 3216.94
      vertex 1862 -2001.26 3790.34
      vertex 1852.5 -2001.63 3787.73
    endloop
  endfacet
  facet normal -0.26725 -0.134113 -0.954249
    outer loop
      vertex 1871.5 2078.28 3214.33
      vertex 1862 -2001.26 3790.34
      vertex 1862 2078.64 3216.94
    endloop
  endfacet
  facet normal -0.267381 -0.134107 -0.954213
    outer loop
      vertex 1871.5 2078.28 3214.33
      vertex 1871.5 -2001.63 3787.73
      vertex 1862 -2001.26 3790.34
    endloop
  endfacet
  facet normal -0.556468 -0.115636 -0.822783
    outer loop
      vertex 1890.5 2076.5 3201.73
      vertex 1871.5 -2001.63 3787.73
      vertex 1871.5 2078.28 3214.33
    endloop
  endfacet
  facet normal -0.556725 -0.11561 -0.822613
    outer loop
      vertex 1890.5 2076.5 3201.73
      vertex 1890.5 -2003.4 3775.12
      vertex 1871.5 -2001.63 3787.73
    endloop
  endfacet
  facet normal -0.26725 -0.13411 -0.954249
    outer loop
      vertex 1900 2076.14 3199.12
      vertex 1890.5 -2003.4 3775.12
      vertex 1890.5 2076.5 3201.73
    endloop
  endfacet
  facet normal -0.267381 -0.134105 -0.954214
    outer loop
      vertex 1900 2076.14 3199.12
      vertex 1900 -2003.77 3772.51
      vertex 1890.5 -2003.4 3775.12
    endloop
  endfacet
  facet normal 0.26725 -0.13411 -0.95425
    outer loop
      vertex 1909.5 2076.5 3201.73
      vertex 1900 -2003.77 3772.51
      vertex 1900 2076.14 3199.12
    endloop
  endfacet
  facet normal 0.267381 -0.134105 -0.954213
    outer loop
      vertex 1909.5 2076.5 3201.73
      vertex 1909.5 -2003.4 3775.12
      vertex 1900 -2003.77 3772.51
    endloop
  endfacet
  facet normal 0.556468 -0.115634 -0.822783
    outer loop
      vertex 1928.5 2078.28 3214.33
      vertex 1909.5 -2003.4 3775.12
      vertex 1909.5 2076.5 3201.73
    endloop
  endfacet
  facet normal 0.556725 -0.115612 -0.822612
    outer loop
      vertex 1928.5 2078.28 3214.33
      vertex 1928.5 -2001.63 3787.73
      vertex 1909.5 -2003.4 3775.12
    endloop
  endfacet
  facet normal 0.26725 -0.134112 -0.954249
    outer loop
      vertex 1938 2078.64 3216.94
      vertex 1928.5 -2001.63 3787.73
      vertex 1928.5 2078.28 3214.33
    endloop
  endfacet
  facet normal 0.267381 -0.134108 -0.954213
    outer loop
      vertex 1938 2078.64 3216.94
      vertex 1938 -2001.26 3790.34
      vertex 1928.5 -2001.63 3787.73
    endloop
  endfacet
  facet normal -0.26725 -0.134113 -0.954249
    outer loop
      vertex 1947.5 2078.28 3214.33
      vertex 1938 -2001.26 3790.34
      vertex 1938 2078.64 3216.94
    endloop
  endfacet
  facet normal -0.267381 -0.134107 -0.954213
    outer loop
      vertex 1947.5 2078.28 3214.33
      vertex 1947.5 -2001.63 3787.73
      vertex 1938 -2001.26 3790.34
    endloop
  endfacet
  facet normal -0.556468 -0.115636 -0.822783
    outer loop
      vertex 1966.5 2076.5 3201.73
      vertex 1947.5 -2001.63 3787.73
      vertex 1947.5 2078.28 3214.33
    endloop
  endfacet
  facet normal -0.556725 -0.11561 -0.822613
    outer loop
      vertex 1966.5 2076.5 3201.73
      vertex 1966.5 -2003.4 3775.12
      vertex 1947.5 -2001.63 3787.73
    endloop
  endfacet
  facet normal -0.26725 -0.13411 -0.954249
    outer loop
      vertex 1976 2076.14 3199.12
      vertex 1966.5 -2003.4 3775.12
      vertex 1966.5 2076.5 3201.73
    endloop
  endfacet
  facet normal -0.267381 -0.134105 -0.954214
    outer loop
      vertex 1976 2076.14 3199.12
      vertex 1976 -2003.77 3772.51
      vertex 1966.5 -2003.4 3775.12
    endloop
  endfacet
  facet normal 1 0 0
    outer loop
      vertex 1976 2077.25 3207.04
      vertex 1976 -2003.77 3772.51
      vertex 1976 2076.14 3199.12
    endloop
  endfacet
  facet normal 1 0 0
    outer loop
      vertex 1976 2077.25 3207.04
      vertex 1976 -2002.65 3780.43
      vertex 1976 -2003.77 3772.51
    endloop
  endfacet
endsolid OpenSCAD_Model
