solid OpenSCAD_Model
  facet normal -1 0 0
    outer loop
      vertex -876 876 3105.23
      vertex -876 28.5578 3385.91
      vertex -876 876 3218.21
    endloop
  endfacet
  facet normal -1 0 0
    outer loop
      vertex -876 876 3105.23
      vertex -876 2.46233 3389.57
      vertex -876 28.5578 3385.91
    endloop
  endfacet
  facet normal -1 0 -0
    outer loop
      vertex -876 2.46233 3389.57
      vertex -876 876 3105.23
      vertex -876 -876 3351.46
    endloop
  endfacet
  facet normal -1 0 0
    outer loop
      vertex -876 1980.54 2950
      vertex -876 1963.19 3114.01
      vertex -876 2002.8 3108.44
    endloop
  endfacet
  facet normal -1 0 0
    outer loop
      vertex -876 976 3091.18
      vertex -876 1963.19 3114.01
      vertex -876 1980.54 2950
    endloop
  endfacet
  facet normal -1 0 0
    outer loop
      vertex -876 976 3218.21
      vertex -876 1963.19 3114.01
      vertex -876 976 3091.18
    endloop
  endfacet
  facet normal -1 0 0
    outer loop
      vertex -876 976 3218.21
      vertex -876 28.5578 3385.91
      vertex -876 1963.19 3114.01
    endloop
  endfacet
  facet normal -1 0 0
    outer loop
      vertex -876 28.5578 3385.91
      vertex -876 976 3218.21
      vertex -876 876 3218.21
    endloop
  endfacet
  facet normal -1 0 0
    outer loop
      vertex -876 -876 3478.49
      vertex -876 2.46233 3389.57
      vertex -876 -876 3351.46
    endloop
  endfacet
  facet normal -1 0 0
    outer loop
      vertex -876 -938.292 3521.79
      vertex -876 2.46233 3389.57
      vertex -876 -876 3478.49
    endloop
  endfacet
  facet normal -1 0 0
    outer loop
      vertex -876 -976 3478.49
      vertex -876 -938.292 3521.79
      vertex -876 -876 3478.49
    endloop
  endfacet
  facet normal -1 -0 0
    outer loop
      vertex -876 -938.292 3521.79
      vertex -876 -976 3478.49
      vertex -876 -977.903 3527.35
    endloop
  endfacet
  facet normal -1 0 0
    outer loop
      vertex -876 -1918.66 3659.57
      vertex -876 -976 3478.49
      vertex -876 -976 3365.51
    endloop
  endfacet
  facet normal -1 0 0
    outer loop
      vertex -876 -976 3478.49
      vertex -876 -1918.66 3659.57
      vertex -876 -977.903 3527.35
    endloop
  endfacet
  facet normal -1 0 0
    outer loop
      vertex -876 -1980.54 3506.69
      vertex -876 -1918.66 3659.57
      vertex -876 -976 3365.51
    endloop
  endfacet
  facet normal -1 -0 0
    outer loop
      vertex -876 -1918.66 3659.57
      vertex -876 -1980.54 3506.69
      vertex -876 -1958.27 3665.14
    endloop
  endfacet
  facet normal 1 0 0
    outer loop
      vertex -876 -976 0
      vertex -876 -876 3351.46
      vertex -876 -976 3365.51
    endloop
  endfacet
  facet normal 1 0 0
    outer loop
      vertex -876 -876 3351.46
      vertex -876 -976 0
      vertex -876 -876 0
    endloop
  endfacet
  facet normal 1 0 0
    outer loop
      vertex -876 876 0
      vertex -876 976 3091.18
      vertex -876 876 3105.23
    endloop
  endfacet
  facet normal 1 0 0
    outer loop
      vertex -876 976 3091.18
      vertex -876 876 0
      vertex -876 976 0
    endloop
  endfacet
  facet normal -0 0 1
    outer loop
      vertex -976 -876 3478.49
      vertex -876 -976 3478.49
      vertex -876 -876 3478.49
    endloop
  endfacet
  facet normal 0 0 1
    outer loop
      vertex -876 -976 3478.49
      vertex -976 -876 3478.49
      vertex -976 -976 3478.49
    endloop
  endfacet
  facet normal 0 0 -1
    outer loop
      vertex -976 -976 0
      vertex -876 -876 0
      vertex -876 -976 0
    endloop
  endfacet
  facet normal -0 0 -1
    outer loop
      vertex -876 -876 0
      vertex -976 -976 0
      vertex -976 -876 0
    endloop
  endfacet
  facet normal -1 0 0
    outer loop
      vertex -976 -876 0
      vertex -976 -880.8 3388.49
      vertex -976 -876 3478.49
    endloop
  endfacet
  facet normal -1 0 0
    outer loop
      vertex -976 -876 0
      vertex -976 -881.446 3384.41
      vertex -976 -880.8 3388.49
    endloop
  endfacet
  facet normal -1 0 0
    outer loop
      vertex -976 -876 0
      vertex -976 -883.321 3380.73
      vertex -976 -881.446 3384.41
    endloop
  endfacet
  facet normal -1 0 0
    outer loop
      vertex -976 -876 0
      vertex -976 -886.241 3377.81
      vertex -976 -883.321 3380.73
    endloop
  endfacet
  facet normal -1 0 0
    outer loop
      vertex -976 -876 0
      vertex -976 -889.921 3375.93
      vertex -976 -886.241 3377.81
    endloop
  endfacet
  facet normal -1 0 0
    outer loop
      vertex -976 -876 0
      vertex -976 -894 3375.29
      vertex -976 -889.921 3375.93
    endloop
  endfacet
  facet normal -1 0 0
    outer loop
      vertex -976 -976 0
      vertex -976 -894 3375.29
      vertex -976 -876 0
    endloop
  endfacet
  facet normal -1 -0 0
    outer loop
      vertex -976 -894 3375.29
      vertex -976 -976 0
      vertex -976 -898.079 3375.93
    endloop
  endfacet
  facet normal -1 -0 0
    outer loop
      vertex -976 -898.079 3375.93
      vertex -976 -976 0
      vertex -976 -901.759 3377.81
    endloop
  endfacet
  facet normal -1 0 -0
    outer loop
      vertex -976 -965.759 3432.81
      vertex -976 -901.759 3377.81
      vertex -976 -976 0
    endloop
  endfacet
  facet normal -1 0 0
    outer loop
      vertex -976 -901.759 3377.81
      vertex -976 -965.759 3432.81
      vertex -976 -904.679 3380.73
    endloop
  endfacet
  facet normal -1 -0 -0
    outer loop
      vertex -976 -962.079 3430.93
      vertex -976 -904.679 3380.73
      vertex -976 -965.759 3432.81
    endloop
  endfacet
  facet normal -1 0 0
    outer loop
      vertex -976 -907.2 3388.49
      vertex -976 -945.446 3439.41
      vertex -976 -944.8 3443.49
    endloop
  endfacet
  facet normal -1 0 0
    outer loop
      vertex -976 -907.2 3388.49
      vertex -976 -947.321 3435.73
      vertex -976 -945.446 3439.41
    endloop
  endfacet
  facet normal -1 0 0
    outer loop
      vertex -976 -907.2 3388.49
      vertex -976 -950.241 3432.81
      vertex -976 -947.321 3435.73
    endloop
  endfacet
  facet normal -1 0 0
    outer loop
      vertex -976 -907.2 3388.49
      vertex -976 -953.921 3430.93
      vertex -976 -950.241 3432.81
    endloop
  endfacet
  facet normal -1 0 0
    outer loop
      vertex -976 -907.2 3388.49
      vertex -976 -958 3430.29
      vertex -976 -953.921 3430.93
    endloop
  endfacet
  facet normal -1 0 0
    outer loop
      vertex -976 -904.679 3380.73
      vertex -976 -962.079 3430.93
      vertex -976 -906.554 3384.41
    endloop
  endfacet
  facet normal -1 0 0
    outer loop
      vertex -976 -906.554 3384.41
      vertex -976 -958 3430.29
      vertex -976 -907.2 3388.49
    endloop
  endfacet
  facet normal -1 -0 -0
    outer loop
      vertex -976 -958 3430.29
      vertex -976 -906.554 3384.41
      vertex -976 -962.079 3430.93
    endloop
  endfacet
  facet normal -1 -0 0
    outer loop
      vertex -976 -965.759 3432.81
      vertex -976 -976 0
      vertex -976 -968.679 3435.73
    endloop
  endfacet
  facet normal -1 -0 0
    outer loop
      vertex -976 -968.679 3435.73
      vertex -976 -976 0
      vertex -976 -970.554 3439.41
    endloop
  endfacet
  facet normal -1 -0 0
    outer loop
      vertex -976 -970.554 3439.41
      vertex -976 -976 0
      vertex -976 -971.2 3443.49
    endloop
  endfacet
  facet normal -1 0 0
    outer loop
      vertex -976 -881.446 3392.57
      vertex -976 -876 3478.49
      vertex -976 -880.8 3388.49
    endloop
  endfacet
  facet normal -1 0 0
    outer loop
      vertex -976 -883.321 3396.25
      vertex -976 -876 3478.49
      vertex -976 -881.446 3392.57
    endloop
  endfacet
  facet normal -1 0 0
    outer loop
      vertex -976 -886.241 3399.17
      vertex -976 -876 3478.49
      vertex -976 -883.321 3396.25
    endloop
  endfacet
  facet normal -1 0 0
    outer loop
      vertex -976 -889.921 3401.04
      vertex -976 -876 3478.49
      vertex -976 -886.241 3399.17
    endloop
  endfacet
  facet normal -1 0 0
    outer loop
      vertex -976 -894 3401.69
      vertex -976 -876 3478.49
      vertex -976 -889.921 3401.04
    endloop
  endfacet
  facet normal -1 0 0
    outer loop
      vertex -976 -944.8 3443.49
      vertex -976 -894 3401.69
      vertex -976 -898.079 3401.04
    endloop
  endfacet
  facet normal -1 0 0
    outer loop
      vertex -976 -944.8 3443.49
      vertex -976 -898.079 3401.04
      vertex -976 -901.759 3399.17
    endloop
  endfacet
  facet normal -1 0 0
    outer loop
      vertex -976 -944.8 3443.49
      vertex -976 -901.759 3399.17
      vertex -976 -904.679 3396.25
    endloop
  endfacet
  facet normal -1 0 0
    outer loop
      vertex -976 -944.8 3443.49
      vertex -976 -904.679 3396.25
      vertex -976 -906.554 3392.57
    endloop
  endfacet
  facet normal -1 0 0
    outer loop
      vertex -976 -944.8 3443.49
      vertex -976 -906.554 3392.57
      vertex -976 -907.2 3388.49
    endloop
  endfacet
  facet normal -1 0 0
    outer loop
      vertex -976 -894 3401.69
      vertex -976 -944.8 3443.49
      vertex -976 -876 3478.49
    endloop
  endfacet
  facet normal -1 0 0
    outer loop
      vertex -976 -945.446 3447.57
      vertex -976 -876 3478.49
      vertex -976 -944.8 3443.49
    endloop
  endfacet
  facet normal -1 0 0
    outer loop
      vertex -976 -947.321 3451.25
      vertex -976 -876 3478.49
      vertex -976 -945.446 3447.57
    endloop
  endfacet
  facet normal -1 0 0
    outer loop
      vertex -976 -950.241 3454.17
      vertex -976 -876 3478.49
      vertex -976 -947.321 3451.25
    endloop
  endfacet
  facet normal -1 0 0
    outer loop
      vertex -976 -953.921 3456.04
      vertex -976 -876 3478.49
      vertex -976 -950.241 3454.17
    endloop
  endfacet
  facet normal -1 0 0
    outer loop
      vertex -976 -976 3478.49
      vertex -976 -953.921 3456.04
      vertex -976 -958 3456.69
    endloop
  endfacet
  facet normal -1 0 0
    outer loop
      vertex -976 -976 3478.49
      vertex -976 -958 3456.69
      vertex -976 -962.079 3456.04
    endloop
  endfacet
  facet normal -1 0 0
    outer loop
      vertex -976 -953.921 3456.04
      vertex -976 -976 3478.49
      vertex -976 -876 3478.49
    endloop
  endfacet
  facet normal -1 0 0
    outer loop
      vertex -976 -965.759 3454.17
      vertex -976 -976 3478.49
      vertex -976 -962.079 3456.04
    endloop
  endfacet
  facet normal -1 0 0
    outer loop
      vertex -976 -968.679 3451.25
      vertex -976 -976 3478.49
      vertex -976 -965.759 3454.17
    endloop
  endfacet
  facet normal -1 0 0
    outer loop
      vertex -976 -970.554 3447.57
      vertex -976 -976 3478.49
      vertex -976 -968.679 3451.25
    endloop
  endfacet
  facet normal -1 0 0
    outer loop
      vertex -976 -971.2 3443.49
      vertex -976 -976 3478.49
      vertex -976 -970.554 3447.57
    endloop
  endfacet
  facet normal -1 0 0
    outer loop
      vertex -976 -976 3478.49
      vertex -976 -971.2 3443.49
      vertex -976 -976 0
    endloop
  endfacet
  facet normal 0 1 -0
    outer loop
      vertex -876 -876 3351.46
      vertex -976 -876 3478.49
      vertex -876 -876 3478.49
    endloop
  endfacet
  facet normal 0 1 0
    outer loop
      vertex -976 -876 0
      vertex -876 -876 3351.46
      vertex -876 -876 0
    endloop
  endfacet
  facet normal 0 1 0
    outer loop
      vertex -876 -876 3351.46
      vertex -976 -876 0
      vertex -976 -876 3478.49
    endloop
  endfacet
  facet normal 0 -1 0
    outer loop
      vertex -976 -976 3478.49
      vertex -876 -976 3365.51
      vertex -876 -976 3478.49
    endloop
  endfacet
  facet normal 0 -1 0
    outer loop
      vertex -976 -976 0
      vertex -876 -976 3365.51
      vertex -976 -976 3478.49
    endloop
  endfacet
  facet normal 0 -1 -0
    outer loop
      vertex -876 -976 3365.51
      vertex -976 -976 0
      vertex -876 -976 0
    endloop
  endfacet
  facet normal -0 0 1
    outer loop
      vertex -976 976 3218.21
      vertex -876 876 3218.21
      vertex -876 976 3218.21
    endloop
  endfacet
  facet normal 0 0 1
    outer loop
      vertex -876 876 3218.21
      vertex -976 976 3218.21
      vertex -976 876 3218.21
    endloop
  endfacet
  facet normal 0 0 -1
    outer loop
      vertex -976 876 0
      vertex -876 976 0
      vertex -876 876 0
    endloop
  endfacet
  facet normal -0 0 -1
    outer loop
      vertex -876 976 0
      vertex -976 876 0
      vertex -976 976 0
    endloop
  endfacet
  facet normal -1 0 0
    outer loop
      vertex -976 976 0
      vertex -976 971.2 3128.21
      vertex -976 976 3218.21
    endloop
  endfacet
  facet normal -1 0 0
    outer loop
      vertex -976 976 0
      vertex -976 970.554 3124.13
      vertex -976 971.2 3128.21
    endloop
  endfacet
  facet normal -1 0 0
    outer loop
      vertex -976 976 0
      vertex -976 968.679 3120.45
      vertex -976 970.554 3124.13
    endloop
  endfacet
  facet normal -1 0 0
    outer loop
      vertex -976 976 0
      vertex -976 965.759 3117.53
      vertex -976 968.679 3120.45
    endloop
  endfacet
  facet normal -1 0 0
    outer loop
      vertex -976 976 0
      vertex -976 962.079 3115.65
      vertex -976 965.759 3117.53
    endloop
  endfacet
  facet normal -1 0 0
    outer loop
      vertex -976 976 0
      vertex -976 958 3115.01
      vertex -976 962.079 3115.65
    endloop
  endfacet
  facet normal -1 0 0
    outer loop
      vertex -976 876 0
      vertex -976 958 3115.01
      vertex -976 976 0
    endloop
  endfacet
  facet normal -1 -0 0
    outer loop
      vertex -976 958 3115.01
      vertex -976 876 0
      vertex -976 953.921 3115.65
    endloop
  endfacet
  facet normal -1 -0 0
    outer loop
      vertex -976 953.921 3115.65
      vertex -976 876 0
      vertex -976 950.241 3117.53
    endloop
  endfacet
  facet normal -1 0 -0
    outer loop
      vertex -976 886.241 3172.53
      vertex -976 950.241 3117.53
      vertex -976 876 0
    endloop
  endfacet
  facet normal -1 0 0
    outer loop
      vertex -976 950.241 3117.53
      vertex -976 886.241 3172.53
      vertex -976 947.321 3120.45
    endloop
  endfacet
  facet normal -1 -0 -0
    outer loop
      vertex -976 889.921 3170.65
      vertex -976 947.321 3120.45
      vertex -976 886.241 3172.53
    endloop
  endfacet
  facet normal -1 0 0
    outer loop
      vertex -976 944.8 3128.21
      vertex -976 906.554 3179.13
      vertex -976 907.2 3183.21
    endloop
  endfacet
  facet normal -1 0 0
    outer loop
      vertex -976 944.8 3128.21
      vertex -976 904.679 3175.45
      vertex -976 906.554 3179.13
    endloop
  endfacet
  facet normal -1 0 0
    outer loop
      vertex -976 944.8 3128.21
      vertex -976 901.759 3172.53
      vertex -976 904.679 3175.45
    endloop
  endfacet
  facet normal -1 0 0
    outer loop
      vertex -976 944.8 3128.21
      vertex -976 898.079 3170.65
      vertex -976 901.759 3172.53
    endloop
  endfacet
  facet normal -1 0 0
    outer loop
      vertex -976 944.8 3128.21
      vertex -976 894 3170.01
      vertex -976 898.079 3170.65
    endloop
  endfacet
  facet normal -1 0 0
    outer loop
      vertex -976 947.321 3120.45
      vertex -976 889.921 3170.65
      vertex -976 945.446 3124.13
    endloop
  endfacet
  facet normal -1 0 0
    outer loop
      vertex -976 945.446 3124.13
      vertex -976 894 3170.01
      vertex -976 944.8 3128.21
    endloop
  endfacet
  facet normal -1 -0 -0
    outer loop
      vertex -976 894 3170.01
      vertex -976 945.446 3124.13
      vertex -976 889.921 3170.65
    endloop
  endfacet
  facet normal -1 -0 0
    outer loop
      vertex -976 886.241 3172.53
      vertex -976 876 0
      vertex -976 883.321 3175.45
    endloop
  endfacet
  facet normal -1 -0 0
    outer loop
      vertex -976 883.321 3175.45
      vertex -976 876 0
      vertex -976 881.446 3179.13
    endloop
  endfacet
  facet normal -1 -0 0
    outer loop
      vertex -976 881.446 3179.13
      vertex -976 876 0
      vertex -976 880.8 3183.21
    endloop
  endfacet
  facet normal -1 0 0
    outer loop
      vertex -976 970.554 3132.28
      vertex -976 976 3218.21
      vertex -976 971.2 3128.21
    endloop
  endfacet
  facet normal -1 0 0
    outer loop
      vertex -976 968.679 3135.96
      vertex -976 976 3218.21
      vertex -976 970.554 3132.28
    endloop
  endfacet
  facet normal -1 0 0
    outer loop
      vertex -976 965.759 3138.88
      vertex -976 976 3218.21
      vertex -976 968.679 3135.96
    endloop
  endfacet
  facet normal -1 0 0
    outer loop
      vertex -976 962.079 3140.76
      vertex -976 976 3218.21
      vertex -976 965.759 3138.88
    endloop
  endfacet
  facet normal -1 0 0
    outer loop
      vertex -976 958 3141.41
      vertex -976 976 3218.21
      vertex -976 962.079 3140.76
    endloop
  endfacet
  facet normal -1 0 0
    outer loop
      vertex -976 907.2 3183.21
      vertex -976 958 3141.41
      vertex -976 953.921 3140.76
    endloop
  endfacet
  facet normal -1 0 0
    outer loop
      vertex -976 907.2 3183.21
      vertex -976 953.921 3140.76
      vertex -976 950.241 3138.88
    endloop
  endfacet
  facet normal -1 0 0
    outer loop
      vertex -976 907.2 3183.21
      vertex -976 950.241 3138.88
      vertex -976 947.321 3135.96
    endloop
  endfacet
  facet normal -1 0 0
    outer loop
      vertex -976 907.2 3183.21
      vertex -976 947.321 3135.96
      vertex -976 945.446 3132.28
    endloop
  endfacet
  facet normal -1 0 0
    outer loop
      vertex -976 907.2 3183.21
      vertex -976 945.446 3132.28
      vertex -976 944.8 3128.21
    endloop
  endfacet
  facet normal -1 0 0
    outer loop
      vertex -976 958 3141.41
      vertex -976 907.2 3183.21
      vertex -976 976 3218.21
    endloop
  endfacet
  facet normal -1 0 0
    outer loop
      vertex -976 906.554 3187.28
      vertex -976 976 3218.21
      vertex -976 907.2 3183.21
    endloop
  endfacet
  facet normal -1 0 0
    outer loop
      vertex -976 904.679 3190.96
      vertex -976 976 3218.21
      vertex -976 906.554 3187.28
    endloop
  endfacet
  facet normal -1 0 0
    outer loop
      vertex -976 901.759 3193.88
      vertex -976 976 3218.21
      vertex -976 904.679 3190.96
    endloop
  endfacet
  facet normal -1 0 0
    outer loop
      vertex -976 898.079 3195.76
      vertex -976 976 3218.21
      vertex -976 901.759 3193.88
    endloop
  endfacet
  facet normal -1 0 0
    outer loop
      vertex -976 876 3218.21
      vertex -976 898.079 3195.76
      vertex -976 894 3196.41
    endloop
  endfacet
  facet normal -1 0 0
    outer loop
      vertex -976 876 3218.21
      vertex -976 894 3196.41
      vertex -976 889.921 3195.76
    endloop
  endfacet
  facet normal -1 0 0
    outer loop
      vertex -976 898.079 3195.76
      vertex -976 876 3218.21
      vertex -976 976 3218.21
    endloop
  endfacet
  facet normal -1 0 0
    outer loop
      vertex -976 886.241 3193.88
      vertex -976 876 3218.21
      vertex -976 889.921 3195.76
    endloop
  endfacet
  facet normal -1 0 0
    outer loop
      vertex -976 883.321 3190.96
      vertex -976 876 3218.21
      vertex -976 886.241 3193.88
    endloop
  endfacet
  facet normal -1 0 0
    outer loop
      vertex -976 881.446 3187.28
      vertex -976 876 3218.21
      vertex -976 883.321 3190.96
    endloop
  endfacet
  facet normal -1 0 0
    outer loop
      vertex -976 880.8 3183.21
      vertex -976 876 3218.21
      vertex -976 881.446 3187.28
    endloop
  endfacet
  facet normal -1 0 0
    outer loop
      vertex -976 876 3218.21
      vertex -976 880.8 3183.21
      vertex -976 876 0
    endloop
  endfacet
  facet normal 0 1 -0
    outer loop
      vertex -876 976 3091.18
      vertex -976 976 3218.21
      vertex -876 976 3218.21
    endloop
  endfacet
  facet normal 0 1 0
    outer loop
      vertex -976 976 0
      vertex -876 976 3091.18
      vertex -876 976 0
    endloop
  endfacet
  facet normal 0 1 0
    outer loop
      vertex -876 976 3091.18
      vertex -976 976 0
      vertex -976 976 3218.21
    endloop
  endfacet
  facet normal 0 -1 0
    outer loop
      vertex -976 876 3218.21
      vertex -876 876 3105.23
      vertex -876 876 3218.21
    endloop
  endfacet
  facet normal 0 -1 0
    outer loop
      vertex -976 876 0
      vertex -876 876 3105.23
      vertex -976 876 3218.21
    endloop
  endfacet
  facet normal 0 -1 -0
    outer loop
      vertex -876 876 3105.23
      vertex -976 876 0
      vertex -876 876 0
    endloop
  endfacet
  facet normal 1 0 0
    outer loop
      vertex 976 -876 3478.49
      vertex 976 -880.8 3388.49
      vertex 976 -876 0
    endloop
  endfacet
  facet normal 1 0 0
    outer loop
      vertex 976 -876 3478.49
      vertex 976 -881.446 3392.57
      vertex 976 -880.8 3388.49
    endloop
  endfacet
  facet normal 1 0 0
    outer loop
      vertex 976 -876 3478.49
      vertex 976 -883.321 3396.25
      vertex 976 -881.446 3392.57
    endloop
  endfacet
  facet normal 1 0 0
    outer loop
      vertex 976 -876 3478.49
      vertex 976 -886.241 3399.17
      vertex 976 -883.321 3396.25
    endloop
  endfacet
  facet normal 1 0 0
    outer loop
      vertex 976 -876 3478.49
      vertex 976 -889.921 3401.04
      vertex 976 -886.241 3399.17
    endloop
  endfacet
  facet normal 1 0 0
    outer loop
      vertex 976 -876 3478.49
      vertex 976 -894 3401.69
      vertex 976 -889.921 3401.04
    endloop
  endfacet
  facet normal 1 -0 0
    outer loop
      vertex 976 -944.8 3443.49
      vertex 976 -894 3401.69
      vertex 976 -876 3478.49
    endloop
  endfacet
  facet normal 1 0 0
    outer loop
      vertex 976 -894 3401.69
      vertex 976 -944.8 3443.49
      vertex 976 -898.079 3401.04
    endloop
  endfacet
  facet normal 1 -0 0
    outer loop
      vertex 976 -945.446 3439.41
      vertex 976 -898.079 3401.04
      vertex 976 -944.8 3443.49
    endloop
  endfacet
  facet normal 1 0 0
    outer loop
      vertex 976 -898.079 3401.04
      vertex 976 -945.446 3439.41
      vertex 976 -901.759 3399.17
    endloop
  endfacet
  facet normal 1 0 0
    outer loop
      vertex 976 -901.759 3399.17
      vertex 976 -947.321 3435.73
      vertex 976 -904.679 3396.25
    endloop
  endfacet
  facet normal 1 -0 0
    outer loop
      vertex 976 -947.321 3435.73
      vertex 976 -901.759 3399.17
      vertex 976 -945.446 3439.41
    endloop
  endfacet
  facet normal 1 0 0
    outer loop
      vertex 976 -876 3478.49
      vertex 976 -945.446 3447.57
      vertex 976 -944.8 3443.49
    endloop
  endfacet
  facet normal 1 0 0
    outer loop
      vertex 976 -876 3478.49
      vertex 976 -947.321 3451.25
      vertex 976 -945.446 3447.57
    endloop
  endfacet
  facet normal 1 0 0
    outer loop
      vertex 976 -876 3478.49
      vertex 976 -950.241 3454.17
      vertex 976 -947.321 3451.25
    endloop
  endfacet
  facet normal 1 0 0
    outer loop
      vertex 976 -876 3478.49
      vertex 976 -953.921 3456.04
      vertex 976 -950.241 3454.17
    endloop
  endfacet
  facet normal 1 -0 0
    outer loop
      vertex 976 -976 3478.49
      vertex 976 -953.921 3456.04
      vertex 976 -876 3478.49
    endloop
  endfacet
  facet normal 1 0 0
    outer loop
      vertex 976 -953.921 3456.04
      vertex 976 -976 3478.49
      vertex 976 -958 3456.69
    endloop
  endfacet
  facet normal 1 0 0
    outer loop
      vertex 976 -970.554 3447.57
      vertex 976 -976 3478.49
      vertex 976 -971.2 3443.49
    endloop
  endfacet
  facet normal 1 0 0
    outer loop
      vertex 976 -968.679 3451.25
      vertex 976 -976 3478.49
      vertex 976 -970.554 3447.57
    endloop
  endfacet
  facet normal 1 0 0
    outer loop
      vertex 976 -965.759 3454.17
      vertex 976 -976 3478.49
      vertex 976 -968.679 3451.25
    endloop
  endfacet
  facet normal 1 0 0
    outer loop
      vertex 976 -962.079 3456.04
      vertex 976 -976 3478.49
      vertex 976 -965.759 3454.17
    endloop
  endfacet
  facet normal 1 0 0
    outer loop
      vertex 976 -958 3456.69
      vertex 976 -976 3478.49
      vertex 976 -962.079 3456.04
    endloop
  endfacet
  facet normal 1 -0 0
    outer loop
      vertex 976 -881.446 3384.41
      vertex 976 -876 0
      vertex 976 -880.8 3388.49
    endloop
  endfacet
  facet normal 1 -0 0
    outer loop
      vertex 976 -883.321 3380.73
      vertex 976 -876 0
      vertex 976 -881.446 3384.41
    endloop
  endfacet
  facet normal 1 -0 0
    outer loop
      vertex 976 -886.241 3377.81
      vertex 976 -876 0
      vertex 976 -883.321 3380.73
    endloop
  endfacet
  facet normal 1 -0 0
    outer loop
      vertex 976 -889.921 3375.93
      vertex 976 -876 0
      vertex 976 -886.241 3377.81
    endloop
  endfacet
  facet normal 1 -0 0
    outer loop
      vertex 976 -894 3375.29
      vertex 976 -876 0
      vertex 976 -889.921 3375.93
    endloop
  endfacet
  facet normal 1 0 0
    outer loop
      vertex 976 -976 0
      vertex 976 -894 3375.29
      vertex 976 -898.079 3375.93
    endloop
  endfacet
  facet normal 1 0 0
    outer loop
      vertex 976 -976 0
      vertex 976 -898.079 3375.93
      vertex 976 -901.759 3377.81
    endloop
  endfacet
  facet normal 1 0 0
    outer loop
      vertex 976 -965.759 3432.81
      vertex 976 -901.759 3377.81
      vertex 976 -904.679 3380.73
    endloop
  endfacet
  facet normal 1 0 0
    outer loop
      vertex 976 -962.079 3430.93
      vertex 976 -904.679 3380.73
      vertex 976 -906.554 3384.41
    endloop
  endfacet
  facet normal 1 0 0
    outer loop
      vertex 976 -958 3430.29
      vertex 976 -906.554 3384.41
      vertex 976 -907.2 3388.49
    endloop
  endfacet
  facet normal 1 -0 0
    outer loop
      vertex 976 -950.241 3432.81
      vertex 976 -904.679 3396.25
      vertex 976 -947.321 3435.73
    endloop
  endfacet
  facet normal 1 0 0
    outer loop
      vertex 976 -904.679 3396.25
      vertex 976 -950.241 3432.81
      vertex 976 -906.554 3392.57
    endloop
  endfacet
  facet normal 1 -0 0
    outer loop
      vertex 976 -953.921 3430.93
      vertex 976 -906.554 3392.57
      vertex 976 -950.241 3432.81
    endloop
  endfacet
  facet normal 1 0 0
    outer loop
      vertex 976 -906.554 3392.57
      vertex 976 -953.921 3430.93
      vertex 976 -907.2 3388.49
    endloop
  endfacet
  facet normal 1 -0 0
    outer loop
      vertex 976 -958 3430.29
      vertex 976 -907.2 3388.49
      vertex 976 -953.921 3430.93
    endloop
  endfacet
  facet normal 1 0 0
    outer loop
      vertex 976 -906.554 3384.41
      vertex 976 -958 3430.29
      vertex 976 -962.079 3430.93
    endloop
  endfacet
  facet normal 1 0 0
    outer loop
      vertex 976 -904.679 3380.73
      vertex 976 -962.079 3430.93
      vertex 976 -965.759 3432.81
    endloop
  endfacet
  facet normal 1 0 0
    outer loop
      vertex 976 -901.759 3377.81
      vertex 976 -965.759 3432.81
      vertex 976 -976 0
    endloop
  endfacet
  facet normal 1 0 0
    outer loop
      vertex 976 -976 0
      vertex 976 -965.759 3432.81
      vertex 976 -968.679 3435.73
    endloop
  endfacet
  facet normal 1 0 0
    outer loop
      vertex 976 -976 0
      vertex 976 -968.679 3435.73
      vertex 976 -970.554 3439.41
    endloop
  endfacet
  facet normal 1 0 0
    outer loop
      vertex 976 -976 0
      vertex 976 -970.554 3439.41
      vertex 976 -971.2 3443.49
    endloop
  endfacet
  facet normal 1 0 0
    outer loop
      vertex 976 -976 0
      vertex 976 -971.2 3443.49
      vertex 976 -976 3478.49
    endloop
  endfacet
  facet normal 1 0 0
    outer loop
      vertex 976 -894 3375.29
      vertex 976 -976 0
      vertex 976 -876 0
    endloop
  endfacet
  facet normal -0 0 1
    outer loop
      vertex 876 -876 3478.49
      vertex 976 -976 3478.49
      vertex 976 -876 3478.49
    endloop
  endfacet
  facet normal 0 0 1
    outer loop
      vertex 976 -976 3478.49
      vertex 876 -876 3478.49
      vertex 876 -976 3478.49
    endloop
  endfacet
  facet normal 0 0 -1
    outer loop
      vertex 876 -976 0
      vertex 976 -876 0
      vertex 976 -976 0
    endloop
  endfacet
  facet normal -0 0 -1
    outer loop
      vertex 976 -876 0
      vertex 876 -976 0
      vertex 876 -876 0
    endloop
  endfacet
  facet normal 1 0 0
    outer loop
      vertex 876 2.46233 3389.57
      vertex 876 -938.292 3521.79
      vertex 876 -876 3478.49
    endloop
  endfacet
  facet normal 1 0 0
    outer loop
      vertex 876 -938.292 3521.79
      vertex 876 -976 3478.49
      vertex 876 -876 3478.49
    endloop
  endfacet
  facet normal 1 0 0
    outer loop
      vertex 876 -977.903 3527.35
      vertex 876 -976 3478.49
      vertex 876 -938.292 3521.79
    endloop
  endfacet
  facet normal 1 0 0
    outer loop
      vertex 876 -1918.66 3659.57
      vertex 876 -976 3478.49
      vertex 876 -977.903 3527.35
    endloop
  endfacet
  facet normal 1 0 0
    outer loop
      vertex 876 -976 3478.49
      vertex 876 -1918.66 3659.57
      vertex 876 -976 3365.51
    endloop
  endfacet
  facet normal 1 0 0
    outer loop
      vertex 876 -1980.54 3506.69
      vertex 876 -1918.66 3659.57
      vertex 876 -1958.27 3665.14
    endloop
  endfacet
  facet normal 1 0 0
    outer loop
      vertex 876 -1918.66 3659.57
      vertex 876 -1980.54 3506.69
      vertex 876 -976 3365.51
    endloop
  endfacet
  facet normal 1 0 0
    outer loop
      vertex 876 28.5578 3385.91
      vertex 876 976 3218.21
      vertex 876 1963.19 3114.01
    endloop
  endfacet
  facet normal 1 0 0
    outer loop
      vertex 876 28.5578 3385.91
      vertex 876 876 3218.21
      vertex 876 976 3218.21
    endloop
  endfacet
  facet normal 1 0 0
    outer loop
      vertex 876 28.5578 3385.91
      vertex 876 876 3105.23
      vertex 876 876 3218.21
    endloop
  endfacet
  facet normal 1 0 0
    outer loop
      vertex 876 2.46233 3389.57
      vertex 876 876 3105.23
      vertex 876 28.5578 3385.91
    endloop
  endfacet
  facet normal 1 0 0
    outer loop
      vertex 876 -876 3351.46
      vertex 876 2.46233 3389.57
      vertex 876 -876 3478.49
    endloop
  endfacet
  facet normal 1 0 0
    outer loop
      vertex 876 2.46233 3389.57
      vertex 876 -876 3351.46
      vertex 876 876 3105.23
    endloop
  endfacet
  facet normal 1 0 0
    outer loop
      vertex 876 1963.19 3114.01
      vertex 876 1980.54 2950
      vertex 876 2002.8 3108.44
    endloop
  endfacet
  facet normal 1 0 0
    outer loop
      vertex 876 976 3091.18
      vertex 876 1963.19 3114.01
      vertex 876 976 3218.21
    endloop
  endfacet
  facet normal 1 0 0
    outer loop
      vertex 876 1963.19 3114.01
      vertex 876 976 3091.18
      vertex 876 1980.54 2950
    endloop
  endfacet
  facet normal -1 0 0
    outer loop
      vertex 876 876 0
      vertex 876 976 3091.18
      vertex 876 976 0
    endloop
  endfacet
  facet normal -1 -0 0
    outer loop
      vertex 876 976 3091.18
      vertex 876 876 0
      vertex 876 876 3105.23
    endloop
  endfacet
  facet normal -1 0 0
    outer loop
      vertex 876 -976 0
      vertex 876 -876 3351.46
      vertex 876 -876 0
    endloop
  endfacet
  facet normal -1 -0 0
    outer loop
      vertex 876 -876 3351.46
      vertex 876 -976 0
      vertex 876 -976 3365.51
    endloop
  endfacet
  facet normal 0 1 0
    outer loop
      vertex 976 -876 3478.49
      vertex 876 -876 3351.46
      vertex 876 -876 3478.49
    endloop
  endfacet
  facet normal 0 1 -0
    outer loop
      vertex 976 -876 0
      vertex 876 -876 3351.46
      vertex 976 -876 3478.49
    endloop
  endfacet
  facet normal 0 1 0
    outer loop
      vertex 876 -876 3351.46
      vertex 976 -876 0
      vertex 876 -876 0
    endloop
  endfacet
  facet normal 0 -1 0
    outer loop
      vertex 876 -976 3365.51
      vertex 976 -976 3478.49
      vertex 876 -976 3478.49
    endloop
  endfacet
  facet normal 0 -1 0
    outer loop
      vertex 976 -976 0
      vertex 876 -976 3365.51
      vertex 876 -976 0
    endloop
  endfacet
  facet normal 0 -1 0
    outer loop
      vertex 876 -976 3365.51
      vertex 976 -976 0
      vertex 976 -976 3478.49
    endloop
  endfacet
  facet normal 1 0 0
    outer loop
      vertex 976 976 3218.21
      vertex 976 971.2 3128.21
      vertex 976 976 0
    endloop
  endfacet
  facet normal 1 0 0
    outer loop
      vertex 976 976 3218.21
      vertex 976 970.554 3132.28
      vertex 976 971.2 3128.21
    endloop
  endfacet
  facet normal 1 0 0
    outer loop
      vertex 976 976 3218.21
      vertex 976 968.679 3135.96
      vertex 976 970.554 3132.28
    endloop
  endfacet
  facet normal 1 0 0
    outer loop
      vertex 976 976 3218.21
      vertex 976 965.759 3138.88
      vertex 976 968.679 3135.96
    endloop
  endfacet
  facet normal 1 0 0
    outer loop
      vertex 976 976 3218.21
      vertex 976 962.079 3140.76
      vertex 976 965.759 3138.88
    endloop
  endfacet
  facet normal 1 0 0
    outer loop
      vertex 976 976 3218.21
      vertex 976 958 3141.41
      vertex 976 962.079 3140.76
    endloop
  endfacet
  facet normal 1 -0 0
    outer loop
      vertex 976 907.2 3183.21
      vertex 976 958 3141.41
      vertex 976 976 3218.21
    endloop
  endfacet
  facet normal 1 0 0
    outer loop
      vertex 976 958 3141.41
      vertex 976 907.2 3183.21
      vertex 976 953.921 3140.76
    endloop
  endfacet
  facet normal 1 -0 0
    outer loop
      vertex 976 906.554 3179.13
      vertex 976 953.921 3140.76
      vertex 976 907.2 3183.21
    endloop
  endfacet
  facet normal 1 0 0
    outer loop
      vertex 976 953.921 3140.76
      vertex 976 906.554 3179.13
      vertex 976 950.241 3138.88
    endloop
  endfacet
  facet normal 1 0 0
    outer loop
      vertex 976 950.241 3138.88
      vertex 976 904.679 3175.45
      vertex 976 947.321 3135.96
    endloop
  endfacet
  facet normal 1 -0 0
    outer loop
      vertex 976 904.679 3175.45
      vertex 976 950.241 3138.88
      vertex 976 906.554 3179.13
    endloop
  endfacet
  facet normal 1 0 0
    outer loop
      vertex 976 976 3218.21
      vertex 976 906.554 3187.28
      vertex 976 907.2 3183.21
    endloop
  endfacet
  facet normal 1 0 0
    outer loop
      vertex 976 976 3218.21
      vertex 976 904.679 3190.96
      vertex 976 906.554 3187.28
    endloop
  endfacet
  facet normal 1 0 0
    outer loop
      vertex 976 976 3218.21
      vertex 976 901.759 3193.88
      vertex 976 904.679 3190.96
    endloop
  endfacet
  facet normal 1 0 0
    outer loop
      vertex 976 976 3218.21
      vertex 976 898.079 3195.76
      vertex 976 901.759 3193.88
    endloop
  endfacet
  facet normal 1 -0 0
    outer loop
      vertex 976 876 3218.21
      vertex 976 898.079 3195.76
      vertex 976 976 3218.21
    endloop
  endfacet
  facet normal 1 0 0
    outer loop
      vertex 976 898.079 3195.76
      vertex 976 876 3218.21
      vertex 976 894 3196.41
    endloop
  endfacet
  facet normal 1 0 0
    outer loop
      vertex 976 881.446 3187.28
      vertex 976 876 3218.21
      vertex 976 880.8 3183.21
    endloop
  endfacet
  facet normal 1 0 0
    outer loop
      vertex 976 883.321 3190.96
      vertex 976 876 3218.21
      vertex 976 881.446 3187.28
    endloop
  endfacet
  facet normal 1 0 0
    outer loop
      vertex 976 886.241 3193.88
      vertex 976 876 3218.21
      vertex 976 883.321 3190.96
    endloop
  endfacet
  facet normal 1 0 0
    outer loop
      vertex 976 889.921 3195.76
      vertex 976 876 3218.21
      vertex 976 886.241 3193.88
    endloop
  endfacet
  facet normal 1 0 0
    outer loop
      vertex 976 894 3196.41
      vertex 976 876 3218.21
      vertex 976 889.921 3195.76
    endloop
  endfacet
  facet normal 1 -0 0
    outer loop
      vertex 976 970.554 3124.13
      vertex 976 976 0
      vertex 976 971.2 3128.21
    endloop
  endfacet
  facet normal 1 -0 0
    outer loop
      vertex 976 968.679 3120.45
      vertex 976 976 0
      vertex 976 970.554 3124.13
    endloop
  endfacet
  facet normal 1 -0 0
    outer loop
      vertex 976 965.759 3117.53
      vertex 976 976 0
      vertex 976 968.679 3120.45
    endloop
  endfacet
  facet normal 1 -0 0
    outer loop
      vertex 976 962.079 3115.65
      vertex 976 976 0
      vertex 976 965.759 3117.53
    endloop
  endfacet
  facet normal 1 -0 0
    outer loop
      vertex 976 958 3115.01
      vertex 976 976 0
      vertex 976 962.079 3115.65
    endloop
  endfacet
  facet normal 1 0 0
    outer loop
      vertex 976 876 0
      vertex 976 958 3115.01
      vertex 976 953.921 3115.65
    endloop
  endfacet
  facet normal 1 0 0
    outer loop
      vertex 976 876 0
      vertex 976 953.921 3115.65
      vertex 976 950.241 3117.53
    endloop
  endfacet
  facet normal 1 0 0
    outer loop
      vertex 976 886.241 3172.53
      vertex 976 950.241 3117.53
      vertex 976 947.321 3120.45
    endloop
  endfacet
  facet normal 1 0 0
    outer loop
      vertex 976 889.921 3170.65
      vertex 976 947.321 3120.45
      vertex 976 945.446 3124.13
    endloop
  endfacet
  facet normal 1 0 0
    outer loop
      vertex 976 894 3170.01
      vertex 976 945.446 3124.13
      vertex 976 944.8 3128.21
    endloop
  endfacet
  facet normal 1 -0 0
    outer loop
      vertex 976 901.759 3172.53
      vertex 976 947.321 3135.96
      vertex 976 904.679 3175.45
    endloop
  endfacet
  facet normal 1 0 0
    outer loop
      vertex 976 947.321 3135.96
      vertex 976 901.759 3172.53
      vertex 976 945.446 3132.28
    endloop
  endfacet
  facet normal 1 -0 0
    outer loop
      vertex 976 898.079 3170.65
      vertex 976 945.446 3132.28
      vertex 976 901.759 3172.53
    endloop
  endfacet
  facet normal 1 0 0
    outer loop
      vertex 976 945.446 3132.28
      vertex 976 898.079 3170.65
      vertex 976 944.8 3128.21
    endloop
  endfacet
  facet normal 1 -0 0
    outer loop
      vertex 976 894 3170.01
      vertex 976 944.8 3128.21
      vertex 976 898.079 3170.65
    endloop
  endfacet
  facet normal 1 0 0
    outer loop
      vertex 976 945.446 3124.13
      vertex 976 894 3170.01
      vertex 976 889.921 3170.65
    endloop
  endfacet
  facet normal 1 0 0
    outer loop
      vertex 976 947.321 3120.45
      vertex 976 889.921 3170.65
      vertex 976 886.241 3172.53
    endloop
  endfacet
  facet normal 1 0 0
    outer loop
      vertex 976 950.241 3117.53
      vertex 976 886.241 3172.53
      vertex 976 876 0
    endloop
  endfacet
  facet normal 1 0 0
    outer loop
      vertex 976 876 0
      vertex 976 886.241 3172.53
      vertex 976 883.321 3175.45
    endloop
  endfacet
  facet normal 1 0 0
    outer loop
      vertex 976 876 0
      vertex 976 883.321 3175.45
      vertex 976 881.446 3179.13
    endloop
  endfacet
  facet normal 1 0 0
    outer loop
      vertex 976 876 0
      vertex 976 881.446 3179.13
      vertex 976 880.8 3183.21
    endloop
  endfacet
  facet normal 1 0 0
    outer loop
      vertex 976 876 0
      vertex 976 880.8 3183.21
      vertex 976 876 3218.21
    endloop
  endfacet
  facet normal 1 0 0
    outer loop
      vertex 976 958 3115.01
      vertex 976 876 0
      vertex 976 976 0
    endloop
  endfacet
  facet normal -0 0 1
    outer loop
      vertex 876 976 3218.21
      vertex 976 876 3218.21
      vertex 976 976 3218.21
    endloop
  endfacet
  facet normal 0 0 1
    outer loop
      vertex 976 876 3218.21
      vertex 876 976 3218.21
      vertex 876 876 3218.21
    endloop
  endfacet
  facet normal 0 0 -1
    outer loop
      vertex 876 876 0
      vertex 976 976 0
      vertex 976 876 0
    endloop
  endfacet
  facet normal -0 0 -1
    outer loop
      vertex 976 976 0
      vertex 876 876 0
      vertex 876 976 0
    endloop
  endfacet
  facet normal 0 1 0
    outer loop
      vertex 976 976 3218.21
      vertex 876 976 3091.18
      vertex 876 976 3218.21
    endloop
  endfacet
  facet normal 0 1 -0
    outer loop
      vertex 976 976 0
      vertex 876 976 3091.18
      vertex 976 976 3218.21
    endloop
  endfacet
  facet normal 0 1 0
    outer loop
      vertex 876 976 3091.18
      vertex 976 976 0
      vertex 876 976 0
    endloop
  endfacet
  facet normal 0 -1 0
    outer loop
      vertex 876 876 3105.23
      vertex 976 876 3218.21
      vertex 876 876 3218.21
    endloop
  endfacet
  facet normal 0 -1 0
    outer loop
      vertex 976 876 0
      vertex 876 876 3105.23
      vertex 876 876 0
    endloop
  endfacet
  facet normal 0 -1 0
    outer loop
      vertex 876 876 3105.23
      vertex 976 876 0
      vertex 976 876 3218.21
    endloop
  endfacet
  facet normal -0 0.139176 0.990268
    outer loop
      vertex -876 1963.19 3114.01
      vertex -816 28.5578 3385.91
      vertex -816 1963.19 3114.01
    endloop
  endfacet
  facet normal 0 0.139176 0.990268
    outer loop
      vertex -816 28.5578 3385.91
      vertex -876 1963.19 3114.01
      vertex -876 28.5578 3385.91
    endloop
  endfacet
  facet normal -0 0.139179 0.990267
    outer loop
      vertex -876 2.46233 3389.57
      vertex -816 -938.292 3521.79
      vertex -816 2.46233 3389.57
    endloop
  endfacet
  facet normal 0 0.139179 0.990267
    outer loop
      vertex -816 -938.292 3521.79
      vertex -876 2.46233 3389.57
      vertex -876 -938.292 3521.79
    endloop
  endfacet
  facet normal -0 0.139178 0.990267
    outer loop
      vertex -876 -977.903 3527.35
      vertex -816 -1918.66 3659.57
      vertex -816 -977.903 3527.35
    endloop
  endfacet
  facet normal 0 0.139178 0.990267
    outer loop
      vertex -816 -1918.66 3659.57
      vertex -876 -977.903 3527.35
      vertex -876 -1918.66 3659.57
    endloop
  endfacet
  facet normal 1 0 0
    outer loop
      vertex -816 -894 3401.69
      vertex -816 -945.446 3447.57
      vertex -816 -944.8 3443.49
    endloop
  endfacet
  facet normal 1 0 0
    outer loop
      vertex -816 -938.292 3521.79
      vertex -816 -947.321 3451.25
      vertex -816 -945.446 3447.57
    endloop
  endfacet
  facet normal 1 0 0
    outer loop
      vertex -816 -938.292 3521.79
      vertex -816 -950.241 3454.17
      vertex -816 -947.321 3451.25
    endloop
  endfacet
  facet normal 1 0 0
    outer loop
      vertex -816 -938.292 3521.79
      vertex -816 -953.921 3456.04
      vertex -816 -950.241 3454.17
    endloop
  endfacet
  facet normal 1 0 0
    outer loop
      vertex -816 -938.292 3521.79
      vertex -816 -958 3456.69
      vertex -816 -953.921 3456.04
    endloop
  endfacet
  facet normal 1 0 0
    outer loop
      vertex -816 -977.903 3527.35
      vertex -816 -958 3456.69
      vertex -816 -938.292 3521.79
    endloop
  endfacet
  facet normal 1 0 0
    outer loop
      vertex -816 -958 3456.69
      vertex -816 -977.903 3527.35
      vertex -816 -962.079 3456.04
    endloop
  endfacet
  facet normal 1 0 0
    outer loop
      vertex -816 -962.079 3456.04
      vertex -816 -977.903 3527.35
      vertex -816 -965.759 3454.17
    endloop
  endfacet
  facet normal 1 0 0
    outer loop
      vertex -816 -965.759 3454.17
      vertex -816 -977.903 3527.35
      vertex -816 -968.679 3451.25
    endloop
  endfacet
  facet normal 1 0 0
    outer loop
      vertex -816 -970.554 3447.57
      vertex -816 -977.903 3527.35
      vertex -816 -971.2 3443.49
    endloop
  endfacet
  facet normal 1 0 0
    outer loop
      vertex -816 -968.679 3451.25
      vertex -816 -977.903 3527.35
      vertex -816 -970.554 3447.57
    endloop
  endfacet
  facet normal 1 0 0
    outer loop
      vertex -816 2.46233 3389.57
      vertex -816 -881.446 3392.57
      vertex -816 -880.8 3388.49
    endloop
  endfacet
  facet normal 1 0 0
    outer loop
      vertex -816 2.46233 3389.57
      vertex -816 -883.321 3396.25
      vertex -816 -881.446 3392.57
    endloop
  endfacet
  facet normal 1 0 0
    outer loop
      vertex -816 2.46233 3389.57
      vertex -816 -938.292 3521.79
      vertex -816 -883.321 3396.25
    endloop
  endfacet
  facet normal 1 0 0
    outer loop
      vertex -816 -883.321 3396.25
      vertex -816 -938.292 3521.79
      vertex -816 -886.241 3399.17
    endloop
  endfacet
  facet normal 1 0 0
    outer loop
      vertex -816 -886.241 3399.17
      vertex -816 -938.292 3521.79
      vertex -816 -889.921 3401.04
    endloop
  endfacet
  facet normal 1 -0 0
    outer loop
      vertex -816 -947.321 3435.73
      vertex -816 -901.759 3399.17
      vertex -816 -945.446 3439.41
    endloop
  endfacet
  facet normal 1 0 0
    outer loop
      vertex -816 -898.079 3401.04
      vertex -816 -945.446 3439.41
      vertex -816 -901.759 3399.17
    endloop
  endfacet
  facet normal 1 -0 0
    outer loop
      vertex -816 -945.446 3439.41
      vertex -816 -898.079 3401.04
      vertex -816 -944.8 3443.49
    endloop
  endfacet
  facet normal 1 0 0
    outer loop
      vertex -816 -894 3401.69
      vertex -816 -944.8 3443.49
      vertex -816 -898.079 3401.04
    endloop
  endfacet
  facet normal 1 0 0
    outer loop
      vertex -816 -945.446 3447.57
      vertex -816 -894 3401.69
      vertex -816 -889.921 3401.04
    endloop
  endfacet
  facet normal 1 -0 0
    outer loop
      vertex -816 -945.446 3447.57
      vertex -816 -889.921 3401.04
      vertex -816 -938.292 3521.79
    endloop
  endfacet
  facet normal 1 0 0
    outer loop
      vertex -816 1963.19 3114.01
      vertex -816 970.554 3132.28
      vertex -816 971.2 3128.21
    endloop
  endfacet
  facet normal 1 0 0
    outer loop
      vertex -816 1963.19 3114.01
      vertex -816 968.679 3135.96
      vertex -816 970.554 3132.28
    endloop
  endfacet
  facet normal 1 0 0
    outer loop
      vertex -816 1963.19 3114.01
      vertex -816 965.759 3138.88
      vertex -816 968.679 3135.96
    endloop
  endfacet
  facet normal 1 0 0
    outer loop
      vertex -816 901.759 3193.88
      vertex -816 965.759 3138.88
      vertex -816 1963.19 3114.01
    endloop
  endfacet
  facet normal 1 -0 -0
    outer loop
      vertex -816 904.679 3190.96
      vertex -816 965.759 3138.88
      vertex -816 901.759 3193.88
    endloop
  endfacet
  facet normal 1 0 0
    outer loop
      vertex -816 950.241 3138.88
      vertex -816 904.679 3175.45
      vertex -816 947.321 3135.96
    endloop
  endfacet
  facet normal 1 -0 0
    outer loop
      vertex -816 904.679 3175.45
      vertex -816 950.241 3138.88
      vertex -816 906.554 3179.13
    endloop
  endfacet
  facet normal 1 0 0
    outer loop
      vertex -816 953.921 3140.76
      vertex -816 906.554 3179.13
      vertex -816 950.241 3138.88
    endloop
  endfacet
  facet normal 1 -0 0
    outer loop
      vertex -816 906.554 3179.13
      vertex -816 953.921 3140.76
      vertex -816 907.2 3183.21
    endloop
  endfacet
  facet normal 1 0 0
    outer loop
      vertex -816 958 3141.41
      vertex -816 907.2 3183.21
      vertex -816 953.921 3140.76
    endloop
  endfacet
  facet normal 1 -0 -0
    outer loop
      vertex -816 906.554 3187.28
      vertex -816 962.079 3140.76
      vertex -816 904.679 3190.96
    endloop
  endfacet
  facet normal 1 0 0
    outer loop
      vertex -816 958 3141.41
      vertex -816 906.554 3187.28
      vertex -816 907.2 3183.21
    endloop
  endfacet
  facet normal 1 0 0
    outer loop
      vertex -816 962.079 3140.76
      vertex -816 906.554 3187.28
      vertex -816 958 3141.41
    endloop
  endfacet
  facet normal 1 0 0
    outer loop
      vertex -816 965.759 3138.88
      vertex -816 904.679 3190.96
      vertex -816 962.079 3140.76
    endloop
  endfacet
  facet normal 1 0 0
    outer loop
      vertex -816 1963.19 3114.01
      vertex -816 898.079 3195.76
      vertex -816 901.759 3193.88
    endloop
  endfacet
  facet normal 1 0 0
    outer loop
      vertex -816 1963.19 3114.01
      vertex -816 894 3196.41
      vertex -816 898.079 3195.76
    endloop
  endfacet
  facet normal 1 0 0
    outer loop
      vertex -816 881.446 3187.28
      vertex -816 28.5578 3385.91
      vertex -816 880.8 3183.21
    endloop
  endfacet
  facet normal 1 0 0
    outer loop
      vertex -816 883.321 3190.96
      vertex -816 28.5578 3385.91
      vertex -816 881.446 3187.28
    endloop
  endfacet
  facet normal 1 0 0
    outer loop
      vertex -816 886.241 3193.88
      vertex -816 28.5578 3385.91
      vertex -816 883.321 3190.96
    endloop
  endfacet
  facet normal 1 0 0
    outer loop
      vertex -816 889.921 3195.76
      vertex -816 28.5578 3385.91
      vertex -816 886.241 3193.88
    endloop
  endfacet
  facet normal 1 0 0
    outer loop
      vertex -816 894 3196.41
      vertex -816 28.5578 3385.91
      vertex -816 889.921 3195.76
    endloop
  endfacet
  facet normal 1 0 0
    outer loop
      vertex -816 28.5578 3385.91
      vertex -816 894 3196.41
      vertex -816 1963.19 3114.01
    endloop
  endfacet
  facet normal 1 0 0
    outer loop
      vertex -816 1963.19 3114.01
      vertex -816 1980.54 2950
      vertex -816 2002.8 3108.44
    endloop
  endfacet
  facet normal 1 -0 0
    outer loop
      vertex -816 970.554 3124.13
      vertex -816 1963.19 3114.01
      vertex -816 971.2 3128.21
    endloop
  endfacet
  facet normal 1 0 0
    outer loop
      vertex -816 1963.19 3114.01
      vertex -816 970.554 3124.13
      vertex -816 1980.54 2950
    endloop
  endfacet
  facet normal 1 -0 0
    outer loop
      vertex -816 968.679 3120.45
      vertex -816 1980.54 2950
      vertex -816 970.554 3124.13
    endloop
  endfacet
  facet normal 1 -0 0
    outer loop
      vertex -816 965.759 3117.53
      vertex -816 1980.54 2950
      vertex -816 968.679 3120.45
    endloop
  endfacet
  facet normal 1 -0 0
    outer loop
      vertex -816 962.079 3115.65
      vertex -816 1980.54 2950
      vertex -816 965.759 3117.53
    endloop
  endfacet
  facet normal 1 -0 0
    outer loop
      vertex -816 958 3115.01
      vertex -816 1980.54 2950
      vertex -816 962.079 3115.65
    endloop
  endfacet
  facet normal 1 0 0
    outer loop
      vertex -816 953.921 3115.65
      vertex -816 1980.54 2950
      vertex -816 958 3115.01
    endloop
  endfacet
  facet normal 1 -0 0
    outer loop
      vertex -816 901.759 3172.53
      vertex -816 947.321 3135.96
      vertex -816 904.679 3175.45
    endloop
  endfacet
  facet normal 1 0 0
    outer loop
      vertex -816 947.321 3135.96
      vertex -816 901.759 3172.53
      vertex -816 945.446 3132.28
    endloop
  endfacet
  facet normal 1 -0 0
    outer loop
      vertex -816 898.079 3170.65
      vertex -816 945.446 3132.28
      vertex -816 901.759 3172.53
    endloop
  endfacet
  facet normal 1 0 0
    outer loop
      vertex -816 945.446 3132.28
      vertex -816 898.079 3170.65
      vertex -816 944.8 3128.21
    endloop
  endfacet
  facet normal 1 -0 0
    outer loop
      vertex -816 894 3170.01
      vertex -816 944.8 3128.21
      vertex -816 898.079 3170.65
    endloop
  endfacet
  facet normal 1 0 0
    outer loop
      vertex -816 944.8 3128.21
      vertex -816 894 3170.01
      vertex -816 945.446 3124.13
    endloop
  endfacet
  facet normal 1 0 0
    outer loop
      vertex -816 889.921 3170.65
      vertex -816 945.446 3124.13
      vertex -816 894 3170.01
    endloop
  endfacet
  facet normal 1 0 0
    outer loop
      vertex -816 945.446 3124.13
      vertex -816 889.921 3170.65
      vertex -816 947.321 3120.45
    endloop
  endfacet
  facet normal 1 0 0
    outer loop
      vertex -816 886.241 3172.53
      vertex -816 947.321 3120.45
      vertex -816 889.921 3170.65
    endloop
  endfacet
  facet normal 1 0 0
    outer loop
      vertex -816 947.321 3120.45
      vertex -816 886.241 3172.53
      vertex -816 950.241 3117.53
    endloop
  endfacet
  facet normal 1 0 0
    outer loop
      vertex -816 28.5578 3385.91
      vertex -816 881.446 3179.13
      vertex -816 880.8 3183.21
    endloop
  endfacet
  facet normal 1 0 0
    outer loop
      vertex -816 28.5578 3385.91
      vertex -816 883.321 3175.45
      vertex -816 881.446 3179.13
    endloop
  endfacet
  facet normal 1 0 0
    outer loop
      vertex -816 28.5578 3385.91
      vertex -816 886.241 3172.53
      vertex -816 883.321 3175.45
    endloop
  endfacet
  facet normal 1 0 0
    outer loop
      vertex -816 28.5578 3385.91
      vertex -816 950.241 3117.53
      vertex -816 886.241 3172.53
    endloop
  endfacet
  facet normal 1 0 0
    outer loop
      vertex -816 28.5578 3385.91
      vertex -816 953.921 3115.65
      vertex -816 950.241 3117.53
    endloop
  endfacet
  facet normal 1 0 0
    outer loop
      vertex -816 -889.921 3375.93
      vertex -816 28.5578 3385.91
      vertex -816 2.46233 3389.57
    endloop
  endfacet
  facet normal 1 0 0
    outer loop
      vertex -816 -881.446 3384.41
      vertex -816 2.46233 3389.57
      vertex -816 -880.8 3388.49
    endloop
  endfacet
  facet normal 1 0 0
    outer loop
      vertex -816 -883.321 3380.73
      vertex -816 2.46233 3389.57
      vertex -816 -881.446 3384.41
    endloop
  endfacet
  facet normal 1 0 0
    outer loop
      vertex -816 -886.241 3377.81
      vertex -816 2.46233 3389.57
      vertex -816 -883.321 3380.73
    endloop
  endfacet
  facet normal 1 0 0
    outer loop
      vertex -816 -889.921 3375.93
      vertex -816 2.46233 3389.57
      vertex -816 -886.241 3377.81
    endloop
  endfacet
  facet normal 1 0 0
    outer loop
      vertex -816 28.5578 3385.91
      vertex -816 -889.921 3375.93
      vertex -816 953.921 3115.65
    endloop
  endfacet
  facet normal 1 -0 0
    outer loop
      vertex -816 -894 3375.29
      vertex -816 953.921 3115.65
      vertex -816 -889.921 3375.93
    endloop
  endfacet
  facet normal 1 0 0
    outer loop
      vertex -816 953.921 3115.65
      vertex -816 -894 3375.29
      vertex -816 1980.54 2950
    endloop
  endfacet
  facet normal 1 0 0
    outer loop
      vertex -816 -901.759 3399.17
      vertex -816 -947.321 3435.73
      vertex -816 -904.679 3396.25
    endloop
  endfacet
  facet normal 1 -0 0
    outer loop
      vertex -816 -950.241 3432.81
      vertex -816 -904.679 3396.25
      vertex -816 -947.321 3435.73
    endloop
  endfacet
  facet normal 1 0 0
    outer loop
      vertex -816 -904.679 3396.25
      vertex -816 -950.241 3432.81
      vertex -816 -906.554 3392.57
    endloop
  endfacet
  facet normal 1 -0 0
    outer loop
      vertex -816 -953.921 3430.93
      vertex -816 -906.554 3392.57
      vertex -816 -950.241 3432.81
    endloop
  endfacet
  facet normal 1 0 0
    outer loop
      vertex -816 -906.554 3392.57
      vertex -816 -953.921 3430.93
      vertex -816 -907.2 3388.49
    endloop
  endfacet
  facet normal 1 -0 0
    outer loop
      vertex -816 -958 3430.29
      vertex -816 -907.2 3388.49
      vertex -816 -953.921 3430.93
    endloop
  endfacet
  facet normal 1 0 0
    outer loop
      vertex -816 -907.2 3388.49
      vertex -816 -958 3430.29
      vertex -816 -906.554 3384.41
    endloop
  endfacet
  facet normal 1 0 0
    outer loop
      vertex -816 -962.079 3430.93
      vertex -816 -906.554 3384.41
      vertex -816 -958 3430.29
    endloop
  endfacet
  facet normal 1 0 0
    outer loop
      vertex -816 -906.554 3384.41
      vertex -816 -962.079 3430.93
      vertex -816 -904.679 3380.73
    endloop
  endfacet
  facet normal 1 0 0
    outer loop
      vertex -816 -965.759 3432.81
      vertex -816 -904.679 3380.73
      vertex -816 -962.079 3430.93
    endloop
  endfacet
  facet normal 1 0 0
    outer loop
      vertex -816 -904.679 3380.73
      vertex -816 -965.759 3432.81
      vertex -816 -901.759 3377.81
    endloop
  endfacet
  facet normal 1 0 0
    outer loop
      vertex -816 -1918.66 3659.57
      vertex -816 -971.2 3443.49
      vertex -816 -977.903 3527.35
    endloop
  endfacet
  facet normal 1 -0 0
    outer loop
      vertex -816 -1980.54 3506.69
      vertex -816 -971.2 3443.49
      vertex -816 -1918.66 3659.57
    endloop
  endfacet
  facet normal 1 0 0
    outer loop
      vertex -816 -971.2 3443.49
      vertex -816 -1980.54 3506.69
      vertex -816 -970.554 3439.41
    endloop
  endfacet
  facet normal 1 0 0
    outer loop
      vertex -816 -970.554 3439.41
      vertex -816 -1980.54 3506.69
      vertex -816 -968.679 3435.73
    endloop
  endfacet
  facet normal 1 0 0
    outer loop
      vertex -816 -968.679 3435.73
      vertex -816 -1980.54 3506.69
      vertex -816 -965.759 3432.81
    endloop
  endfacet
  facet normal 1 0 0
    outer loop
      vertex -816 -965.759 3432.81
      vertex -816 -1980.54 3506.69
      vertex -816 -901.759 3377.81
    endloop
  endfacet
  facet normal 1 0 0
    outer loop
      vertex -816 -1980.54 3506.69
      vertex -816 -1918.66 3659.57
      vertex -816 -1958.27 3665.14
    endloop
  endfacet
  facet normal 1 0 0
    outer loop
      vertex -816 -894 3375.29
      vertex -816 -1980.54 3506.69
      vertex -816 1980.54 2950
    endloop
  endfacet
  facet normal 1 0 0
    outer loop
      vertex -816 -898.079 3375.93
      vertex -816 -1980.54 3506.69
      vertex -816 -894 3375.29
    endloop
  endfacet
  facet normal 1 0 0
    outer loop
      vertex -816 -901.759 3377.81
      vertex -816 -1980.54 3506.69
      vertex -816 -898.079 3375.93
    endloop
  endfacet
  facet normal 0 0.990274 -0.139128
    outer loop
      vertex -816 1980.54 2950
      vertex -876 2002.8 3108.44
      vertex -816 2002.8 3108.44
    endloop
  endfacet
  facet normal 0 0.990274 -0.139128
    outer loop
      vertex -876 2002.8 3108.44
      vertex -816 1980.54 2950
      vertex -876 1980.54 2950
    endloop
  endfacet
  facet normal 0 -0.990267 0.139181
    outer loop
      vertex -876 -1980.54 3506.69
      vertex -816 -1958.27 3665.14
      vertex -876 -1958.27 3665.14
    endloop
  endfacet
  facet normal 0 -0.990267 0.139181
    outer loop
      vertex -816 -1958.27 3665.14
      vertex -876 -1980.54 3506.69
      vertex -816 -1980.54 3506.69
    endloop
  endfacet
  facet normal 0 -0.139174 -0.990268
    outer loop
      vertex -876 -976 3365.51
      vertex -816 -1980.54 3506.69
      vertex -876 -1980.54 3506.69
    endloop
  endfacet
  facet normal 0.000695337 -0.139133 -0.990273
    outer loop
      vertex -876 -876 3351.46
      vertex -816 -1980.54 3506.69
      vertex -876 -976 3365.51
    endloop
  endfacet
  facet normal -3.30174e-05 -0.139172 -0.990268
    outer loop
      vertex -816 -1980.54 3506.69
      vertex -876 -876 3351.46
      vertex -816 1980.54 2950
    endloop
  endfacet
  facet normal 7.46488e-05 -0.139174 -0.990268
    outer loop
      vertex -876 876 3105.23
      vertex -816 1980.54 2950
      vertex -876 -876 3351.46
    endloop
  endfacet
  facet normal -0.000695337 -0.139133 -0.990273
    outer loop
      vertex -876 976 3091.18
      vertex -816 1980.54 2950
      vertex -876 876 3105.23
    endloop
  endfacet
  facet normal -0 -0.139174 -0.990268
    outer loop
      vertex -816 1980.54 2950
      vertex -876 976 3091.18
      vertex -876 1980.54 2950
    endloop
  endfacet
  facet normal -0 0.139176 0.990268
    outer loop
      vertex 816 1963.19 3114.01
      vertex 876 28.5578 3385.91
      vertex 876 1963.19 3114.01
    endloop
  endfacet
  facet normal 0 0.139176 0.990268
    outer loop
      vertex 876 28.5578 3385.91
      vertex 816 1963.19 3114.01
      vertex 816 28.5578 3385.91
    endloop
  endfacet
  facet normal -0 0.139179 0.990267
    outer loop
      vertex 816 2.46233 3389.57
      vertex 876 -938.292 3521.79
      vertex 876 2.46233 3389.57
    endloop
  endfacet
  facet normal 0 0.139179 0.990267
    outer loop
      vertex 876 -938.292 3521.79
      vertex 816 2.46233 3389.57
      vertex 816 -938.292 3521.79
    endloop
  endfacet
  facet normal -0 0.139178 0.990267
    outer loop
      vertex 816 -977.903 3527.35
      vertex 876 -1918.66 3659.57
      vertex 876 -977.903 3527.35
    endloop
  endfacet
  facet normal 0 0.139178 0.990267
    outer loop
      vertex 876 -1918.66 3659.57
      vertex 816 -977.903 3527.35
      vertex 816 -1918.66 3659.57
    endloop
  endfacet
  facet normal -1 0 0
    outer loop
      vertex 816 1980.54 2950
      vertex 816 1963.19 3114.01
      vertex 816 2002.8 3108.44
    endloop
  endfacet
  facet normal -1 0 0
    outer loop
      vertex 816 970.554 3124.13
      vertex 816 1963.19 3114.01
      vertex 816 1980.54 2950
    endloop
  endfacet
  facet normal -1 0 0
    outer loop
      vertex 816 1963.19 3114.01
      vertex 816 970.554 3124.13
      vertex 816 971.2 3128.21
    endloop
  endfacet
  facet normal -1 0 0
    outer loop
      vertex 816 1980.54 2950
      vertex 816 968.679 3120.45
      vertex 816 970.554 3124.13
    endloop
  endfacet
  facet normal -1 0 0
    outer loop
      vertex 816 1980.54 2950
      vertex 816 965.759 3117.53
      vertex 816 968.679 3120.45
    endloop
  endfacet
  facet normal -1 0 0
    outer loop
      vertex 816 1980.54 2950
      vertex 816 962.079 3115.65
      vertex 816 965.759 3117.53
    endloop
  endfacet
  facet normal -1 0 0
    outer loop
      vertex 816 1980.54 2950
      vertex 816 958 3115.01
      vertex 816 962.079 3115.65
    endloop
  endfacet
  facet normal -1 0 0
    outer loop
      vertex 816 1980.54 2950
      vertex 816 953.921 3115.65
      vertex 816 958 3115.01
    endloop
  endfacet
  facet normal -1 0 0
    outer loop
      vertex 816 894 3170.01
      vertex 816 944.8 3128.21
      vertex 816 945.446 3124.13
    endloop
  endfacet
  facet normal -1 0 0
    outer loop
      vertex 816 889.921 3170.65
      vertex 816 945.446 3124.13
      vertex 816 947.321 3120.45
    endloop
  endfacet
  facet normal -1 0 0
    outer loop
      vertex 816 944.8 3128.21
      vertex 816 906.554 3179.13
      vertex 816 907.2 3183.21
    endloop
  endfacet
  facet normal -1 0 0
    outer loop
      vertex 816 944.8 3128.21
      vertex 816 904.679 3175.45
      vertex 816 906.554 3179.13
    endloop
  endfacet
  facet normal -1 0 0
    outer loop
      vertex 816 944.8 3128.21
      vertex 816 901.759 3172.53
      vertex 816 904.679 3175.45
    endloop
  endfacet
  facet normal -1 0 0
    outer loop
      vertex 816 944.8 3128.21
      vertex 816 898.079 3170.65
      vertex 816 901.759 3172.53
    endloop
  endfacet
  facet normal -1 0 0
    outer loop
      vertex 816 944.8 3128.21
      vertex 816 894 3170.01
      vertex 816 898.079 3170.65
    endloop
  endfacet
  facet normal -1 0 0
    outer loop
      vertex 816 886.241 3172.53
      vertex 816 947.321 3120.45
      vertex 816 950.241 3117.53
    endloop
  endfacet
  facet normal -1 0 0
    outer loop
      vertex 816 945.446 3124.13
      vertex 816 889.921 3170.65
      vertex 816 894 3170.01
    endloop
  endfacet
  facet normal -1 0 0
    outer loop
      vertex 816 947.321 3120.45
      vertex 816 886.241 3172.53
      vertex 816 889.921 3170.65
    endloop
  endfacet
  facet normal -1 0 0
    outer loop
      vertex 816 881.446 3179.13
      vertex 816 28.5578 3385.91
      vertex 816 880.8 3183.21
    endloop
  endfacet
  facet normal -1 0 0
    outer loop
      vertex 816 883.321 3175.45
      vertex 816 28.5578 3385.91
      vertex 816 881.446 3179.13
    endloop
  endfacet
  facet normal -1 0 0
    outer loop
      vertex 816 886.241 3172.53
      vertex 816 28.5578 3385.91
      vertex 816 883.321 3175.45
    endloop
  endfacet
  facet normal -1 0 0
    outer loop
      vertex 816 950.241 3117.53
      vertex 816 28.5578 3385.91
      vertex 816 886.241 3172.53
    endloop
  endfacet
  facet normal -1 0 0
    outer loop
      vertex 816 953.921 3115.65
      vertex 816 28.5578 3385.91
      vertex 816 950.241 3117.53
    endloop
  endfacet
  facet normal -1 0 0
    outer loop
      vertex 816 -889.921 3375.93
      vertex 816 28.5578 3385.91
      vertex 816 953.921 3115.65
    endloop
  endfacet
  facet normal -1 -0 0
    outer loop
      vertex 816 28.5578 3385.91
      vertex 816 -889.921 3375.93
      vertex 816 2.46233 3389.57
    endloop
  endfacet
  facet normal -1 0 0
    outer loop
      vertex 816 -894 3375.29
      vertex 816 953.921 3115.65
      vertex 816 1980.54 2950
    endloop
  endfacet
  facet normal -1 0 0
    outer loop
      vertex 816 2.46233 3389.57
      vertex 816 -881.446 3384.41
      vertex 816 -880.8 3388.49
    endloop
  endfacet
  facet normal -1 0 0
    outer loop
      vertex 816 2.46233 3389.57
      vertex 816 -883.321 3380.73
      vertex 816 -881.446 3384.41
    endloop
  endfacet
  facet normal -1 0 0
    outer loop
      vertex 816 2.46233 3389.57
      vertex 816 -886.241 3377.81
      vertex 816 -883.321 3380.73
    endloop
  endfacet
  facet normal -1 0 0
    outer loop
      vertex 816 2.46233 3389.57
      vertex 816 -889.921 3375.93
      vertex 816 -886.241 3377.81
    endloop
  endfacet
  facet normal -1 0 0
    outer loop
      vertex 816 953.921 3115.65
      vertex 816 -894 3375.29
      vertex 816 -889.921 3375.93
    endloop
  endfacet
  facet normal -1 0 0
    outer loop
      vertex 816 -958 3430.29
      vertex 816 -907.2 3388.49
      vertex 816 -906.554 3384.41
    endloop
  endfacet
  facet normal -1 0 0
    outer loop
      vertex 816 -907.2 3388.49
      vertex 816 -945.446 3447.57
      vertex 816 -938.292 3521.79
    endloop
  endfacet
  facet normal -1 0 0
    outer loop
      vertex 816 -907.2 3388.49
      vertex 816 -944.8 3443.49
      vertex 816 -945.446 3447.57
    endloop
  endfacet
  facet normal -1 0 0
    outer loop
      vertex 816 -962.079 3430.93
      vertex 816 -906.554 3384.41
      vertex 816 -904.679 3380.73
    endloop
  endfacet
  facet normal -1 0 0
    outer loop
      vertex 816 -907.2 3388.49
      vertex 816 -945.446 3439.41
      vertex 816 -944.8 3443.49
    endloop
  endfacet
  facet normal -1 0 0
    outer loop
      vertex 816 -907.2 3388.49
      vertex 816 -947.321 3435.73
      vertex 816 -945.446 3439.41
    endloop
  endfacet
  facet normal -1 0 0
    outer loop
      vertex 816 -907.2 3388.49
      vertex 816 -950.241 3432.81
      vertex 816 -947.321 3435.73
    endloop
  endfacet
  facet normal -1 0 0
    outer loop
      vertex 816 -907.2 3388.49
      vertex 816 -953.921 3430.93
      vertex 816 -950.241 3432.81
    endloop
  endfacet
  facet normal -1 0 0
    outer loop
      vertex 816 -907.2 3388.49
      vertex 816 -958 3430.29
      vertex 816 -953.921 3430.93
    endloop
  endfacet
  facet normal -1 0 0
    outer loop
      vertex 816 -965.759 3432.81
      vertex 816 -904.679 3380.73
      vertex 816 -901.759 3377.81
    endloop
  endfacet
  facet normal -1 0 0
    outer loop
      vertex 816 -906.554 3384.41
      vertex 816 -962.079 3430.93
      vertex 816 -958 3430.29
    endloop
  endfacet
  facet normal -1 0 0
    outer loop
      vertex 816 -904.679 3380.73
      vertex 816 -965.759 3432.81
      vertex 816 -962.079 3430.93
    endloop
  endfacet
  facet normal -1 0 0
    outer loop
      vertex 816 -971.2 3443.49
      vertex 816 -1918.66 3659.57
      vertex 816 -977.903 3527.35
    endloop
  endfacet
  facet normal -1 0 0
    outer loop
      vertex 816 -1980.54 3506.69
      vertex 816 -971.2 3443.49
      vertex 816 -970.554 3439.41
    endloop
  endfacet
  facet normal -1 0 0
    outer loop
      vertex 816 -1980.54 3506.69
      vertex 816 -970.554 3439.41
      vertex 816 -968.679 3435.73
    endloop
  endfacet
  facet normal -1 0 0
    outer loop
      vertex 816 -1980.54 3506.69
      vertex 816 -968.679 3435.73
      vertex 816 -965.759 3432.81
    endloop
  endfacet
  facet normal -1 0 0
    outer loop
      vertex 816 -1980.54 3506.69
      vertex 816 -965.759 3432.81
      vertex 816 -901.759 3377.81
    endloop
  endfacet
  facet normal -1 0 0
    outer loop
      vertex 816 -1980.54 3506.69
      vertex 816 -901.759 3377.81
      vertex 816 -898.079 3375.93
    endloop
  endfacet
  facet normal -1 0 0
    outer loop
      vertex 816 -971.2 3443.49
      vertex 816 -1980.54 3506.69
      vertex 816 -1918.66 3659.57
    endloop
  endfacet
  facet normal -1 -0 0
    outer loop
      vertex 816 -1918.66 3659.57
      vertex 816 -1980.54 3506.69
      vertex 816 -1958.27 3665.14
    endloop
  endfacet
  facet normal -1 0 0
    outer loop
      vertex 816 -894 3375.29
      vertex 816 -1980.54 3506.69
      vertex 816 -898.079 3375.93
    endloop
  endfacet
  facet normal -1 0 0
    outer loop
      vertex 816 -1980.54 3506.69
      vertex 816 -894 3375.29
      vertex 816 1980.54 2950
    endloop
  endfacet
  facet normal -1 0 0
    outer loop
      vertex 816 970.554 3132.28
      vertex 816 1963.19 3114.01
      vertex 816 971.2 3128.21
    endloop
  endfacet
  facet normal -1 0 0
    outer loop
      vertex 816 968.679 3135.96
      vertex 816 1963.19 3114.01
      vertex 816 970.554 3132.28
    endloop
  endfacet
  facet normal -1 0 0
    outer loop
      vertex 816 965.759 3138.88
      vertex 816 1963.19 3114.01
      vertex 816 968.679 3135.96
    endloop
  endfacet
  facet normal -1 0 0
    outer loop
      vertex 816 904.679 3190.96
      vertex 816 965.759 3138.88
      vertex 816 962.079 3140.76
    endloop
  endfacet
  facet normal -1 0 0
    outer loop
      vertex 816 906.554 3187.28
      vertex 816 962.079 3140.76
      vertex 816 958 3141.41
    endloop
  endfacet
  facet normal -1 0 0
    outer loop
      vertex 816 907.2 3183.21
      vertex 816 945.446 3132.28
      vertex 816 944.8 3128.21
    endloop
  endfacet
  facet normal -1 0 0
    outer loop
      vertex 816 907.2 3183.21
      vertex 816 947.321 3135.96
      vertex 816 945.446 3132.28
    endloop
  endfacet
  facet normal -1 0 0
    outer loop
      vertex 816 907.2 3183.21
      vertex 816 950.241 3138.88
      vertex 816 947.321 3135.96
    endloop
  endfacet
  facet normal -1 0 0
    outer loop
      vertex 816 907.2 3183.21
      vertex 816 953.921 3140.76
      vertex 816 950.241 3138.88
    endloop
  endfacet
  facet normal -1 0 0
    outer loop
      vertex 816 907.2 3183.21
      vertex 816 958 3141.41
      vertex 816 953.921 3140.76
    endloop
  endfacet
  facet normal -1 0 0
    outer loop
      vertex 816 906.554 3187.28
      vertex 816 958 3141.41
      vertex 816 907.2 3183.21
    endloop
  endfacet
  facet normal -1 0 0
    outer loop
      vertex 816 962.079 3140.76
      vertex 816 906.554 3187.28
      vertex 816 904.679 3190.96
    endloop
  endfacet
  facet normal -1 0 0
    outer loop
      vertex 816 965.759 3138.88
      vertex 816 904.679 3190.96
      vertex 816 901.759 3193.88
    endloop
  endfacet
  facet normal -1 0 0
    outer loop
      vertex 816 965.759 3138.88
      vertex 816 901.759 3193.88
      vertex 816 1963.19 3114.01
    endloop
  endfacet
  facet normal -1 0 0
    outer loop
      vertex 816 898.079 3195.76
      vertex 816 1963.19 3114.01
      vertex 816 901.759 3193.88
    endloop
  endfacet
  facet normal -1 0 0
    outer loop
      vertex 816 894 3196.41
      vertex 816 1963.19 3114.01
      vertex 816 898.079 3195.76
    endloop
  endfacet
  facet normal -1 0 0
    outer loop
      vertex 816 894 3196.41
      vertex 816 28.5578 3385.91
      vertex 816 1963.19 3114.01
    endloop
  endfacet
  facet normal -1 0 0
    outer loop
      vertex 816 889.921 3195.76
      vertex 816 28.5578 3385.91
      vertex 816 894 3196.41
    endloop
  endfacet
  facet normal -1 0 0
    outer loop
      vertex 816 886.241 3193.88
      vertex 816 28.5578 3385.91
      vertex 816 889.921 3195.76
    endloop
  endfacet
  facet normal -1 0 0
    outer loop
      vertex 816 883.321 3190.96
      vertex 816 28.5578 3385.91
      vertex 816 886.241 3193.88
    endloop
  endfacet
  facet normal -1 0 0
    outer loop
      vertex 816 881.446 3187.28
      vertex 816 28.5578 3385.91
      vertex 816 883.321 3190.96
    endloop
  endfacet
  facet normal -1 0 0
    outer loop
      vertex 816 28.5578 3385.91
      vertex 816 881.446 3187.28
      vertex 816 880.8 3183.21
    endloop
  endfacet
  facet normal -1 0 0
    outer loop
      vertex 816 -881.446 3392.57
      vertex 816 2.46233 3389.57
      vertex 816 -880.8 3388.49
    endloop
  endfacet
  facet normal -1 0 0
    outer loop
      vertex 816 -883.321 3396.25
      vertex 816 2.46233 3389.57
      vertex 816 -881.446 3392.57
    endloop
  endfacet
  facet normal -1 0 0
    outer loop
      vertex 816 -938.292 3521.79
      vertex 816 2.46233 3389.57
      vertex 816 -883.321 3396.25
    endloop
  endfacet
  facet normal -1 0 0
    outer loop
      vertex 816 -938.292 3521.79
      vertex 816 -883.321 3396.25
      vertex 816 -886.241 3399.17
    endloop
  endfacet
  facet normal -1 0 0
    outer loop
      vertex 816 -938.292 3521.79
      vertex 816 -886.241 3399.17
      vertex 816 -889.921 3401.04
    endloop
  endfacet
  facet normal -1 0 0
    outer loop
      vertex 816 -938.292 3521.79
      vertex 816 -889.921 3401.04
      vertex 816 -894 3401.69
    endloop
  endfacet
  facet normal -1 0 0
    outer loop
      vertex 816 -898.079 3401.04
      vertex 816 -938.292 3521.79
      vertex 816 -894 3401.69
    endloop
  endfacet
  facet normal -1 0 0
    outer loop
      vertex 816 -901.759 3399.17
      vertex 816 -938.292 3521.79
      vertex 816 -898.079 3401.04
    endloop
  endfacet
  facet normal -1 0 0
    outer loop
      vertex 816 -904.679 3396.25
      vertex 816 -938.292 3521.79
      vertex 816 -901.759 3399.17
    endloop
  endfacet
  facet normal -1 0 0
    outer loop
      vertex 816 -906.554 3392.57
      vertex 816 -938.292 3521.79
      vertex 816 -904.679 3396.25
    endloop
  endfacet
  facet normal -1 0 0
    outer loop
      vertex 816 -938.292 3521.79
      vertex 816 -906.554 3392.57
      vertex 816 -907.2 3388.49
    endloop
  endfacet
  facet normal -1 0 0
    outer loop
      vertex 816 -947.321 3451.25
      vertex 816 -938.292 3521.79
      vertex 816 -945.446 3447.57
    endloop
  endfacet
  facet normal -1 0 0
    outer loop
      vertex 816 -950.241 3454.17
      vertex 816 -938.292 3521.79
      vertex 816 -947.321 3451.25
    endloop
  endfacet
  facet normal -1 0 0
    outer loop
      vertex 816 -953.921 3456.04
      vertex 816 -938.292 3521.79
      vertex 816 -950.241 3454.17
    endloop
  endfacet
  facet normal -1 0 0
    outer loop
      vertex 816 -958 3456.69
      vertex 816 -938.292 3521.79
      vertex 816 -953.921 3456.04
    endloop
  endfacet
  facet normal -1 0 0
    outer loop
      vertex 816 -977.903 3527.35
      vertex 816 -958 3456.69
      vertex 816 -962.079 3456.04
    endloop
  endfacet
  facet normal -1 0 0
    outer loop
      vertex 816 -977.903 3527.35
      vertex 816 -962.079 3456.04
      vertex 816 -965.759 3454.17
    endloop
  endfacet
  facet normal -1 0 0
    outer loop
      vertex 816 -977.903 3527.35
      vertex 816 -965.759 3454.17
      vertex 816 -968.679 3451.25
    endloop
  endfacet
  facet normal -1 0 0
    outer loop
      vertex 816 -977.903 3527.35
      vertex 816 -968.679 3451.25
      vertex 816 -970.554 3447.57
    endloop
  endfacet
  facet normal -1 0 0
    outer loop
      vertex 816 -958 3456.69
      vertex 816 -977.903 3527.35
      vertex 816 -938.292 3521.79
    endloop
  endfacet
  facet normal -1 0 0
    outer loop
      vertex 816 -977.903 3527.35
      vertex 816 -970.554 3447.57
      vertex 816 -971.2 3443.49
    endloop
  endfacet
  facet normal 0 0.990274 -0.139128
    outer loop
      vertex 876 1980.54 2950
      vertex 816 2002.8 3108.44
      vertex 876 2002.8 3108.44
    endloop
  endfacet
  facet normal 0 0.990274 -0.139128
    outer loop
      vertex 816 2002.8 3108.44
      vertex 876 1980.54 2950
      vertex 816 1980.54 2950
    endloop
  endfacet
  facet normal 0 -0.990267 0.139181
    outer loop
      vertex 816 -1980.54 3506.69
      vertex 876 -1958.27 3665.14
      vertex 816 -1958.27 3665.14
    endloop
  endfacet
  facet normal 0 -0.990267 0.139181
    outer loop
      vertex 876 -1958.27 3665.14
      vertex 816 -1980.54 3506.69
      vertex 876 -1980.54 3506.69
    endloop
  endfacet
  facet normal 0 -0.139174 -0.990268
    outer loop
      vertex 816 -1980.54 3506.69
      vertex 876 -976 3365.51
      vertex 876 -1980.54 3506.69
    endloop
  endfacet
  facet normal -0.000695337 -0.139133 -0.990273
    outer loop
      vertex 876 -976 3365.51
      vertex 816 -1980.54 3506.69
      vertex 876 -876 3351.46
    endloop
  endfacet
  facet normal 7.46488e-05 -0.139174 -0.990268
    outer loop
      vertex 876 -876 3351.46
      vertex 816 -1980.54 3506.69
      vertex 876 876 3105.23
    endloop
  endfacet
  facet normal -3.30174e-05 -0.139172 -0.990268
    outer loop
      vertex 816 1980.54 2950
      vertex 876 876 3105.23
      vertex 816 -1980.54 3506.69
    endloop
  endfacet
  facet normal 0.000695337 -0.139133 -0.990273
    outer loop
      vertex 876 876 3105.23
      vertex 816 1980.54 2950
      vertex 876 976 3091.18
    endloop
  endfacet
  facet normal 0 -0.139174 -0.990268
    outer loop
      vertex 876 976 3091.18
      vertex 816 1980.54 2950
      vertex 876 1980.54 2950
    endloop
  endfacet
  facet normal -1 0 0
    outer loop
      vertex -2000 2002.8 3108.44
      vertex -2000 1977.11 3213.04
      vertex -2000 2016.72 3207.47
    endloop
  endfacet
  facet normal -1 0 -0
    outer loop
      vertex -2000 1977.11 3213.04
      vertex -2000 2002.8 3108.44
      vertex -2000 1963.19 3114.01
    endloop
  endfacet
  facet normal 0 -0.139251 -0.990257
    outer loop
      vertex -2000 1963.19 3114.01
      vertex -876 2002.8 3108.44
      vertex -876 1963.19 3114.01
    endloop
  endfacet
  facet normal -0 -0.139251 -0.990257
    outer loop
      vertex -876 2002.8 3108.44
      vertex -2000 1963.19 3114.01
      vertex -2000 2002.8 3108.44
    endloop
  endfacet
  facet normal 0 -0.139251 -0.990257
    outer loop
      vertex 876 1963.19 3114.01
      vertex 2000 2002.8 3108.44
      vertex 2000 1963.19 3114.01
    endloop
  endfacet
  facet normal -0 -0.139251 -0.990257
    outer loop
      vertex 2000 2002.8 3108.44
      vertex 876 1963.19 3114.01
      vertex 876 2002.8 3108.44
    endloop
  endfacet
  facet normal 0 -0.139251 -0.990257
    outer loop
      vertex -816 1963.19 3114.01
      vertex 816 2002.8 3108.44
      vertex 816 1963.19 3114.01
    endloop
  endfacet
  facet normal -0 -0.139251 -0.990257
    outer loop
      vertex 816 2002.8 3108.44
      vertex -816 1963.19 3114.01
      vertex -816 2002.8 3108.44
    endloop
  endfacet
  facet normal 0 -0.990265 0.139195
    outer loop
      vertex -876 1963.19 3114.01
      vertex -2000 1977.11 3213.04
      vertex -2000 1963.19 3114.01
    endloop
  endfacet
  facet normal 0 -0.990265 0.139195
    outer loop
      vertex -816 1963.19 3114.01
      vertex -2000 1977.11 3213.04
      vertex -876 1963.19 3114.01
    endloop
  endfacet
  facet normal 0 -0.990265 0.139195
    outer loop
      vertex -2000 1977.11 3213.04
      vertex -816 1963.19 3114.01
      vertex 2000 1977.11 3213.04
    endloop
  endfacet
  facet normal 0 -0.990265 0.139195
    outer loop
      vertex 816 1963.19 3114.01
      vertex 2000 1977.11 3213.04
      vertex -816 1963.19 3114.01
    endloop
  endfacet
  facet normal 0 -0.990265 0.139195
    outer loop
      vertex 876 1963.19 3114.01
      vertex 2000 1977.11 3213.04
      vertex 816 1963.19 3114.01
    endloop
  endfacet
  facet normal 0 -0.990265 0.139195
    outer loop
      vertex 2000 1977.11 3213.04
      vertex 876 1963.19 3114.01
      vertex 2000 1963.19 3114.01
    endloop
  endfacet
  facet normal 1 0 0
    outer loop
      vertex 2000 1977.11 3213.04
      vertex 2000 2002.8 3108.44
      vertex 2000 2016.72 3207.47
    endloop
  endfacet
  facet normal 1 0 0
    outer loop
      vertex 2000 2002.8 3108.44
      vertex 2000 1977.11 3213.04
      vertex 2000 1963.19 3114.01
    endloop
  endfacet
  facet normal -0 0.139251 0.990257
    outer loop
      vertex -2000 2016.72 3207.47
      vertex 2000 1977.11 3213.04
      vertex 2000 2016.72 3207.47
    endloop
  endfacet
  facet normal 0 0.139251 0.990257
    outer loop
      vertex 2000 1977.11 3213.04
      vertex -2000 2016.72 3207.47
      vertex -2000 1977.11 3213.04
    endloop
  endfacet
  facet normal 0 0.990265 -0.139195
    outer loop
      vertex 876 2002.8 3108.44
      vertex 2000 2016.72 3207.47
      vertex 2000 2002.8 3108.44
    endloop
  endfacet
  facet normal 0 0.990265 -0.139195
    outer loop
      vertex 816 2002.8 3108.44
      vertex 2000 2016.72 3207.47
      vertex 876 2002.8 3108.44
    endloop
  endfacet
  facet normal 0 0.990265 -0.139195
    outer loop
      vertex 2000 2016.72 3207.47
      vertex 816 2002.8 3108.44
      vertex -2000 2016.72 3207.47
    endloop
  endfacet
  facet normal 0 0.990265 -0.139195
    outer loop
      vertex -816 2002.8 3108.44
      vertex -2000 2016.72 3207.47
      vertex 816 2002.8 3108.44
    endloop
  endfacet
  facet normal 0 0.990265 -0.139195
    outer loop
      vertex -876 2002.8 3108.44
      vertex -2000 2016.72 3207.47
      vertex -816 2002.8 3108.44
    endloop
  endfacet
  facet normal 0 0.990265 -0.139195
    outer loop
      vertex -2000 2016.72 3207.47
      vertex -876 2002.8 3108.44
      vertex -2000 2002.8 3108.44
    endloop
  endfacet
  facet normal -1 0 0
    outer loop
      vertex -2000 1022.44 3246.22
      vertex -2000 996.745 3350.82
      vertex -2000 1036.36 3345.25
    endloop
  endfacet
  facet normal -1 0 -0
    outer loop
      vertex -2000 996.745 3350.82
      vertex -2000 1022.44 3246.22
      vertex -2000 982.828 3251.79
    endloop
  endfacet
  facet normal 0 -0.139244 -0.990258
    outer loop
      vertex -2000 982.828 3251.79
      vertex 2000 1022.44 3246.22
      vertex 2000 982.828 3251.79
    endloop
  endfacet
  facet normal -0 -0.139244 -0.990258
    outer loop
      vertex 2000 1022.44 3246.22
      vertex -2000 982.828 3251.79
      vertex -2000 1022.44 3246.22
    endloop
  endfacet
  facet normal 0 -0.990269 0.139166
    outer loop
      vertex -2000 982.828 3251.79
      vertex 2000 996.745 3350.82
      vertex -2000 996.745 3350.82
    endloop
  endfacet
  facet normal 0 -0.990269 0.139166
    outer loop
      vertex 2000 996.745 3350.82
      vertex -2000 982.828 3251.79
      vertex 2000 982.828 3251.79
    endloop
  endfacet
  facet normal 1 0 0
    outer loop
      vertex 2000 996.745 3350.82
      vertex 2000 1022.44 3246.22
      vertex 2000 1036.36 3345.25
    endloop
  endfacet
  facet normal 1 0 0
    outer loop
      vertex 2000 1022.44 3246.22
      vertex 2000 996.745 3350.82
      vertex 2000 982.828 3251.79
    endloop
  endfacet
  facet normal -0 0.139234 0.99026
    outer loop
      vertex -2000 1036.36 3345.25
      vertex 2000 996.745 3350.82
      vertex 2000 1036.36 3345.25
    endloop
  endfacet
  facet normal 0 0.139234 0.99026
    outer loop
      vertex 2000 996.745 3350.82
      vertex -2000 1036.36 3345.25
      vertex -2000 996.745 3350.82
    endloop
  endfacet
  facet normal 0 0.990265 -0.139195
    outer loop
      vertex 2000 1022.44 3246.22
      vertex -2000 1036.36 3345.25
      vertex 2000 1036.36 3345.25
    endloop
  endfacet
  facet normal 0 0.990265 -0.139195
    outer loop
      vertex -2000 1036.36 3345.25
      vertex 2000 1022.44 3246.22
      vertex -2000 1022.44 3246.22
    endloop
  endfacet
  facet normal 0 -0.990269 0.139168
    outer loop
      vertex -876 2.46233 3389.57
      vertex -2000 16.3796 3488.6
      vertex -2000 2.46233 3389.57
    endloop
  endfacet
  facet normal 0 -0.990269 0.139168
    outer loop
      vertex -816 2.46233 3389.57
      vertex -2000 16.3796 3488.6
      vertex -876 2.46233 3389.57
    endloop
  endfacet
  facet normal 0 -0.990269 0.139168
    outer loop
      vertex -2000 16.3796 3488.6
      vertex -816 2.46233 3389.57
      vertex 2000 16.3796 3488.6
    endloop
  endfacet
  facet normal 0 -0.990269 0.139168
    outer loop
      vertex 816 2.46233 3389.57
      vertex 2000 16.3796 3488.6
      vertex -816 2.46233 3389.57
    endloop
  endfacet
  facet normal 0 -0.990269 0.139168
    outer loop
      vertex 876 2.46233 3389.57
      vertex 2000 16.3796 3488.6
      vertex 816 2.46233 3389.57
    endloop
  endfacet
  facet normal 0 -0.990269 0.139168
    outer loop
      vertex 2000 16.3796 3488.6
      vertex 876 2.46233 3389.57
      vertex 2000 2.46233 3389.57
    endloop
  endfacet
  facet normal -0 0.139248 0.990258
    outer loop
      vertex -2000 55.9904 3483.03
      vertex 2000 16.3796 3488.6
      vertex 2000 55.9904 3483.03
    endloop
  endfacet
  facet normal 0 0.139248 0.990258
    outer loop
      vertex 2000 16.3796 3488.6
      vertex -2000 55.9904 3483.03
      vertex -2000 16.3796 3488.6
    endloop
  endfacet
  facet normal -0 -0.138895 -0.990307
    outer loop
      vertex -876 2.46233 3389.57
      vertex -2000 2.46233 3389.57
      vertex -876 28.5578 3385.91
    endloop
  endfacet
  facet normal -0 -0.138895 -0.990307
    outer loop
      vertex 816 2.46233 3389.57
      vertex -816 2.46233 3389.57
      vertex 816 28.5578 3385.91
    endloop
  endfacet
  facet normal 0 -0.138895 -0.990307
    outer loop
      vertex 876 28.5578 3385.91
      vertex 2000 2.46233 3389.57
      vertex 876 2.46233 3389.57
    endloop
  endfacet
  facet normal -2.57482e-06 -0.139004 -0.990292
    outer loop
      vertex 2000 2.46233 3389.57
      vertex 876 28.5578 3385.91
      vertex 2000 42.073 3384.01
    endloop
  endfacet
  facet normal 0 -0.139214 -0.990262
    outer loop
      vertex 816 28.5578 3385.91
      vertex 2000 42.073 3384.01
      vertex 876 28.5578 3385.91
    endloop
  endfacet
  facet normal 0 -0.138895 -0.990307
    outer loop
      vertex -816 28.5578 3385.91
      vertex 816 28.5578 3385.91
      vertex -816 2.46233 3389.57
    endloop
  endfacet
  facet normal 0 -0.139214 -0.990262
    outer loop
      vertex -816 28.5578 3385.91
      vertex 2000 42.073 3384.01
      vertex 816 28.5578 3385.91
    endloop
  endfacet
  facet normal 0 -0.139214 -0.990262
    outer loop
      vertex -876 28.5578 3385.91
      vertex 2000 42.073 3384.01
      vertex -816 28.5578 3385.91
    endloop
  endfacet
  facet normal 0 -0.139214 -0.990262
    outer loop
      vertex -876 28.5578 3385.91
      vertex -2000 42.073 3384.01
      vertex 2000 42.073 3384.01
    endloop
  endfacet
  facet normal 2.57482e-06 -0.139004 -0.990292
    outer loop
      vertex -2000 42.073 3384.01
      vertex -876 28.5578 3385.91
      vertex -2000 2.46233 3389.57
    endloop
  endfacet
  facet normal 1 0 0
    outer loop
      vertex 2000 16.3796 3488.6
      vertex 2000 42.073 3384.01
      vertex 2000 55.9904 3483.03
    endloop
  endfacet
  facet normal 1 0 0
    outer loop
      vertex 2000 42.073 3384.01
      vertex 2000 16.3796 3488.6
      vertex 2000 2.46233 3389.57
    endloop
  endfacet
  facet normal 0 0.990267 -0.139183
    outer loop
      vertex 2000 42.073 3384.01
      vertex -2000 55.9904 3483.03
      vertex 2000 55.9904 3483.03
    endloop
  endfacet
  facet normal 0 0.990267 -0.139183
    outer loop
      vertex -2000 55.9904 3483.03
      vertex 2000 42.073 3384.01
      vertex -2000 42.073 3384.01
    endloop
  endfacet
  facet normal -1 0 0
    outer loop
      vertex -2000 42.073 3384.01
      vertex -2000 16.3796 3488.6
      vertex -2000 55.9904 3483.03
    endloop
  endfacet
  facet normal -1 0 -0
    outer loop
      vertex -2000 16.3796 3488.6
      vertex -2000 42.073 3384.01
      vertex -2000 2.46233 3389.57
    endloop
  endfacet
  facet normal -1 0 0
    outer loop
      vertex -2000 -938.292 3521.79
      vertex -2000 -963.986 3626.38
      vertex -2000 -924.375 3620.81
    endloop
  endfacet
  facet normal -1 0 -0
    outer loop
      vertex -2000 -963.986 3626.38
      vertex -2000 -938.292 3521.79
      vertex -2000 -977.903 3527.35
    endloop
  endfacet
  facet normal 0 -0.139002 -0.990292
    outer loop
      vertex -2000 -977.903 3527.35
      vertex -876 -938.292 3521.79
      vertex -876 -977.903 3527.35
    endloop
  endfacet
  facet normal -0 -0.139002 -0.990292
    outer loop
      vertex -876 -938.292 3521.79
      vertex -2000 -977.903 3527.35
      vertex -2000 -938.292 3521.79
    endloop
  endfacet
  facet normal 0 -0.139002 -0.990292
    outer loop
      vertex 876 -977.903 3527.35
      vertex 2000 -938.292 3521.79
      vertex 2000 -977.903 3527.35
    endloop
  endfacet
  facet normal -0 -0.139002 -0.990292
    outer loop
      vertex 2000 -938.292 3521.79
      vertex 876 -977.903 3527.35
      vertex 876 -938.292 3521.79
    endloop
  endfacet
  facet normal 0 -0.139002 -0.990292
    outer loop
      vertex -816 -977.903 3527.35
      vertex 816 -938.292 3521.79
      vertex 816 -977.903 3527.35
    endloop
  endfacet
  facet normal -0 -0.139002 -0.990292
    outer loop
      vertex 816 -938.292 3521.79
      vertex -816 -977.903 3527.35
      vertex -816 -938.292 3521.79
    endloop
  endfacet
  facet normal 0 -0.990269 0.139166
    outer loop
      vertex -876 -977.903 3527.35
      vertex -2000 -963.986 3626.38
      vertex -2000 -977.903 3527.35
    endloop
  endfacet
  facet normal 0 -0.990269 0.139166
    outer loop
      vertex -816 -977.903 3527.35
      vertex -2000 -963.986 3626.38
      vertex -876 -977.903 3527.35
    endloop
  endfacet
  facet normal 0 -0.990269 0.139166
    outer loop
      vertex -2000 -963.986 3626.38
      vertex -816 -977.903 3527.35
      vertex 2000 -963.986 3626.38
    endloop
  endfacet
  facet normal 0 -0.990269 0.139166
    outer loop
      vertex 816 -977.903 3527.35
      vertex 2000 -963.986 3626.38
      vertex -816 -977.903 3527.35
    endloop
  endfacet
  facet normal 0 -0.990269 0.139166
    outer loop
      vertex 876 -977.903 3527.35
      vertex 2000 -963.986 3626.38
      vertex 816 -977.903 3527.35
    endloop
  endfacet
  facet normal 0 -0.990269 0.139166
    outer loop
      vertex 2000 -963.986 3626.38
      vertex 876 -977.903 3527.35
      vertex 2000 -977.903 3527.35
    endloop
  endfacet
  facet normal 1 0 0
    outer loop
      vertex 2000 -963.986 3626.38
      vertex 2000 -938.292 3521.79
      vertex 2000 -924.375 3620.81
    endloop
  endfacet
  facet normal 1 0 0
    outer loop
      vertex 2000 -938.292 3521.79
      vertex 2000 -963.986 3626.38
      vertex 2000 -977.903 3527.35
    endloop
  endfacet
  facet normal -0 0.139248 0.990258
    outer loop
      vertex -2000 -924.375 3620.81
      vertex 2000 -963.986 3626.38
      vertex 2000 -924.375 3620.81
    endloop
  endfacet
  facet normal 0 0.139248 0.990258
    outer loop
      vertex 2000 -963.986 3626.38
      vertex -2000 -924.375 3620.81
      vertex -2000 -963.986 3626.38
    endloop
  endfacet
  facet normal 0 0.990267 -0.139179
    outer loop
      vertex 876 -938.292 3521.79
      vertex 2000 -924.375 3620.81
      vertex 2000 -938.292 3521.79
    endloop
  endfacet
  facet normal 0 0.990267 -0.139179
    outer loop
      vertex 816 -938.292 3521.79
      vertex 2000 -924.375 3620.81
      vertex 876 -938.292 3521.79
    endloop
  endfacet
  facet normal 0 0.990267 -0.139179
    outer loop
      vertex 2000 -924.375 3620.81
      vertex 816 -938.292 3521.79
      vertex -2000 -924.375 3620.81
    endloop
  endfacet
  facet normal 0 0.990267 -0.139179
    outer loop
      vertex -816 -938.292 3521.79
      vertex -2000 -924.375 3620.81
      vertex 816 -938.292 3521.79
    endloop
  endfacet
  facet normal 0 0.990267 -0.139179
    outer loop
      vertex -876 -938.292 3521.79
      vertex -2000 -924.375 3620.81
      vertex -816 -938.292 3521.79
    endloop
  endfacet
  facet normal 0 0.990267 -0.139179
    outer loop
      vertex -2000 -924.375 3620.81
      vertex -876 -938.292 3521.79
      vertex -2000 -938.292 3521.79
    endloop
  endfacet
  facet normal -1 0 0
    outer loop
      vertex -2000 -1918.66 3659.57
      vertex -2000 -1944.35 3764.16
      vertex -2000 -1904.74 3758.6
    endloop
  endfacet
  facet normal -1 0 -0
    outer loop
      vertex -2000 -1944.35 3764.16
      vertex -2000 -1918.66 3659.57
      vertex -2000 -1958.27 3665.14
    endloop
  endfacet
  facet normal 0 -0.139251 -0.990257
    outer loop
      vertex -2000 -1958.27 3665.14
      vertex -876 -1918.66 3659.57
      vertex -876 -1958.27 3665.14
    endloop
  endfacet
  facet normal -0 -0.139251 -0.990257
    outer loop
      vertex -876 -1918.66 3659.57
      vertex -2000 -1958.27 3665.14
      vertex -2000 -1918.66 3659.57
    endloop
  endfacet
  facet normal 0 -0.139251 -0.990257
    outer loop
      vertex 876 -1958.27 3665.14
      vertex 2000 -1918.66 3659.57
      vertex 2000 -1958.27 3665.14
    endloop
  endfacet
  facet normal -0 -0.139251 -0.990257
    outer loop
      vertex 2000 -1918.66 3659.57
      vertex 876 -1958.27 3665.14
      vertex 876 -1918.66 3659.57
    endloop
  endfacet
  facet normal 0 -0.139251 -0.990257
    outer loop
      vertex -816 -1958.27 3665.14
      vertex 816 -1918.66 3659.57
      vertex 816 -1958.27 3665.14
    endloop
  endfacet
  facet normal -0 -0.139251 -0.990257
    outer loop
      vertex 816 -1918.66 3659.57
      vertex -816 -1958.27 3665.14
      vertex -816 -1918.66 3659.57
    endloop
  endfacet
  facet normal 0 -0.990263 0.139209
    outer loop
      vertex -876 -1958.27 3665.14
      vertex -2000 -1944.35 3764.16
      vertex -2000 -1958.27 3665.14
    endloop
  endfacet
  facet normal 0 -0.990263 0.139209
    outer loop
      vertex -816 -1958.27 3665.14
      vertex -2000 -1944.35 3764.16
      vertex -876 -1958.27 3665.14
    endloop
  endfacet
  facet normal 0 -0.990263 0.139209
    outer loop
      vertex -2000 -1944.35 3764.16
      vertex -816 -1958.27 3665.14
      vertex 2000 -1944.35 3764.16
    endloop
  endfacet
  facet normal 0 -0.990263 0.139209
    outer loop
      vertex 816 -1958.27 3665.14
      vertex 2000 -1944.35 3764.16
      vertex -816 -1958.27 3665.14
    endloop
  endfacet
  facet normal 0 -0.990263 0.139209
    outer loop
      vertex 876 -1958.27 3665.14
      vertex 2000 -1944.35 3764.16
      vertex 816 -1958.27 3665.14
    endloop
  endfacet
  facet normal 0 -0.990263 0.139209
    outer loop
      vertex 2000 -1944.35 3764.16
      vertex 876 -1958.27 3665.14
      vertex 2000 -1958.27 3665.14
    endloop
  endfacet
  facet normal 1 0 0
    outer loop
      vertex 2000 -1944.35 3764.16
      vertex 2000 -1918.66 3659.57
      vertex 2000 -1904.74 3758.6
    endloop
  endfacet
  facet normal 1 0 0
    outer loop
      vertex 2000 -1918.66 3659.57
      vertex 2000 -1944.35 3764.16
      vertex 2000 -1958.27 3665.14
    endloop
  endfacet
  facet normal -0 0.139006 0.990292
    outer loop
      vertex -2000 -1904.74 3758.6
      vertex 2000 -1944.35 3764.16
      vertex 2000 -1904.74 3758.6
    endloop
  endfacet
  facet normal 0 0.139006 0.990292
    outer loop
      vertex 2000 -1944.35 3764.16
      vertex -2000 -1904.74 3758.6
      vertex -2000 -1944.35 3764.16
    endloop
  endfacet
  facet normal 0 0.990265 -0.139195
    outer loop
      vertex 876 -1918.66 3659.57
      vertex 2000 -1904.74 3758.6
      vertex 2000 -1918.66 3659.57
    endloop
  endfacet
  facet normal 0 0.990265 -0.139195
    outer loop
      vertex 816 -1918.66 3659.57
      vertex 2000 -1904.74 3758.6
      vertex 876 -1918.66 3659.57
    endloop
  endfacet
  facet normal 0 0.990265 -0.139195
    outer loop
      vertex 2000 -1904.74 3758.6
      vertex 816 -1918.66 3659.57
      vertex -2000 -1904.74 3758.6
    endloop
  endfacet
  facet normal 0 0.990265 -0.139195
    outer loop
      vertex -816 -1918.66 3659.57
      vertex -2000 -1904.74 3758.6
      vertex 816 -1918.66 3659.57
    endloop
  endfacet
  facet normal 0 0.990265 -0.139195
    outer loop
      vertex -876 -1918.66 3659.57
      vertex -2000 -1904.74 3758.6
      vertex -816 -1918.66 3659.57
    endloop
  endfacet
  facet normal 0 0.990265 -0.139195
    outer loop
      vertex -2000 -1904.74 3758.6
      vertex -876 -1918.66 3659.57
      vertex -2000 -1918.66 3659.57
    endloop
  endfacet
  facet normal -0 0.157367 0.98754
    outer loop
      vertex -979 -953.921 3456.04
      vertex -976 -958 3456.69
      vertex -976 -953.921 3456.04
    endloop
  endfacet
  facet normal 0 0.157367 0.98754
    outer loop
      vertex -976 -958 3456.69
      vertex -979 -953.921 3456.04
      vertex -979 -958 3456.69
    endloop
  endfacet
  facet normal -0 0.453018 0.891501
    outer loop
      vertex -979 -950.241 3454.17
      vertex -976 -953.921 3456.04
      vertex -976 -950.241 3454.17
    endloop
  endfacet
  facet normal 0 0.453018 0.891501
    outer loop
      vertex -976 -953.921 3456.04
      vertex -979 -950.241 3454.17
      vertex -979 -953.921 3456.04
    endloop
  endfacet
  facet normal 0 -0.987696 0.156385
    outer loop
      vertex -979 -971.2 3443.49
      vertex -976 -970.554 3447.57
      vertex -979 -970.554 3447.57
    endloop
  endfacet
  facet normal 0 -0.987696 0.156385
    outer loop
      vertex -976 -970.554 3447.57
      vertex -979 -971.2 3443.49
      vertex -976 -971.2 3443.49
    endloop
  endfacet
  facet normal 0 -0.707107 0.707107
    outer loop
      vertex -979 -965.759 3454.17
      vertex -976 -968.679 3451.25
      vertex -976 -965.759 3454.17
    endloop
  endfacet
  facet normal 0 -0.707107 0.707107
    outer loop
      vertex -976 -968.679 3451.25
      vertex -979 -965.759 3454.17
      vertex -979 -968.679 3451.25
    endloop
  endfacet
  facet normal -0 0.707107 0.707107
    outer loop
      vertex -979 -947.321 3451.25
      vertex -976 -950.241 3454.17
      vertex -976 -947.321 3451.25
    endloop
  endfacet
  facet normal 0 0.707107 0.707107
    outer loop
      vertex -976 -950.241 3454.17
      vertex -979 -947.321 3451.25
      vertex -979 -950.241 3454.17
    endloop
  endfacet
  facet normal 0 -0.987696 -0.156385
    outer loop
      vertex -979 -970.554 3439.41
      vertex -976 -971.2 3443.49
      vertex -979 -971.2 3443.49
    endloop
  endfacet
  facet normal 0 -0.987696 -0.156385
    outer loop
      vertex -976 -971.2 3443.49
      vertex -979 -970.554 3439.41
      vertex -976 -970.554 3439.41
    endloop
  endfacet
  facet normal 0 -0.891012 -0.45398
    outer loop
      vertex -979 -968.679 3435.73
      vertex -976 -970.554 3439.41
      vertex -979 -970.554 3439.41
    endloop
  endfacet
  facet normal 0 -0.891012 -0.45398
    outer loop
      vertex -976 -970.554 3439.41
      vertex -979 -968.679 3435.73
      vertex -976 -968.679 3435.73
    endloop
  endfacet
  facet normal -1 0 0
    outer loop
      vertex -979 -948.907 3438.24
      vertex -979 -944.8 3443.49
      vertex -979 -945.446 3439.41
    endloop
  endfacet
  facet normal -1 0 0
    outer loop
      vertex -979 -948.907 3438.24
      vertex -979 -945.446 3439.41
      vertex -979 -947.321 3435.73
    endloop
  endfacet
  facet normal -1 0 0
    outer loop
      vertex -979 -948.907 3448.74
      vertex -979 -944.8 3443.49
      vertex -979 -948.907 3438.24
    endloop
  endfacet
  facet normal -1 0 0
    outer loop
      vertex -979 -944.8 3443.49
      vertex -979 -948.907 3448.74
      vertex -979 -945.446 3447.57
    endloop
  endfacet
  facet normal -1 0 0
    outer loop
      vertex -979 -950.241 3432.81
      vertex -979 -948.907 3438.24
      vertex -979 -947.321 3435.73
    endloop
  endfacet
  facet normal -1 0 0
    outer loop
      vertex -979 -958 3432.99
      vertex -979 -950.241 3432.81
      vertex -979 -953.921 3430.93
    endloop
  endfacet
  facet normal -1 0 0
    outer loop
      vertex -979 -958 3432.99
      vertex -979 -953.921 3430.93
      vertex -979 -958 3430.29
    endloop
  endfacet
  facet normal -1 0 0
    outer loop
      vertex -979 -950.241 3432.81
      vertex -979 -958 3432.99
      vertex -979 -948.907 3438.24
    endloop
  endfacet
  facet normal -1 0 0
    outer loop
      vertex -979 -962.079 3430.93
      vertex -979 -958 3432.99
      vertex -979 -958 3430.29
    endloop
  endfacet
  facet normal -1 0 0
    outer loop
      vertex -979 -965.759 3432.81
      vertex -979 -958 3432.99
      vertex -979 -962.079 3430.93
    endloop
  endfacet
  facet normal -1 0 0
    outer loop
      vertex -979 -965.759 3432.81
      vertex -979 -967.093 3438.24
      vertex -979 -958 3432.99
    endloop
  endfacet
  facet normal -1 0 0
    outer loop
      vertex -979 -970.554 3439.41
      vertex -979 -967.093 3438.24
      vertex -979 -968.679 3435.73
    endloop
  endfacet
  facet normal -1 0 0
    outer loop
      vertex -979 -968.679 3435.73
      vertex -979 -967.093 3438.24
      vertex -979 -965.759 3432.81
    endloop
  endfacet
  facet normal -1 0 0
    outer loop
      vertex -979 -945.446 3447.57
      vertex -979 -948.907 3448.74
      vertex -979 -947.321 3451.25
    endloop
  endfacet
  facet normal -1 0 0
    outer loop
      vertex -979 -948.907 3448.74
      vertex -979 -950.241 3454.17
      vertex -979 -947.321 3451.25
    endloop
  endfacet
  facet normal -1 0 0
    outer loop
      vertex -979 -958 3453.99
      vertex -979 -950.241 3454.17
      vertex -979 -948.907 3448.74
    endloop
  endfacet
  facet normal -1 -0 0
    outer loop
      vertex -979 -950.241 3454.17
      vertex -979 -958 3453.99
      vertex -979 -953.921 3456.04
    endloop
  endfacet
  facet normal -1 0 0
    outer loop
      vertex -979 -958 3453.99
      vertex -979 -958 3456.69
      vertex -979 -953.921 3456.04
    endloop
  endfacet
  facet normal -1 0 0
    outer loop
      vertex -979 -958 3453.99
      vertex -979 -962.079 3456.04
      vertex -979 -958 3456.69
    endloop
  endfacet
  facet normal -1 0 0
    outer loop
      vertex -979 -958 3453.99
      vertex -979 -965.759 3454.17
      vertex -979 -962.079 3456.04
    endloop
  endfacet
  facet normal -1 0 0
    outer loop
      vertex -979 -967.093 3448.74
      vertex -979 -965.759 3454.17
      vertex -979 -958 3453.99
    endloop
  endfacet
  facet normal -1 0 0
    outer loop
      vertex -979 -967.093 3448.74
      vertex -979 -968.679 3451.25
      vertex -979 -965.759 3454.17
    endloop
  endfacet
  facet normal -1 0 0
    outer loop
      vertex -979 -971.2 3443.49
      vertex -979 -967.093 3438.24
      vertex -979 -970.554 3439.41
    endloop
  endfacet
  facet normal -1 0 0
    outer loop
      vertex -979 -967.093 3438.24
      vertex -979 -971.2 3443.49
      vertex -979 -967.093 3448.74
    endloop
  endfacet
  facet normal -1 -0 0
    outer loop
      vertex -979 -967.093 3448.74
      vertex -979 -970.554 3447.57
      vertex -979 -968.679 3451.25
    endloop
  endfacet
  facet normal -1 0 0
    outer loop
      vertex -979 -967.093 3448.74
      vertex -979 -971.2 3443.49
      vertex -979 -970.554 3447.57
    endloop
  endfacet
  facet normal 0 0.155005 -0.987914
    outer loop
      vertex -979 -958 3430.29
      vertex -976 -953.921 3430.93
      vertex -976 -958 3430.29
    endloop
  endfacet
  facet normal 0 0.155005 -0.987914
    outer loop
      vertex -976 -953.921 3430.93
      vertex -979 -958 3430.29
      vertex -979 -953.921 3430.93
    endloop
  endfacet
  facet normal 0 0.707107 -0.707107
    outer loop
      vertex -979 -950.241 3432.81
      vertex -976 -947.321 3435.73
      vertex -976 -950.241 3432.81
    endloop
  endfacet
  facet normal 0 0.707107 -0.707107
    outer loop
      vertex -976 -947.321 3435.73
      vertex -979 -950.241 3432.81
      vertex -979 -947.321 3435.73
    endloop
  endfacet
  facet normal 0 -0.155005 -0.987914
    outer loop
      vertex -979 -962.079 3430.93
      vertex -976 -958 3430.29
      vertex -976 -962.079 3430.93
    endloop
  endfacet
  facet normal -0 -0.155005 -0.987914
    outer loop
      vertex -976 -958 3430.29
      vertex -979 -962.079 3430.93
      vertex -979 -958 3430.29
    endloop
  endfacet
  facet normal 0 0.891012 0.45398
    outer loop
      vertex -976 -945.446 3447.57
      vertex -979 -947.321 3451.25
      vertex -976 -947.321 3451.25
    endloop
  endfacet
  facet normal 0 0.891012 0.45398
    outer loop
      vertex -979 -947.321 3451.25
      vertex -976 -945.446 3447.57
      vertex -979 -945.446 3447.57
    endloop
  endfacet
  facet normal 0 0.987696 -0.156385
    outer loop
      vertex -976 -945.446 3439.41
      vertex -979 -944.8 3443.49
      vertex -976 -944.8 3443.49
    endloop
  endfacet
  facet normal 0 0.987696 -0.156385
    outer loop
      vertex -979 -944.8 3443.49
      vertex -976 -945.446 3439.41
      vertex -979 -945.446 3439.41
    endloop
  endfacet
  facet normal 0 0.987696 0.156385
    outer loop
      vertex -976 -944.8 3443.49
      vertex -979 -945.446 3447.57
      vertex -976 -945.446 3447.57
    endloop
  endfacet
  facet normal 0 0.987696 0.156385
    outer loop
      vertex -979 -945.446 3447.57
      vertex -976 -944.8 3443.49
      vertex -979 -944.8 3443.49
    endloop
  endfacet
  facet normal 0 -0.707107 -0.707107
    outer loop
      vertex -979 -968.679 3435.73
      vertex -976 -965.759 3432.81
      vertex -976 -968.679 3435.73
    endloop
  endfacet
  facet normal -0 -0.707107 -0.707107
    outer loop
      vertex -976 -965.759 3432.81
      vertex -979 -968.679 3435.73
      vertex -979 -965.759 3432.81
    endloop
  endfacet
  facet normal 0 -0.891012 0.45398
    outer loop
      vertex -979 -970.554 3447.57
      vertex -976 -968.679 3451.25
      vertex -979 -968.679 3451.25
    endloop
  endfacet
  facet normal 0 -0.891012 0.45398
    outer loop
      vertex -976 -968.679 3451.25
      vertex -979 -970.554 3447.57
      vertex -976 -970.554 3447.57
    endloop
  endfacet
  facet normal 0 0.891012 -0.45398
    outer loop
      vertex -976 -947.321 3435.73
      vertex -979 -945.446 3439.41
      vertex -976 -945.446 3439.41
    endloop
  endfacet
  facet normal 0 0.891012 -0.45398
    outer loop
      vertex -979 -945.446 3439.41
      vertex -976 -947.321 3435.73
      vertex -979 -947.321 3435.73
    endloop
  endfacet
  facet normal 0 -0.454941 -0.890522
    outer loop
      vertex -979 -965.759 3432.81
      vertex -976 -962.079 3430.93
      vertex -976 -965.759 3432.81
    endloop
  endfacet
  facet normal -0 -0.454941 -0.890522
    outer loop
      vertex -976 -962.079 3430.93
      vertex -979 -965.759 3432.81
      vertex -979 -962.079 3430.93
    endloop
  endfacet
  facet normal 0 0.454941 -0.890522
    outer loop
      vertex -979 -953.921 3430.93
      vertex -976 -950.241 3432.81
      vertex -976 -953.921 3430.93
    endloop
  endfacet
  facet normal 0 0.454941 -0.890522
    outer loop
      vertex -976 -950.241 3432.81
      vertex -979 -953.921 3430.93
      vertex -979 -950.241 3432.81
    endloop
  endfacet
  facet normal 0 -0.453018 0.891501
    outer loop
      vertex -979 -962.079 3456.04
      vertex -976 -965.759 3454.17
      vertex -976 -962.079 3456.04
    endloop
  endfacet
  facet normal 0 -0.453018 0.891501
    outer loop
      vertex -976 -965.759 3454.17
      vertex -979 -962.079 3456.04
      vertex -979 -965.759 3454.17
    endloop
  endfacet
  facet normal 0 -0.157367 0.98754
    outer loop
      vertex -979 -958 3456.69
      vertex -976 -962.079 3456.04
      vertex -976 -958 3456.69
    endloop
  endfacet
  facet normal 0 -0.157367 0.98754
    outer loop
      vertex -976 -962.079 3456.04
      vertex -979 -958 3456.69
      vertex -979 -962.079 3456.04
    endloop
  endfacet
  facet normal 0 -1 0
    outer loop
      vertex -987 -967.093 3438.24
      vertex -979 -967.093 3448.74
      vertex -987 -967.093 3448.74
    endloop
  endfacet
  facet normal 0 -1 -0
    outer loop
      vertex -979 -967.093 3448.74
      vertex -987 -967.093 3438.24
      vertex -979 -967.093 3438.24
    endloop
  endfacet
  facet normal 0 -0.500011 0.866019
    outer loop
      vertex -987 -958 3453.99
      vertex -979 -967.093 3448.74
      vertex -979 -958 3453.99
    endloop
  endfacet
  facet normal 0 -0.500011 0.866019
    outer loop
      vertex -979 -967.093 3448.74
      vertex -987 -958 3453.99
      vertex -987 -967.093 3448.74
    endloop
  endfacet
  facet normal 0 1 -0
    outer loop
      vertex -979 -948.907 3438.24
      vertex -987 -948.907 3448.74
      vertex -979 -948.907 3448.74
    endloop
  endfacet
  facet normal 0 1 0
    outer loop
      vertex -987 -948.907 3448.74
      vertex -979 -948.907 3438.24
      vertex -987 -948.907 3438.24
    endloop
  endfacet
  facet normal -0 0.500011 0.866019
    outer loop
      vertex -987 -948.907 3448.74
      vertex -979 -958 3453.99
      vertex -979 -948.907 3448.74
    endloop
  endfacet
  facet normal 0 0.500011 0.866019
    outer loop
      vertex -979 -958 3453.99
      vertex -987 -948.907 3448.74
      vertex -987 -958 3453.99
    endloop
  endfacet
  facet normal 0 0.500011 -0.866019
    outer loop
      vertex -987 -958 3432.99
      vertex -979 -948.907 3438.24
      vertex -979 -958 3432.99
    endloop
  endfacet
  facet normal 0 0.500011 -0.866019
    outer loop
      vertex -979 -948.907 3438.24
      vertex -987 -958 3432.99
      vertex -987 -948.907 3438.24
    endloop
  endfacet
  facet normal 0 -0.500011 -0.866019
    outer loop
      vertex -987 -967.093 3438.24
      vertex -979 -958 3432.99
      vertex -979 -967.093 3438.24
    endloop
  endfacet
  facet normal -0 -0.500011 -0.866019
    outer loop
      vertex -979 -958 3432.99
      vertex -987 -967.093 3438.24
      vertex -987 -958 3432.99
    endloop
  endfacet
  facet normal -1 0 0
    outer loop
      vertex -987 -958 3432.99
      vertex -987 -948.907 3448.74
      vertex -987 -948.907 3438.24
    endloop
  endfacet
  facet normal -1 0 0
    outer loop
      vertex -987 -958 3432.99
      vertex -987 -958 3453.99
      vertex -987 -948.907 3448.74
    endloop
  endfacet
  facet normal -1 0 0
    outer loop
      vertex -987 -967.093 3438.24
      vertex -987 -958 3453.99
      vertex -987 -958 3432.99
    endloop
  endfacet
  facet normal -1 0 0
    outer loop
      vertex -987 -958 3453.99
      vertex -987 -967.093 3438.24
      vertex -987 -967.093 3448.74
    endloop
  endfacet
  facet normal 0 0.454941 -0.890522
    outer loop
      vertex -816 -953.921 3430.93
      vertex -813 -950.241 3432.81
      vertex -813 -953.921 3430.93
    endloop
  endfacet
  facet normal 0 0.454941 -0.890522
    outer loop
      vertex -813 -950.241 3432.81
      vertex -816 -953.921 3430.93
      vertex -816 -950.241 3432.81
    endloop
  endfacet
  facet normal 0 0.155005 -0.987914
    outer loop
      vertex -816 -958 3430.29
      vertex -813 -953.921 3430.93
      vertex -813 -958 3430.29
    endloop
  endfacet
  facet normal 0 0.155005 -0.987914
    outer loop
      vertex -813 -953.921 3430.93
      vertex -816 -958 3430.29
      vertex -816 -953.921 3430.93
    endloop
  endfacet
  facet normal 0 0.707107 -0.707107
    outer loop
      vertex -816 -950.241 3432.81
      vertex -813 -947.321 3435.73
      vertex -813 -950.241 3432.81
    endloop
  endfacet
  facet normal 0 0.707107 -0.707107
    outer loop
      vertex -813 -947.321 3435.73
      vertex -816 -950.241 3432.81
      vertex -816 -947.321 3435.73
    endloop
  endfacet
  facet normal 0 -0.987696 -0.156385
    outer loop
      vertex -816 -970.554 3439.41
      vertex -813 -971.2 3443.49
      vertex -816 -971.2 3443.49
    endloop
  endfacet
  facet normal 0 -0.987696 -0.156385
    outer loop
      vertex -813 -971.2 3443.49
      vertex -816 -970.554 3439.41
      vertex -813 -970.554 3439.41
    endloop
  endfacet
  facet normal 0 0.891012 -0.45398
    outer loop
      vertex -813 -947.321 3435.73
      vertex -816 -945.446 3439.41
      vertex -813 -945.446 3439.41
    endloop
  endfacet
  facet normal 0 0.891012 -0.45398
    outer loop
      vertex -816 -945.446 3439.41
      vertex -813 -947.321 3435.73
      vertex -816 -947.321 3435.73
    endloop
  endfacet
  facet normal 0 0.891012 0.45398
    outer loop
      vertex -813 -945.446 3447.57
      vertex -816 -947.321 3451.25
      vertex -813 -947.321 3451.25
    endloop
  endfacet
  facet normal 0 0.891012 0.45398
    outer loop
      vertex -816 -947.321 3451.25
      vertex -813 -945.446 3447.57
      vertex -816 -945.446 3447.57
    endloop
  endfacet
  facet normal 0 -0.891012 -0.45398
    outer loop
      vertex -816 -968.679 3435.73
      vertex -813 -970.554 3439.41
      vertex -816 -970.554 3439.41
    endloop
  endfacet
  facet normal 0 -0.891012 -0.45398
    outer loop
      vertex -813 -970.554 3439.41
      vertex -816 -968.679 3435.73
      vertex -813 -968.679 3435.73
    endloop
  endfacet
  facet normal 0 -0.707107 -0.707107
    outer loop
      vertex -816 -968.679 3435.73
      vertex -813 -965.759 3432.81
      vertex -813 -968.679 3435.73
    endloop
  endfacet
  facet normal -0 -0.707107 -0.707107
    outer loop
      vertex -813 -965.759 3432.81
      vertex -816 -968.679 3435.73
      vertex -816 -965.759 3432.81
    endloop
  endfacet
  facet normal 0 -0.987696 0.156385
    outer loop
      vertex -816 -971.2 3443.49
      vertex -813 -970.554 3447.57
      vertex -816 -970.554 3447.57
    endloop
  endfacet
  facet normal 0 -0.987696 0.156385
    outer loop
      vertex -813 -970.554 3447.57
      vertex -816 -971.2 3443.49
      vertex -813 -971.2 3443.49
    endloop
  endfacet
  facet normal -0 0.453018 0.891501
    outer loop
      vertex -816 -950.241 3454.17
      vertex -813 -953.921 3456.04
      vertex -813 -950.241 3454.17
    endloop
  endfacet
  facet normal 0 0.453018 0.891501
    outer loop
      vertex -813 -953.921 3456.04
      vertex -816 -950.241 3454.17
      vertex -816 -953.921 3456.04
    endloop
  endfacet
  facet normal 0 -0.155005 -0.987914
    outer loop
      vertex -816 -962.079 3430.93
      vertex -813 -958 3430.29
      vertex -813 -962.079 3430.93
    endloop
  endfacet
  facet normal -0 -0.155005 -0.987914
    outer loop
      vertex -813 -958 3430.29
      vertex -816 -962.079 3430.93
      vertex -816 -958 3430.29
    endloop
  endfacet
  facet normal -0 0.157367 0.98754
    outer loop
      vertex -816 -953.921 3456.04
      vertex -813 -958 3456.69
      vertex -813 -953.921 3456.04
    endloop
  endfacet
  facet normal 0 0.157367 0.98754
    outer loop
      vertex -813 -958 3456.69
      vertex -816 -953.921 3456.04
      vertex -816 -958 3456.69
    endloop
  endfacet
  facet normal 0 -0.454941 -0.890522
    outer loop
      vertex -816 -965.759 3432.81
      vertex -813 -962.079 3430.93
      vertex -813 -965.759 3432.81
    endloop
  endfacet
  facet normal -0 -0.454941 -0.890522
    outer loop
      vertex -813 -962.079 3430.93
      vertex -816 -965.759 3432.81
      vertex -816 -962.079 3430.93
    endloop
  endfacet
  facet normal 0 0.987696 -0.156385
    outer loop
      vertex -813 -945.446 3439.41
      vertex -816 -944.8 3443.49
      vertex -813 -944.8 3443.49
    endloop
  endfacet
  facet normal 0 0.987696 -0.156385
    outer loop
      vertex -816 -944.8 3443.49
      vertex -813 -945.446 3439.41
      vertex -816 -945.446 3439.41
    endloop
  endfacet
  facet normal 0 -0.453018 0.891501
    outer loop
      vertex -816 -962.079 3456.04
      vertex -813 -965.759 3454.17
      vertex -813 -962.079 3456.04
    endloop
  endfacet
  facet normal 0 -0.453018 0.891501
    outer loop
      vertex -813 -965.759 3454.17
      vertex -816 -962.079 3456.04
      vertex -816 -965.759 3454.17
    endloop
  endfacet
  facet normal 0 0.987696 0.156385
    outer loop
      vertex -813 -944.8 3443.49
      vertex -816 -945.446 3447.57
      vertex -813 -945.446 3447.57
    endloop
  endfacet
  facet normal 0 0.987696 0.156385
    outer loop
      vertex -816 -945.446 3447.57
      vertex -813 -944.8 3443.49
      vertex -816 -944.8 3443.49
    endloop
  endfacet
  facet normal 0 -0.707107 0.707107
    outer loop
      vertex -816 -965.759 3454.17
      vertex -813 -968.679 3451.25
      vertex -813 -965.759 3454.17
    endloop
  endfacet
  facet normal 0 -0.707107 0.707107
    outer loop
      vertex -813 -968.679 3451.25
      vertex -816 -965.759 3454.17
      vertex -816 -968.679 3451.25
    endloop
  endfacet
  facet normal 1 0 0
    outer loop
      vertex -813 -948.907 3448.74
      vertex -813 -944.8 3443.49
      vertex -813 -945.446 3447.57
    endloop
  endfacet
  facet normal 1 -0 0
    outer loop
      vertex -813 -948.907 3448.74
      vertex -813 -945.446 3447.57
      vertex -813 -947.321 3451.25
    endloop
  endfacet
  facet normal 1 0 0
    outer loop
      vertex -813 -948.907 3438.24
      vertex -813 -944.8 3443.49
      vertex -813 -948.907 3448.74
    endloop
  endfacet
  facet normal 1 0 0
    outer loop
      vertex -813 -944.8 3443.49
      vertex -813 -948.907 3438.24
      vertex -813 -945.446 3439.41
    endloop
  endfacet
  facet normal 1 0 0
    outer loop
      vertex -813 -950.241 3454.17
      vertex -813 -948.907 3448.74
      vertex -813 -947.321 3451.25
    endloop
  endfacet
  facet normal 1 0 0
    outer loop
      vertex -813 -958 3453.99
      vertex -813 -950.241 3454.17
      vertex -813 -953.921 3456.04
    endloop
  endfacet
  facet normal 1 0 0
    outer loop
      vertex -813 -958 3453.99
      vertex -813 -953.921 3456.04
      vertex -813 -958 3456.69
    endloop
  endfacet
  facet normal 1 0 0
    outer loop
      vertex -813 -950.241 3454.17
      vertex -813 -958 3453.99
      vertex -813 -948.907 3448.74
    endloop
  endfacet
  facet normal 1 -0 0
    outer loop
      vertex -813 -962.079 3456.04
      vertex -813 -958 3453.99
      vertex -813 -958 3456.69
    endloop
  endfacet
  facet normal 1 -0 0
    outer loop
      vertex -813 -965.759 3454.17
      vertex -813 -958 3453.99
      vertex -813 -962.079 3456.04
    endloop
  endfacet
  facet normal 1 0 0
    outer loop
      vertex -813 -965.759 3454.17
      vertex -813 -967.093 3448.74
      vertex -813 -958 3453.99
    endloop
  endfacet
  facet normal 1 0 0
    outer loop
      vertex -813 -970.554 3447.57
      vertex -813 -967.093 3448.74
      vertex -813 -968.679 3451.25
    endloop
  endfacet
  facet normal 1 -0 0
    outer loop
      vertex -813 -968.679 3451.25
      vertex -813 -967.093 3448.74
      vertex -813 -965.759 3454.17
    endloop
  endfacet
  facet normal 1 0 0
    outer loop
      vertex -813 -945.446 3439.41
      vertex -813 -948.907 3438.24
      vertex -813 -947.321 3435.73
    endloop
  endfacet
  facet normal 1 0 0
    outer loop
      vertex -813 -948.907 3438.24
      vertex -813 -950.241 3432.81
      vertex -813 -947.321 3435.73
    endloop
  endfacet
  facet normal 1 -0 0
    outer loop
      vertex -813 -958 3432.99
      vertex -813 -950.241 3432.81
      vertex -813 -948.907 3438.24
    endloop
  endfacet
  facet normal 1 0 0
    outer loop
      vertex -813 -950.241 3432.81
      vertex -813 -958 3432.99
      vertex -813 -953.921 3430.93
    endloop
  endfacet
  facet normal 1 0 0
    outer loop
      vertex -813 -958 3432.99
      vertex -813 -958 3430.29
      vertex -813 -953.921 3430.93
    endloop
  endfacet
  facet normal 1 0 0
    outer loop
      vertex -813 -958 3432.99
      vertex -813 -962.079 3430.93
      vertex -813 -958 3430.29
    endloop
  endfacet
  facet normal 1 0 0
    outer loop
      vertex -813 -958 3432.99
      vertex -813 -965.759 3432.81
      vertex -813 -962.079 3430.93
    endloop
  endfacet
  facet normal 1 0 0
    outer loop
      vertex -813 -967.093 3438.24
      vertex -813 -965.759 3432.81
      vertex -813 -958 3432.99
    endloop
  endfacet
  facet normal 1 0 0
    outer loop
      vertex -813 -967.093 3438.24
      vertex -813 -968.679 3435.73
      vertex -813 -965.759 3432.81
    endloop
  endfacet
  facet normal 1 0 0
    outer loop
      vertex -813 -971.2 3443.49
      vertex -813 -967.093 3448.74
      vertex -813 -970.554 3447.57
    endloop
  endfacet
  facet normal 1 0 0
    outer loop
      vertex -813 -967.093 3448.74
      vertex -813 -971.2 3443.49
      vertex -813 -967.093 3438.24
    endloop
  endfacet
  facet normal 1 0 0
    outer loop
      vertex -813 -967.093 3438.24
      vertex -813 -970.554 3439.41
      vertex -813 -968.679 3435.73
    endloop
  endfacet
  facet normal 1 0 0
    outer loop
      vertex -813 -967.093 3438.24
      vertex -813 -971.2 3443.49
      vertex -813 -970.554 3439.41
    endloop
  endfacet
  facet normal 0 -0.157367 0.98754
    outer loop
      vertex -816 -958 3456.69
      vertex -813 -962.079 3456.04
      vertex -813 -958 3456.69
    endloop
  endfacet
  facet normal 0 -0.157367 0.98754
    outer loop
      vertex -813 -962.079 3456.04
      vertex -816 -958 3456.69
      vertex -816 -962.079 3456.04
    endloop
  endfacet
  facet normal 0 -0.891012 0.45398
    outer loop
      vertex -816 -970.554 3447.57
      vertex -813 -968.679 3451.25
      vertex -816 -968.679 3451.25
    endloop
  endfacet
  facet normal 0 -0.891012 0.45398
    outer loop
      vertex -813 -968.679 3451.25
      vertex -816 -970.554 3447.57
      vertex -813 -970.554 3447.57
    endloop
  endfacet
  facet normal -0 0.707107 0.707107
    outer loop
      vertex -816 -947.321 3451.25
      vertex -813 -950.241 3454.17
      vertex -813 -947.321 3451.25
    endloop
  endfacet
  facet normal 0 0.707107 0.707107
    outer loop
      vertex -813 -950.241 3454.17
      vertex -816 -947.321 3451.25
      vertex -816 -950.241 3454.17
    endloop
  endfacet
  facet normal 0 -1 0
    outer loop
      vertex -813 -967.093 3438.24
      vertex -803 -967.093 3448.74
      vertex -813 -967.093 3448.74
    endloop
  endfacet
  facet normal 0 -1 -0
    outer loop
      vertex -803 -967.093 3448.74
      vertex -813 -967.093 3438.24
      vertex -803 -967.093 3438.24
    endloop
  endfacet
  facet normal 0 -0.500011 -0.866019
    outer loop
      vertex -813 -967.093 3438.24
      vertex -803 -958 3432.99
      vertex -803 -967.093 3438.24
    endloop
  endfacet
  facet normal -0 -0.500011 -0.866019
    outer loop
      vertex -803 -958 3432.99
      vertex -813 -967.093 3438.24
      vertex -813 -958 3432.99
    endloop
  endfacet
  facet normal 0 1 -0
    outer loop
      vertex -803 -948.907 3438.24
      vertex -813 -948.907 3448.74
      vertex -803 -948.907 3448.74
    endloop
  endfacet
  facet normal 0 1 0
    outer loop
      vertex -813 -948.907 3448.74
      vertex -803 -948.907 3438.24
      vertex -813 -948.907 3438.24
    endloop
  endfacet
  facet normal 0 0.500011 -0.866019
    outer loop
      vertex -813 -958 3432.99
      vertex -803 -948.907 3438.24
      vertex -803 -958 3432.99
    endloop
  endfacet
  facet normal 0 0.500011 -0.866019
    outer loop
      vertex -803 -948.907 3438.24
      vertex -813 -958 3432.99
      vertex -813 -948.907 3438.24
    endloop
  endfacet
  facet normal -0 0.500011 0.866019
    outer loop
      vertex -813 -948.907 3448.74
      vertex -803 -958 3453.99
      vertex -803 -948.907 3448.74
    endloop
  endfacet
  facet normal 0 0.500011 0.866019
    outer loop
      vertex -803 -958 3453.99
      vertex -813 -948.907 3448.74
      vertex -813 -958 3453.99
    endloop
  endfacet
  facet normal 0 -0.500011 0.866019
    outer loop
      vertex -813 -958 3453.99
      vertex -803 -967.093 3448.74
      vertex -803 -958 3453.99
    endloop
  endfacet
  facet normal 0 -0.500011 0.866019
    outer loop
      vertex -803 -967.093 3448.74
      vertex -813 -958 3453.99
      vertex -813 -967.093 3448.74
    endloop
  endfacet
  facet normal 1 0 0
    outer loop
      vertex -803 -958 3453.99
      vertex -803 -948.907 3438.24
      vertex -803 -948.907 3448.74
    endloop
  endfacet
  facet normal 1 0 0
    outer loop
      vertex -803 -958 3453.99
      vertex -803 -958 3432.99
      vertex -803 -948.907 3438.24
    endloop
  endfacet
  facet normal 1 -0 0
    outer loop
      vertex -803 -967.093 3448.74
      vertex -803 -958 3432.99
      vertex -803 -958 3453.99
    endloop
  endfacet
  facet normal 1 0 0
    outer loop
      vertex -803 -958 3432.99
      vertex -803 -967.093 3448.74
      vertex -803 -967.093 3438.24
    endloop
  endfacet
  facet normal -0 0.157367 0.98754
    outer loop
      vertex -979 -889.921 3401.04
      vertex -976 -894 3401.69
      vertex -976 -889.921 3401.04
    endloop
  endfacet
  facet normal 0 0.157367 0.98754
    outer loop
      vertex -976 -894 3401.69
      vertex -979 -889.921 3401.04
      vertex -979 -894 3401.69
    endloop
  endfacet
  facet normal -0 0.453018 0.891501
    outer loop
      vertex -979 -886.241 3399.17
      vertex -976 -889.921 3401.04
      vertex -976 -886.241 3399.17
    endloop
  endfacet
  facet normal 0 0.453018 0.891501
    outer loop
      vertex -976 -889.921 3401.04
      vertex -979 -886.241 3399.17
      vertex -979 -889.921 3401.04
    endloop
  endfacet
  facet normal 0 -0.987696 0.156385
    outer loop
      vertex -979 -907.2 3388.49
      vertex -976 -906.554 3392.57
      vertex -979 -906.554 3392.57
    endloop
  endfacet
  facet normal 0 -0.987696 0.156385
    outer loop
      vertex -976 -906.554 3392.57
      vertex -979 -907.2 3388.49
      vertex -976 -907.2 3388.49
    endloop
  endfacet
  facet normal 0 -0.707107 0.707107
    outer loop
      vertex -979 -901.759 3399.17
      vertex -976 -904.679 3396.25
      vertex -976 -901.759 3399.17
    endloop
  endfacet
  facet normal 0 -0.707107 0.707107
    outer loop
      vertex -976 -904.679 3396.25
      vertex -979 -901.759 3399.17
      vertex -979 -904.679 3396.25
    endloop
  endfacet
  facet normal -0 0.707107 0.707107
    outer loop
      vertex -979 -883.321 3396.25
      vertex -976 -886.241 3399.17
      vertex -976 -883.321 3396.25
    endloop
  endfacet
  facet normal 0 0.707107 0.707107
    outer loop
      vertex -976 -886.241 3399.17
      vertex -979 -883.321 3396.25
      vertex -979 -886.241 3399.17
    endloop
  endfacet
  facet normal 0 -0.987696 -0.156385
    outer loop
      vertex -979 -906.554 3384.41
      vertex -976 -907.2 3388.49
      vertex -979 -907.2 3388.49
    endloop
  endfacet
  facet normal 0 -0.987696 -0.156385
    outer loop
      vertex -976 -907.2 3388.49
      vertex -979 -906.554 3384.41
      vertex -976 -906.554 3384.41
    endloop
  endfacet
  facet normal 0 -0.891012 -0.45398
    outer loop
      vertex -979 -904.679 3380.73
      vertex -976 -906.554 3384.41
      vertex -979 -906.554 3384.41
    endloop
  endfacet
  facet normal 0 -0.891012 -0.45398
    outer loop
      vertex -976 -906.554 3384.41
      vertex -979 -904.679 3380.73
      vertex -976 -904.679 3380.73
    endloop
  endfacet
  facet normal -1 0 0
    outer loop
      vertex -979 -884.907 3383.24
      vertex -979 -880.8 3388.49
      vertex -979 -881.446 3384.41
    endloop
  endfacet
  facet normal -1 0 0
    outer loop
      vertex -979 -884.907 3383.24
      vertex -979 -881.446 3384.41
      vertex -979 -883.321 3380.73
    endloop
  endfacet
  facet normal -1 0 0
    outer loop
      vertex -979 -884.907 3393.74
      vertex -979 -880.8 3388.49
      vertex -979 -884.907 3383.24
    endloop
  endfacet
  facet normal -1 0 0
    outer loop
      vertex -979 -880.8 3388.49
      vertex -979 -884.907 3393.74
      vertex -979 -881.446 3392.57
    endloop
  endfacet
  facet normal -1 0 0
    outer loop
      vertex -979 -886.241 3377.81
      vertex -979 -884.907 3383.24
      vertex -979 -883.321 3380.73
    endloop
  endfacet
  facet normal -1 0 0
    outer loop
      vertex -979 -894 3377.99
      vertex -979 -886.241 3377.81
      vertex -979 -889.921 3375.93
    endloop
  endfacet
  facet normal -1 0 0
    outer loop
      vertex -979 -894 3377.99
      vertex -979 -889.921 3375.93
      vertex -979 -894 3375.29
    endloop
  endfacet
  facet normal -1 0 0
    outer loop
      vertex -979 -886.241 3377.81
      vertex -979 -894 3377.99
      vertex -979 -884.907 3383.24
    endloop
  endfacet
  facet normal -1 0 0
    outer loop
      vertex -979 -898.079 3375.93
      vertex -979 -894 3377.99
      vertex -979 -894 3375.29
    endloop
  endfacet
  facet normal -1 0 0
    outer loop
      vertex -979 -901.759 3377.81
      vertex -979 -894 3377.99
      vertex -979 -898.079 3375.93
    endloop
  endfacet
  facet normal -1 0 0
    outer loop
      vertex -979 -901.759 3377.81
      vertex -979 -903.093 3383.24
      vertex -979 -894 3377.99
    endloop
  endfacet
  facet normal -1 0 0
    outer loop
      vertex -979 -906.554 3384.41
      vertex -979 -903.093 3383.24
      vertex -979 -904.679 3380.73
    endloop
  endfacet
  facet normal -1 0 0
    outer loop
      vertex -979 -904.679 3380.73
      vertex -979 -903.093 3383.24
      vertex -979 -901.759 3377.81
    endloop
  endfacet
  facet normal -1 0 0
    outer loop
      vertex -979 -881.446 3392.57
      vertex -979 -884.907 3393.74
      vertex -979 -883.321 3396.25
    endloop
  endfacet
  facet normal -1 0 0
    outer loop
      vertex -979 -884.907 3393.74
      vertex -979 -886.241 3399.17
      vertex -979 -883.321 3396.25
    endloop
  endfacet
  facet normal -1 0 0
    outer loop
      vertex -979 -894 3398.99
      vertex -979 -886.241 3399.17
      vertex -979 -884.907 3393.74
    endloop
  endfacet
  facet normal -1 -0 0
    outer loop
      vertex -979 -886.241 3399.17
      vertex -979 -894 3398.99
      vertex -979 -889.921 3401.04
    endloop
  endfacet
  facet normal -1 0 0
    outer loop
      vertex -979 -894 3398.99
      vertex -979 -894 3401.69
      vertex -979 -889.921 3401.04
    endloop
  endfacet
  facet normal -1 0 0
    outer loop
      vertex -979 -894 3398.99
      vertex -979 -898.079 3401.04
      vertex -979 -894 3401.69
    endloop
  endfacet
  facet normal -1 0 0
    outer loop
      vertex -979 -894 3398.99
      vertex -979 -901.759 3399.17
      vertex -979 -898.079 3401.04
    endloop
  endfacet
  facet normal -1 0 0
    outer loop
      vertex -979 -903.093 3393.74
      vertex -979 -901.759 3399.17
      vertex -979 -894 3398.99
    endloop
  endfacet
  facet normal -1 0 0
    outer loop
      vertex -979 -903.093 3393.74
      vertex -979 -904.679 3396.25
      vertex -979 -901.759 3399.17
    endloop
  endfacet
  facet normal -1 0 0
    outer loop
      vertex -979 -907.2 3388.49
      vertex -979 -903.093 3383.24
      vertex -979 -906.554 3384.41
    endloop
  endfacet
  facet normal -1 0 0
    outer loop
      vertex -979 -903.093 3383.24
      vertex -979 -907.2 3388.49
      vertex -979 -903.093 3393.74
    endloop
  endfacet
  facet normal -1 -0 0
    outer loop
      vertex -979 -903.093 3393.74
      vertex -979 -906.554 3392.57
      vertex -979 -904.679 3396.25
    endloop
  endfacet
  facet normal -1 0 0
    outer loop
      vertex -979 -903.093 3393.74
      vertex -979 -907.2 3388.49
      vertex -979 -906.554 3392.57
    endloop
  endfacet
  facet normal 0 0.155005 -0.987914
    outer loop
      vertex -979 -894 3375.29
      vertex -976 -889.921 3375.93
      vertex -976 -894 3375.29
    endloop
  endfacet
  facet normal 0 0.155005 -0.987914
    outer loop
      vertex -976 -889.921 3375.93
      vertex -979 -894 3375.29
      vertex -979 -889.921 3375.93
    endloop
  endfacet
  facet normal 0 0.707107 -0.707107
    outer loop
      vertex -979 -886.241 3377.81
      vertex -976 -883.321 3380.73
      vertex -976 -886.241 3377.81
    endloop
  endfacet
  facet normal 0 0.707107 -0.707107
    outer loop
      vertex -976 -883.321 3380.73
      vertex -979 -886.241 3377.81
      vertex -979 -883.321 3380.73
    endloop
  endfacet
  facet normal 0 -0.155005 -0.987914
    outer loop
      vertex -979 -898.079 3375.93
      vertex -976 -894 3375.29
      vertex -976 -898.079 3375.93
    endloop
  endfacet
  facet normal -0 -0.155005 -0.987914
    outer loop
      vertex -976 -894 3375.29
      vertex -979 -898.079 3375.93
      vertex -979 -894 3375.29
    endloop
  endfacet
  facet normal 0 0.891012 0.45398
    outer loop
      vertex -976 -881.446 3392.57
      vertex -979 -883.321 3396.25
      vertex -976 -883.321 3396.25
    endloop
  endfacet
  facet normal 0 0.891012 0.45398
    outer loop
      vertex -979 -883.321 3396.25
      vertex -976 -881.446 3392.57
      vertex -979 -881.446 3392.57
    endloop
  endfacet
  facet normal 0 0.987696 -0.156385
    outer loop
      vertex -976 -881.446 3384.41
      vertex -979 -880.8 3388.49
      vertex -976 -880.8 3388.49
    endloop
  endfacet
  facet normal 0 0.987696 -0.156385
    outer loop
      vertex -979 -880.8 3388.49
      vertex -976 -881.446 3384.41
      vertex -979 -881.446 3384.41
    endloop
  endfacet
  facet normal 0 0.987696 0.156385
    outer loop
      vertex -976 -880.8 3388.49
      vertex -979 -881.446 3392.57
      vertex -976 -881.446 3392.57
    endloop
  endfacet
  facet normal 0 0.987696 0.156385
    outer loop
      vertex -979 -881.446 3392.57
      vertex -976 -880.8 3388.49
      vertex -979 -880.8 3388.49
    endloop
  endfacet
  facet normal 0 -0.707107 -0.707107
    outer loop
      vertex -979 -904.679 3380.73
      vertex -976 -901.759 3377.81
      vertex -976 -904.679 3380.73
    endloop
  endfacet
  facet normal -0 -0.707107 -0.707107
    outer loop
      vertex -976 -901.759 3377.81
      vertex -979 -904.679 3380.73
      vertex -979 -901.759 3377.81
    endloop
  endfacet
  facet normal 0 -0.891012 0.45398
    outer loop
      vertex -979 -906.554 3392.57
      vertex -976 -904.679 3396.25
      vertex -979 -904.679 3396.25
    endloop
  endfacet
  facet normal 0 -0.891012 0.45398
    outer loop
      vertex -976 -904.679 3396.25
      vertex -979 -906.554 3392.57
      vertex -976 -906.554 3392.57
    endloop
  endfacet
  facet normal 0 0.891012 -0.45398
    outer loop
      vertex -976 -883.321 3380.73
      vertex -979 -881.446 3384.41
      vertex -976 -881.446 3384.41
    endloop
  endfacet
  facet normal 0 0.891012 -0.45398
    outer loop
      vertex -979 -881.446 3384.41
      vertex -976 -883.321 3380.73
      vertex -979 -883.321 3380.73
    endloop
  endfacet
  facet normal 0 -0.454941 -0.890522
    outer loop
      vertex -979 -901.759 3377.81
      vertex -976 -898.079 3375.93
      vertex -976 -901.759 3377.81
    endloop
  endfacet
  facet normal -0 -0.454941 -0.890522
    outer loop
      vertex -976 -898.079 3375.93
      vertex -979 -901.759 3377.81
      vertex -979 -898.079 3375.93
    endloop
  endfacet
  facet normal 0 0.454941 -0.890522
    outer loop
      vertex -979 -889.921 3375.93
      vertex -976 -886.241 3377.81
      vertex -976 -889.921 3375.93
    endloop
  endfacet
  facet normal 0 0.454941 -0.890522
    outer loop
      vertex -976 -886.241 3377.81
      vertex -979 -889.921 3375.93
      vertex -979 -886.241 3377.81
    endloop
  endfacet
  facet normal 0 -0.453018 0.891501
    outer loop
      vertex -979 -898.079 3401.04
      vertex -976 -901.759 3399.17
      vertex -976 -898.079 3401.04
    endloop
  endfacet
  facet normal 0 -0.453018 0.891501
    outer loop
      vertex -976 -901.759 3399.17
      vertex -979 -898.079 3401.04
      vertex -979 -901.759 3399.17
    endloop
  endfacet
  facet normal 0 -0.157367 0.98754
    outer loop
      vertex -979 -894 3401.69
      vertex -976 -898.079 3401.04
      vertex -976 -894 3401.69
    endloop
  endfacet
  facet normal 0 -0.157367 0.98754
    outer loop
      vertex -976 -898.079 3401.04
      vertex -979 -894 3401.69
      vertex -979 -898.079 3401.04
    endloop
  endfacet
  facet normal 0 -1 0
    outer loop
      vertex -987 -903.093 3383.24
      vertex -979 -903.093 3393.74
      vertex -987 -903.093 3393.74
    endloop
  endfacet
  facet normal 0 -1 -0
    outer loop
      vertex -979 -903.093 3393.74
      vertex -987 -903.093 3383.24
      vertex -979 -903.093 3383.24
    endloop
  endfacet
  facet normal 0 -0.500011 0.866019
    outer loop
      vertex -987 -894 3398.99
      vertex -979 -903.093 3393.74
      vertex -979 -894 3398.99
    endloop
  endfacet
  facet normal 0 -0.500011 0.866019
    outer loop
      vertex -979 -903.093 3393.74
      vertex -987 -894 3398.99
      vertex -987 -903.093 3393.74
    endloop
  endfacet
  facet normal 0 1 -0
    outer loop
      vertex -979 -884.907 3383.24
      vertex -987 -884.907 3393.74
      vertex -979 -884.907 3393.74
    endloop
  endfacet
  facet normal 0 1 0
    outer loop
      vertex -987 -884.907 3393.74
      vertex -979 -884.907 3383.24
      vertex -987 -884.907 3383.24
    endloop
  endfacet
  facet normal -0 0.500011 0.866019
    outer loop
      vertex -987 -884.907 3393.74
      vertex -979 -894 3398.99
      vertex -979 -884.907 3393.74
    endloop
  endfacet
  facet normal 0 0.500011 0.866019
    outer loop
      vertex -979 -894 3398.99
      vertex -987 -884.907 3393.74
      vertex -987 -894 3398.99
    endloop
  endfacet
  facet normal 0 0.500011 -0.866019
    outer loop
      vertex -987 -894 3377.99
      vertex -979 -884.907 3383.24
      vertex -979 -894 3377.99
    endloop
  endfacet
  facet normal 0 0.500011 -0.866019
    outer loop
      vertex -979 -884.907 3383.24
      vertex -987 -894 3377.99
      vertex -987 -884.907 3383.24
    endloop
  endfacet
  facet normal 0 -0.500011 -0.866019
    outer loop
      vertex -987 -903.093 3383.24
      vertex -979 -894 3377.99
      vertex -979 -903.093 3383.24
    endloop
  endfacet
  facet normal -0 -0.500011 -0.866019
    outer loop
      vertex -979 -894 3377.99
      vertex -987 -903.093 3383.24
      vertex -987 -894 3377.99
    endloop
  endfacet
  facet normal -1 0 0
    outer loop
      vertex -987 -894 3377.99
      vertex -987 -884.907 3393.74
      vertex -987 -884.907 3383.24
    endloop
  endfacet
  facet normal -1 0 0
    outer loop
      vertex -987 -894 3377.99
      vertex -987 -894 3398.99
      vertex -987 -884.907 3393.74
    endloop
  endfacet
  facet normal -1 0 0
    outer loop
      vertex -987 -903.093 3383.24
      vertex -987 -894 3398.99
      vertex -987 -894 3377.99
    endloop
  endfacet
  facet normal -1 0 0
    outer loop
      vertex -987 -894 3398.99
      vertex -987 -903.093 3383.24
      vertex -987 -903.093 3393.74
    endloop
  endfacet
  facet normal 0 0.454941 -0.890522
    outer loop
      vertex -816 -889.921 3375.93
      vertex -813 -886.241 3377.81
      vertex -813 -889.921 3375.93
    endloop
  endfacet
  facet normal 0 0.454941 -0.890522
    outer loop
      vertex -813 -886.241 3377.81
      vertex -816 -889.921 3375.93
      vertex -816 -886.241 3377.81
    endloop
  endfacet
  facet normal 0 0.155005 -0.987914
    outer loop
      vertex -816 -894 3375.29
      vertex -813 -889.921 3375.93
      vertex -813 -894 3375.29
    endloop
  endfacet
  facet normal 0 0.155005 -0.987914
    outer loop
      vertex -813 -889.921 3375.93
      vertex -816 -894 3375.29
      vertex -816 -889.921 3375.93
    endloop
  endfacet
  facet normal 0 0.707107 -0.707107
    outer loop
      vertex -816 -886.241 3377.81
      vertex -813 -883.321 3380.73
      vertex -813 -886.241 3377.81
    endloop
  endfacet
  facet normal 0 0.707107 -0.707107
    outer loop
      vertex -813 -883.321 3380.73
      vertex -816 -886.241 3377.81
      vertex -816 -883.321 3380.73
    endloop
  endfacet
  facet normal 0 -0.987696 -0.156385
    outer loop
      vertex -816 -906.554 3384.41
      vertex -813 -907.2 3388.49
      vertex -816 -907.2 3388.49
    endloop
  endfacet
  facet normal 0 -0.987696 -0.156385
    outer loop
      vertex -813 -907.2 3388.49
      vertex -816 -906.554 3384.41
      vertex -813 -906.554 3384.41
    endloop
  endfacet
  facet normal 0 0.891012 -0.45398
    outer loop
      vertex -813 -883.321 3380.73
      vertex -816 -881.446 3384.41
      vertex -813 -881.446 3384.41
    endloop
  endfacet
  facet normal 0 0.891012 -0.45398
    outer loop
      vertex -816 -881.446 3384.41
      vertex -813 -883.321 3380.73
      vertex -816 -883.321 3380.73
    endloop
  endfacet
  facet normal 0 0.891012 0.45398
    outer loop
      vertex -813 -881.446 3392.57
      vertex -816 -883.321 3396.25
      vertex -813 -883.321 3396.25
    endloop
  endfacet
  facet normal 0 0.891012 0.45398
    outer loop
      vertex -816 -883.321 3396.25
      vertex -813 -881.446 3392.57
      vertex -816 -881.446 3392.57
    endloop
  endfacet
  facet normal 0 -0.891012 -0.45398
    outer loop
      vertex -816 -904.679 3380.73
      vertex -813 -906.554 3384.41
      vertex -816 -906.554 3384.41
    endloop
  endfacet
  facet normal 0 -0.891012 -0.45398
    outer loop
      vertex -813 -906.554 3384.41
      vertex -816 -904.679 3380.73
      vertex -813 -904.679 3380.73
    endloop
  endfacet
  facet normal 0 -0.707107 -0.707107
    outer loop
      vertex -816 -904.679 3380.73
      vertex -813 -901.759 3377.81
      vertex -813 -904.679 3380.73
    endloop
  endfacet
  facet normal -0 -0.707107 -0.707107
    outer loop
      vertex -813 -901.759 3377.81
      vertex -816 -904.679 3380.73
      vertex -816 -901.759 3377.81
    endloop
  endfacet
  facet normal 0 -0.987696 0.156385
    outer loop
      vertex -816 -907.2 3388.49
      vertex -813 -906.554 3392.57
      vertex -816 -906.554 3392.57
    endloop
  endfacet
  facet normal 0 -0.987696 0.156385
    outer loop
      vertex -813 -906.554 3392.57
      vertex -816 -907.2 3388.49
      vertex -813 -907.2 3388.49
    endloop
  endfacet
  facet normal -0 0.453018 0.891501
    outer loop
      vertex -816 -886.241 3399.17
      vertex -813 -889.921 3401.04
      vertex -813 -886.241 3399.17
    endloop
  endfacet
  facet normal 0 0.453018 0.891501
    outer loop
      vertex -813 -889.921 3401.04
      vertex -816 -886.241 3399.17
      vertex -816 -889.921 3401.04
    endloop
  endfacet
  facet normal 0 -0.155005 -0.987914
    outer loop
      vertex -816 -898.079 3375.93
      vertex -813 -894 3375.29
      vertex -813 -898.079 3375.93
    endloop
  endfacet
  facet normal -0 -0.155005 -0.987914
    outer loop
      vertex -813 -894 3375.29
      vertex -816 -898.079 3375.93
      vertex -816 -894 3375.29
    endloop
  endfacet
  facet normal -0 0.157367 0.98754
    outer loop
      vertex -816 -889.921 3401.04
      vertex -813 -894 3401.69
      vertex -813 -889.921 3401.04
    endloop
  endfacet
  facet normal 0 0.157367 0.98754
    outer loop
      vertex -813 -894 3401.69
      vertex -816 -889.921 3401.04
      vertex -816 -894 3401.69
    endloop
  endfacet
  facet normal 0 -0.454941 -0.890522
    outer loop
      vertex -816 -901.759 3377.81
      vertex -813 -898.079 3375.93
      vertex -813 -901.759 3377.81
    endloop
  endfacet
  facet normal -0 -0.454941 -0.890522
    outer loop
      vertex -813 -898.079 3375.93
      vertex -816 -901.759 3377.81
      vertex -816 -898.079 3375.93
    endloop
  endfacet
  facet normal 0 0.987696 -0.156385
    outer loop
      vertex -813 -881.446 3384.41
      vertex -816 -880.8 3388.49
      vertex -813 -880.8 3388.49
    endloop
  endfacet
  facet normal 0 0.987696 -0.156385
    outer loop
      vertex -816 -880.8 3388.49
      vertex -813 -881.446 3384.41
      vertex -816 -881.446 3384.41
    endloop
  endfacet
  facet normal 0 -0.453018 0.891501
    outer loop
      vertex -816 -898.079 3401.04
      vertex -813 -901.759 3399.17
      vertex -813 -898.079 3401.04
    endloop
  endfacet
  facet normal 0 -0.453018 0.891501
    outer loop
      vertex -813 -901.759 3399.17
      vertex -816 -898.079 3401.04
      vertex -816 -901.759 3399.17
    endloop
  endfacet
  facet normal 0 0.987696 0.156385
    outer loop
      vertex -813 -880.8 3388.49
      vertex -816 -881.446 3392.57
      vertex -813 -881.446 3392.57
    endloop
  endfacet
  facet normal 0 0.987696 0.156385
    outer loop
      vertex -816 -881.446 3392.57
      vertex -813 -880.8 3388.49
      vertex -816 -880.8 3388.49
    endloop
  endfacet
  facet normal 0 -0.707107 0.707107
    outer loop
      vertex -816 -901.759 3399.17
      vertex -813 -904.679 3396.25
      vertex -813 -901.759 3399.17
    endloop
  endfacet
  facet normal 0 -0.707107 0.707107
    outer loop
      vertex -813 -904.679 3396.25
      vertex -816 -901.759 3399.17
      vertex -816 -904.679 3396.25
    endloop
  endfacet
  facet normal 1 0 0
    outer loop
      vertex -813 -884.907 3393.74
      vertex -813 -880.8 3388.49
      vertex -813 -881.446 3392.57
    endloop
  endfacet
  facet normal 1 -0 0
    outer loop
      vertex -813 -884.907 3393.74
      vertex -813 -881.446 3392.57
      vertex -813 -883.321 3396.25
    endloop
  endfacet
  facet normal 1 0 0
    outer loop
      vertex -813 -884.907 3383.24
      vertex -813 -880.8 3388.49
      vertex -813 -884.907 3393.74
    endloop
  endfacet
  facet normal 1 0 0
    outer loop
      vertex -813 -880.8 3388.49
      vertex -813 -884.907 3383.24
      vertex -813 -881.446 3384.41
    endloop
  endfacet
  facet normal 1 0 0
    outer loop
      vertex -813 -886.241 3399.17
      vertex -813 -884.907 3393.74
      vertex -813 -883.321 3396.25
    endloop
  endfacet
  facet normal 1 0 0
    outer loop
      vertex -813 -894 3398.99
      vertex -813 -886.241 3399.17
      vertex -813 -889.921 3401.04
    endloop
  endfacet
  facet normal 1 0 0
    outer loop
      vertex -813 -894 3398.99
      vertex -813 -889.921 3401.04
      vertex -813 -894 3401.69
    endloop
  endfacet
  facet normal 1 0 0
    outer loop
      vertex -813 -886.241 3399.17
      vertex -813 -894 3398.99
      vertex -813 -884.907 3393.74
    endloop
  endfacet
  facet normal 1 -0 0
    outer loop
      vertex -813 -898.079 3401.04
      vertex -813 -894 3398.99
      vertex -813 -894 3401.69
    endloop
  endfacet
  facet normal 1 -0 0
    outer loop
      vertex -813 -901.759 3399.17
      vertex -813 -894 3398.99
      vertex -813 -898.079 3401.04
    endloop
  endfacet
  facet normal 1 0 0
    outer loop
      vertex -813 -901.759 3399.17
      vertex -813 -903.093 3393.74
      vertex -813 -894 3398.99
    endloop
  endfacet
  facet normal 1 0 0
    outer loop
      vertex -813 -906.554 3392.57
      vertex -813 -903.093 3393.74
      vertex -813 -904.679 3396.25
    endloop
  endfacet
  facet normal 1 -0 0
    outer loop
      vertex -813 -904.679 3396.25
      vertex -813 -903.093 3393.74
      vertex -813 -901.759 3399.17
    endloop
  endfacet
  facet normal 1 0 0
    outer loop
      vertex -813 -881.446 3384.41
      vertex -813 -884.907 3383.24
      vertex -813 -883.321 3380.73
    endloop
  endfacet
  facet normal 1 0 0
    outer loop
      vertex -813 -884.907 3383.24
      vertex -813 -886.241 3377.81
      vertex -813 -883.321 3380.73
    endloop
  endfacet
  facet normal 1 -0 0
    outer loop
      vertex -813 -894 3377.99
      vertex -813 -886.241 3377.81
      vertex -813 -884.907 3383.24
    endloop
  endfacet
  facet normal 1 0 0
    outer loop
      vertex -813 -886.241 3377.81
      vertex -813 -894 3377.99
      vertex -813 -889.921 3375.93
    endloop
  endfacet
  facet normal 1 0 0
    outer loop
      vertex -813 -894 3377.99
      vertex -813 -894 3375.29
      vertex -813 -889.921 3375.93
    endloop
  endfacet
  facet normal 1 0 0
    outer loop
      vertex -813 -894 3377.99
      vertex -813 -898.079 3375.93
      vertex -813 -894 3375.29
    endloop
  endfacet
  facet normal 1 0 0
    outer loop
      vertex -813 -894 3377.99
      vertex -813 -901.759 3377.81
      vertex -813 -898.079 3375.93
    endloop
  endfacet
  facet normal 1 0 0
    outer loop
      vertex -813 -903.093 3383.24
      vertex -813 -901.759 3377.81
      vertex -813 -894 3377.99
    endloop
  endfacet
  facet normal 1 0 0
    outer loop
      vertex -813 -903.093 3383.24
      vertex -813 -904.679 3380.73
      vertex -813 -901.759 3377.81
    endloop
  endfacet
  facet normal 1 0 0
    outer loop
      vertex -813 -907.2 3388.49
      vertex -813 -903.093 3393.74
      vertex -813 -906.554 3392.57
    endloop
  endfacet
  facet normal 1 0 0
    outer loop
      vertex -813 -903.093 3393.74
      vertex -813 -907.2 3388.49
      vertex -813 -903.093 3383.24
    endloop
  endfacet
  facet normal 1 0 0
    outer loop
      vertex -813 -903.093 3383.24
      vertex -813 -906.554 3384.41
      vertex -813 -904.679 3380.73
    endloop
  endfacet
  facet normal 1 0 0
    outer loop
      vertex -813 -903.093 3383.24
      vertex -813 -907.2 3388.49
      vertex -813 -906.554 3384.41
    endloop
  endfacet
  facet normal 0 -0.157367 0.98754
    outer loop
      vertex -816 -894 3401.69
      vertex -813 -898.079 3401.04
      vertex -813 -894 3401.69
    endloop
  endfacet
  facet normal 0 -0.157367 0.98754
    outer loop
      vertex -813 -898.079 3401.04
      vertex -816 -894 3401.69
      vertex -816 -898.079 3401.04
    endloop
  endfacet
  facet normal 0 -0.891012 0.45398
    outer loop
      vertex -816 -906.554 3392.57
      vertex -813 -904.679 3396.25
      vertex -816 -904.679 3396.25
    endloop
  endfacet
  facet normal 0 -0.891012 0.45398
    outer loop
      vertex -813 -904.679 3396.25
      vertex -816 -906.554 3392.57
      vertex -813 -906.554 3392.57
    endloop
  endfacet
  facet normal -0 0.707107 0.707107
    outer loop
      vertex -816 -883.321 3396.25
      vertex -813 -886.241 3399.17
      vertex -813 -883.321 3396.25
    endloop
  endfacet
  facet normal 0 0.707107 0.707107
    outer loop
      vertex -813 -886.241 3399.17
      vertex -816 -883.321 3396.25
      vertex -816 -886.241 3399.17
    endloop
  endfacet
  facet normal 0 -1 0
    outer loop
      vertex -813 -903.093 3383.24
      vertex -803 -903.093 3393.74
      vertex -813 -903.093 3393.74
    endloop
  endfacet
  facet normal 0 -1 -0
    outer loop
      vertex -803 -903.093 3393.74
      vertex -813 -903.093 3383.24
      vertex -803 -903.093 3383.24
    endloop
  endfacet
  facet normal 0 -0.500011 -0.866019
    outer loop
      vertex -813 -903.093 3383.24
      vertex -803 -894 3377.99
      vertex -803 -903.093 3383.24
    endloop
  endfacet
  facet normal -0 -0.500011 -0.866019
    outer loop
      vertex -803 -894 3377.99
      vertex -813 -903.093 3383.24
      vertex -813 -894 3377.99
    endloop
  endfacet
  facet normal 0 1 -0
    outer loop
      vertex -803 -884.907 3383.24
      vertex -813 -884.907 3393.74
      vertex -803 -884.907 3393.74
    endloop
  endfacet
  facet normal 0 1 0
    outer loop
      vertex -813 -884.907 3393.74
      vertex -803 -884.907 3383.24
      vertex -813 -884.907 3383.24
    endloop
  endfacet
  facet normal 0 0.500011 -0.866019
    outer loop
      vertex -813 -894 3377.99
      vertex -803 -884.907 3383.24
      vertex -803 -894 3377.99
    endloop
  endfacet
  facet normal 0 0.500011 -0.866019
    outer loop
      vertex -803 -884.907 3383.24
      vertex -813 -894 3377.99
      vertex -813 -884.907 3383.24
    endloop
  endfacet
  facet normal -0 0.500011 0.866019
    outer loop
      vertex -813 -884.907 3393.74
      vertex -803 -894 3398.99
      vertex -803 -884.907 3393.74
    endloop
  endfacet
  facet normal 0 0.500011 0.866019
    outer loop
      vertex -803 -894 3398.99
      vertex -813 -884.907 3393.74
      vertex -813 -894 3398.99
    endloop
  endfacet
  facet normal 0 -0.500011 0.866019
    outer loop
      vertex -813 -894 3398.99
      vertex -803 -903.093 3393.74
      vertex -803 -894 3398.99
    endloop
  endfacet
  facet normal 0 -0.500011 0.866019
    outer loop
      vertex -803 -903.093 3393.74
      vertex -813 -894 3398.99
      vertex -813 -903.093 3393.74
    endloop
  endfacet
  facet normal 1 0 0
    outer loop
      vertex -803 -894 3398.99
      vertex -803 -884.907 3383.24
      vertex -803 -884.907 3393.74
    endloop
  endfacet
  facet normal 1 0 0
    outer loop
      vertex -803 -894 3398.99
      vertex -803 -894 3377.99
      vertex -803 -884.907 3383.24
    endloop
  endfacet
  facet normal 1 -0 0
    outer loop
      vertex -803 -903.093 3393.74
      vertex -803 -894 3377.99
      vertex -803 -894 3398.99
    endloop
  endfacet
  facet normal 1 0 0
    outer loop
      vertex -803 -894 3377.99
      vertex -803 -903.093 3393.74
      vertex -803 -903.093 3383.24
    endloop
  endfacet
  facet normal -0 0.157367 0.98754
    outer loop
      vertex -979 898.079 3195.76
      vertex -976 894 3196.41
      vertex -976 898.079 3195.76
    endloop
  endfacet
  facet normal 0 0.157367 0.98754
    outer loop
      vertex -976 894 3196.41
      vertex -979 898.079 3195.76
      vertex -979 894 3196.41
    endloop
  endfacet
  facet normal -0 0.454941 0.890522
    outer loop
      vertex -979 901.759 3193.88
      vertex -976 898.079 3195.76
      vertex -976 901.759 3193.88
    endloop
  endfacet
  facet normal 0 0.454941 0.890522
    outer loop
      vertex -976 898.079 3195.76
      vertex -979 901.759 3193.88
      vertex -979 898.079 3195.76
    endloop
  endfacet
  facet normal 0 -0.987637 0.15676
    outer loop
      vertex -979 880.8 3183.21
      vertex -976 881.446 3187.28
      vertex -979 881.446 3187.28
    endloop
  endfacet
  facet normal 0 -0.987637 0.15676
    outer loop
      vertex -976 881.446 3187.28
      vertex -979 880.8 3183.21
      vertex -976 880.8 3183.21
    endloop
  endfacet
  facet normal 0 -0.707107 0.707107
    outer loop
      vertex -979 883.321 3190.96
      vertex -976 886.241 3193.88
      vertex -979 886.241 3193.88
    endloop
  endfacet
  facet normal 0 -0.707107 0.707107
    outer loop
      vertex -976 886.241 3193.88
      vertex -979 883.321 3190.96
      vertex -976 883.321 3190.96
    endloop
  endfacet
  facet normal 0 0.707107 0.707107
    outer loop
      vertex -976 904.679 3190.96
      vertex -979 901.759 3193.88
      vertex -976 901.759 3193.88
    endloop
  endfacet
  facet normal 0 0.707107 0.707107
    outer loop
      vertex -979 901.759 3193.88
      vertex -976 904.679 3190.96
      vertex -979 904.679 3190.96
    endloop
  endfacet
  facet normal 0 -0.987696 -0.156385
    outer loop
      vertex -979 881.446 3179.13
      vertex -976 880.8 3183.21
      vertex -979 880.8 3183.21
    endloop
  endfacet
  facet normal 0 -0.987696 -0.156385
    outer loop
      vertex -976 880.8 3183.21
      vertex -979 881.446 3179.13
      vertex -976 881.446 3179.13
    endloop
  endfacet
  facet normal 0 -0.891012 -0.45398
    outer loop
      vertex -979 883.321 3175.45
      vertex -976 881.446 3179.13
      vertex -979 881.446 3179.13
    endloop
  endfacet
  facet normal 0 -0.891012 -0.45398
    outer loop
      vertex -976 881.446 3179.13
      vertex -979 883.321 3175.45
      vertex -976 883.321 3175.45
    endloop
  endfacet
  facet normal -1 0 0
    outer loop
      vertex -979 903.093 3177.96
      vertex -979 907.2 3183.21
      vertex -979 906.554 3179.13
    endloop
  endfacet
  facet normal -1 0 0
    outer loop
      vertex -979 903.093 3177.96
      vertex -979 906.554 3179.13
      vertex -979 904.679 3175.45
    endloop
  endfacet
  facet normal -1 0 0
    outer loop
      vertex -979 903.093 3188.46
      vertex -979 907.2 3183.21
      vertex -979 903.093 3177.96
    endloop
  endfacet
  facet normal -1 0 0
    outer loop
      vertex -979 907.2 3183.21
      vertex -979 903.093 3188.46
      vertex -979 906.554 3187.28
    endloop
  endfacet
  facet normal -1 0 0
    outer loop
      vertex -979 901.759 3172.53
      vertex -979 903.093 3177.96
      vertex -979 904.679 3175.45
    endloop
  endfacet
  facet normal -1 0 0
    outer loop
      vertex -979 894 3172.71
      vertex -979 901.759 3172.53
      vertex -979 898.079 3170.65
    endloop
  endfacet
  facet normal -1 0 0
    outer loop
      vertex -979 894 3172.71
      vertex -979 898.079 3170.65
      vertex -979 894 3170.01
    endloop
  endfacet
  facet normal -1 0 0
    outer loop
      vertex -979 901.759 3172.53
      vertex -979 894 3172.71
      vertex -979 903.093 3177.96
    endloop
  endfacet
  facet normal -1 0 0
    outer loop
      vertex -979 889.921 3170.65
      vertex -979 894 3172.71
      vertex -979 894 3170.01
    endloop
  endfacet
  facet normal -1 0 0
    outer loop
      vertex -979 886.241 3172.53
      vertex -979 894 3172.71
      vertex -979 889.921 3170.65
    endloop
  endfacet
  facet normal -1 0 0
    outer loop
      vertex -979 886.241 3172.53
      vertex -979 884.907 3177.96
      vertex -979 894 3172.71
    endloop
  endfacet
  facet normal -1 0 0
    outer loop
      vertex -979 881.446 3179.13
      vertex -979 884.907 3177.96
      vertex -979 883.321 3175.45
    endloop
  endfacet
  facet normal -1 0 0
    outer loop
      vertex -979 883.321 3175.45
      vertex -979 884.907 3177.96
      vertex -979 886.241 3172.53
    endloop
  endfacet
  facet normal -1 0 0
    outer loop
      vertex -979 906.554 3187.28
      vertex -979 903.093 3188.46
      vertex -979 904.679 3190.96
    endloop
  endfacet
  facet normal -1 0 0
    outer loop
      vertex -979 903.093 3188.46
      vertex -979 901.759 3193.88
      vertex -979 904.679 3190.96
    endloop
  endfacet
  facet normal -1 0 0
    outer loop
      vertex -979 894 3193.71
      vertex -979 901.759 3193.88
      vertex -979 903.093 3188.46
    endloop
  endfacet
  facet normal -1 -0 0
    outer loop
      vertex -979 901.759 3193.88
      vertex -979 894 3193.71
      vertex -979 898.079 3195.76
    endloop
  endfacet
  facet normal -1 0 0
    outer loop
      vertex -979 894 3193.71
      vertex -979 894 3196.41
      vertex -979 898.079 3195.76
    endloop
  endfacet
  facet normal -1 0 0
    outer loop
      vertex -979 894 3193.71
      vertex -979 889.921 3195.76
      vertex -979 894 3196.41
    endloop
  endfacet
  facet normal -1 0 0
    outer loop
      vertex -979 894 3193.71
      vertex -979 886.241 3193.88
      vertex -979 889.921 3195.76
    endloop
  endfacet
  facet normal -1 0 0
    outer loop
      vertex -979 884.907 3188.46
      vertex -979 886.241 3193.88
      vertex -979 894 3193.71
    endloop
  endfacet
  facet normal -1 0 0
    outer loop
      vertex -979 884.907 3188.46
      vertex -979 883.321 3190.96
      vertex -979 886.241 3193.88
    endloop
  endfacet
  facet normal -1 0 0
    outer loop
      vertex -979 880.8 3183.21
      vertex -979 884.907 3177.96
      vertex -979 881.446 3179.13
    endloop
  endfacet
  facet normal -1 0 0
    outer loop
      vertex -979 884.907 3177.96
      vertex -979 880.8 3183.21
      vertex -979 884.907 3188.46
    endloop
  endfacet
  facet normal -1 -0 0
    outer loop
      vertex -979 884.907 3188.46
      vertex -979 881.446 3187.28
      vertex -979 883.321 3190.96
    endloop
  endfacet
  facet normal -1 0 0
    outer loop
      vertex -979 884.907 3188.46
      vertex -979 880.8 3183.21
      vertex -979 881.446 3187.28
    endloop
  endfacet
  facet normal 0 0.155005 -0.987914
    outer loop
      vertex -979 894 3170.01
      vertex -976 898.079 3170.65
      vertex -976 894 3170.01
    endloop
  endfacet
  facet normal 0 0.155005 -0.987914
    outer loop
      vertex -976 898.079 3170.65
      vertex -979 894 3170.01
      vertex -979 898.079 3170.65
    endloop
  endfacet
  facet normal 0 0.707107 -0.707107
    outer loop
      vertex -979 901.759 3172.53
      vertex -976 904.679 3175.45
      vertex -976 901.759 3172.53
    endloop
  endfacet
  facet normal 0 0.707107 -0.707107
    outer loop
      vertex -976 904.679 3175.45
      vertex -979 901.759 3172.53
      vertex -979 904.679 3175.45
    endloop
  endfacet
  facet normal 0 -0.155005 -0.987914
    outer loop
      vertex -979 889.921 3170.65
      vertex -976 894 3170.01
      vertex -976 889.921 3170.65
    endloop
  endfacet
  facet normal -0 -0.155005 -0.987914
    outer loop
      vertex -976 894 3170.01
      vertex -979 889.921 3170.65
      vertex -979 894 3170.01
    endloop
  endfacet
  facet normal 0 0.891012 0.45398
    outer loop
      vertex -976 906.554 3187.28
      vertex -979 904.679 3190.96
      vertex -976 904.679 3190.96
    endloop
  endfacet
  facet normal 0 0.891012 0.45398
    outer loop
      vertex -979 904.679 3190.96
      vertex -976 906.554 3187.28
      vertex -979 906.554 3187.28
    endloop
  endfacet
  facet normal 0 0.987696 -0.156385
    outer loop
      vertex -976 906.554 3179.13
      vertex -979 907.2 3183.21
      vertex -976 907.2 3183.21
    endloop
  endfacet
  facet normal 0 0.987696 -0.156385
    outer loop
      vertex -979 907.2 3183.21
      vertex -976 906.554 3179.13
      vertex -979 906.554 3179.13
    endloop
  endfacet
  facet normal 0 0.987637 0.15676
    outer loop
      vertex -976 907.2 3183.21
      vertex -979 906.554 3187.28
      vertex -976 906.554 3187.28
    endloop
  endfacet
  facet normal 0 0.987637 0.15676
    outer loop
      vertex -979 906.554 3187.28
      vertex -976 907.2 3183.21
      vertex -979 907.2 3183.21
    endloop
  endfacet
  facet normal 0 -0.707107 -0.707107
    outer loop
      vertex -979 883.321 3175.45
      vertex -976 886.241 3172.53
      vertex -976 883.321 3175.45
    endloop
  endfacet
  facet normal -0 -0.707107 -0.707107
    outer loop
      vertex -976 886.241 3172.53
      vertex -979 883.321 3175.45
      vertex -979 886.241 3172.53
    endloop
  endfacet
  facet normal 0 -0.891012 0.45398
    outer loop
      vertex -979 881.446 3187.28
      vertex -976 883.321 3190.96
      vertex -979 883.321 3190.96
    endloop
  endfacet
  facet normal 0 -0.891012 0.45398
    outer loop
      vertex -976 883.321 3190.96
      vertex -979 881.446 3187.28
      vertex -976 881.446 3187.28
    endloop
  endfacet
  facet normal 0 0.891012 -0.45398
    outer loop
      vertex -976 904.679 3175.45
      vertex -979 906.554 3179.13
      vertex -976 906.554 3179.13
    endloop
  endfacet
  facet normal 0 0.891012 -0.45398
    outer loop
      vertex -979 906.554 3179.13
      vertex -976 904.679 3175.45
      vertex -979 904.679 3175.45
    endloop
  endfacet
  facet normal 0 -0.454941 -0.890522
    outer loop
      vertex -979 886.241 3172.53
      vertex -976 889.921 3170.65
      vertex -976 886.241 3172.53
    endloop
  endfacet
  facet normal -0 -0.454941 -0.890522
    outer loop
      vertex -976 889.921 3170.65
      vertex -979 886.241 3172.53
      vertex -979 889.921 3170.65
    endloop
  endfacet
  facet normal 0 0.454941 -0.890522
    outer loop
      vertex -979 898.079 3170.65
      vertex -976 901.759 3172.53
      vertex -976 898.079 3170.65
    endloop
  endfacet
  facet normal 0 0.454941 -0.890522
    outer loop
      vertex -976 901.759 3172.53
      vertex -979 898.079 3170.65
      vertex -979 901.759 3172.53
    endloop
  endfacet
  facet normal 0 -0.454941 0.890522
    outer loop
      vertex -979 889.921 3195.76
      vertex -976 886.241 3193.88
      vertex -976 889.921 3195.76
    endloop
  endfacet
  facet normal 0 -0.454941 0.890522
    outer loop
      vertex -976 886.241 3193.88
      vertex -979 889.921 3195.76
      vertex -979 886.241 3193.88
    endloop
  endfacet
  facet normal 0 -0.157367 0.98754
    outer loop
      vertex -979 894 3196.41
      vertex -976 889.921 3195.76
      vertex -976 894 3196.41
    endloop
  endfacet
  facet normal 0 -0.157367 0.98754
    outer loop
      vertex -976 889.921 3195.76
      vertex -979 894 3196.41
      vertex -979 889.921 3195.76
    endloop
  endfacet
  facet normal 0 -1 0
    outer loop
      vertex -987 884.907 3177.96
      vertex -979 884.907 3188.46
      vertex -987 884.907 3188.46
    endloop
  endfacet
  facet normal 0 -1 -0
    outer loop
      vertex -979 884.907 3188.46
      vertex -987 884.907 3177.96
      vertex -979 884.907 3177.96
    endloop
  endfacet
  facet normal 0 -0.500011 0.866019
    outer loop
      vertex -987 894 3193.71
      vertex -979 884.907 3188.46
      vertex -979 894 3193.71
    endloop
  endfacet
  facet normal 0 -0.500011 0.866019
    outer loop
      vertex -979 884.907 3188.46
      vertex -987 894 3193.71
      vertex -987 884.907 3188.46
    endloop
  endfacet
  facet normal 0 1 -0
    outer loop
      vertex -979 903.093 3177.96
      vertex -987 903.093 3188.46
      vertex -979 903.093 3188.46
    endloop
  endfacet
  facet normal 0 1 0
    outer loop
      vertex -987 903.093 3188.46
      vertex -979 903.093 3177.96
      vertex -987 903.093 3177.96
    endloop
  endfacet
  facet normal -0 0.500011 0.866019
    outer loop
      vertex -987 903.093 3188.46
      vertex -979 894 3193.71
      vertex -979 903.093 3188.46
    endloop
  endfacet
  facet normal 0 0.500011 0.866019
    outer loop
      vertex -979 894 3193.71
      vertex -987 903.093 3188.46
      vertex -987 894 3193.71
    endloop
  endfacet
  facet normal 0 0.500011 -0.866019
    outer loop
      vertex -987 894 3172.71
      vertex -979 903.093 3177.96
      vertex -979 894 3172.71
    endloop
  endfacet
  facet normal 0 0.500011 -0.866019
    outer loop
      vertex -979 903.093 3177.96
      vertex -987 894 3172.71
      vertex -987 903.093 3177.96
    endloop
  endfacet
  facet normal 0 -0.500011 -0.866019
    outer loop
      vertex -987 884.907 3177.96
      vertex -979 894 3172.71
      vertex -979 884.907 3177.96
    endloop
  endfacet
  facet normal -0 -0.500011 -0.866019
    outer loop
      vertex -979 894 3172.71
      vertex -987 884.907 3177.96
      vertex -987 894 3172.71
    endloop
  endfacet
  facet normal -1 0 0
    outer loop
      vertex -987 894 3172.71
      vertex -987 903.093 3188.46
      vertex -987 903.093 3177.96
    endloop
  endfacet
  facet normal -1 0 0
    outer loop
      vertex -987 894 3172.71
      vertex -987 894 3193.71
      vertex -987 903.093 3188.46
    endloop
  endfacet
  facet normal -1 0 0
    outer loop
      vertex -987 884.907 3177.96
      vertex -987 894 3193.71
      vertex -987 894 3172.71
    endloop
  endfacet
  facet normal -1 0 0
    outer loop
      vertex -987 894 3193.71
      vertex -987 884.907 3177.96
      vertex -987 884.907 3188.46
    endloop
  endfacet
  facet normal 0 0.454941 -0.890522
    outer loop
      vertex -816 898.079 3170.65
      vertex -813 901.759 3172.53
      vertex -813 898.079 3170.65
    endloop
  endfacet
  facet normal 0 0.454941 -0.890522
    outer loop
      vertex -813 901.759 3172.53
      vertex -816 898.079 3170.65
      vertex -816 901.759 3172.53
    endloop
  endfacet
  facet normal 0 0.155005 -0.987914
    outer loop
      vertex -816 894 3170.01
      vertex -813 898.079 3170.65
      vertex -813 894 3170.01
    endloop
  endfacet
  facet normal 0 0.155005 -0.987914
    outer loop
      vertex -813 898.079 3170.65
      vertex -816 894 3170.01
      vertex -816 898.079 3170.65
    endloop
  endfacet
  facet normal 0 0.707107 -0.707107
    outer loop
      vertex -816 901.759 3172.53
      vertex -813 904.679 3175.45
      vertex -813 901.759 3172.53
    endloop
  endfacet
  facet normal 0 0.707107 -0.707107
    outer loop
      vertex -813 904.679 3175.45
      vertex -816 901.759 3172.53
      vertex -816 904.679 3175.45
    endloop
  endfacet
  facet normal 0 -0.987696 -0.156385
    outer loop
      vertex -816 881.446 3179.13
      vertex -813 880.8 3183.21
      vertex -816 880.8 3183.21
    endloop
  endfacet
  facet normal 0 -0.987696 -0.156385
    outer loop
      vertex -813 880.8 3183.21
      vertex -816 881.446 3179.13
      vertex -813 881.446 3179.13
    endloop
  endfacet
  facet normal 0 0.891012 -0.45398
    outer loop
      vertex -813 904.679 3175.45
      vertex -816 906.554 3179.13
      vertex -813 906.554 3179.13
    endloop
  endfacet
  facet normal 0 0.891012 -0.45398
    outer loop
      vertex -816 906.554 3179.13
      vertex -813 904.679 3175.45
      vertex -816 904.679 3175.45
    endloop
  endfacet
  facet normal 0 0.891012 0.45398
    outer loop
      vertex -813 906.554 3187.28
      vertex -816 904.679 3190.96
      vertex -813 904.679 3190.96
    endloop
  endfacet
  facet normal 0 0.891012 0.45398
    outer loop
      vertex -816 904.679 3190.96
      vertex -813 906.554 3187.28
      vertex -816 906.554 3187.28
    endloop
  endfacet
  facet normal 0 -0.891012 -0.45398
    outer loop
      vertex -816 883.321 3175.45
      vertex -813 881.446 3179.13
      vertex -816 881.446 3179.13
    endloop
  endfacet
  facet normal 0 -0.891012 -0.45398
    outer loop
      vertex -813 881.446 3179.13
      vertex -816 883.321 3175.45
      vertex -813 883.321 3175.45
    endloop
  endfacet
  facet normal 0 -0.707107 -0.707107
    outer loop
      vertex -816 883.321 3175.45
      vertex -813 886.241 3172.53
      vertex -813 883.321 3175.45
    endloop
  endfacet
  facet normal -0 -0.707107 -0.707107
    outer loop
      vertex -813 886.241 3172.53
      vertex -816 883.321 3175.45
      vertex -816 886.241 3172.53
    endloop
  endfacet
  facet normal 0 -0.987637 0.15676
    outer loop
      vertex -816 880.8 3183.21
      vertex -813 881.446 3187.28
      vertex -816 881.446 3187.28
    endloop
  endfacet
  facet normal 0 -0.987637 0.15676
    outer loop
      vertex -813 881.446 3187.28
      vertex -816 880.8 3183.21
      vertex -813 880.8 3183.21
    endloop
  endfacet
  facet normal -0 0.454941 0.890522
    outer loop
      vertex -816 901.759 3193.88
      vertex -813 898.079 3195.76
      vertex -813 901.759 3193.88
    endloop
  endfacet
  facet normal 0 0.454941 0.890522
    outer loop
      vertex -813 898.079 3195.76
      vertex -816 901.759 3193.88
      vertex -816 898.079 3195.76
    endloop
  endfacet
  facet normal 0 -0.155005 -0.987914
    outer loop
      vertex -816 889.921 3170.65
      vertex -813 894 3170.01
      vertex -813 889.921 3170.65
    endloop
  endfacet
  facet normal -0 -0.155005 -0.987914
    outer loop
      vertex -813 894 3170.01
      vertex -816 889.921 3170.65
      vertex -816 894 3170.01
    endloop
  endfacet
  facet normal -0 0.157367 0.98754
    outer loop
      vertex -816 898.079 3195.76
      vertex -813 894 3196.41
      vertex -813 898.079 3195.76
    endloop
  endfacet
  facet normal 0 0.157367 0.98754
    outer loop
      vertex -813 894 3196.41
      vertex -816 898.079 3195.76
      vertex -816 894 3196.41
    endloop
  endfacet
  facet normal 0 -0.454941 -0.890522
    outer loop
      vertex -816 886.241 3172.53
      vertex -813 889.921 3170.65
      vertex -813 886.241 3172.53
    endloop
  endfacet
  facet normal -0 -0.454941 -0.890522
    outer loop
      vertex -813 889.921 3170.65
      vertex -816 886.241 3172.53
      vertex -816 889.921 3170.65
    endloop
  endfacet
  facet normal 0 0.987696 -0.156385
    outer loop
      vertex -813 906.554 3179.13
      vertex -816 907.2 3183.21
      vertex -813 907.2 3183.21
    endloop
  endfacet
  facet normal 0 0.987696 -0.156385
    outer loop
      vertex -816 907.2 3183.21
      vertex -813 906.554 3179.13
      vertex -816 906.554 3179.13
    endloop
  endfacet
  facet normal 0 -0.454941 0.890522
    outer loop
      vertex -816 889.921 3195.76
      vertex -813 886.241 3193.88
      vertex -813 889.921 3195.76
    endloop
  endfacet
  facet normal 0 -0.454941 0.890522
    outer loop
      vertex -813 886.241 3193.88
      vertex -816 889.921 3195.76
      vertex -816 886.241 3193.88
    endloop
  endfacet
  facet normal 0 0.987637 0.15676
    outer loop
      vertex -813 907.2 3183.21
      vertex -816 906.554 3187.28
      vertex -813 906.554 3187.28
    endloop
  endfacet
  facet normal 0 0.987637 0.15676
    outer loop
      vertex -816 906.554 3187.28
      vertex -813 907.2 3183.21
      vertex -816 907.2 3183.21
    endloop
  endfacet
  facet normal 0 -0.707107 0.707107
    outer loop
      vertex -816 883.321 3190.96
      vertex -813 886.241 3193.88
      vertex -816 886.241 3193.88
    endloop
  endfacet
  facet normal 0 -0.707107 0.707107
    outer loop
      vertex -813 886.241 3193.88
      vertex -816 883.321 3190.96
      vertex -813 883.321 3190.96
    endloop
  endfacet
  facet normal 1 0 0
    outer loop
      vertex -813 903.093 3188.46
      vertex -813 907.2 3183.21
      vertex -813 906.554 3187.28
    endloop
  endfacet
  facet normal 1 -0 0
    outer loop
      vertex -813 903.093 3188.46
      vertex -813 906.554 3187.28
      vertex -813 904.679 3190.96
    endloop
  endfacet
  facet normal 1 0 0
    outer loop
      vertex -813 903.093 3177.96
      vertex -813 907.2 3183.21
      vertex -813 903.093 3188.46
    endloop
  endfacet
  facet normal 1 0 0
    outer loop
      vertex -813 907.2 3183.21
      vertex -813 903.093 3177.96
      vertex -813 906.554 3179.13
    endloop
  endfacet
  facet normal 1 0 0
    outer loop
      vertex -813 901.759 3193.88
      vertex -813 903.093 3188.46
      vertex -813 904.679 3190.96
    endloop
  endfacet
  facet normal 1 0 0
    outer loop
      vertex -813 894 3193.71
      vertex -813 901.759 3193.88
      vertex -813 898.079 3195.76
    endloop
  endfacet
  facet normal 1 0 0
    outer loop
      vertex -813 894 3193.71
      vertex -813 898.079 3195.76
      vertex -813 894 3196.41
    endloop
  endfacet
  facet normal 1 0 0
    outer loop
      vertex -813 901.759 3193.88
      vertex -813 894 3193.71
      vertex -813 903.093 3188.46
    endloop
  endfacet
  facet normal 1 -0 0
    outer loop
      vertex -813 889.921 3195.76
      vertex -813 894 3193.71
      vertex -813 894 3196.41
    endloop
  endfacet
  facet normal 1 -0 0
    outer loop
      vertex -813 886.241 3193.88
      vertex -813 894 3193.71
      vertex -813 889.921 3195.76
    endloop
  endfacet
  facet normal 1 0 0
    outer loop
      vertex -813 886.241 3193.88
      vertex -813 884.907 3188.46
      vertex -813 894 3193.71
    endloop
  endfacet
  facet normal 1 0 0
    outer loop
      vertex -813 881.446 3187.28
      vertex -813 884.907 3188.46
      vertex -813 883.321 3190.96
    endloop
  endfacet
  facet normal 1 -0 0
    outer loop
      vertex -813 883.321 3190.96
      vertex -813 884.907 3188.46
      vertex -813 886.241 3193.88
    endloop
  endfacet
  facet normal 1 0 0
    outer loop
      vertex -813 906.554 3179.13
      vertex -813 903.093 3177.96
      vertex -813 904.679 3175.45
    endloop
  endfacet
  facet normal 1 0 0
    outer loop
      vertex -813 903.093 3177.96
      vertex -813 901.759 3172.53
      vertex -813 904.679 3175.45
    endloop
  endfacet
  facet normal 1 -0 0
    outer loop
      vertex -813 894 3172.71
      vertex -813 901.759 3172.53
      vertex -813 903.093 3177.96
    endloop
  endfacet
  facet normal 1 0 0
    outer loop
      vertex -813 901.759 3172.53
      vertex -813 894 3172.71
      vertex -813 898.079 3170.65
    endloop
  endfacet
  facet normal 1 0 0
    outer loop
      vertex -813 894 3172.71
      vertex -813 894 3170.01
      vertex -813 898.079 3170.65
    endloop
  endfacet
  facet normal 1 0 0
    outer loop
      vertex -813 894 3172.71
      vertex -813 889.921 3170.65
      vertex -813 894 3170.01
    endloop
  endfacet
  facet normal 1 0 0
    outer loop
      vertex -813 894 3172.71
      vertex -813 886.241 3172.53
      vertex -813 889.921 3170.65
    endloop
  endfacet
  facet normal 1 0 0
    outer loop
      vertex -813 884.907 3177.96
      vertex -813 886.241 3172.53
      vertex -813 894 3172.71
    endloop
  endfacet
  facet normal 1 0 0
    outer loop
      vertex -813 884.907 3177.96
      vertex -813 883.321 3175.45
      vertex -813 886.241 3172.53
    endloop
  endfacet
  facet normal 1 0 0
    outer loop
      vertex -813 880.8 3183.21
      vertex -813 884.907 3188.46
      vertex -813 881.446 3187.28
    endloop
  endfacet
  facet normal 1 0 0
    outer loop
      vertex -813 884.907 3188.46
      vertex -813 880.8 3183.21
      vertex -813 884.907 3177.96
    endloop
  endfacet
  facet normal 1 0 0
    outer loop
      vertex -813 884.907 3177.96
      vertex -813 881.446 3179.13
      vertex -813 883.321 3175.45
    endloop
  endfacet
  facet normal 1 0 0
    outer loop
      vertex -813 884.907 3177.96
      vertex -813 880.8 3183.21
      vertex -813 881.446 3179.13
    endloop
  endfacet
  facet normal 0 -0.157367 0.98754
    outer loop
      vertex -816 894 3196.41
      vertex -813 889.921 3195.76
      vertex -813 894 3196.41
    endloop
  endfacet
  facet normal 0 -0.157367 0.98754
    outer loop
      vertex -813 889.921 3195.76
      vertex -816 894 3196.41
      vertex -816 889.921 3195.76
    endloop
  endfacet
  facet normal 0 -0.891012 0.45398
    outer loop
      vertex -816 881.446 3187.28
      vertex -813 883.321 3190.96
      vertex -816 883.321 3190.96
    endloop
  endfacet
  facet normal 0 -0.891012 0.45398
    outer loop
      vertex -813 883.321 3190.96
      vertex -816 881.446 3187.28
      vertex -813 881.446 3187.28
    endloop
  endfacet
  facet normal 0 0.707107 0.707107
    outer loop
      vertex -813 904.679 3190.96
      vertex -816 901.759 3193.88
      vertex -813 901.759 3193.88
    endloop
  endfacet
  facet normal 0 0.707107 0.707107
    outer loop
      vertex -816 901.759 3193.88
      vertex -813 904.679 3190.96
      vertex -816 904.679 3190.96
    endloop
  endfacet
  facet normal 0 -1 0
    outer loop
      vertex -813 884.907 3177.96
      vertex -803 884.907 3188.46
      vertex -813 884.907 3188.46
    endloop
  endfacet
  facet normal 0 -1 -0
    outer loop
      vertex -803 884.907 3188.46
      vertex -813 884.907 3177.96
      vertex -803 884.907 3177.96
    endloop
  endfacet
  facet normal 0 -0.500011 -0.866019
    outer loop
      vertex -813 884.907 3177.96
      vertex -803 894 3172.71
      vertex -803 884.907 3177.96
    endloop
  endfacet
  facet normal -0 -0.500011 -0.866019
    outer loop
      vertex -803 894 3172.71
      vertex -813 884.907 3177.96
      vertex -813 894 3172.71
    endloop
  endfacet
  facet normal 0 1 -0
    outer loop
      vertex -803 903.093 3177.96
      vertex -813 903.093 3188.46
      vertex -803 903.093 3188.46
    endloop
  endfacet
  facet normal 0 1 0
    outer loop
      vertex -813 903.093 3188.46
      vertex -803 903.093 3177.96
      vertex -813 903.093 3177.96
    endloop
  endfacet
  facet normal 0 0.500011 -0.866019
    outer loop
      vertex -813 894 3172.71
      vertex -803 903.093 3177.96
      vertex -803 894 3172.71
    endloop
  endfacet
  facet normal 0 0.500011 -0.866019
    outer loop
      vertex -803 903.093 3177.96
      vertex -813 894 3172.71
      vertex -813 903.093 3177.96
    endloop
  endfacet
  facet normal -0 0.500011 0.866019
    outer loop
      vertex -813 903.093 3188.46
      vertex -803 894 3193.71
      vertex -803 903.093 3188.46
    endloop
  endfacet
  facet normal 0 0.500011 0.866019
    outer loop
      vertex -803 894 3193.71
      vertex -813 903.093 3188.46
      vertex -813 894 3193.71
    endloop
  endfacet
  facet normal 0 -0.500011 0.866019
    outer loop
      vertex -813 894 3193.71
      vertex -803 884.907 3188.46
      vertex -803 894 3193.71
    endloop
  endfacet
  facet normal 0 -0.500011 0.866019
    outer loop
      vertex -803 884.907 3188.46
      vertex -813 894 3193.71
      vertex -813 884.907 3188.46
    endloop
  endfacet
  facet normal 1 0 0
    outer loop
      vertex -803 894 3193.71
      vertex -803 903.093 3177.96
      vertex -803 903.093 3188.46
    endloop
  endfacet
  facet normal 1 0 0
    outer loop
      vertex -803 894 3193.71
      vertex -803 894 3172.71
      vertex -803 903.093 3177.96
    endloop
  endfacet
  facet normal 1 -0 0
    outer loop
      vertex -803 884.907 3188.46
      vertex -803 894 3172.71
      vertex -803 894 3193.71
    endloop
  endfacet
  facet normal 1 0 0
    outer loop
      vertex -803 894 3172.71
      vertex -803 884.907 3188.46
      vertex -803 884.907 3177.96
    endloop
  endfacet
  facet normal -0 0.157367 0.98754
    outer loop
      vertex -979 962.079 3140.76
      vertex -976 958 3141.41
      vertex -976 962.079 3140.76
    endloop
  endfacet
  facet normal 0 0.157367 0.98754
    outer loop
      vertex -976 958 3141.41
      vertex -979 962.079 3140.76
      vertex -979 958 3141.41
    endloop
  endfacet
  facet normal -0 0.454941 0.890522
    outer loop
      vertex -979 965.759 3138.88
      vertex -976 962.079 3140.76
      vertex -976 965.759 3138.88
    endloop
  endfacet
  facet normal 0 0.454941 0.890522
    outer loop
      vertex -976 962.079 3140.76
      vertex -979 965.759 3138.88
      vertex -979 962.079 3140.76
    endloop
  endfacet
  facet normal 0 -0.987637 0.15676
    outer loop
      vertex -979 944.8 3128.21
      vertex -976 945.446 3132.28
      vertex -979 945.446 3132.28
    endloop
  endfacet
  facet normal 0 -0.987637 0.15676
    outer loop
      vertex -976 945.446 3132.28
      vertex -979 944.8 3128.21
      vertex -976 944.8 3128.21
    endloop
  endfacet
  facet normal 0 -0.707107 0.707107
    outer loop
      vertex -979 947.321 3135.96
      vertex -976 950.241 3138.88
      vertex -979 950.241 3138.88
    endloop
  endfacet
  facet normal 0 -0.707107 0.707107
    outer loop
      vertex -976 950.241 3138.88
      vertex -979 947.321 3135.96
      vertex -976 947.321 3135.96
    endloop
  endfacet
  facet normal 0 0.707107 0.707107
    outer loop
      vertex -976 968.679 3135.96
      vertex -979 965.759 3138.88
      vertex -976 965.759 3138.88
    endloop
  endfacet
  facet normal 0 0.707107 0.707107
    outer loop
      vertex -979 965.759 3138.88
      vertex -976 968.679 3135.96
      vertex -979 968.679 3135.96
    endloop
  endfacet
  facet normal 0 -0.987696 -0.156385
    outer loop
      vertex -979 945.446 3124.13
      vertex -976 944.8 3128.21
      vertex -979 944.8 3128.21
    endloop
  endfacet
  facet normal 0 -0.987696 -0.156385
    outer loop
      vertex -976 944.8 3128.21
      vertex -979 945.446 3124.13
      vertex -976 945.446 3124.13
    endloop
  endfacet
  facet normal 0 -0.891012 -0.45398
    outer loop
      vertex -979 947.321 3120.45
      vertex -976 945.446 3124.13
      vertex -979 945.446 3124.13
    endloop
  endfacet
  facet normal 0 -0.891012 -0.45398
    outer loop
      vertex -976 945.446 3124.13
      vertex -979 947.321 3120.45
      vertex -976 947.321 3120.45
    endloop
  endfacet
  facet normal -1 0 0
    outer loop
      vertex -979 967.093 3122.96
      vertex -979 971.2 3128.21
      vertex -979 970.554 3124.13
    endloop
  endfacet
  facet normal -1 0 0
    outer loop
      vertex -979 967.093 3122.96
      vertex -979 970.554 3124.13
      vertex -979 968.679 3120.45
    endloop
  endfacet
  facet normal -1 0 0
    outer loop
      vertex -979 967.093 3133.46
      vertex -979 971.2 3128.21
      vertex -979 967.093 3122.96
    endloop
  endfacet
  facet normal -1 0 0
    outer loop
      vertex -979 971.2 3128.21
      vertex -979 967.093 3133.46
      vertex -979 970.554 3132.28
    endloop
  endfacet
  facet normal -1 0 0
    outer loop
      vertex -979 965.759 3117.53
      vertex -979 967.093 3122.96
      vertex -979 968.679 3120.45
    endloop
  endfacet
  facet normal -1 0 0
    outer loop
      vertex -979 958 3117.71
      vertex -979 965.759 3117.53
      vertex -979 962.079 3115.65
    endloop
  endfacet
  facet normal -1 0 0
    outer loop
      vertex -979 958 3117.71
      vertex -979 962.079 3115.65
      vertex -979 958 3115.01
    endloop
  endfacet
  facet normal -1 0 0
    outer loop
      vertex -979 965.759 3117.53
      vertex -979 958 3117.71
      vertex -979 967.093 3122.96
    endloop
  endfacet
  facet normal -1 0 0
    outer loop
      vertex -979 953.921 3115.65
      vertex -979 958 3117.71
      vertex -979 958 3115.01
    endloop
  endfacet
  facet normal -1 0 0
    outer loop
      vertex -979 950.241 3117.53
      vertex -979 958 3117.71
      vertex -979 953.921 3115.65
    endloop
  endfacet
  facet normal -1 0 0
    outer loop
      vertex -979 950.241 3117.53
      vertex -979 948.907 3122.96
      vertex -979 958 3117.71
    endloop
  endfacet
  facet normal -1 0 0
    outer loop
      vertex -979 945.446 3124.13
      vertex -979 948.907 3122.96
      vertex -979 947.321 3120.45
    endloop
  endfacet
  facet normal -1 0 0
    outer loop
      vertex -979 947.321 3120.45
      vertex -979 948.907 3122.96
      vertex -979 950.241 3117.53
    endloop
  endfacet
  facet normal -1 0 0
    outer loop
      vertex -979 970.554 3132.28
      vertex -979 967.093 3133.46
      vertex -979 968.679 3135.96
    endloop
  endfacet
  facet normal -1 0 0
    outer loop
      vertex -979 967.093 3133.46
      vertex -979 965.759 3138.88
      vertex -979 968.679 3135.96
    endloop
  endfacet
  facet normal -1 0 0
    outer loop
      vertex -979 958 3138.71
      vertex -979 965.759 3138.88
      vertex -979 967.093 3133.46
    endloop
  endfacet
  facet normal -1 -0 0
    outer loop
      vertex -979 965.759 3138.88
      vertex -979 958 3138.71
      vertex -979 962.079 3140.76
    endloop
  endfacet
  facet normal -1 0 0
    outer loop
      vertex -979 958 3138.71
      vertex -979 958 3141.41
      vertex -979 962.079 3140.76
    endloop
  endfacet
  facet normal -1 0 0
    outer loop
      vertex -979 958 3138.71
      vertex -979 953.921 3140.76
      vertex -979 958 3141.41
    endloop
  endfacet
  facet normal -1 0 0
    outer loop
      vertex -979 958 3138.71
      vertex -979 950.241 3138.88
      vertex -979 953.921 3140.76
    endloop
  endfacet
  facet normal -1 0 0
    outer loop
      vertex -979 948.907 3133.46
      vertex -979 950.241 3138.88
      vertex -979 958 3138.71
    endloop
  endfacet
  facet normal -1 0 0
    outer loop
      vertex -979 948.907 3133.46
      vertex -979 947.321 3135.96
      vertex -979 950.241 3138.88
    endloop
  endfacet
  facet normal -1 0 0
    outer loop
      vertex -979 944.8 3128.21
      vertex -979 948.907 3122.96
      vertex -979 945.446 3124.13
    endloop
  endfacet
  facet normal -1 0 0
    outer loop
      vertex -979 948.907 3122.96
      vertex -979 944.8 3128.21
      vertex -979 948.907 3133.46
    endloop
  endfacet
  facet normal -1 -0 0
    outer loop
      vertex -979 948.907 3133.46
      vertex -979 945.446 3132.28
      vertex -979 947.321 3135.96
    endloop
  endfacet
  facet normal -1 0 0
    outer loop
      vertex -979 948.907 3133.46
      vertex -979 944.8 3128.21
      vertex -979 945.446 3132.28
    endloop
  endfacet
  facet normal 0 0.155005 -0.987914
    outer loop
      vertex -979 958 3115.01
      vertex -976 962.079 3115.65
      vertex -976 958 3115.01
    endloop
  endfacet
  facet normal 0 0.155005 -0.987914
    outer loop
      vertex -976 962.079 3115.65
      vertex -979 958 3115.01
      vertex -979 962.079 3115.65
    endloop
  endfacet
  facet normal 0 0.707107 -0.707107
    outer loop
      vertex -979 965.759 3117.53
      vertex -976 968.679 3120.45
      vertex -976 965.759 3117.53
    endloop
  endfacet
  facet normal 0 0.707107 -0.707107
    outer loop
      vertex -976 968.679 3120.45
      vertex -979 965.759 3117.53
      vertex -979 968.679 3120.45
    endloop
  endfacet
  facet normal 0 -0.155005 -0.987914
    outer loop
      vertex -979 953.921 3115.65
      vertex -976 958 3115.01
      vertex -976 953.921 3115.65
    endloop
  endfacet
  facet normal -0 -0.155005 -0.987914
    outer loop
      vertex -976 958 3115.01
      vertex -979 953.921 3115.65
      vertex -979 958 3115.01
    endloop
  endfacet
  facet normal 0 0.891012 0.45398
    outer loop
      vertex -976 970.554 3132.28
      vertex -979 968.679 3135.96
      vertex -976 968.679 3135.96
    endloop
  endfacet
  facet normal 0 0.891012 0.45398
    outer loop
      vertex -979 968.679 3135.96
      vertex -976 970.554 3132.28
      vertex -979 970.554 3132.28
    endloop
  endfacet
  facet normal 0 0.987696 -0.156385
    outer loop
      vertex -976 970.554 3124.13
      vertex -979 971.2 3128.21
      vertex -976 971.2 3128.21
    endloop
  endfacet
  facet normal 0 0.987696 -0.156385
    outer loop
      vertex -979 971.2 3128.21
      vertex -976 970.554 3124.13
      vertex -979 970.554 3124.13
    endloop
  endfacet
  facet normal 0 0.987637 0.15676
    outer loop
      vertex -976 971.2 3128.21
      vertex -979 970.554 3132.28
      vertex -976 970.554 3132.28
    endloop
  endfacet
  facet normal 0 0.987637 0.15676
    outer loop
      vertex -979 970.554 3132.28
      vertex -976 971.2 3128.21
      vertex -979 971.2 3128.21
    endloop
  endfacet
  facet normal 0 -0.707107 -0.707107
    outer loop
      vertex -979 947.321 3120.45
      vertex -976 950.241 3117.53
      vertex -976 947.321 3120.45
    endloop
  endfacet
  facet normal -0 -0.707107 -0.707107
    outer loop
      vertex -976 950.241 3117.53
      vertex -979 947.321 3120.45
      vertex -979 950.241 3117.53
    endloop
  endfacet
  facet normal 0 -0.891012 0.45398
    outer loop
      vertex -979 945.446 3132.28
      vertex -976 947.321 3135.96
      vertex -979 947.321 3135.96
    endloop
  endfacet
  facet normal 0 -0.891012 0.45398
    outer loop
      vertex -976 947.321 3135.96
      vertex -979 945.446 3132.28
      vertex -976 945.446 3132.28
    endloop
  endfacet
  facet normal 0 0.891012 -0.45398
    outer loop
      vertex -976 968.679 3120.45
      vertex -979 970.554 3124.13
      vertex -976 970.554 3124.13
    endloop
  endfacet
  facet normal 0 0.891012 -0.45398
    outer loop
      vertex -979 970.554 3124.13
      vertex -976 968.679 3120.45
      vertex -979 968.679 3120.45
    endloop
  endfacet
  facet normal 0 -0.454941 -0.890522
    outer loop
      vertex -979 950.241 3117.53
      vertex -976 953.921 3115.65
      vertex -976 950.241 3117.53
    endloop
  endfacet
  facet normal -0 -0.454941 -0.890522
    outer loop
      vertex -976 953.921 3115.65
      vertex -979 950.241 3117.53
      vertex -979 953.921 3115.65
    endloop
  endfacet
  facet normal 0 0.454941 -0.890522
    outer loop
      vertex -979 962.079 3115.65
      vertex -976 965.759 3117.53
      vertex -976 962.079 3115.65
    endloop
  endfacet
  facet normal 0 0.454941 -0.890522
    outer loop
      vertex -976 965.759 3117.53
      vertex -979 962.079 3115.65
      vertex -979 965.759 3117.53
    endloop
  endfacet
  facet normal 0 -0.454941 0.890522
    outer loop
      vertex -979 953.921 3140.76
      vertex -976 950.241 3138.88
      vertex -976 953.921 3140.76
    endloop
  endfacet
  facet normal 0 -0.454941 0.890522
    outer loop
      vertex -976 950.241 3138.88
      vertex -979 953.921 3140.76
      vertex -979 950.241 3138.88
    endloop
  endfacet
  facet normal 0 -0.157367 0.98754
    outer loop
      vertex -979 958 3141.41
      vertex -976 953.921 3140.76
      vertex -976 958 3141.41
    endloop
  endfacet
  facet normal 0 -0.157367 0.98754
    outer loop
      vertex -976 953.921 3140.76
      vertex -979 958 3141.41
      vertex -979 953.921 3140.76
    endloop
  endfacet
  facet normal 0 -1 0
    outer loop
      vertex -987 948.907 3122.96
      vertex -979 948.907 3133.46
      vertex -987 948.907 3133.46
    endloop
  endfacet
  facet normal 0 -1 -0
    outer loop
      vertex -979 948.907 3133.46
      vertex -987 948.907 3122.96
      vertex -979 948.907 3122.96
    endloop
  endfacet
  facet normal 0 -0.500011 0.866019
    outer loop
      vertex -987 958 3138.71
      vertex -979 948.907 3133.46
      vertex -979 958 3138.71
    endloop
  endfacet
  facet normal 0 -0.500011 0.866019
    outer loop
      vertex -979 948.907 3133.46
      vertex -987 958 3138.71
      vertex -987 948.907 3133.46
    endloop
  endfacet
  facet normal 0 1 -0
    outer loop
      vertex -979 967.093 3122.96
      vertex -987 967.093 3133.46
      vertex -979 967.093 3133.46
    endloop
  endfacet
  facet normal 0 1 0
    outer loop
      vertex -987 967.093 3133.46
      vertex -979 967.093 3122.96
      vertex -987 967.093 3122.96
    endloop
  endfacet
  facet normal -0 0.500011 0.866019
    outer loop
      vertex -987 967.093 3133.46
      vertex -979 958 3138.71
      vertex -979 967.093 3133.46
    endloop
  endfacet
  facet normal 0 0.500011 0.866019
    outer loop
      vertex -979 958 3138.71
      vertex -987 967.093 3133.46
      vertex -987 958 3138.71
    endloop
  endfacet
  facet normal 0 0.500011 -0.866019
    outer loop
      vertex -987 958 3117.71
      vertex -979 967.093 3122.96
      vertex -979 958 3117.71
    endloop
  endfacet
  facet normal 0 0.500011 -0.866019
    outer loop
      vertex -979 967.093 3122.96
      vertex -987 958 3117.71
      vertex -987 967.093 3122.96
    endloop
  endfacet
  facet normal 0 -0.500011 -0.866019
    outer loop
      vertex -987 948.907 3122.96
      vertex -979 958 3117.71
      vertex -979 948.907 3122.96
    endloop
  endfacet
  facet normal -0 -0.500011 -0.866019
    outer loop
      vertex -979 958 3117.71
      vertex -987 948.907 3122.96
      vertex -987 958 3117.71
    endloop
  endfacet
  facet normal -1 0 0
    outer loop
      vertex -987 958 3117.71
      vertex -987 967.093 3133.46
      vertex -987 967.093 3122.96
    endloop
  endfacet
  facet normal -1 0 0
    outer loop
      vertex -987 958 3117.71
      vertex -987 958 3138.71
      vertex -987 967.093 3133.46
    endloop
  endfacet
  facet normal -1 0 0
    outer loop
      vertex -987 948.907 3122.96
      vertex -987 958 3138.71
      vertex -987 958 3117.71
    endloop
  endfacet
  facet normal -1 0 0
    outer loop
      vertex -987 958 3138.71
      vertex -987 948.907 3122.96
      vertex -987 948.907 3133.46
    endloop
  endfacet
  facet normal 0 0.454941 -0.890522
    outer loop
      vertex -816 962.079 3115.65
      vertex -813 965.759 3117.53
      vertex -813 962.079 3115.65
    endloop
  endfacet
  facet normal 0 0.454941 -0.890522
    outer loop
      vertex -813 965.759 3117.53
      vertex -816 962.079 3115.65
      vertex -816 965.759 3117.53
    endloop
  endfacet
  facet normal 0 0.155005 -0.987914
    outer loop
      vertex -816 958 3115.01
      vertex -813 962.079 3115.65
      vertex -813 958 3115.01
    endloop
  endfacet
  facet normal 0 0.155005 -0.987914
    outer loop
      vertex -813 962.079 3115.65
      vertex -816 958 3115.01
      vertex -816 962.079 3115.65
    endloop
  endfacet
  facet normal 0 0.707107 -0.707107
    outer loop
      vertex -816 965.759 3117.53
      vertex -813 968.679 3120.45
      vertex -813 965.759 3117.53
    endloop
  endfacet
  facet normal 0 0.707107 -0.707107
    outer loop
      vertex -813 968.679 3120.45
      vertex -816 965.759 3117.53
      vertex -816 968.679 3120.45
    endloop
  endfacet
  facet normal 0 -0.987696 -0.156385
    outer loop
      vertex -816 945.446 3124.13
      vertex -813 944.8 3128.21
      vertex -816 944.8 3128.21
    endloop
  endfacet
  facet normal 0 -0.987696 -0.156385
    outer loop
      vertex -813 944.8 3128.21
      vertex -816 945.446 3124.13
      vertex -813 945.446 3124.13
    endloop
  endfacet
  facet normal 0 0.891012 -0.45398
    outer loop
      vertex -813 968.679 3120.45
      vertex -816 970.554 3124.13
      vertex -813 970.554 3124.13
    endloop
  endfacet
  facet normal 0 0.891012 -0.45398
    outer loop
      vertex -816 970.554 3124.13
      vertex -813 968.679 3120.45
      vertex -816 968.679 3120.45
    endloop
  endfacet
  facet normal 0 0.891012 0.45398
    outer loop
      vertex -813 970.554 3132.28
      vertex -816 968.679 3135.96
      vertex -813 968.679 3135.96
    endloop
  endfacet
  facet normal 0 0.891012 0.45398
    outer loop
      vertex -816 968.679 3135.96
      vertex -813 970.554 3132.28
      vertex -816 970.554 3132.28
    endloop
  endfacet
  facet normal 0 -0.891012 -0.45398
    outer loop
      vertex -816 947.321 3120.45
      vertex -813 945.446 3124.13
      vertex -816 945.446 3124.13
    endloop
  endfacet
  facet normal 0 -0.891012 -0.45398
    outer loop
      vertex -813 945.446 3124.13
      vertex -816 947.321 3120.45
      vertex -813 947.321 3120.45
    endloop
  endfacet
  facet normal 0 -0.707107 -0.707107
    outer loop
      vertex -816 947.321 3120.45
      vertex -813 950.241 3117.53
      vertex -813 947.321 3120.45
    endloop
  endfacet
  facet normal -0 -0.707107 -0.707107
    outer loop
      vertex -813 950.241 3117.53
      vertex -816 947.321 3120.45
      vertex -816 950.241 3117.53
    endloop
  endfacet
  facet normal 0 -0.987637 0.15676
    outer loop
      vertex -816 944.8 3128.21
      vertex -813 945.446 3132.28
      vertex -816 945.446 3132.28
    endloop
  endfacet
  facet normal 0 -0.987637 0.15676
    outer loop
      vertex -813 945.446 3132.28
      vertex -816 944.8 3128.21
      vertex -813 944.8 3128.21
    endloop
  endfacet
  facet normal -0 0.454941 0.890522
    outer loop
      vertex -816 965.759 3138.88
      vertex -813 962.079 3140.76
      vertex -813 965.759 3138.88
    endloop
  endfacet
  facet normal 0 0.454941 0.890522
    outer loop
      vertex -813 962.079 3140.76
      vertex -816 965.759 3138.88
      vertex -816 962.079 3140.76
    endloop
  endfacet
  facet normal 0 -0.155005 -0.987914
    outer loop
      vertex -816 953.921 3115.65
      vertex -813 958 3115.01
      vertex -813 953.921 3115.65
    endloop
  endfacet
  facet normal -0 -0.155005 -0.987914
    outer loop
      vertex -813 958 3115.01
      vertex -816 953.921 3115.65
      vertex -816 958 3115.01
    endloop
  endfacet
  facet normal -0 0.157367 0.98754
    outer loop
      vertex -816 962.079 3140.76
      vertex -813 958 3141.41
      vertex -813 962.079 3140.76
    endloop
  endfacet
  facet normal 0 0.157367 0.98754
    outer loop
      vertex -813 958 3141.41
      vertex -816 962.079 3140.76
      vertex -816 958 3141.41
    endloop
  endfacet
  facet normal 0 -0.454941 -0.890522
    outer loop
      vertex -816 950.241 3117.53
      vertex -813 953.921 3115.65
      vertex -813 950.241 3117.53
    endloop
  endfacet
  facet normal -0 -0.454941 -0.890522
    outer loop
      vertex -813 953.921 3115.65
      vertex -816 950.241 3117.53
      vertex -816 953.921 3115.65
    endloop
  endfacet
  facet normal 0 0.987696 -0.156385
    outer loop
      vertex -813 970.554 3124.13
      vertex -816 971.2 3128.21
      vertex -813 971.2 3128.21
    endloop
  endfacet
  facet normal 0 0.987696 -0.156385
    outer loop
      vertex -816 971.2 3128.21
      vertex -813 970.554 3124.13
      vertex -816 970.554 3124.13
    endloop
  endfacet
  facet normal 0 -0.454941 0.890522
    outer loop
      vertex -816 953.921 3140.76
      vertex -813 950.241 3138.88
      vertex -813 953.921 3140.76
    endloop
  endfacet
  facet normal 0 -0.454941 0.890522
    outer loop
      vertex -813 950.241 3138.88
      vertex -816 953.921 3140.76
      vertex -816 950.241 3138.88
    endloop
  endfacet
  facet normal 0 0.987637 0.15676
    outer loop
      vertex -813 971.2 3128.21
      vertex -816 970.554 3132.28
      vertex -813 970.554 3132.28
    endloop
  endfacet
  facet normal 0 0.987637 0.15676
    outer loop
      vertex -816 970.554 3132.28
      vertex -813 971.2 3128.21
      vertex -816 971.2 3128.21
    endloop
  endfacet
  facet normal 0 -0.707107 0.707107
    outer loop
      vertex -816 947.321 3135.96
      vertex -813 950.241 3138.88
      vertex -816 950.241 3138.88
    endloop
  endfacet
  facet normal 0 -0.707107 0.707107
    outer loop
      vertex -813 950.241 3138.88
      vertex -816 947.321 3135.96
      vertex -813 947.321 3135.96
    endloop
  endfacet
  facet normal 1 0 0
    outer loop
      vertex -813 967.093 3133.46
      vertex -813 971.2 3128.21
      vertex -813 970.554 3132.28
    endloop
  endfacet
  facet normal 1 -0 0
    outer loop
      vertex -813 967.093 3133.46
      vertex -813 970.554 3132.28
      vertex -813 968.679 3135.96
    endloop
  endfacet
  facet normal 1 0 0
    outer loop
      vertex -813 967.093 3122.96
      vertex -813 971.2 3128.21
      vertex -813 967.093 3133.46
    endloop
  endfacet
  facet normal 1 0 0
    outer loop
      vertex -813 971.2 3128.21
      vertex -813 967.093 3122.96
      vertex -813 970.554 3124.13
    endloop
  endfacet
  facet normal 1 0 0
    outer loop
      vertex -813 965.759 3138.88
      vertex -813 967.093 3133.46
      vertex -813 968.679 3135.96
    endloop
  endfacet
  facet normal 1 0 0
    outer loop
      vertex -813 958 3138.71
      vertex -813 965.759 3138.88
      vertex -813 962.079 3140.76
    endloop
  endfacet
  facet normal 1 0 0
    outer loop
      vertex -813 958 3138.71
      vertex -813 962.079 3140.76
      vertex -813 958 3141.41
    endloop
  endfacet
  facet normal 1 0 0
    outer loop
      vertex -813 965.759 3138.88
      vertex -813 958 3138.71
      vertex -813 967.093 3133.46
    endloop
  endfacet
  facet normal 1 -0 0
    outer loop
      vertex -813 953.921 3140.76
      vertex -813 958 3138.71
      vertex -813 958 3141.41
    endloop
  endfacet
  facet normal 1 -0 0
    outer loop
      vertex -813 950.241 3138.88
      vertex -813 958 3138.71
      vertex -813 953.921 3140.76
    endloop
  endfacet
  facet normal 1 0 0
    outer loop
      vertex -813 950.241 3138.88
      vertex -813 948.907 3133.46
      vertex -813 958 3138.71
    endloop
  endfacet
  facet normal 1 0 0
    outer loop
      vertex -813 945.446 3132.28
      vertex -813 948.907 3133.46
      vertex -813 947.321 3135.96
    endloop
  endfacet
  facet normal 1 -0 0
    outer loop
      vertex -813 947.321 3135.96
      vertex -813 948.907 3133.46
      vertex -813 950.241 3138.88
    endloop
  endfacet
  facet normal 1 0 0
    outer loop
      vertex -813 970.554 3124.13
      vertex -813 967.093 3122.96
      vertex -813 968.679 3120.45
    endloop
  endfacet
  facet normal 1 0 0
    outer loop
      vertex -813 967.093 3122.96
      vertex -813 965.759 3117.53
      vertex -813 968.679 3120.45
    endloop
  endfacet
  facet normal 1 -0 0
    outer loop
      vertex -813 958 3117.71
      vertex -813 965.759 3117.53
      vertex -813 967.093 3122.96
    endloop
  endfacet
  facet normal 1 0 0
    outer loop
      vertex -813 965.759 3117.53
      vertex -813 958 3117.71
      vertex -813 962.079 3115.65
    endloop
  endfacet
  facet normal 1 0 0
    outer loop
      vertex -813 958 3117.71
      vertex -813 958 3115.01
      vertex -813 962.079 3115.65
    endloop
  endfacet
  facet normal 1 0 0
    outer loop
      vertex -813 958 3117.71
      vertex -813 953.921 3115.65
      vertex -813 958 3115.01
    endloop
  endfacet
  facet normal 1 0 0
    outer loop
      vertex -813 958 3117.71
      vertex -813 950.241 3117.53
      vertex -813 953.921 3115.65
    endloop
  endfacet
  facet normal 1 0 0
    outer loop
      vertex -813 948.907 3122.96
      vertex -813 950.241 3117.53
      vertex -813 958 3117.71
    endloop
  endfacet
  facet normal 1 0 0
    outer loop
      vertex -813 948.907 3122.96
      vertex -813 947.321 3120.45
      vertex -813 950.241 3117.53
    endloop
  endfacet
  facet normal 1 0 0
    outer loop
      vertex -813 944.8 3128.21
      vertex -813 948.907 3133.46
      vertex -813 945.446 3132.28
    endloop
  endfacet
  facet normal 1 0 0
    outer loop
      vertex -813 948.907 3133.46
      vertex -813 944.8 3128.21
      vertex -813 948.907 3122.96
    endloop
  endfacet
  facet normal 1 0 0
    outer loop
      vertex -813 948.907 3122.96
      vertex -813 945.446 3124.13
      vertex -813 947.321 3120.45
    endloop
  endfacet
  facet normal 1 0 0
    outer loop
      vertex -813 948.907 3122.96
      vertex -813 944.8 3128.21
      vertex -813 945.446 3124.13
    endloop
  endfacet
  facet normal 0 -0.157367 0.98754
    outer loop
      vertex -816 958 3141.41
      vertex -813 953.921 3140.76
      vertex -813 958 3141.41
    endloop
  endfacet
  facet normal 0 -0.157367 0.98754
    outer loop
      vertex -813 953.921 3140.76
      vertex -816 958 3141.41
      vertex -816 953.921 3140.76
    endloop
  endfacet
  facet normal 0 -0.891012 0.45398
    outer loop
      vertex -816 945.446 3132.28
      vertex -813 947.321 3135.96
      vertex -816 947.321 3135.96
    endloop
  endfacet
  facet normal 0 -0.891012 0.45398
    outer loop
      vertex -813 947.321 3135.96
      vertex -816 945.446 3132.28
      vertex -813 945.446 3132.28
    endloop
  endfacet
  facet normal 0 0.707107 0.707107
    outer loop
      vertex -813 968.679 3135.96
      vertex -816 965.759 3138.88
      vertex -813 965.759 3138.88
    endloop
  endfacet
  facet normal 0 0.707107 0.707107
    outer loop
      vertex -816 965.759 3138.88
      vertex -813 968.679 3135.96
      vertex -816 968.679 3135.96
    endloop
  endfacet
  facet normal 0 -1 0
    outer loop
      vertex -813 948.907 3122.96
      vertex -803 948.907 3133.46
      vertex -813 948.907 3133.46
    endloop
  endfacet
  facet normal 0 -1 -0
    outer loop
      vertex -803 948.907 3133.46
      vertex -813 948.907 3122.96
      vertex -803 948.907 3122.96
    endloop
  endfacet
  facet normal 0 -0.500011 -0.866019
    outer loop
      vertex -813 948.907 3122.96
      vertex -803 958 3117.71
      vertex -803 948.907 3122.96
    endloop
  endfacet
  facet normal -0 -0.500011 -0.866019
    outer loop
      vertex -803 958 3117.71
      vertex -813 948.907 3122.96
      vertex -813 958 3117.71
    endloop
  endfacet
  facet normal 0 1 -0
    outer loop
      vertex -803 967.093 3122.96
      vertex -813 967.093 3133.46
      vertex -803 967.093 3133.46
    endloop
  endfacet
  facet normal 0 1 0
    outer loop
      vertex -813 967.093 3133.46
      vertex -803 967.093 3122.96
      vertex -813 967.093 3122.96
    endloop
  endfacet
  facet normal 0 0.500011 -0.866019
    outer loop
      vertex -813 958 3117.71
      vertex -803 967.093 3122.96
      vertex -803 958 3117.71
    endloop
  endfacet
  facet normal 0 0.500011 -0.866019
    outer loop
      vertex -803 967.093 3122.96
      vertex -813 958 3117.71
      vertex -813 967.093 3122.96
    endloop
  endfacet
  facet normal -0 0.500011 0.866019
    outer loop
      vertex -813 967.093 3133.46
      vertex -803 958 3138.71
      vertex -803 967.093 3133.46
    endloop
  endfacet
  facet normal 0 0.500011 0.866019
    outer loop
      vertex -803 958 3138.71
      vertex -813 967.093 3133.46
      vertex -813 958 3138.71
    endloop
  endfacet
  facet normal 0 -0.500011 0.866019
    outer loop
      vertex -813 958 3138.71
      vertex -803 948.907 3133.46
      vertex -803 958 3138.71
    endloop
  endfacet
  facet normal 0 -0.500011 0.866019
    outer loop
      vertex -803 948.907 3133.46
      vertex -813 958 3138.71
      vertex -813 948.907 3133.46
    endloop
  endfacet
  facet normal 1 0 0
    outer loop
      vertex -803 958 3138.71
      vertex -803 967.093 3122.96
      vertex -803 967.093 3133.46
    endloop
  endfacet
  facet normal 1 0 0
    outer loop
      vertex -803 958 3138.71
      vertex -803 958 3117.71
      vertex -803 967.093 3122.96
    endloop
  endfacet
  facet normal 1 -0 0
    outer loop
      vertex -803 948.907 3133.46
      vertex -803 958 3117.71
      vertex -803 958 3138.71
    endloop
  endfacet
  facet normal 1 0 0
    outer loop
      vertex -803 958 3117.71
      vertex -803 948.907 3133.46
      vertex -803 948.907 3122.96
    endloop
  endfacet
  facet normal 0 0.454941 -0.890522
    outer loop
      vertex 976 -953.921 3430.93
      vertex 979 -950.241 3432.81
      vertex 979 -953.921 3430.93
    endloop
  endfacet
  facet normal 0 0.454941 -0.890522
    outer loop
      vertex 979 -950.241 3432.81
      vertex 976 -953.921 3430.93
      vertex 976 -950.241 3432.81
    endloop
  endfacet
  facet normal 0 0.155005 -0.987914
    outer loop
      vertex 976 -958 3430.29
      vertex 979 -953.921 3430.93
      vertex 979 -958 3430.29
    endloop
  endfacet
  facet normal 0 0.155005 -0.987914
    outer loop
      vertex 979 -953.921 3430.93
      vertex 976 -958 3430.29
      vertex 976 -953.921 3430.93
    endloop
  endfacet
  facet normal 0 0.707107 -0.707107
    outer loop
      vertex 976 -950.241 3432.81
      vertex 979 -947.321 3435.73
      vertex 979 -950.241 3432.81
    endloop
  endfacet
  facet normal 0 0.707107 -0.707107
    outer loop
      vertex 979 -947.321 3435.73
      vertex 976 -950.241 3432.81
      vertex 976 -947.321 3435.73
    endloop
  endfacet
  facet normal 0 -0.987696 -0.156385
    outer loop
      vertex 976 -970.554 3439.41
      vertex 979 -971.2 3443.49
      vertex 976 -971.2 3443.49
    endloop
  endfacet
  facet normal 0 -0.987696 -0.156385
    outer loop
      vertex 979 -971.2 3443.49
      vertex 976 -970.554 3439.41
      vertex 979 -970.554 3439.41
    endloop
  endfacet
  facet normal 0 0.891012 0.45398
    outer loop
      vertex 979 -945.446 3447.57
      vertex 976 -947.321 3451.25
      vertex 979 -947.321 3451.25
    endloop
  endfacet
  facet normal 0 0.891012 0.45398
    outer loop
      vertex 976 -947.321 3451.25
      vertex 979 -945.446 3447.57
      vertex 976 -945.446 3447.57
    endloop
  endfacet
  facet normal 0 -0.891012 -0.45398
    outer loop
      vertex 976 -968.679 3435.73
      vertex 979 -970.554 3439.41
      vertex 976 -970.554 3439.41
    endloop
  endfacet
  facet normal 0 -0.891012 -0.45398
    outer loop
      vertex 979 -970.554 3439.41
      vertex 976 -968.679 3435.73
      vertex 979 -968.679 3435.73
    endloop
  endfacet
  facet normal 0 -0.707107 -0.707107
    outer loop
      vertex 976 -968.679 3435.73
      vertex 979 -965.759 3432.81
      vertex 979 -968.679 3435.73
    endloop
  endfacet
  facet normal -0 -0.707107 -0.707107
    outer loop
      vertex 979 -965.759 3432.81
      vertex 976 -968.679 3435.73
      vertex 976 -965.759 3432.81
    endloop
  endfacet
  facet normal 0 -0.987696 0.156385
    outer loop
      vertex 976 -971.2 3443.49
      vertex 979 -970.554 3447.57
      vertex 976 -970.554 3447.57
    endloop
  endfacet
  facet normal 0 -0.987696 0.156385
    outer loop
      vertex 979 -970.554 3447.57
      vertex 976 -971.2 3443.49
      vertex 979 -971.2 3443.49
    endloop
  endfacet
  facet normal -0 0.453018 0.891501
    outer loop
      vertex 976 -950.241 3454.17
      vertex 979 -953.921 3456.04
      vertex 979 -950.241 3454.17
    endloop
  endfacet
  facet normal 0 0.453018 0.891501
    outer loop
      vertex 979 -953.921 3456.04
      vertex 976 -950.241 3454.17
      vertex 976 -953.921 3456.04
    endloop
  endfacet
  facet normal 0 -0.155005 -0.987914
    outer loop
      vertex 976 -962.079 3430.93
      vertex 979 -958 3430.29
      vertex 979 -962.079 3430.93
    endloop
  endfacet
  facet normal -0 -0.155005 -0.987914
    outer loop
      vertex 979 -958 3430.29
      vertex 976 -962.079 3430.93
      vertex 976 -958 3430.29
    endloop
  endfacet
  facet normal -0 0.157367 0.98754
    outer loop
      vertex 976 -953.921 3456.04
      vertex 979 -958 3456.69
      vertex 979 -953.921 3456.04
    endloop
  endfacet
  facet normal 0 0.157367 0.98754
    outer loop
      vertex 979 -958 3456.69
      vertex 976 -953.921 3456.04
      vertex 976 -958 3456.69
    endloop
  endfacet
  facet normal 0 -0.454941 -0.890522
    outer loop
      vertex 976 -965.759 3432.81
      vertex 979 -962.079 3430.93
      vertex 979 -965.759 3432.81
    endloop
  endfacet
  facet normal -0 -0.454941 -0.890522
    outer loop
      vertex 979 -962.079 3430.93
      vertex 976 -965.759 3432.81
      vertex 976 -962.079 3430.93
    endloop
  endfacet
  facet normal 0 0.987696 -0.156385
    outer loop
      vertex 979 -945.446 3439.41
      vertex 976 -944.8 3443.49
      vertex 979 -944.8 3443.49
    endloop
  endfacet
  facet normal 0 0.987696 -0.156385
    outer loop
      vertex 976 -944.8 3443.49
      vertex 979 -945.446 3439.41
      vertex 976 -945.446 3439.41
    endloop
  endfacet
  facet normal 0 0.891012 -0.45398
    outer loop
      vertex 979 -947.321 3435.73
      vertex 976 -945.446 3439.41
      vertex 979 -945.446 3439.41
    endloop
  endfacet
  facet normal 0 0.891012 -0.45398
    outer loop
      vertex 976 -945.446 3439.41
      vertex 979 -947.321 3435.73
      vertex 976 -947.321 3435.73
    endloop
  endfacet
  facet normal 0 -0.453018 0.891501
    outer loop
      vertex 976 -962.079 3456.04
      vertex 979 -965.759 3454.17
      vertex 979 -962.079 3456.04
    endloop
  endfacet
  facet normal 0 -0.453018 0.891501
    outer loop
      vertex 979 -965.759 3454.17
      vertex 976 -962.079 3456.04
      vertex 976 -965.759 3454.17
    endloop
  endfacet
  facet normal 0 0.987696 0.156385
    outer loop
      vertex 979 -944.8 3443.49
      vertex 976 -945.446 3447.57
      vertex 979 -945.446 3447.57
    endloop
  endfacet
  facet normal 0 0.987696 0.156385
    outer loop
      vertex 976 -945.446 3447.57
      vertex 979 -944.8 3443.49
      vertex 976 -944.8 3443.49
    endloop
  endfacet
  facet normal 0 -0.707107 0.707107
    outer loop
      vertex 976 -965.759 3454.17
      vertex 979 -968.679 3451.25
      vertex 979 -965.759 3454.17
    endloop
  endfacet
  facet normal 0 -0.707107 0.707107
    outer loop
      vertex 979 -968.679 3451.25
      vertex 976 -965.759 3454.17
      vertex 976 -968.679 3451.25
    endloop
  endfacet
  facet normal 1 0 0
    outer loop
      vertex 979 -948.907 3448.74
      vertex 979 -944.8 3443.49
      vertex 979 -945.446 3447.57
    endloop
  endfacet
  facet normal 1 -0 0
    outer loop
      vertex 979 -948.907 3448.74
      vertex 979 -945.446 3447.57
      vertex 979 -947.321 3451.25
    endloop
  endfacet
  facet normal 1 0 0
    outer loop
      vertex 979 -948.907 3438.24
      vertex 979 -944.8 3443.49
      vertex 979 -948.907 3448.74
    endloop
  endfacet
  facet normal 1 0 0
    outer loop
      vertex 979 -944.8 3443.49
      vertex 979 -948.907 3438.24
      vertex 979 -945.446 3439.41
    endloop
  endfacet
  facet normal 1 0 0
    outer loop
      vertex 979 -950.241 3454.17
      vertex 979 -948.907 3448.74
      vertex 979 -947.321 3451.25
    endloop
  endfacet
  facet normal 1 0 0
    outer loop
      vertex 979 -958 3453.99
      vertex 979 -950.241 3454.17
      vertex 979 -953.921 3456.04
    endloop
  endfacet
  facet normal 1 0 0
    outer loop
      vertex 979 -958 3453.99
      vertex 979 -953.921 3456.04
      vertex 979 -958 3456.69
    endloop
  endfacet
  facet normal 1 0 0
    outer loop
      vertex 979 -950.241 3454.17
      vertex 979 -958 3453.99
      vertex 979 -948.907 3448.74
    endloop
  endfacet
  facet normal 1 -0 0
    outer loop
      vertex 979 -962.079 3456.04
      vertex 979 -958 3453.99
      vertex 979 -958 3456.69
    endloop
  endfacet
  facet normal 1 -0 0
    outer loop
      vertex 979 -965.759 3454.17
      vertex 979 -958 3453.99
      vertex 979 -962.079 3456.04
    endloop
  endfacet
  facet normal 1 0 0
    outer loop
      vertex 979 -965.759 3454.17
      vertex 979 -967.093 3448.74
      vertex 979 -958 3453.99
    endloop
  endfacet
  facet normal 1 0 0
    outer loop
      vertex 979 -970.554 3447.57
      vertex 979 -967.093 3448.74
      vertex 979 -968.679 3451.25
    endloop
  endfacet
  facet normal 1 -0 0
    outer loop
      vertex 979 -968.679 3451.25
      vertex 979 -967.093 3448.74
      vertex 979 -965.759 3454.17
    endloop
  endfacet
  facet normal 1 0 0
    outer loop
      vertex 979 -945.446 3439.41
      vertex 979 -948.907 3438.24
      vertex 979 -947.321 3435.73
    endloop
  endfacet
  facet normal 1 0 0
    outer loop
      vertex 979 -948.907 3438.24
      vertex 979 -950.241 3432.81
      vertex 979 -947.321 3435.73
    endloop
  endfacet
  facet normal 1 -0 0
    outer loop
      vertex 979 -958 3432.99
      vertex 979 -950.241 3432.81
      vertex 979 -948.907 3438.24
    endloop
  endfacet
  facet normal 1 0 0
    outer loop
      vertex 979 -950.241 3432.81
      vertex 979 -958 3432.99
      vertex 979 -953.921 3430.93
    endloop
  endfacet
  facet normal 1 0 0
    outer loop
      vertex 979 -958 3432.99
      vertex 979 -958 3430.29
      vertex 979 -953.921 3430.93
    endloop
  endfacet
  facet normal 1 0 0
    outer loop
      vertex 979 -958 3432.99
      vertex 979 -962.079 3430.93
      vertex 979 -958 3430.29
    endloop
  endfacet
  facet normal 1 0 0
    outer loop
      vertex 979 -958 3432.99
      vertex 979 -965.759 3432.81
      vertex 979 -962.079 3430.93
    endloop
  endfacet
  facet normal 1 0 0
    outer loop
      vertex 979 -967.093 3438.24
      vertex 979 -965.759 3432.81
      vertex 979 -958 3432.99
    endloop
  endfacet
  facet normal 1 0 0
    outer loop
      vertex 979 -967.093 3438.24
      vertex 979 -968.679 3435.73
      vertex 979 -965.759 3432.81
    endloop
  endfacet
  facet normal 1 0 0
    outer loop
      vertex 979 -971.2 3443.49
      vertex 979 -967.093 3448.74
      vertex 979 -970.554 3447.57
    endloop
  endfacet
  facet normal 1 0 0
    outer loop
      vertex 979 -967.093 3448.74
      vertex 979 -971.2 3443.49
      vertex 979 -967.093 3438.24
    endloop
  endfacet
  facet normal 1 0 0
    outer loop
      vertex 979 -967.093 3438.24
      vertex 979 -970.554 3439.41
      vertex 979 -968.679 3435.73
    endloop
  endfacet
  facet normal 1 0 0
    outer loop
      vertex 979 -967.093 3438.24
      vertex 979 -971.2 3443.49
      vertex 979 -970.554 3439.41
    endloop
  endfacet
  facet normal -0 0.707107 0.707107
    outer loop
      vertex 976 -947.321 3451.25
      vertex 979 -950.241 3454.17
      vertex 979 -947.321 3451.25
    endloop
  endfacet
  facet normal 0 0.707107 0.707107
    outer loop
      vertex 979 -950.241 3454.17
      vertex 976 -947.321 3451.25
      vertex 976 -950.241 3454.17
    endloop
  endfacet
  facet normal 0 -0.157367 0.98754
    outer loop
      vertex 976 -958 3456.69
      vertex 979 -962.079 3456.04
      vertex 979 -958 3456.69
    endloop
  endfacet
  facet normal 0 -0.157367 0.98754
    outer loop
      vertex 979 -962.079 3456.04
      vertex 976 -958 3456.69
      vertex 976 -962.079 3456.04
    endloop
  endfacet
  facet normal 0 -0.891012 0.45398
    outer loop
      vertex 976 -970.554 3447.57
      vertex 979 -968.679 3451.25
      vertex 976 -968.679 3451.25
    endloop
  endfacet
  facet normal 0 -0.891012 0.45398
    outer loop
      vertex 979 -968.679 3451.25
      vertex 976 -970.554 3447.57
      vertex 979 -970.554 3447.57
    endloop
  endfacet
  facet normal 0 -1 0
    outer loop
      vertex 979 -967.093 3438.24
      vertex 987 -967.093 3448.74
      vertex 979 -967.093 3448.74
    endloop
  endfacet
  facet normal 0 -1 -0
    outer loop
      vertex 987 -967.093 3448.74
      vertex 979 -967.093 3438.24
      vertex 987 -967.093 3438.24
    endloop
  endfacet
  facet normal 0 -0.500011 -0.866019
    outer loop
      vertex 979 -967.093 3438.24
      vertex 987 -958 3432.99
      vertex 987 -967.093 3438.24
    endloop
  endfacet
  facet normal -0 -0.500011 -0.866019
    outer loop
      vertex 987 -958 3432.99
      vertex 979 -967.093 3438.24
      vertex 979 -958 3432.99
    endloop
  endfacet
  facet normal 0 1 -0
    outer loop
      vertex 987 -948.907 3438.24
      vertex 979 -948.907 3448.74
      vertex 987 -948.907 3448.74
    endloop
  endfacet
  facet normal 0 1 0
    outer loop
      vertex 979 -948.907 3448.74
      vertex 987 -948.907 3438.24
      vertex 979 -948.907 3438.24
    endloop
  endfacet
  facet normal 0 0.500011 -0.866019
    outer loop
      vertex 979 -958 3432.99
      vertex 987 -948.907 3438.24
      vertex 987 -958 3432.99
    endloop
  endfacet
  facet normal 0 0.500011 -0.866019
    outer loop
      vertex 987 -948.907 3438.24
      vertex 979 -958 3432.99
      vertex 979 -948.907 3438.24
    endloop
  endfacet
  facet normal -0 0.500011 0.866019
    outer loop
      vertex 979 -948.907 3448.74
      vertex 987 -958 3453.99
      vertex 987 -948.907 3448.74
    endloop
  endfacet
  facet normal 0 0.500011 0.866019
    outer loop
      vertex 987 -958 3453.99
      vertex 979 -948.907 3448.74
      vertex 979 -958 3453.99
    endloop
  endfacet
  facet normal 0 -0.500011 0.866019
    outer loop
      vertex 979 -958 3453.99
      vertex 987 -967.093 3448.74
      vertex 987 -958 3453.99
    endloop
  endfacet
  facet normal 0 -0.500011 0.866019
    outer loop
      vertex 987 -967.093 3448.74
      vertex 979 -958 3453.99
      vertex 979 -967.093 3448.74
    endloop
  endfacet
  facet normal 1 0 0
    outer loop
      vertex 987 -958 3453.99
      vertex 987 -948.907 3438.24
      vertex 987 -948.907 3448.74
    endloop
  endfacet
  facet normal 1 0 0
    outer loop
      vertex 987 -958 3453.99
      vertex 987 -958 3432.99
      vertex 987 -948.907 3438.24
    endloop
  endfacet
  facet normal 1 -0 0
    outer loop
      vertex 987 -967.093 3448.74
      vertex 987 -958 3432.99
      vertex 987 -958 3453.99
    endloop
  endfacet
  facet normal 1 0 0
    outer loop
      vertex 987 -958 3432.99
      vertex 987 -967.093 3448.74
      vertex 987 -967.093 3438.24
    endloop
  endfacet
  facet normal -0 0.157367 0.98754
    outer loop
      vertex 813 -953.921 3456.04
      vertex 816 -958 3456.69
      vertex 816 -953.921 3456.04
    endloop
  endfacet
  facet normal 0 0.157367 0.98754
    outer loop
      vertex 816 -958 3456.69
      vertex 813 -953.921 3456.04
      vertex 813 -958 3456.69
    endloop
  endfacet
  facet normal -0 0.453018 0.891501
    outer loop
      vertex 813 -950.241 3454.17
      vertex 816 -953.921 3456.04
      vertex 816 -950.241 3454.17
    endloop
  endfacet
  facet normal 0 0.453018 0.891501
    outer loop
      vertex 816 -953.921 3456.04
      vertex 813 -950.241 3454.17
      vertex 813 -953.921 3456.04
    endloop
  endfacet
  facet normal 0 -0.987696 0.156385
    outer loop
      vertex 813 -971.2 3443.49
      vertex 816 -970.554 3447.57
      vertex 813 -970.554 3447.57
    endloop
  endfacet
  facet normal 0 -0.987696 0.156385
    outer loop
      vertex 816 -970.554 3447.57
      vertex 813 -971.2 3443.49
      vertex 816 -971.2 3443.49
    endloop
  endfacet
  facet normal 0 -0.707107 0.707107
    outer loop
      vertex 813 -965.759 3454.17
      vertex 816 -968.679 3451.25
      vertex 816 -965.759 3454.17
    endloop
  endfacet
  facet normal 0 -0.707107 0.707107
    outer loop
      vertex 816 -968.679 3451.25
      vertex 813 -965.759 3454.17
      vertex 813 -968.679 3451.25
    endloop
  endfacet
  facet normal -0 0.707107 0.707107
    outer loop
      vertex 813 -947.321 3451.25
      vertex 816 -950.241 3454.17
      vertex 816 -947.321 3451.25
    endloop
  endfacet
  facet normal 0 0.707107 0.707107
    outer loop
      vertex 816 -950.241 3454.17
      vertex 813 -947.321 3451.25
      vertex 813 -950.241 3454.17
    endloop
  endfacet
  facet normal 0 -0.987696 -0.156385
    outer loop
      vertex 813 -970.554 3439.41
      vertex 816 -971.2 3443.49
      vertex 813 -971.2 3443.49
    endloop
  endfacet
  facet normal 0 -0.987696 -0.156385
    outer loop
      vertex 816 -971.2 3443.49
      vertex 813 -970.554 3439.41
      vertex 816 -970.554 3439.41
    endloop
  endfacet
  facet normal 0 -0.891012 -0.45398
    outer loop
      vertex 813 -968.679 3435.73
      vertex 816 -970.554 3439.41
      vertex 813 -970.554 3439.41
    endloop
  endfacet
  facet normal 0 -0.891012 -0.45398
    outer loop
      vertex 816 -970.554 3439.41
      vertex 813 -968.679 3435.73
      vertex 816 -968.679 3435.73
    endloop
  endfacet
  facet normal -1 0 0
    outer loop
      vertex 813 -948.907 3438.24
      vertex 813 -944.8 3443.49
      vertex 813 -945.446 3439.41
    endloop
  endfacet
  facet normal -1 0 0
    outer loop
      vertex 813 -948.907 3438.24
      vertex 813 -945.446 3439.41
      vertex 813 -947.321 3435.73
    endloop
  endfacet
  facet normal -1 0 0
    outer loop
      vertex 813 -948.907 3448.74
      vertex 813 -944.8 3443.49
      vertex 813 -948.907 3438.24
    endloop
  endfacet
  facet normal -1 0 0
    outer loop
      vertex 813 -944.8 3443.49
      vertex 813 -948.907 3448.74
      vertex 813 -945.446 3447.57
    endloop
  endfacet
  facet normal -1 0 0
    outer loop
      vertex 813 -950.241 3432.81
      vertex 813 -948.907 3438.24
      vertex 813 -947.321 3435.73
    endloop
  endfacet
  facet normal -1 0 0
    outer loop
      vertex 813 -958 3432.99
      vertex 813 -950.241 3432.81
      vertex 813 -953.921 3430.93
    endloop
  endfacet
  facet normal -1 0 0
    outer loop
      vertex 813 -958 3432.99
      vertex 813 -953.921 3430.93
      vertex 813 -958 3430.29
    endloop
  endfacet
  facet normal -1 0 0
    outer loop
      vertex 813 -950.241 3432.81
      vertex 813 -958 3432.99
      vertex 813 -948.907 3438.24
    endloop
  endfacet
  facet normal -1 0 0
    outer loop
      vertex 813 -962.079 3430.93
      vertex 813 -958 3432.99
      vertex 813 -958 3430.29
    endloop
  endfacet
  facet normal -1 0 0
    outer loop
      vertex 813 -965.759 3432.81
      vertex 813 -958 3432.99
      vertex 813 -962.079 3430.93
    endloop
  endfacet
  facet normal -1 0 0
    outer loop
      vertex 813 -965.759 3432.81
      vertex 813 -967.093 3438.24
      vertex 813 -958 3432.99
    endloop
  endfacet
  facet normal -1 0 0
    outer loop
      vertex 813 -970.554 3439.41
      vertex 813 -967.093 3438.24
      vertex 813 -968.679 3435.73
    endloop
  endfacet
  facet normal -1 0 0
    outer loop
      vertex 813 -968.679 3435.73
      vertex 813 -967.093 3438.24
      vertex 813 -965.759 3432.81
    endloop
  endfacet
  facet normal -1 0 0
    outer loop
      vertex 813 -945.446 3447.57
      vertex 813 -948.907 3448.74
      vertex 813 -947.321 3451.25
    endloop
  endfacet
  facet normal -1 0 0
    outer loop
      vertex 813 -948.907 3448.74
      vertex 813 -950.241 3454.17
      vertex 813 -947.321 3451.25
    endloop
  endfacet
  facet normal -1 0 0
    outer loop
      vertex 813 -958 3453.99
      vertex 813 -950.241 3454.17
      vertex 813 -948.907 3448.74
    endloop
  endfacet
  facet normal -1 -0 0
    outer loop
      vertex 813 -950.241 3454.17
      vertex 813 -958 3453.99
      vertex 813 -953.921 3456.04
    endloop
  endfacet
  facet normal -1 0 0
    outer loop
      vertex 813 -958 3453.99
      vertex 813 -958 3456.69
      vertex 813 -953.921 3456.04
    endloop
  endfacet
  facet normal -1 0 0
    outer loop
      vertex 813 -958 3453.99
      vertex 813 -962.079 3456.04
      vertex 813 -958 3456.69
    endloop
  endfacet
  facet normal -1 0 0
    outer loop
      vertex 813 -958 3453.99
      vertex 813 -965.759 3454.17
      vertex 813 -962.079 3456.04
    endloop
  endfacet
  facet normal -1 0 0
    outer loop
      vertex 813 -967.093 3448.74
      vertex 813 -965.759 3454.17
      vertex 813 -958 3453.99
    endloop
  endfacet
  facet normal -1 0 0
    outer loop
      vertex 813 -967.093 3448.74
      vertex 813 -968.679 3451.25
      vertex 813 -965.759 3454.17
    endloop
  endfacet
  facet normal -1 0 0
    outer loop
      vertex 813 -971.2 3443.49
      vertex 813 -967.093 3438.24
      vertex 813 -970.554 3439.41
    endloop
  endfacet
  facet normal -1 0 0
    outer loop
      vertex 813 -967.093 3438.24
      vertex 813 -971.2 3443.49
      vertex 813 -967.093 3448.74
    endloop
  endfacet
  facet normal -1 -0 0
    outer loop
      vertex 813 -967.093 3448.74
      vertex 813 -970.554 3447.57
      vertex 813 -968.679 3451.25
    endloop
  endfacet
  facet normal -1 0 0
    outer loop
      vertex 813 -967.093 3448.74
      vertex 813 -971.2 3443.49
      vertex 813 -970.554 3447.57
    endloop
  endfacet
  facet normal 0 0.155005 -0.987914
    outer loop
      vertex 813 -958 3430.29
      vertex 816 -953.921 3430.93
      vertex 816 -958 3430.29
    endloop
  endfacet
  facet normal 0 0.155005 -0.987914
    outer loop
      vertex 816 -953.921 3430.93
      vertex 813 -958 3430.29
      vertex 813 -953.921 3430.93
    endloop
  endfacet
  facet normal 0 0.707107 -0.707107
    outer loop
      vertex 813 -950.241 3432.81
      vertex 816 -947.321 3435.73
      vertex 816 -950.241 3432.81
    endloop
  endfacet
  facet normal 0 0.707107 -0.707107
    outer loop
      vertex 816 -947.321 3435.73
      vertex 813 -950.241 3432.81
      vertex 813 -947.321 3435.73
    endloop
  endfacet
  facet normal 0 -0.155005 -0.987914
    outer loop
      vertex 813 -962.079 3430.93
      vertex 816 -958 3430.29
      vertex 816 -962.079 3430.93
    endloop
  endfacet
  facet normal -0 -0.155005 -0.987914
    outer loop
      vertex 816 -958 3430.29
      vertex 813 -962.079 3430.93
      vertex 813 -958 3430.29
    endloop
  endfacet
  facet normal 0 0.891012 0.45398
    outer loop
      vertex 816 -945.446 3447.57
      vertex 813 -947.321 3451.25
      vertex 816 -947.321 3451.25
    endloop
  endfacet
  facet normal 0 0.891012 0.45398
    outer loop
      vertex 813 -947.321 3451.25
      vertex 816 -945.446 3447.57
      vertex 813 -945.446 3447.57
    endloop
  endfacet
  facet normal 0 0.987696 -0.156385
    outer loop
      vertex 816 -945.446 3439.41
      vertex 813 -944.8 3443.49
      vertex 816 -944.8 3443.49
    endloop
  endfacet
  facet normal 0 0.987696 -0.156385
    outer loop
      vertex 813 -944.8 3443.49
      vertex 816 -945.446 3439.41
      vertex 813 -945.446 3439.41
    endloop
  endfacet
  facet normal 0 0.987696 0.156385
    outer loop
      vertex 816 -944.8 3443.49
      vertex 813 -945.446 3447.57
      vertex 816 -945.446 3447.57
    endloop
  endfacet
  facet normal 0 0.987696 0.156385
    outer loop
      vertex 813 -945.446 3447.57
      vertex 816 -944.8 3443.49
      vertex 813 -944.8 3443.49
    endloop
  endfacet
  facet normal 0 -0.707107 -0.707107
    outer loop
      vertex 813 -968.679 3435.73
      vertex 816 -965.759 3432.81
      vertex 816 -968.679 3435.73
    endloop
  endfacet
  facet normal -0 -0.707107 -0.707107
    outer loop
      vertex 816 -965.759 3432.81
      vertex 813 -968.679 3435.73
      vertex 813 -965.759 3432.81
    endloop
  endfacet
  facet normal 0 -0.891012 0.45398
    outer loop
      vertex 813 -970.554 3447.57
      vertex 816 -968.679 3451.25
      vertex 813 -968.679 3451.25
    endloop
  endfacet
  facet normal 0 -0.891012 0.45398
    outer loop
      vertex 816 -968.679 3451.25
      vertex 813 -970.554 3447.57
      vertex 816 -970.554 3447.57
    endloop
  endfacet
  facet normal 0 0.891012 -0.45398
    outer loop
      vertex 816 -947.321 3435.73
      vertex 813 -945.446 3439.41
      vertex 816 -945.446 3439.41
    endloop
  endfacet
  facet normal 0 0.891012 -0.45398
    outer loop
      vertex 813 -945.446 3439.41
      vertex 816 -947.321 3435.73
      vertex 813 -947.321 3435.73
    endloop
  endfacet
  facet normal 0 -0.454941 -0.890522
    outer loop
      vertex 813 -965.759 3432.81
      vertex 816 -962.079 3430.93
      vertex 816 -965.759 3432.81
    endloop
  endfacet
  facet normal -0 -0.454941 -0.890522
    outer loop
      vertex 816 -962.079 3430.93
      vertex 813 -965.759 3432.81
      vertex 813 -962.079 3430.93
    endloop
  endfacet
  facet normal 0 0.454941 -0.890522
    outer loop
      vertex 813 -953.921 3430.93
      vertex 816 -950.241 3432.81
      vertex 816 -953.921 3430.93
    endloop
  endfacet
  facet normal 0 0.454941 -0.890522
    outer loop
      vertex 816 -950.241 3432.81
      vertex 813 -953.921 3430.93
      vertex 813 -950.241 3432.81
    endloop
  endfacet
  facet normal 0 -0.453018 0.891501
    outer loop
      vertex 813 -962.079 3456.04
      vertex 816 -965.759 3454.17
      vertex 816 -962.079 3456.04
    endloop
  endfacet
  facet normal 0 -0.453018 0.891501
    outer loop
      vertex 816 -965.759 3454.17
      vertex 813 -962.079 3456.04
      vertex 813 -965.759 3454.17
    endloop
  endfacet
  facet normal 0 -0.157367 0.98754
    outer loop
      vertex 813 -958 3456.69
      vertex 816 -962.079 3456.04
      vertex 816 -958 3456.69
    endloop
  endfacet
  facet normal 0 -0.157367 0.98754
    outer loop
      vertex 816 -962.079 3456.04
      vertex 813 -958 3456.69
      vertex 813 -962.079 3456.04
    endloop
  endfacet
  facet normal 0 -1 0
    outer loop
      vertex 803 -967.093 3438.24
      vertex 813 -967.093 3448.74
      vertex 803 -967.093 3448.74
    endloop
  endfacet
  facet normal 0 -1 -0
    outer loop
      vertex 813 -967.093 3448.74
      vertex 803 -967.093 3438.24
      vertex 813 -967.093 3438.24
    endloop
  endfacet
  facet normal 0 -0.500011 0.866019
    outer loop
      vertex 803 -958 3453.99
      vertex 813 -967.093 3448.74
      vertex 813 -958 3453.99
    endloop
  endfacet
  facet normal 0 -0.500011 0.866019
    outer loop
      vertex 813 -967.093 3448.74
      vertex 803 -958 3453.99
      vertex 803 -967.093 3448.74
    endloop
  endfacet
  facet normal 0 1 -0
    outer loop
      vertex 813 -948.907 3438.24
      vertex 803 -948.907 3448.74
      vertex 813 -948.907 3448.74
    endloop
  endfacet
  facet normal 0 1 0
    outer loop
      vertex 803 -948.907 3448.74
      vertex 813 -948.907 3438.24
      vertex 803 -948.907 3438.24
    endloop
  endfacet
  facet normal -0 0.500011 0.866019
    outer loop
      vertex 803 -948.907 3448.74
      vertex 813 -958 3453.99
      vertex 813 -948.907 3448.74
    endloop
  endfacet
  facet normal 0 0.500011 0.866019
    outer loop
      vertex 813 -958 3453.99
      vertex 803 -948.907 3448.74
      vertex 803 -958 3453.99
    endloop
  endfacet
  facet normal 0 0.500011 -0.866019
    outer loop
      vertex 803 -958 3432.99
      vertex 813 -948.907 3438.24
      vertex 813 -958 3432.99
    endloop
  endfacet
  facet normal 0 0.500011 -0.866019
    outer loop
      vertex 813 -948.907 3438.24
      vertex 803 -958 3432.99
      vertex 803 -948.907 3438.24
    endloop
  endfacet
  facet normal 0 -0.500011 -0.866019
    outer loop
      vertex 803 -967.093 3438.24
      vertex 813 -958 3432.99
      vertex 813 -967.093 3438.24
    endloop
  endfacet
  facet normal -0 -0.500011 -0.866019
    outer loop
      vertex 813 -958 3432.99
      vertex 803 -967.093 3438.24
      vertex 803 -958 3432.99
    endloop
  endfacet
  facet normal -1 0 0
    outer loop
      vertex 803 -958 3432.99
      vertex 803 -948.907 3448.74
      vertex 803 -948.907 3438.24
    endloop
  endfacet
  facet normal -1 0 0
    outer loop
      vertex 803 -958 3432.99
      vertex 803 -958 3453.99
      vertex 803 -948.907 3448.74
    endloop
  endfacet
  facet normal -1 0 0
    outer loop
      vertex 803 -967.093 3438.24
      vertex 803 -958 3453.99
      vertex 803 -958 3432.99
    endloop
  endfacet
  facet normal -1 0 0
    outer loop
      vertex 803 -958 3453.99
      vertex 803 -967.093 3438.24
      vertex 803 -967.093 3448.74
    endloop
  endfacet
  facet normal 0 0.454941 -0.890522
    outer loop
      vertex 976 -889.921 3375.93
      vertex 979 -886.241 3377.81
      vertex 979 -889.921 3375.93
    endloop
  endfacet
  facet normal 0 0.454941 -0.890522
    outer loop
      vertex 979 -886.241 3377.81
      vertex 976 -889.921 3375.93
      vertex 976 -886.241 3377.81
    endloop
  endfacet
  facet normal 0 0.155005 -0.987914
    outer loop
      vertex 976 -894 3375.29
      vertex 979 -889.921 3375.93
      vertex 979 -894 3375.29
    endloop
  endfacet
  facet normal 0 0.155005 -0.987914
    outer loop
      vertex 979 -889.921 3375.93
      vertex 976 -894 3375.29
      vertex 976 -889.921 3375.93
    endloop
  endfacet
  facet normal 0 0.707107 -0.707107
    outer loop
      vertex 976 -886.241 3377.81
      vertex 979 -883.321 3380.73
      vertex 979 -886.241 3377.81
    endloop
  endfacet
  facet normal 0 0.707107 -0.707107
    outer loop
      vertex 979 -883.321 3380.73
      vertex 976 -886.241 3377.81
      vertex 976 -883.321 3380.73
    endloop
  endfacet
  facet normal 0 -0.987696 -0.156385
    outer loop
      vertex 976 -906.554 3384.41
      vertex 979 -907.2 3388.49
      vertex 976 -907.2 3388.49
    endloop
  endfacet
  facet normal 0 -0.987696 -0.156385
    outer loop
      vertex 979 -907.2 3388.49
      vertex 976 -906.554 3384.41
      vertex 979 -906.554 3384.41
    endloop
  endfacet
  facet normal 0 0.891012 0.45398
    outer loop
      vertex 979 -881.446 3392.57
      vertex 976 -883.321 3396.25
      vertex 979 -883.321 3396.25
    endloop
  endfacet
  facet normal 0 0.891012 0.45398
    outer loop
      vertex 976 -883.321 3396.25
      vertex 979 -881.446 3392.57
      vertex 976 -881.446 3392.57
    endloop
  endfacet
  facet normal 0 -0.891012 -0.45398
    outer loop
      vertex 976 -904.679 3380.73
      vertex 979 -906.554 3384.41
      vertex 976 -906.554 3384.41
    endloop
  endfacet
  facet normal 0 -0.891012 -0.45398
    outer loop
      vertex 979 -906.554 3384.41
      vertex 976 -904.679 3380.73
      vertex 979 -904.679 3380.73
    endloop
  endfacet
  facet normal 0 -0.707107 -0.707107
    outer loop
      vertex 976 -904.679 3380.73
      vertex 979 -901.759 3377.81
      vertex 979 -904.679 3380.73
    endloop
  endfacet
  facet normal -0 -0.707107 -0.707107
    outer loop
      vertex 979 -901.759 3377.81
      vertex 976 -904.679 3380.73
      vertex 976 -901.759 3377.81
    endloop
  endfacet
  facet normal 0 -0.987696 0.156385
    outer loop
      vertex 976 -907.2 3388.49
      vertex 979 -906.554 3392.57
      vertex 976 -906.554 3392.57
    endloop
  endfacet
  facet normal 0 -0.987696 0.156385
    outer loop
      vertex 979 -906.554 3392.57
      vertex 976 -907.2 3388.49
      vertex 979 -907.2 3388.49
    endloop
  endfacet
  facet normal -0 0.453018 0.891501
    outer loop
      vertex 976 -886.241 3399.17
      vertex 979 -889.921 3401.04
      vertex 979 -886.241 3399.17
    endloop
  endfacet
  facet normal 0 0.453018 0.891501
    outer loop
      vertex 979 -889.921 3401.04
      vertex 976 -886.241 3399.17
      vertex 976 -889.921 3401.04
    endloop
  endfacet
  facet normal 0 -0.155005 -0.987914
    outer loop
      vertex 976 -898.079 3375.93
      vertex 979 -894 3375.29
      vertex 979 -898.079 3375.93
    endloop
  endfacet
  facet normal -0 -0.155005 -0.987914
    outer loop
      vertex 979 -894 3375.29
      vertex 976 -898.079 3375.93
      vertex 976 -894 3375.29
    endloop
  endfacet
  facet normal -0 0.157367 0.98754
    outer loop
      vertex 976 -889.921 3401.04
      vertex 979 -894 3401.69
      vertex 979 -889.921 3401.04
    endloop
  endfacet
  facet normal 0 0.157367 0.98754
    outer loop
      vertex 979 -894 3401.69
      vertex 976 -889.921 3401.04
      vertex 976 -894 3401.69
    endloop
  endfacet
  facet normal 0 -0.454941 -0.890522
    outer loop
      vertex 976 -901.759 3377.81
      vertex 979 -898.079 3375.93
      vertex 979 -901.759 3377.81
    endloop
  endfacet
  facet normal -0 -0.454941 -0.890522
    outer loop
      vertex 979 -898.079 3375.93
      vertex 976 -901.759 3377.81
      vertex 976 -898.079 3375.93
    endloop
  endfacet
  facet normal 0 0.987696 -0.156385
    outer loop
      vertex 979 -881.446 3384.41
      vertex 976 -880.8 3388.49
      vertex 979 -880.8 3388.49
    endloop
  endfacet
  facet normal 0 0.987696 -0.156385
    outer loop
      vertex 976 -880.8 3388.49
      vertex 979 -881.446 3384.41
      vertex 976 -881.446 3384.41
    endloop
  endfacet
  facet normal 0 0.891012 -0.45398
    outer loop
      vertex 979 -883.321 3380.73
      vertex 976 -881.446 3384.41
      vertex 979 -881.446 3384.41
    endloop
  endfacet
  facet normal 0 0.891012 -0.45398
    outer loop
      vertex 976 -881.446 3384.41
      vertex 979 -883.321 3380.73
      vertex 976 -883.321 3380.73
    endloop
  endfacet
  facet normal 0 -0.453018 0.891501
    outer loop
      vertex 976 -898.079 3401.04
      vertex 979 -901.759 3399.17
      vertex 979 -898.079 3401.04
    endloop
  endfacet
  facet normal 0 -0.453018 0.891501
    outer loop
      vertex 979 -901.759 3399.17
      vertex 976 -898.079 3401.04
      vertex 976 -901.759 3399.17
    endloop
  endfacet
  facet normal 0 0.987696 0.156385
    outer loop
      vertex 979 -880.8 3388.49
      vertex 976 -881.446 3392.57
      vertex 979 -881.446 3392.57
    endloop
  endfacet
  facet normal 0 0.987696 0.156385
    outer loop
      vertex 976 -881.446 3392.57
      vertex 979 -880.8 3388.49
      vertex 976 -880.8 3388.49
    endloop
  endfacet
  facet normal 0 -0.707107 0.707107
    outer loop
      vertex 976 -901.759 3399.17
      vertex 979 -904.679 3396.25
      vertex 979 -901.759 3399.17
    endloop
  endfacet
  facet normal 0 -0.707107 0.707107
    outer loop
      vertex 979 -904.679 3396.25
      vertex 976 -901.759 3399.17
      vertex 976 -904.679 3396.25
    endloop
  endfacet
  facet normal 1 0 0
    outer loop
      vertex 979 -884.907 3393.74
      vertex 979 -880.8 3388.49
      vertex 979 -881.446 3392.57
    endloop
  endfacet
  facet normal 1 -0 0
    outer loop
      vertex 979 -884.907 3393.74
      vertex 979 -881.446 3392.57
      vertex 979 -883.321 3396.25
    endloop
  endfacet
  facet normal 1 0 0
    outer loop
      vertex 979 -884.907 3383.24
      vertex 979 -880.8 3388.49
      vertex 979 -884.907 3393.74
    endloop
  endfacet
  facet normal 1 0 0
    outer loop
      vertex 979 -880.8 3388.49
      vertex 979 -884.907 3383.24
      vertex 979 -881.446 3384.41
    endloop
  endfacet
  facet normal 1 0 0
    outer loop
      vertex 979 -886.241 3399.17
      vertex 979 -884.907 3393.74
      vertex 979 -883.321 3396.25
    endloop
  endfacet
  facet normal 1 0 0
    outer loop
      vertex 979 -894 3398.99
      vertex 979 -886.241 3399.17
      vertex 979 -889.921 3401.04
    endloop
  endfacet
  facet normal 1 0 0
    outer loop
      vertex 979 -894 3398.99
      vertex 979 -889.921 3401.04
      vertex 979 -894 3401.69
    endloop
  endfacet
  facet normal 1 0 0
    outer loop
      vertex 979 -886.241 3399.17
      vertex 979 -894 3398.99
      vertex 979 -884.907 3393.74
    endloop
  endfacet
  facet normal 1 -0 0
    outer loop
      vertex 979 -898.079 3401.04
      vertex 979 -894 3398.99
      vertex 979 -894 3401.69
    endloop
  endfacet
  facet normal 1 -0 0
    outer loop
      vertex 979 -901.759 3399.17
      vertex 979 -894 3398.99
      vertex 979 -898.079 3401.04
    endloop
  endfacet
  facet normal 1 0 0
    outer loop
      vertex 979 -901.759 3399.17
      vertex 979 -903.093 3393.74
      vertex 979 -894 3398.99
    endloop
  endfacet
  facet normal 1 0 0
    outer loop
      vertex 979 -906.554 3392.57
      vertex 979 -903.093 3393.74
      vertex 979 -904.679 3396.25
    endloop
  endfacet
  facet normal 1 -0 0
    outer loop
      vertex 979 -904.679 3396.25
      vertex 979 -903.093 3393.74
      vertex 979 -901.759 3399.17
    endloop
  endfacet
  facet normal 1 0 0
    outer loop
      vertex 979 -881.446 3384.41
      vertex 979 -884.907 3383.24
      vertex 979 -883.321 3380.73
    endloop
  endfacet
  facet normal 1 0 0
    outer loop
      vertex 979 -884.907 3383.24
      vertex 979 -886.241 3377.81
      vertex 979 -883.321 3380.73
    endloop
  endfacet
  facet normal 1 -0 0
    outer loop
      vertex 979 -894 3377.99
      vertex 979 -886.241 3377.81
      vertex 979 -884.907 3383.24
    endloop
  endfacet
  facet normal 1 0 0
    outer loop
      vertex 979 -886.241 3377.81
      vertex 979 -894 3377.99
      vertex 979 -889.921 3375.93
    endloop
  endfacet
  facet normal 1 0 0
    outer loop
      vertex 979 -894 3377.99
      vertex 979 -894 3375.29
      vertex 979 -889.921 3375.93
    endloop
  endfacet
  facet normal 1 0 0
    outer loop
      vertex 979 -894 3377.99
      vertex 979 -898.079 3375.93
      vertex 979 -894 3375.29
    endloop
  endfacet
  facet normal 1 0 0
    outer loop
      vertex 979 -894 3377.99
      vertex 979 -901.759 3377.81
      vertex 979 -898.079 3375.93
    endloop
  endfacet
  facet normal 1 0 0
    outer loop
      vertex 979 -903.093 3383.24
      vertex 979 -901.759 3377.81
      vertex 979 -894 3377.99
    endloop
  endfacet
  facet normal 1 0 0
    outer loop
      vertex 979 -903.093 3383.24
      vertex 979 -904.679 3380.73
      vertex 979 -901.759 3377.81
    endloop
  endfacet
  facet normal 1 0 0
    outer loop
      vertex 979 -907.2 3388.49
      vertex 979 -903.093 3393.74
      vertex 979 -906.554 3392.57
    endloop
  endfacet
  facet normal 1 0 0
    outer loop
      vertex 979 -903.093 3393.74
      vertex 979 -907.2 3388.49
      vertex 979 -903.093 3383.24
    endloop
  endfacet
  facet normal 1 0 0
    outer loop
      vertex 979 -903.093 3383.24
      vertex 979 -906.554 3384.41
      vertex 979 -904.679 3380.73
    endloop
  endfacet
  facet normal 1 0 0
    outer loop
      vertex 979 -903.093 3383.24
      vertex 979 -907.2 3388.49
      vertex 979 -906.554 3384.41
    endloop
  endfacet
  facet normal -0 0.707107 0.707107
    outer loop
      vertex 976 -883.321 3396.25
      vertex 979 -886.241 3399.17
      vertex 979 -883.321 3396.25
    endloop
  endfacet
  facet normal 0 0.707107 0.707107
    outer loop
      vertex 979 -886.241 3399.17
      vertex 976 -883.321 3396.25
      vertex 976 -886.241 3399.17
    endloop
  endfacet
  facet normal 0 -0.157367 0.98754
    outer loop
      vertex 976 -894 3401.69
      vertex 979 -898.079 3401.04
      vertex 979 -894 3401.69
    endloop
  endfacet
  facet normal 0 -0.157367 0.98754
    outer loop
      vertex 979 -898.079 3401.04
      vertex 976 -894 3401.69
      vertex 976 -898.079 3401.04
    endloop
  endfacet
  facet normal 0 -0.891012 0.45398
    outer loop
      vertex 976 -906.554 3392.57
      vertex 979 -904.679 3396.25
      vertex 976 -904.679 3396.25
    endloop
  endfacet
  facet normal 0 -0.891012 0.45398
    outer loop
      vertex 979 -904.679 3396.25
      vertex 976 -906.554 3392.57
      vertex 979 -906.554 3392.57
    endloop
  endfacet
  facet normal 0 -1 0
    outer loop
      vertex 979 -903.093 3383.24
      vertex 987 -903.093 3393.74
      vertex 979 -903.093 3393.74
    endloop
  endfacet
  facet normal 0 -1 -0
    outer loop
      vertex 987 -903.093 3393.74
      vertex 979 -903.093 3383.24
      vertex 987 -903.093 3383.24
    endloop
  endfacet
  facet normal 0 -0.500011 -0.866019
    outer loop
      vertex 979 -903.093 3383.24
      vertex 987 -894 3377.99
      vertex 987 -903.093 3383.24
    endloop
  endfacet
  facet normal -0 -0.500011 -0.866019
    outer loop
      vertex 987 -894 3377.99
      vertex 979 -903.093 3383.24
      vertex 979 -894 3377.99
    endloop
  endfacet
  facet normal 0 1 -0
    outer loop
      vertex 987 -884.907 3383.24
      vertex 979 -884.907 3393.74
      vertex 987 -884.907 3393.74
    endloop
  endfacet
  facet normal 0 1 0
    outer loop
      vertex 979 -884.907 3393.74
      vertex 987 -884.907 3383.24
      vertex 979 -884.907 3383.24
    endloop
  endfacet
  facet normal 0 0.500011 -0.866019
    outer loop
      vertex 979 -894 3377.99
      vertex 987 -884.907 3383.24
      vertex 987 -894 3377.99
    endloop
  endfacet
  facet normal 0 0.500011 -0.866019
    outer loop
      vertex 987 -884.907 3383.24
      vertex 979 -894 3377.99
      vertex 979 -884.907 3383.24
    endloop
  endfacet
  facet normal -0 0.500011 0.866019
    outer loop
      vertex 979 -884.907 3393.74
      vertex 987 -894 3398.99
      vertex 987 -884.907 3393.74
    endloop
  endfacet
  facet normal 0 0.500011 0.866019
    outer loop
      vertex 987 -894 3398.99
      vertex 979 -884.907 3393.74
      vertex 979 -894 3398.99
    endloop
  endfacet
  facet normal 0 -0.500011 0.866019
    outer loop
      vertex 979 -894 3398.99
      vertex 987 -903.093 3393.74
      vertex 987 -894 3398.99
    endloop
  endfacet
  facet normal 0 -0.500011 0.866019
    outer loop
      vertex 987 -903.093 3393.74
      vertex 979 -894 3398.99
      vertex 979 -903.093 3393.74
    endloop
  endfacet
  facet normal 1 0 0
    outer loop
      vertex 987 -894 3398.99
      vertex 987 -884.907 3383.24
      vertex 987 -884.907 3393.74
    endloop
  endfacet
  facet normal 1 0 0
    outer loop
      vertex 987 -894 3398.99
      vertex 987 -894 3377.99
      vertex 987 -884.907 3383.24
    endloop
  endfacet
  facet normal 1 -0 0
    outer loop
      vertex 987 -903.093 3393.74
      vertex 987 -894 3377.99
      vertex 987 -894 3398.99
    endloop
  endfacet
  facet normal 1 0 0
    outer loop
      vertex 987 -894 3377.99
      vertex 987 -903.093 3393.74
      vertex 987 -903.093 3383.24
    endloop
  endfacet
  facet normal -0 0.157367 0.98754
    outer loop
      vertex 813 -889.921 3401.04
      vertex 816 -894 3401.69
      vertex 816 -889.921 3401.04
    endloop
  endfacet
  facet normal 0 0.157367 0.98754
    outer loop
      vertex 816 -894 3401.69
      vertex 813 -889.921 3401.04
      vertex 813 -894 3401.69
    endloop
  endfacet
  facet normal -0 0.453018 0.891501
    outer loop
      vertex 813 -886.241 3399.17
      vertex 816 -889.921 3401.04
      vertex 816 -886.241 3399.17
    endloop
  endfacet
  facet normal 0 0.453018 0.891501
    outer loop
      vertex 816 -889.921 3401.04
      vertex 813 -886.241 3399.17
      vertex 813 -889.921 3401.04
    endloop
  endfacet
  facet normal 0 -0.987696 0.156385
    outer loop
      vertex 813 -907.2 3388.49
      vertex 816 -906.554 3392.57
      vertex 813 -906.554 3392.57
    endloop
  endfacet
  facet normal 0 -0.987696 0.156385
    outer loop
      vertex 816 -906.554 3392.57
      vertex 813 -907.2 3388.49
      vertex 816 -907.2 3388.49
    endloop
  endfacet
  facet normal 0 -0.707107 0.707107
    outer loop
      vertex 813 -901.759 3399.17
      vertex 816 -904.679 3396.25
      vertex 816 -901.759 3399.17
    endloop
  endfacet
  facet normal 0 -0.707107 0.707107
    outer loop
      vertex 816 -904.679 3396.25
      vertex 813 -901.759 3399.17
      vertex 813 -904.679 3396.25
    endloop
  endfacet
  facet normal -0 0.707107 0.707107
    outer loop
      vertex 813 -883.321 3396.25
      vertex 816 -886.241 3399.17
      vertex 816 -883.321 3396.25
    endloop
  endfacet
  facet normal 0 0.707107 0.707107
    outer loop
      vertex 816 -886.241 3399.17
      vertex 813 -883.321 3396.25
      vertex 813 -886.241 3399.17
    endloop
  endfacet
  facet normal 0 -0.987696 -0.156385
    outer loop
      vertex 813 -906.554 3384.41
      vertex 816 -907.2 3388.49
      vertex 813 -907.2 3388.49
    endloop
  endfacet
  facet normal 0 -0.987696 -0.156385
    outer loop
      vertex 816 -907.2 3388.49
      vertex 813 -906.554 3384.41
      vertex 816 -906.554 3384.41
    endloop
  endfacet
  facet normal 0 -0.891012 -0.45398
    outer loop
      vertex 813 -904.679 3380.73
      vertex 816 -906.554 3384.41
      vertex 813 -906.554 3384.41
    endloop
  endfacet
  facet normal 0 -0.891012 -0.45398
    outer loop
      vertex 816 -906.554 3384.41
      vertex 813 -904.679 3380.73
      vertex 816 -904.679 3380.73
    endloop
  endfacet
  facet normal -1 0 0
    outer loop
      vertex 813 -884.907 3383.24
      vertex 813 -880.8 3388.49
      vertex 813 -881.446 3384.41
    endloop
  endfacet
  facet normal -1 0 0
    outer loop
      vertex 813 -884.907 3383.24
      vertex 813 -881.446 3384.41
      vertex 813 -883.321 3380.73
    endloop
  endfacet
  facet normal -1 0 0
    outer loop
      vertex 813 -884.907 3393.74
      vertex 813 -880.8 3388.49
      vertex 813 -884.907 3383.24
    endloop
  endfacet
  facet normal -1 0 0
    outer loop
      vertex 813 -880.8 3388.49
      vertex 813 -884.907 3393.74
      vertex 813 -881.446 3392.57
    endloop
  endfacet
  facet normal -1 0 0
    outer loop
      vertex 813 -886.241 3377.81
      vertex 813 -884.907 3383.24
      vertex 813 -883.321 3380.73
    endloop
  endfacet
  facet normal -1 0 0
    outer loop
      vertex 813 -894 3377.99
      vertex 813 -886.241 3377.81
      vertex 813 -889.921 3375.93
    endloop
  endfacet
  facet normal -1 0 0
    outer loop
      vertex 813 -894 3377.99
      vertex 813 -889.921 3375.93
      vertex 813 -894 3375.29
    endloop
  endfacet
  facet normal -1 0 0
    outer loop
      vertex 813 -886.241 3377.81
      vertex 813 -894 3377.99
      vertex 813 -884.907 3383.24
    endloop
  endfacet
  facet normal -1 0 0
    outer loop
      vertex 813 -898.079 3375.93
      vertex 813 -894 3377.99
      vertex 813 -894 3375.29
    endloop
  endfacet
  facet normal -1 0 0
    outer loop
      vertex 813 -901.759 3377.81
      vertex 813 -894 3377.99
      vertex 813 -898.079 3375.93
    endloop
  endfacet
  facet normal -1 0 0
    outer loop
      vertex 813 -901.759 3377.81
      vertex 813 -903.093 3383.24
      vertex 813 -894 3377.99
    endloop
  endfacet
  facet normal -1 0 0
    outer loop
      vertex 813 -906.554 3384.41
      vertex 813 -903.093 3383.24
      vertex 813 -904.679 3380.73
    endloop
  endfacet
  facet normal -1 0 0
    outer loop
      vertex 813 -904.679 3380.73
      vertex 813 -903.093 3383.24
      vertex 813 -901.759 3377.81
    endloop
  endfacet
  facet normal -1 0 0
    outer loop
      vertex 813 -881.446 3392.57
      vertex 813 -884.907 3393.74
      vertex 813 -883.321 3396.25
    endloop
  endfacet
  facet normal -1 0 0
    outer loop
      vertex 813 -884.907 3393.74
      vertex 813 -886.241 3399.17
      vertex 813 -883.321 3396.25
    endloop
  endfacet
  facet normal -1 0 0
    outer loop
      vertex 813 -894 3398.99
      vertex 813 -886.241 3399.17
      vertex 813 -884.907 3393.74
    endloop
  endfacet
  facet normal -1 -0 0
    outer loop
      vertex 813 -886.241 3399.17
      vertex 813 -894 3398.99
      vertex 813 -889.921 3401.04
    endloop
  endfacet
  facet normal -1 0 0
    outer loop
      vertex 813 -894 3398.99
      vertex 813 -894 3401.69
      vertex 813 -889.921 3401.04
    endloop
  endfacet
  facet normal -1 0 0
    outer loop
      vertex 813 -894 3398.99
      vertex 813 -898.079 3401.04
      vertex 813 -894 3401.69
    endloop
  endfacet
  facet normal -1 0 0
    outer loop
      vertex 813 -894 3398.99
      vertex 813 -901.759 3399.17
      vertex 813 -898.079 3401.04
    endloop
  endfacet
  facet normal -1 0 0
    outer loop
      vertex 813 -903.093 3393.74
      vertex 813 -901.759 3399.17
      vertex 813 -894 3398.99
    endloop
  endfacet
  facet normal -1 0 0
    outer loop
      vertex 813 -903.093 3393.74
      vertex 813 -904.679 3396.25
      vertex 813 -901.759 3399.17
    endloop
  endfacet
  facet normal -1 0 0
    outer loop
      vertex 813 -907.2 3388.49
      vertex 813 -903.093 3383.24
      vertex 813 -906.554 3384.41
    endloop
  endfacet
  facet normal -1 0 0
    outer loop
      vertex 813 -903.093 3383.24
      vertex 813 -907.2 3388.49
      vertex 813 -903.093 3393.74
    endloop
  endfacet
  facet normal -1 -0 0
    outer loop
      vertex 813 -903.093 3393.74
      vertex 813 -906.554 3392.57
      vertex 813 -904.679 3396.25
    endloop
  endfacet
  facet normal -1 0 0
    outer loop
      vertex 813 -903.093 3393.74
      vertex 813 -907.2 3388.49
      vertex 813 -906.554 3392.57
    endloop
  endfacet
  facet normal 0 0.155005 -0.987914
    outer loop
      vertex 813 -894 3375.29
      vertex 816 -889.921 3375.93
      vertex 816 -894 3375.29
    endloop
  endfacet
  facet normal 0 0.155005 -0.987914
    outer loop
      vertex 816 -889.921 3375.93
      vertex 813 -894 3375.29
      vertex 813 -889.921 3375.93
    endloop
  endfacet
  facet normal 0 0.707107 -0.707107
    outer loop
      vertex 813 -886.241 3377.81
      vertex 816 -883.321 3380.73
      vertex 816 -886.241 3377.81
    endloop
  endfacet
  facet normal 0 0.707107 -0.707107
    outer loop
      vertex 816 -883.321 3380.73
      vertex 813 -886.241 3377.81
      vertex 813 -883.321 3380.73
    endloop
  endfacet
  facet normal 0 -0.155005 -0.987914
    outer loop
      vertex 813 -898.079 3375.93
      vertex 816 -894 3375.29
      vertex 816 -898.079 3375.93
    endloop
  endfacet
  facet normal -0 -0.155005 -0.987914
    outer loop
      vertex 816 -894 3375.29
      vertex 813 -898.079 3375.93
      vertex 813 -894 3375.29
    endloop
  endfacet
  facet normal 0 0.891012 0.45398
    outer loop
      vertex 816 -881.446 3392.57
      vertex 813 -883.321 3396.25
      vertex 816 -883.321 3396.25
    endloop
  endfacet
  facet normal 0 0.891012 0.45398
    outer loop
      vertex 813 -883.321 3396.25
      vertex 816 -881.446 3392.57
      vertex 813 -881.446 3392.57
    endloop
  endfacet
  facet normal 0 0.987696 -0.156385
    outer loop
      vertex 816 -881.446 3384.41
      vertex 813 -880.8 3388.49
      vertex 816 -880.8 3388.49
    endloop
  endfacet
  facet normal 0 0.987696 -0.156385
    outer loop
      vertex 813 -880.8 3388.49
      vertex 816 -881.446 3384.41
      vertex 813 -881.446 3384.41
    endloop
  endfacet
  facet normal 0 0.987696 0.156385
    outer loop
      vertex 816 -880.8 3388.49
      vertex 813 -881.446 3392.57
      vertex 816 -881.446 3392.57
    endloop
  endfacet
  facet normal 0 0.987696 0.156385
    outer loop
      vertex 813 -881.446 3392.57
      vertex 816 -880.8 3388.49
      vertex 813 -880.8 3388.49
    endloop
  endfacet
  facet normal 0 -0.707107 -0.707107
    outer loop
      vertex 813 -904.679 3380.73
      vertex 816 -901.759 3377.81
      vertex 816 -904.679 3380.73
    endloop
  endfacet
  facet normal -0 -0.707107 -0.707107
    outer loop
      vertex 816 -901.759 3377.81
      vertex 813 -904.679 3380.73
      vertex 813 -901.759 3377.81
    endloop
  endfacet
  facet normal 0 -0.891012 0.45398
    outer loop
      vertex 813 -906.554 3392.57
      vertex 816 -904.679 3396.25
      vertex 813 -904.679 3396.25
    endloop
  endfacet
  facet normal 0 -0.891012 0.45398
    outer loop
      vertex 816 -904.679 3396.25
      vertex 813 -906.554 3392.57
      vertex 816 -906.554 3392.57
    endloop
  endfacet
  facet normal 0 0.891012 -0.45398
    outer loop
      vertex 816 -883.321 3380.73
      vertex 813 -881.446 3384.41
      vertex 816 -881.446 3384.41
    endloop
  endfacet
  facet normal 0 0.891012 -0.45398
    outer loop
      vertex 813 -881.446 3384.41
      vertex 816 -883.321 3380.73
      vertex 813 -883.321 3380.73
    endloop
  endfacet
  facet normal 0 -0.454941 -0.890522
    outer loop
      vertex 813 -901.759 3377.81
      vertex 816 -898.079 3375.93
      vertex 816 -901.759 3377.81
    endloop
  endfacet
  facet normal -0 -0.454941 -0.890522
    outer loop
      vertex 816 -898.079 3375.93
      vertex 813 -901.759 3377.81
      vertex 813 -898.079 3375.93
    endloop
  endfacet
  facet normal 0 0.454941 -0.890522
    outer loop
      vertex 813 -889.921 3375.93
      vertex 816 -886.241 3377.81
      vertex 816 -889.921 3375.93
    endloop
  endfacet
  facet normal 0 0.454941 -0.890522
    outer loop
      vertex 816 -886.241 3377.81
      vertex 813 -889.921 3375.93
      vertex 813 -886.241 3377.81
    endloop
  endfacet
  facet normal 0 -0.453018 0.891501
    outer loop
      vertex 813 -898.079 3401.04
      vertex 816 -901.759 3399.17
      vertex 816 -898.079 3401.04
    endloop
  endfacet
  facet normal 0 -0.453018 0.891501
    outer loop
      vertex 816 -901.759 3399.17
      vertex 813 -898.079 3401.04
      vertex 813 -901.759 3399.17
    endloop
  endfacet
  facet normal 0 -0.157367 0.98754
    outer loop
      vertex 813 -894 3401.69
      vertex 816 -898.079 3401.04
      vertex 816 -894 3401.69
    endloop
  endfacet
  facet normal 0 -0.157367 0.98754
    outer loop
      vertex 816 -898.079 3401.04
      vertex 813 -894 3401.69
      vertex 813 -898.079 3401.04
    endloop
  endfacet
  facet normal 0 -1 0
    outer loop
      vertex 803 -903.093 3383.24
      vertex 813 -903.093 3393.74
      vertex 803 -903.093 3393.74
    endloop
  endfacet
  facet normal 0 -1 -0
    outer loop
      vertex 813 -903.093 3393.74
      vertex 803 -903.093 3383.24
      vertex 813 -903.093 3383.24
    endloop
  endfacet
  facet normal 0 -0.500011 0.866019
    outer loop
      vertex 803 -894 3398.99
      vertex 813 -903.093 3393.74
      vertex 813 -894 3398.99
    endloop
  endfacet
  facet normal 0 -0.500011 0.866019
    outer loop
      vertex 813 -903.093 3393.74
      vertex 803 -894 3398.99
      vertex 803 -903.093 3393.74
    endloop
  endfacet
  facet normal 0 1 -0
    outer loop
      vertex 813 -884.907 3383.24
      vertex 803 -884.907 3393.74
      vertex 813 -884.907 3393.74
    endloop
  endfacet
  facet normal 0 1 0
    outer loop
      vertex 803 -884.907 3393.74
      vertex 813 -884.907 3383.24
      vertex 803 -884.907 3383.24
    endloop
  endfacet
  facet normal -0 0.500011 0.866019
    outer loop
      vertex 803 -884.907 3393.74
      vertex 813 -894 3398.99
      vertex 813 -884.907 3393.74
    endloop
  endfacet
  facet normal 0 0.500011 0.866019
    outer loop
      vertex 813 -894 3398.99
      vertex 803 -884.907 3393.74
      vertex 803 -894 3398.99
    endloop
  endfacet
  facet normal 0 0.500011 -0.866019
    outer loop
      vertex 803 -894 3377.99
      vertex 813 -884.907 3383.24
      vertex 813 -894 3377.99
    endloop
  endfacet
  facet normal 0 0.500011 -0.866019
    outer loop
      vertex 813 -884.907 3383.24
      vertex 803 -894 3377.99
      vertex 803 -884.907 3383.24
    endloop
  endfacet
  facet normal 0 -0.500011 -0.866019
    outer loop
      vertex 803 -903.093 3383.24
      vertex 813 -894 3377.99
      vertex 813 -903.093 3383.24
    endloop
  endfacet
  facet normal -0 -0.500011 -0.866019
    outer loop
      vertex 813 -894 3377.99
      vertex 803 -903.093 3383.24
      vertex 803 -894 3377.99
    endloop
  endfacet
  facet normal -1 0 0
    outer loop
      vertex 803 -894 3377.99
      vertex 803 -884.907 3393.74
      vertex 803 -884.907 3383.24
    endloop
  endfacet
  facet normal -1 0 0
    outer loop
      vertex 803 -894 3377.99
      vertex 803 -894 3398.99
      vertex 803 -884.907 3393.74
    endloop
  endfacet
  facet normal -1 0 0
    outer loop
      vertex 803 -903.093 3383.24
      vertex 803 -894 3398.99
      vertex 803 -894 3377.99
    endloop
  endfacet
  facet normal -1 0 0
    outer loop
      vertex 803 -894 3398.99
      vertex 803 -903.093 3383.24
      vertex 803 -903.093 3393.74
    endloop
  endfacet
  facet normal 0 0.454941 -0.890522
    outer loop
      vertex 976 898.079 3170.65
      vertex 979 901.759 3172.53
      vertex 979 898.079 3170.65
    endloop
  endfacet
  facet normal 0 0.454941 -0.890522
    outer loop
      vertex 979 901.759 3172.53
      vertex 976 898.079 3170.65
      vertex 976 901.759 3172.53
    endloop
  endfacet
  facet normal 0 0.155005 -0.987914
    outer loop
      vertex 976 894 3170.01
      vertex 979 898.079 3170.65
      vertex 979 894 3170.01
    endloop
  endfacet
  facet normal 0 0.155005 -0.987914
    outer loop
      vertex 979 898.079 3170.65
      vertex 976 894 3170.01
      vertex 976 898.079 3170.65
    endloop
  endfacet
  facet normal 0 0.707107 -0.707107
    outer loop
      vertex 976 901.759 3172.53
      vertex 979 904.679 3175.45
      vertex 979 901.759 3172.53
    endloop
  endfacet
  facet normal 0 0.707107 -0.707107
    outer loop
      vertex 979 904.679 3175.45
      vertex 976 901.759 3172.53
      vertex 976 904.679 3175.45
    endloop
  endfacet
  facet normal 0 -0.987696 -0.156385
    outer loop
      vertex 976 881.446 3179.13
      vertex 979 880.8 3183.21
      vertex 976 880.8 3183.21
    endloop
  endfacet
  facet normal 0 -0.987696 -0.156385
    outer loop
      vertex 979 880.8 3183.21
      vertex 976 881.446 3179.13
      vertex 979 881.446 3179.13
    endloop
  endfacet
  facet normal 0 0.891012 0.45398
    outer loop
      vertex 979 906.554 3187.28
      vertex 976 904.679 3190.96
      vertex 979 904.679 3190.96
    endloop
  endfacet
  facet normal 0 0.891012 0.45398
    outer loop
      vertex 976 904.679 3190.96
      vertex 979 906.554 3187.28
      vertex 976 906.554 3187.28
    endloop
  endfacet
  facet normal 0 -0.891012 -0.45398
    outer loop
      vertex 976 883.321 3175.45
      vertex 979 881.446 3179.13
      vertex 976 881.446 3179.13
    endloop
  endfacet
  facet normal 0 -0.891012 -0.45398
    outer loop
      vertex 979 881.446 3179.13
      vertex 976 883.321 3175.45
      vertex 979 883.321 3175.45
    endloop
  endfacet
  facet normal 0 -0.707107 -0.707107
    outer loop
      vertex 976 883.321 3175.45
      vertex 979 886.241 3172.53
      vertex 979 883.321 3175.45
    endloop
  endfacet
  facet normal -0 -0.707107 -0.707107
    outer loop
      vertex 979 886.241 3172.53
      vertex 976 883.321 3175.45
      vertex 976 886.241 3172.53
    endloop
  endfacet
  facet normal 0 -0.987637 0.15676
    outer loop
      vertex 976 880.8 3183.21
      vertex 979 881.446 3187.28
      vertex 976 881.446 3187.28
    endloop
  endfacet
  facet normal 0 -0.987637 0.15676
    outer loop
      vertex 979 881.446 3187.28
      vertex 976 880.8 3183.21
      vertex 979 880.8 3183.21
    endloop
  endfacet
  facet normal -0 0.454941 0.890522
    outer loop
      vertex 976 901.759 3193.88
      vertex 979 898.079 3195.76
      vertex 979 901.759 3193.88
    endloop
  endfacet
  facet normal 0 0.454941 0.890522
    outer loop
      vertex 979 898.079 3195.76
      vertex 976 901.759 3193.88
      vertex 976 898.079 3195.76
    endloop
  endfacet
  facet normal 0 -0.155005 -0.987914
    outer loop
      vertex 976 889.921 3170.65
      vertex 979 894 3170.01
      vertex 979 889.921 3170.65
    endloop
  endfacet
  facet normal -0 -0.155005 -0.987914
    outer loop
      vertex 979 894 3170.01
      vertex 976 889.921 3170.65
      vertex 976 894 3170.01
    endloop
  endfacet
  facet normal -0 0.157367 0.98754
    outer loop
      vertex 976 898.079 3195.76
      vertex 979 894 3196.41
      vertex 979 898.079 3195.76
    endloop
  endfacet
  facet normal 0 0.157367 0.98754
    outer loop
      vertex 979 894 3196.41
      vertex 976 898.079 3195.76
      vertex 976 894 3196.41
    endloop
  endfacet
  facet normal 0 -0.454941 -0.890522
    outer loop
      vertex 976 886.241 3172.53
      vertex 979 889.921 3170.65
      vertex 979 886.241 3172.53
    endloop
  endfacet
  facet normal -0 -0.454941 -0.890522
    outer loop
      vertex 979 889.921 3170.65
      vertex 976 886.241 3172.53
      vertex 976 889.921 3170.65
    endloop
  endfacet
  facet normal 0 0.987696 -0.156385
    outer loop
      vertex 979 906.554 3179.13
      vertex 976 907.2 3183.21
      vertex 979 907.2 3183.21
    endloop
  endfacet
  facet normal 0 0.987696 -0.156385
    outer loop
      vertex 976 907.2 3183.21
      vertex 979 906.554 3179.13
      vertex 976 906.554 3179.13
    endloop
  endfacet
  facet normal 0 0.891012 -0.45398
    outer loop
      vertex 979 904.679 3175.45
      vertex 976 906.554 3179.13
      vertex 979 906.554 3179.13
    endloop
  endfacet
  facet normal 0 0.891012 -0.45398
    outer loop
      vertex 976 906.554 3179.13
      vertex 979 904.679 3175.45
      vertex 976 904.679 3175.45
    endloop
  endfacet
  facet normal 0 -0.454941 0.890522
    outer loop
      vertex 976 889.921 3195.76
      vertex 979 886.241 3193.88
      vertex 979 889.921 3195.76
    endloop
  endfacet
  facet normal 0 -0.454941 0.890522
    outer loop
      vertex 979 886.241 3193.88
      vertex 976 889.921 3195.76
      vertex 976 886.241 3193.88
    endloop
  endfacet
  facet normal 0 0.987637 0.15676
    outer loop
      vertex 979 907.2 3183.21
      vertex 976 906.554 3187.28
      vertex 979 906.554 3187.28
    endloop
  endfacet
  facet normal 0 0.987637 0.15676
    outer loop
      vertex 976 906.554 3187.28
      vertex 979 907.2 3183.21
      vertex 976 907.2 3183.21
    endloop
  endfacet
  facet normal 0 -0.707107 0.707107
    outer loop
      vertex 976 883.321 3190.96
      vertex 979 886.241 3193.88
      vertex 976 886.241 3193.88
    endloop
  endfacet
  facet normal 0 -0.707107 0.707107
    outer loop
      vertex 979 886.241 3193.88
      vertex 976 883.321 3190.96
      vertex 979 883.321 3190.96
    endloop
  endfacet
  facet normal 1 0 0
    outer loop
      vertex 979 903.093 3188.46
      vertex 979 907.2 3183.21
      vertex 979 906.554 3187.28
    endloop
  endfacet
  facet normal 1 -0 0
    outer loop
      vertex 979 903.093 3188.46
      vertex 979 906.554 3187.28
      vertex 979 904.679 3190.96
    endloop
  endfacet
  facet normal 1 0 0
    outer loop
      vertex 979 903.093 3177.96
      vertex 979 907.2 3183.21
      vertex 979 903.093 3188.46
    endloop
  endfacet
  facet normal 1 0 0
    outer loop
      vertex 979 907.2 3183.21
      vertex 979 903.093 3177.96
      vertex 979 906.554 3179.13
    endloop
  endfacet
  facet normal 1 0 0
    outer loop
      vertex 979 901.759 3193.88
      vertex 979 903.093 3188.46
      vertex 979 904.679 3190.96
    endloop
  endfacet
  facet normal 1 0 0
    outer loop
      vertex 979 894 3193.71
      vertex 979 901.759 3193.88
      vertex 979 898.079 3195.76
    endloop
  endfacet
  facet normal 1 0 0
    outer loop
      vertex 979 894 3193.71
      vertex 979 898.079 3195.76
      vertex 979 894 3196.41
    endloop
  endfacet
  facet normal 1 0 0
    outer loop
      vertex 979 901.759 3193.88
      vertex 979 894 3193.71
      vertex 979 903.093 3188.46
    endloop
  endfacet
  facet normal 1 -0 0
    outer loop
      vertex 979 889.921 3195.76
      vertex 979 894 3193.71
      vertex 979 894 3196.41
    endloop
  endfacet
  facet normal 1 -0 0
    outer loop
      vertex 979 886.241 3193.88
      vertex 979 894 3193.71
      vertex 979 889.921 3195.76
    endloop
  endfacet
  facet normal 1 0 0
    outer loop
      vertex 979 886.241 3193.88
      vertex 979 884.907 3188.46
      vertex 979 894 3193.71
    endloop
  endfacet
  facet normal 1 0 0
    outer loop
      vertex 979 881.446 3187.28
      vertex 979 884.907 3188.46
      vertex 979 883.321 3190.96
    endloop
  endfacet
  facet normal 1 -0 0
    outer loop
      vertex 979 883.321 3190.96
      vertex 979 884.907 3188.46
      vertex 979 886.241 3193.88
    endloop
  endfacet
  facet normal 1 0 0
    outer loop
      vertex 979 906.554 3179.13
      vertex 979 903.093 3177.96
      vertex 979 904.679 3175.45
    endloop
  endfacet
  facet normal 1 0 0
    outer loop
      vertex 979 903.093 3177.96
      vertex 979 901.759 3172.53
      vertex 979 904.679 3175.45
    endloop
  endfacet
  facet normal 1 -0 0
    outer loop
      vertex 979 894 3172.71
      vertex 979 901.759 3172.53
      vertex 979 903.093 3177.96
    endloop
  endfacet
  facet normal 1 0 0
    outer loop
      vertex 979 901.759 3172.53
      vertex 979 894 3172.71
      vertex 979 898.079 3170.65
    endloop
  endfacet
  facet normal 1 0 0
    outer loop
      vertex 979 894 3172.71
      vertex 979 894 3170.01
      vertex 979 898.079 3170.65
    endloop
  endfacet
  facet normal 1 0 0
    outer loop
      vertex 979 894 3172.71
      vertex 979 889.921 3170.65
      vertex 979 894 3170.01
    endloop
  endfacet
  facet normal 1 0 0
    outer loop
      vertex 979 894 3172.71
      vertex 979 886.241 3172.53
      vertex 979 889.921 3170.65
    endloop
  endfacet
  facet normal 1 0 0
    outer loop
      vertex 979 884.907 3177.96
      vertex 979 886.241 3172.53
      vertex 979 894 3172.71
    endloop
  endfacet
  facet normal 1 0 0
    outer loop
      vertex 979 884.907 3177.96
      vertex 979 883.321 3175.45
      vertex 979 886.241 3172.53
    endloop
  endfacet
  facet normal 1 0 0
    outer loop
      vertex 979 880.8 3183.21
      vertex 979 884.907 3188.46
      vertex 979 881.446 3187.28
    endloop
  endfacet
  facet normal 1 0 0
    outer loop
      vertex 979 884.907 3188.46
      vertex 979 880.8 3183.21
      vertex 979 884.907 3177.96
    endloop
  endfacet
  facet normal 1 0 0
    outer loop
      vertex 979 884.907 3177.96
      vertex 979 881.446 3179.13
      vertex 979 883.321 3175.45
    endloop
  endfacet
  facet normal 1 0 0
    outer loop
      vertex 979 884.907 3177.96
      vertex 979 880.8 3183.21
      vertex 979 881.446 3179.13
    endloop
  endfacet
  facet normal 0 0.707107 0.707107
    outer loop
      vertex 979 904.679 3190.96
      vertex 976 901.759 3193.88
      vertex 979 901.759 3193.88
    endloop
  endfacet
  facet normal 0 0.707107 0.707107
    outer loop
      vertex 976 901.759 3193.88
      vertex 979 904.679 3190.96
      vertex 976 904.679 3190.96
    endloop
  endfacet
  facet normal 0 -0.157367 0.98754
    outer loop
      vertex 976 894 3196.41
      vertex 979 889.921 3195.76
      vertex 979 894 3196.41
    endloop
  endfacet
  facet normal 0 -0.157367 0.98754
    outer loop
      vertex 979 889.921 3195.76
      vertex 976 894 3196.41
      vertex 976 889.921 3195.76
    endloop
  endfacet
  facet normal 0 -0.891012 0.45398
    outer loop
      vertex 976 881.446 3187.28
      vertex 979 883.321 3190.96
      vertex 976 883.321 3190.96
    endloop
  endfacet
  facet normal 0 -0.891012 0.45398
    outer loop
      vertex 979 883.321 3190.96
      vertex 976 881.446 3187.28
      vertex 979 881.446 3187.28
    endloop
  endfacet
  facet normal 0 -1 0
    outer loop
      vertex 979 884.907 3177.96
      vertex 987 884.907 3188.46
      vertex 979 884.907 3188.46
    endloop
  endfacet
  facet normal 0 -1 -0
    outer loop
      vertex 987 884.907 3188.46
      vertex 979 884.907 3177.96
      vertex 987 884.907 3177.96
    endloop
  endfacet
  facet normal 0 -0.500011 -0.866019
    outer loop
      vertex 979 884.907 3177.96
      vertex 987 894 3172.71
      vertex 987 884.907 3177.96
    endloop
  endfacet
  facet normal -0 -0.500011 -0.866019
    outer loop
      vertex 987 894 3172.71
      vertex 979 884.907 3177.96
      vertex 979 894 3172.71
    endloop
  endfacet
  facet normal 0 1 -0
    outer loop
      vertex 987 903.093 3177.96
      vertex 979 903.093 3188.46
      vertex 987 903.093 3188.46
    endloop
  endfacet
  facet normal 0 1 0
    outer loop
      vertex 979 903.093 3188.46
      vertex 987 903.093 3177.96
      vertex 979 903.093 3177.96
    endloop
  endfacet
  facet normal 0 0.500011 -0.866019
    outer loop
      vertex 979 894 3172.71
      vertex 987 903.093 3177.96
      vertex 987 894 3172.71
    endloop
  endfacet
  facet normal 0 0.500011 -0.866019
    outer loop
      vertex 987 903.093 3177.96
      vertex 979 894 3172.71
      vertex 979 903.093 3177.96
    endloop
  endfacet
  facet normal -0 0.500011 0.866019
    outer loop
      vertex 979 903.093 3188.46
      vertex 987 894 3193.71
      vertex 987 903.093 3188.46
    endloop
  endfacet
  facet normal 0 0.500011 0.866019
    outer loop
      vertex 987 894 3193.71
      vertex 979 903.093 3188.46
      vertex 979 894 3193.71
    endloop
  endfacet
  facet normal 0 -0.500011 0.866019
    outer loop
      vertex 979 894 3193.71
      vertex 987 884.907 3188.46
      vertex 987 894 3193.71
    endloop
  endfacet
  facet normal 0 -0.500011 0.866019
    outer loop
      vertex 987 884.907 3188.46
      vertex 979 894 3193.71
      vertex 979 884.907 3188.46
    endloop
  endfacet
  facet normal 1 0 0
    outer loop
      vertex 987 894 3193.71
      vertex 987 903.093 3177.96
      vertex 987 903.093 3188.46
    endloop
  endfacet
  facet normal 1 0 0
    outer loop
      vertex 987 894 3193.71
      vertex 987 894 3172.71
      vertex 987 903.093 3177.96
    endloop
  endfacet
  facet normal 1 -0 0
    outer loop
      vertex 987 884.907 3188.46
      vertex 987 894 3172.71
      vertex 987 894 3193.71
    endloop
  endfacet
  facet normal 1 0 0
    outer loop
      vertex 987 894 3172.71
      vertex 987 884.907 3188.46
      vertex 987 884.907 3177.96
    endloop
  endfacet
  facet normal -0 0.157367 0.98754
    outer loop
      vertex 813 898.079 3195.76
      vertex 816 894 3196.41
      vertex 816 898.079 3195.76
    endloop
  endfacet
  facet normal 0 0.157367 0.98754
    outer loop
      vertex 816 894 3196.41
      vertex 813 898.079 3195.76
      vertex 813 894 3196.41
    endloop
  endfacet
  facet normal -0 0.454941 0.890522
    outer loop
      vertex 813 901.759 3193.88
      vertex 816 898.079 3195.76
      vertex 816 901.759 3193.88
    endloop
  endfacet
  facet normal 0 0.454941 0.890522
    outer loop
      vertex 816 898.079 3195.76
      vertex 813 901.759 3193.88
      vertex 813 898.079 3195.76
    endloop
  endfacet
  facet normal 0 -0.987637 0.15676
    outer loop
      vertex 813 880.8 3183.21
      vertex 816 881.446 3187.28
      vertex 813 881.446 3187.28
    endloop
  endfacet
  facet normal 0 -0.987637 0.15676
    outer loop
      vertex 816 881.446 3187.28
      vertex 813 880.8 3183.21
      vertex 816 880.8 3183.21
    endloop
  endfacet
  facet normal 0 -0.707107 0.707107
    outer loop
      vertex 813 883.321 3190.96
      vertex 816 886.241 3193.88
      vertex 813 886.241 3193.88
    endloop
  endfacet
  facet normal 0 -0.707107 0.707107
    outer loop
      vertex 816 886.241 3193.88
      vertex 813 883.321 3190.96
      vertex 816 883.321 3190.96
    endloop
  endfacet
  facet normal 0 0.707107 0.707107
    outer loop
      vertex 816 904.679 3190.96
      vertex 813 901.759 3193.88
      vertex 816 901.759 3193.88
    endloop
  endfacet
  facet normal 0 0.707107 0.707107
    outer loop
      vertex 813 901.759 3193.88
      vertex 816 904.679 3190.96
      vertex 813 904.679 3190.96
    endloop
  endfacet
  facet normal 0 -0.987696 -0.156385
    outer loop
      vertex 813 881.446 3179.13
      vertex 816 880.8 3183.21
      vertex 813 880.8 3183.21
    endloop
  endfacet
  facet normal 0 -0.987696 -0.156385
    outer loop
      vertex 816 880.8 3183.21
      vertex 813 881.446 3179.13
      vertex 816 881.446 3179.13
    endloop
  endfacet
  facet normal 0 -0.891012 -0.45398
    outer loop
      vertex 813 883.321 3175.45
      vertex 816 881.446 3179.13
      vertex 813 881.446 3179.13
    endloop
  endfacet
  facet normal 0 -0.891012 -0.45398
    outer loop
      vertex 816 881.446 3179.13
      vertex 813 883.321 3175.45
      vertex 816 883.321 3175.45
    endloop
  endfacet
  facet normal -1 0 0
    outer loop
      vertex 813 903.093 3177.96
      vertex 813 907.2 3183.21
      vertex 813 906.554 3179.13
    endloop
  endfacet
  facet normal -1 0 0
    outer loop
      vertex 813 903.093 3177.96
      vertex 813 906.554 3179.13
      vertex 813 904.679 3175.45
    endloop
  endfacet
  facet normal -1 0 0
    outer loop
      vertex 813 903.093 3188.46
      vertex 813 907.2 3183.21
      vertex 813 903.093 3177.96
    endloop
  endfacet
  facet normal -1 0 0
    outer loop
      vertex 813 907.2 3183.21
      vertex 813 903.093 3188.46
      vertex 813 906.554 3187.28
    endloop
  endfacet
  facet normal -1 0 0
    outer loop
      vertex 813 901.759 3172.53
      vertex 813 903.093 3177.96
      vertex 813 904.679 3175.45
    endloop
  endfacet
  facet normal -1 0 0
    outer loop
      vertex 813 894 3172.71
      vertex 813 901.759 3172.53
      vertex 813 898.079 3170.65
    endloop
  endfacet
  facet normal -1 0 0
    outer loop
      vertex 813 894 3172.71
      vertex 813 898.079 3170.65
      vertex 813 894 3170.01
    endloop
  endfacet
  facet normal -1 0 0
    outer loop
      vertex 813 901.759 3172.53
      vertex 813 894 3172.71
      vertex 813 903.093 3177.96
    endloop
  endfacet
  facet normal -1 0 0
    outer loop
      vertex 813 889.921 3170.65
      vertex 813 894 3172.71
      vertex 813 894 3170.01
    endloop
  endfacet
  facet normal -1 0 0
    outer loop
      vertex 813 886.241 3172.53
      vertex 813 894 3172.71
      vertex 813 889.921 3170.65
    endloop
  endfacet
  facet normal -1 0 0
    outer loop
      vertex 813 886.241 3172.53
      vertex 813 884.907 3177.96
      vertex 813 894 3172.71
    endloop
  endfacet
  facet normal -1 0 0
    outer loop
      vertex 813 881.446 3179.13
      vertex 813 884.907 3177.96
      vertex 813 883.321 3175.45
    endloop
  endfacet
  facet normal -1 0 0
    outer loop
      vertex 813 883.321 3175.45
      vertex 813 884.907 3177.96
      vertex 813 886.241 3172.53
    endloop
  endfacet
  facet normal -1 0 0
    outer loop
      vertex 813 906.554 3187.28
      vertex 813 903.093 3188.46
      vertex 813 904.679 3190.96
    endloop
  endfacet
  facet normal -1 0 0
    outer loop
      vertex 813 903.093 3188.46
      vertex 813 901.759 3193.88
      vertex 813 904.679 3190.96
    endloop
  endfacet
  facet normal -1 0 0
    outer loop
      vertex 813 894 3193.71
      vertex 813 901.759 3193.88
      vertex 813 903.093 3188.46
    endloop
  endfacet
  facet normal -1 -0 0
    outer loop
      vertex 813 901.759 3193.88
      vertex 813 894 3193.71
      vertex 813 898.079 3195.76
    endloop
  endfacet
  facet normal -1 0 0
    outer loop
      vertex 813 894 3193.71
      vertex 813 894 3196.41
      vertex 813 898.079 3195.76
    endloop
  endfacet
  facet normal -1 0 0
    outer loop
      vertex 813 894 3193.71
      vertex 813 889.921 3195.76
      vertex 813 894 3196.41
    endloop
  endfacet
  facet normal -1 0 0
    outer loop
      vertex 813 894 3193.71
      vertex 813 886.241 3193.88
      vertex 813 889.921 3195.76
    endloop
  endfacet
  facet normal -1 0 0
    outer loop
      vertex 813 884.907 3188.46
      vertex 813 886.241 3193.88
      vertex 813 894 3193.71
    endloop
  endfacet
  facet normal -1 0 0
    outer loop
      vertex 813 884.907 3188.46
      vertex 813 883.321 3190.96
      vertex 813 886.241 3193.88
    endloop
  endfacet
  facet normal -1 0 0
    outer loop
      vertex 813 880.8 3183.21
      vertex 813 884.907 3177.96
      vertex 813 881.446 3179.13
    endloop
  endfacet
  facet normal -1 0 0
    outer loop
      vertex 813 884.907 3177.96
      vertex 813 880.8 3183.21
      vertex 813 884.907 3188.46
    endloop
  endfacet
  facet normal -1 -0 0
    outer loop
      vertex 813 884.907 3188.46
      vertex 813 881.446 3187.28
      vertex 813 883.321 3190.96
    endloop
  endfacet
  facet normal -1 0 0
    outer loop
      vertex 813 884.907 3188.46
      vertex 813 880.8 3183.21
      vertex 813 881.446 3187.28
    endloop
  endfacet
  facet normal 0 0.155005 -0.987914
    outer loop
      vertex 813 894 3170.01
      vertex 816 898.079 3170.65
      vertex 816 894 3170.01
    endloop
  endfacet
  facet normal 0 0.155005 -0.987914
    outer loop
      vertex 816 898.079 3170.65
      vertex 813 894 3170.01
      vertex 813 898.079 3170.65
    endloop
  endfacet
  facet normal 0 0.707107 -0.707107
    outer loop
      vertex 813 901.759 3172.53
      vertex 816 904.679 3175.45
      vertex 816 901.759 3172.53
    endloop
  endfacet
  facet normal 0 0.707107 -0.707107
    outer loop
      vertex 816 904.679 3175.45
      vertex 813 901.759 3172.53
      vertex 813 904.679 3175.45
    endloop
  endfacet
  facet normal 0 -0.155005 -0.987914
    outer loop
      vertex 813 889.921 3170.65
      vertex 816 894 3170.01
      vertex 816 889.921 3170.65
    endloop
  endfacet
  facet normal -0 -0.155005 -0.987914
    outer loop
      vertex 816 894 3170.01
      vertex 813 889.921 3170.65
      vertex 813 894 3170.01
    endloop
  endfacet
  facet normal 0 0.891012 0.45398
    outer loop
      vertex 816 906.554 3187.28
      vertex 813 904.679 3190.96
      vertex 816 904.679 3190.96
    endloop
  endfacet
  facet normal 0 0.891012 0.45398
    outer loop
      vertex 813 904.679 3190.96
      vertex 816 906.554 3187.28
      vertex 813 906.554 3187.28
    endloop
  endfacet
  facet normal 0 0.987696 -0.156385
    outer loop
      vertex 816 906.554 3179.13
      vertex 813 907.2 3183.21
      vertex 816 907.2 3183.21
    endloop
  endfacet
  facet normal 0 0.987696 -0.156385
    outer loop
      vertex 813 907.2 3183.21
      vertex 816 906.554 3179.13
      vertex 813 906.554 3179.13
    endloop
  endfacet
  facet normal 0 0.987637 0.15676
    outer loop
      vertex 816 907.2 3183.21
      vertex 813 906.554 3187.28
      vertex 816 906.554 3187.28
    endloop
  endfacet
  facet normal 0 0.987637 0.15676
    outer loop
      vertex 813 906.554 3187.28
      vertex 816 907.2 3183.21
      vertex 813 907.2 3183.21
    endloop
  endfacet
  facet normal 0 -0.707107 -0.707107
    outer loop
      vertex 813 883.321 3175.45
      vertex 816 886.241 3172.53
      vertex 816 883.321 3175.45
    endloop
  endfacet
  facet normal -0 -0.707107 -0.707107
    outer loop
      vertex 816 886.241 3172.53
      vertex 813 883.321 3175.45
      vertex 813 886.241 3172.53
    endloop
  endfacet
  facet normal 0 -0.891012 0.45398
    outer loop
      vertex 813 881.446 3187.28
      vertex 816 883.321 3190.96
      vertex 813 883.321 3190.96
    endloop
  endfacet
  facet normal 0 -0.891012 0.45398
    outer loop
      vertex 816 883.321 3190.96
      vertex 813 881.446 3187.28
      vertex 816 881.446 3187.28
    endloop
  endfacet
  facet normal 0 0.891012 -0.45398
    outer loop
      vertex 816 904.679 3175.45
      vertex 813 906.554 3179.13
      vertex 816 906.554 3179.13
    endloop
  endfacet
  facet normal 0 0.891012 -0.45398
    outer loop
      vertex 813 906.554 3179.13
      vertex 816 904.679 3175.45
      vertex 813 904.679 3175.45
    endloop
  endfacet
  facet normal 0 -0.454941 -0.890522
    outer loop
      vertex 813 886.241 3172.53
      vertex 816 889.921 3170.65
      vertex 816 886.241 3172.53
    endloop
  endfacet
  facet normal -0 -0.454941 -0.890522
    outer loop
      vertex 816 889.921 3170.65
      vertex 813 886.241 3172.53
      vertex 813 889.921 3170.65
    endloop
  endfacet
  facet normal 0 0.454941 -0.890522
    outer loop
      vertex 813 898.079 3170.65
      vertex 816 901.759 3172.53
      vertex 816 898.079 3170.65
    endloop
  endfacet
  facet normal 0 0.454941 -0.890522
    outer loop
      vertex 816 901.759 3172.53
      vertex 813 898.079 3170.65
      vertex 813 901.759 3172.53
    endloop
  endfacet
  facet normal 0 -0.454941 0.890522
    outer loop
      vertex 813 889.921 3195.76
      vertex 816 886.241 3193.88
      vertex 816 889.921 3195.76
    endloop
  endfacet
  facet normal 0 -0.454941 0.890522
    outer loop
      vertex 816 886.241 3193.88
      vertex 813 889.921 3195.76
      vertex 813 886.241 3193.88
    endloop
  endfacet
  facet normal 0 -0.157367 0.98754
    outer loop
      vertex 813 894 3196.41
      vertex 816 889.921 3195.76
      vertex 816 894 3196.41
    endloop
  endfacet
  facet normal 0 -0.157367 0.98754
    outer loop
      vertex 816 889.921 3195.76
      vertex 813 894 3196.41
      vertex 813 889.921 3195.76
    endloop
  endfacet
  facet normal 0 -1 0
    outer loop
      vertex 803 884.907 3177.96
      vertex 813 884.907 3188.46
      vertex 803 884.907 3188.46
    endloop
  endfacet
  facet normal 0 -1 -0
    outer loop
      vertex 813 884.907 3188.46
      vertex 803 884.907 3177.96
      vertex 813 884.907 3177.96
    endloop
  endfacet
  facet normal 0 -0.500011 0.866019
    outer loop
      vertex 803 894 3193.71
      vertex 813 884.907 3188.46
      vertex 813 894 3193.71
    endloop
  endfacet
  facet normal 0 -0.500011 0.866019
    outer loop
      vertex 813 884.907 3188.46
      vertex 803 894 3193.71
      vertex 803 884.907 3188.46
    endloop
  endfacet
  facet normal 0 1 -0
    outer loop
      vertex 813 903.093 3177.96
      vertex 803 903.093 3188.46
      vertex 813 903.093 3188.46
    endloop
  endfacet
  facet normal 0 1 0
    outer loop
      vertex 803 903.093 3188.46
      vertex 813 903.093 3177.96
      vertex 803 903.093 3177.96
    endloop
  endfacet
  facet normal -0 0.500011 0.866019
    outer loop
      vertex 803 903.093 3188.46
      vertex 813 894 3193.71
      vertex 813 903.093 3188.46
    endloop
  endfacet
  facet normal 0 0.500011 0.866019
    outer loop
      vertex 813 894 3193.71
      vertex 803 903.093 3188.46
      vertex 803 894 3193.71
    endloop
  endfacet
  facet normal 0 0.500011 -0.866019
    outer loop
      vertex 803 894 3172.71
      vertex 813 903.093 3177.96
      vertex 813 894 3172.71
    endloop
  endfacet
  facet normal 0 0.500011 -0.866019
    outer loop
      vertex 813 903.093 3177.96
      vertex 803 894 3172.71
      vertex 803 903.093 3177.96
    endloop
  endfacet
  facet normal 0 -0.500011 -0.866019
    outer loop
      vertex 803 884.907 3177.96
      vertex 813 894 3172.71
      vertex 813 884.907 3177.96
    endloop
  endfacet
  facet normal -0 -0.500011 -0.866019
    outer loop
      vertex 813 894 3172.71
      vertex 803 884.907 3177.96
      vertex 803 894 3172.71
    endloop
  endfacet
  facet normal -1 0 0
    outer loop
      vertex 803 894 3172.71
      vertex 803 903.093 3188.46
      vertex 803 903.093 3177.96
    endloop
  endfacet
  facet normal -1 0 0
    outer loop
      vertex 803 894 3172.71
      vertex 803 894 3193.71
      vertex 803 903.093 3188.46
    endloop
  endfacet
  facet normal -1 0 0
    outer loop
      vertex 803 884.907 3177.96
      vertex 803 894 3193.71
      vertex 803 894 3172.71
    endloop
  endfacet
  facet normal -1 0 0
    outer loop
      vertex 803 894 3193.71
      vertex 803 884.907 3177.96
      vertex 803 884.907 3188.46
    endloop
  endfacet
  facet normal 0 0.454941 -0.890522
    outer loop
      vertex 976 962.079 3115.65
      vertex 979 965.759 3117.53
      vertex 979 962.079 3115.65
    endloop
  endfacet
  facet normal 0 0.454941 -0.890522
    outer loop
      vertex 979 965.759 3117.53
      vertex 976 962.079 3115.65
      vertex 976 965.759 3117.53
    endloop
  endfacet
  facet normal 0 0.155005 -0.987914
    outer loop
      vertex 976 958 3115.01
      vertex 979 962.079 3115.65
      vertex 979 958 3115.01
    endloop
  endfacet
  facet normal 0 0.155005 -0.987914
    outer loop
      vertex 979 962.079 3115.65
      vertex 976 958 3115.01
      vertex 976 962.079 3115.65
    endloop
  endfacet
  facet normal 0 0.707107 -0.707107
    outer loop
      vertex 976 965.759 3117.53
      vertex 979 968.679 3120.45
      vertex 979 965.759 3117.53
    endloop
  endfacet
  facet normal 0 0.707107 -0.707107
    outer loop
      vertex 979 968.679 3120.45
      vertex 976 965.759 3117.53
      vertex 976 968.679 3120.45
    endloop
  endfacet
  facet normal 0 -0.987696 -0.156385
    outer loop
      vertex 976 945.446 3124.13
      vertex 979 944.8 3128.21
      vertex 976 944.8 3128.21
    endloop
  endfacet
  facet normal 0 -0.987696 -0.156385
    outer loop
      vertex 979 944.8 3128.21
      vertex 976 945.446 3124.13
      vertex 979 945.446 3124.13
    endloop
  endfacet
  facet normal 0 0.891012 0.45398
    outer loop
      vertex 979 970.554 3132.28
      vertex 976 968.679 3135.96
      vertex 979 968.679 3135.96
    endloop
  endfacet
  facet normal 0 0.891012 0.45398
    outer loop
      vertex 976 968.679 3135.96
      vertex 979 970.554 3132.28
      vertex 976 970.554 3132.28
    endloop
  endfacet
  facet normal 0 -0.891012 -0.45398
    outer loop
      vertex 976 947.321 3120.45
      vertex 979 945.446 3124.13
      vertex 976 945.446 3124.13
    endloop
  endfacet
  facet normal 0 -0.891012 -0.45398
    outer loop
      vertex 979 945.446 3124.13
      vertex 976 947.321 3120.45
      vertex 979 947.321 3120.45
    endloop
  endfacet
  facet normal 0 -0.707107 -0.707107
    outer loop
      vertex 976 947.321 3120.45
      vertex 979 950.241 3117.53
      vertex 979 947.321 3120.45
    endloop
  endfacet
  facet normal -0 -0.707107 -0.707107
    outer loop
      vertex 979 950.241 3117.53
      vertex 976 947.321 3120.45
      vertex 976 950.241 3117.53
    endloop
  endfacet
  facet normal 0 -0.987637 0.15676
    outer loop
      vertex 976 944.8 3128.21
      vertex 979 945.446 3132.28
      vertex 976 945.446 3132.28
    endloop
  endfacet
  facet normal 0 -0.987637 0.15676
    outer loop
      vertex 979 945.446 3132.28
      vertex 976 944.8 3128.21
      vertex 979 944.8 3128.21
    endloop
  endfacet
  facet normal -0 0.454941 0.890522
    outer loop
      vertex 976 965.759 3138.88
      vertex 979 962.079 3140.76
      vertex 979 965.759 3138.88
    endloop
  endfacet
  facet normal 0 0.454941 0.890522
    outer loop
      vertex 979 962.079 3140.76
      vertex 976 965.759 3138.88
      vertex 976 962.079 3140.76
    endloop
  endfacet
  facet normal 0 -0.155005 -0.987914
    outer loop
      vertex 976 953.921 3115.65
      vertex 979 958 3115.01
      vertex 979 953.921 3115.65
    endloop
  endfacet
  facet normal -0 -0.155005 -0.987914
    outer loop
      vertex 979 958 3115.01
      vertex 976 953.921 3115.65
      vertex 976 958 3115.01
    endloop
  endfacet
  facet normal -0 0.157367 0.98754
    outer loop
      vertex 976 962.079 3140.76
      vertex 979 958 3141.41
      vertex 979 962.079 3140.76
    endloop
  endfacet
  facet normal 0 0.157367 0.98754
    outer loop
      vertex 979 958 3141.41
      vertex 976 962.079 3140.76
      vertex 976 958 3141.41
    endloop
  endfacet
  facet normal 0 -0.454941 -0.890522
    outer loop
      vertex 976 950.241 3117.53
      vertex 979 953.921 3115.65
      vertex 979 950.241 3117.53
    endloop
  endfacet
  facet normal -0 -0.454941 -0.890522
    outer loop
      vertex 979 953.921 3115.65
      vertex 976 950.241 3117.53
      vertex 976 953.921 3115.65
    endloop
  endfacet
  facet normal 0 0.987696 -0.156385
    outer loop
      vertex 979 970.554 3124.13
      vertex 976 971.2 3128.21
      vertex 979 971.2 3128.21
    endloop
  endfacet
  facet normal 0 0.987696 -0.156385
    outer loop
      vertex 976 971.2 3128.21
      vertex 979 970.554 3124.13
      vertex 976 970.554 3124.13
    endloop
  endfacet
  facet normal 0 0.891012 -0.45398
    outer loop
      vertex 979 968.679 3120.45
      vertex 976 970.554 3124.13
      vertex 979 970.554 3124.13
    endloop
  endfacet
  facet normal 0 0.891012 -0.45398
    outer loop
      vertex 976 970.554 3124.13
      vertex 979 968.679 3120.45
      vertex 976 968.679 3120.45
    endloop
  endfacet
  facet normal 0 -0.454941 0.890522
    outer loop
      vertex 976 953.921 3140.76
      vertex 979 950.241 3138.88
      vertex 979 953.921 3140.76
    endloop
  endfacet
  facet normal 0 -0.454941 0.890522
    outer loop
      vertex 979 950.241 3138.88
      vertex 976 953.921 3140.76
      vertex 976 950.241 3138.88
    endloop
  endfacet
  facet normal 0 0.987637 0.15676
    outer loop
      vertex 979 971.2 3128.21
      vertex 976 970.554 3132.28
      vertex 979 970.554 3132.28
    endloop
  endfacet
  facet normal 0 0.987637 0.15676
    outer loop
      vertex 976 970.554 3132.28
      vertex 979 971.2 3128.21
      vertex 976 971.2 3128.21
    endloop
  endfacet
  facet normal 0 -0.707107 0.707107
    outer loop
      vertex 976 947.321 3135.96
      vertex 979 950.241 3138.88
      vertex 976 950.241 3138.88
    endloop
  endfacet
  facet normal 0 -0.707107 0.707107
    outer loop
      vertex 979 950.241 3138.88
      vertex 976 947.321 3135.96
      vertex 979 947.321 3135.96
    endloop
  endfacet
  facet normal 1 0 0
    outer loop
      vertex 979 967.093 3133.46
      vertex 979 971.2 3128.21
      vertex 979 970.554 3132.28
    endloop
  endfacet
  facet normal 1 -0 0
    outer loop
      vertex 979 967.093 3133.46
      vertex 979 970.554 3132.28
      vertex 979 968.679 3135.96
    endloop
  endfacet
  facet normal 1 0 0
    outer loop
      vertex 979 967.093 3122.96
      vertex 979 971.2 3128.21
      vertex 979 967.093 3133.46
    endloop
  endfacet
  facet normal 1 0 0
    outer loop
      vertex 979 971.2 3128.21
      vertex 979 967.093 3122.96
      vertex 979 970.554 3124.13
    endloop
  endfacet
  facet normal 1 0 0
    outer loop
      vertex 979 965.759 3138.88
      vertex 979 967.093 3133.46
      vertex 979 968.679 3135.96
    endloop
  endfacet
  facet normal 1 0 0
    outer loop
      vertex 979 958 3138.71
      vertex 979 965.759 3138.88
      vertex 979 962.079 3140.76
    endloop
  endfacet
  facet normal 1 0 0
    outer loop
      vertex 979 958 3138.71
      vertex 979 962.079 3140.76
      vertex 979 958 3141.41
    endloop
  endfacet
  facet normal 1 0 0
    outer loop
      vertex 979 965.759 3138.88
      vertex 979 958 3138.71
      vertex 979 967.093 3133.46
    endloop
  endfacet
  facet normal 1 -0 0
    outer loop
      vertex 979 953.921 3140.76
      vertex 979 958 3138.71
      vertex 979 958 3141.41
    endloop
  endfacet
  facet normal 1 -0 0
    outer loop
      vertex 979 950.241 3138.88
      vertex 979 958 3138.71
      vertex 979 953.921 3140.76
    endloop
  endfacet
  facet normal 1 0 0
    outer loop
      vertex 979 950.241 3138.88
      vertex 979 948.907 3133.46
      vertex 979 958 3138.71
    endloop
  endfacet
  facet normal 1 0 0
    outer loop
      vertex 979 945.446 3132.28
      vertex 979 948.907 3133.46
      vertex 979 947.321 3135.96
    endloop
  endfacet
  facet normal 1 -0 0
    outer loop
      vertex 979 947.321 3135.96
      vertex 979 948.907 3133.46
      vertex 979 950.241 3138.88
    endloop
  endfacet
  facet normal 1 0 0
    outer loop
      vertex 979 970.554 3124.13
      vertex 979 967.093 3122.96
      vertex 979 968.679 3120.45
    endloop
  endfacet
  facet normal 1 0 0
    outer loop
      vertex 979 967.093 3122.96
      vertex 979 965.759 3117.53
      vertex 979 968.679 3120.45
    endloop
  endfacet
  facet normal 1 -0 0
    outer loop
      vertex 979 958 3117.71
      vertex 979 965.759 3117.53
      vertex 979 967.093 3122.96
    endloop
  endfacet
  facet normal 1 0 0
    outer loop
      vertex 979 965.759 3117.53
      vertex 979 958 3117.71
      vertex 979 962.079 3115.65
    endloop
  endfacet
  facet normal 1 0 0
    outer loop
      vertex 979 958 3117.71
      vertex 979 958 3115.01
      vertex 979 962.079 3115.65
    endloop
  endfacet
  facet normal 1 0 0
    outer loop
      vertex 979 958 3117.71
      vertex 979 953.921 3115.65
      vertex 979 958 3115.01
    endloop
  endfacet
  facet normal 1 0 0
    outer loop
      vertex 979 958 3117.71
      vertex 979 950.241 3117.53
      vertex 979 953.921 3115.65
    endloop
  endfacet
  facet normal 1 0 0
    outer loop
      vertex 979 948.907 3122.96
      vertex 979 950.241 3117.53
      vertex 979 958 3117.71
    endloop
  endfacet
  facet normal 1 0 0
    outer loop
      vertex 979 948.907 3122.96
      vertex 979 947.321 3120.45
      vertex 979 950.241 3117.53
    endloop
  endfacet
  facet normal 1 0 0
    outer loop
      vertex 979 944.8 3128.21
      vertex 979 948.907 3133.46
      vertex 979 945.446 3132.28
    endloop
  endfacet
  facet normal 1 0 0
    outer loop
      vertex 979 948.907 3133.46
      vertex 979 944.8 3128.21
      vertex 979 948.907 3122.96
    endloop
  endfacet
  facet normal 1 0 0
    outer loop
      vertex 979 948.907 3122.96
      vertex 979 945.446 3124.13
      vertex 979 947.321 3120.45
    endloop
  endfacet
  facet normal 1 0 0
    outer loop
      vertex 979 948.907 3122.96
      vertex 979 944.8 3128.21
      vertex 979 945.446 3124.13
    endloop
  endfacet
  facet normal 0 0.707107 0.707107
    outer loop
      vertex 979 968.679 3135.96
      vertex 976 965.759 3138.88
      vertex 979 965.759 3138.88
    endloop
  endfacet
  facet normal 0 0.707107 0.707107
    outer loop
      vertex 976 965.759 3138.88
      vertex 979 968.679 3135.96
      vertex 976 968.679 3135.96
    endloop
  endfacet
  facet normal 0 -0.157367 0.98754
    outer loop
      vertex 976 958 3141.41
      vertex 979 953.921 3140.76
      vertex 979 958 3141.41
    endloop
  endfacet
  facet normal 0 -0.157367 0.98754
    outer loop
      vertex 979 953.921 3140.76
      vertex 976 958 3141.41
      vertex 976 953.921 3140.76
    endloop
  endfacet
  facet normal 0 -0.891012 0.45398
    outer loop
      vertex 976 945.446 3132.28
      vertex 979 947.321 3135.96
      vertex 976 947.321 3135.96
    endloop
  endfacet
  facet normal 0 -0.891012 0.45398
    outer loop
      vertex 979 947.321 3135.96
      vertex 976 945.446 3132.28
      vertex 979 945.446 3132.28
    endloop
  endfacet
  facet normal 0 -1 0
    outer loop
      vertex 979 948.907 3122.96
      vertex 987 948.907 3133.46
      vertex 979 948.907 3133.46
    endloop
  endfacet
  facet normal 0 -1 -0
    outer loop
      vertex 987 948.907 3133.46
      vertex 979 948.907 3122.96
      vertex 987 948.907 3122.96
    endloop
  endfacet
  facet normal 0 -0.500011 -0.866019
    outer loop
      vertex 979 948.907 3122.96
      vertex 987 958 3117.71
      vertex 987 948.907 3122.96
    endloop
  endfacet
  facet normal -0 -0.500011 -0.866019
    outer loop
      vertex 987 958 3117.71
      vertex 979 948.907 3122.96
      vertex 979 958 3117.71
    endloop
  endfacet
  facet normal 0 1 -0
    outer loop
      vertex 987 967.093 3122.96
      vertex 979 967.093 3133.46
      vertex 987 967.093 3133.46
    endloop
  endfacet
  facet normal 0 1 0
    outer loop
      vertex 979 967.093 3133.46
      vertex 987 967.093 3122.96
      vertex 979 967.093 3122.96
    endloop
  endfacet
  facet normal 0 0.500011 -0.866019
    outer loop
      vertex 979 958 3117.71
      vertex 987 967.093 3122.96
      vertex 987 958 3117.71
    endloop
  endfacet
  facet normal 0 0.500011 -0.866019
    outer loop
      vertex 987 967.093 3122.96
      vertex 979 958 3117.71
      vertex 979 967.093 3122.96
    endloop
  endfacet
  facet normal -0 0.500011 0.866019
    outer loop
      vertex 979 967.093 3133.46
      vertex 987 958 3138.71
      vertex 987 967.093 3133.46
    endloop
  endfacet
  facet normal 0 0.500011 0.866019
    outer loop
      vertex 987 958 3138.71
      vertex 979 967.093 3133.46
      vertex 979 958 3138.71
    endloop
  endfacet
  facet normal 0 -0.500011 0.866019
    outer loop
      vertex 979 958 3138.71
      vertex 987 948.907 3133.46
      vertex 987 958 3138.71
    endloop
  endfacet
  facet normal 0 -0.500011 0.866019
    outer loop
      vertex 987 948.907 3133.46
      vertex 979 958 3138.71
      vertex 979 948.907 3133.46
    endloop
  endfacet
  facet normal 1 0 0
    outer loop
      vertex 987 958 3138.71
      vertex 987 967.093 3122.96
      vertex 987 967.093 3133.46
    endloop
  endfacet
  facet normal 1 0 0
    outer loop
      vertex 987 958 3138.71
      vertex 987 958 3117.71
      vertex 987 967.093 3122.96
    endloop
  endfacet
  facet normal 1 -0 0
    outer loop
      vertex 987 948.907 3133.46
      vertex 987 958 3117.71
      vertex 987 958 3138.71
    endloop
  endfacet
  facet normal 1 0 0
    outer loop
      vertex 987 958 3117.71
      vertex 987 948.907 3133.46
      vertex 987 948.907 3122.96
    endloop
  endfacet
  facet normal -0 0.157367 0.98754
    outer loop
      vertex 813 962.079 3140.76
      vertex 816 958 3141.41
      vertex 816 962.079 3140.76
    endloop
  endfacet
  facet normal 0 0.157367 0.98754
    outer loop
      vertex 816 958 3141.41
      vertex 813 962.079 3140.76
      vertex 813 958 3141.41
    endloop
  endfacet
  facet normal -0 0.454941 0.890522
    outer loop
      vertex 813 965.759 3138.88
      vertex 816 962.079 3140.76
      vertex 816 965.759 3138.88
    endloop
  endfacet
  facet normal 0 0.454941 0.890522
    outer loop
      vertex 816 962.079 3140.76
      vertex 813 965.759 3138.88
      vertex 813 962.079 3140.76
    endloop
  endfacet
  facet normal 0 -0.987637 0.15676
    outer loop
      vertex 813 944.8 3128.21
      vertex 816 945.446 3132.28
      vertex 813 945.446 3132.28
    endloop
  endfacet
  facet normal 0 -0.987637 0.15676
    outer loop
      vertex 816 945.446 3132.28
      vertex 813 944.8 3128.21
      vertex 816 944.8 3128.21
    endloop
  endfacet
  facet normal 0 -0.707107 0.707107
    outer loop
      vertex 813 947.321 3135.96
      vertex 816 950.241 3138.88
      vertex 813 950.241 3138.88
    endloop
  endfacet
  facet normal 0 -0.707107 0.707107
    outer loop
      vertex 816 950.241 3138.88
      vertex 813 947.321 3135.96
      vertex 816 947.321 3135.96
    endloop
  endfacet
  facet normal 0 0.707107 0.707107
    outer loop
      vertex 816 968.679 3135.96
      vertex 813 965.759 3138.88
      vertex 816 965.759 3138.88
    endloop
  endfacet
  facet normal 0 0.707107 0.707107
    outer loop
      vertex 813 965.759 3138.88
      vertex 816 968.679 3135.96
      vertex 813 968.679 3135.96
    endloop
  endfacet
  facet normal 0 -0.987696 -0.156385
    outer loop
      vertex 813 945.446 3124.13
      vertex 816 944.8 3128.21
      vertex 813 944.8 3128.21
    endloop
  endfacet
  facet normal 0 -0.987696 -0.156385
    outer loop
      vertex 816 944.8 3128.21
      vertex 813 945.446 3124.13
      vertex 816 945.446 3124.13
    endloop
  endfacet
  facet normal 0 -0.891012 -0.45398
    outer loop
      vertex 813 947.321 3120.45
      vertex 816 945.446 3124.13
      vertex 813 945.446 3124.13
    endloop
  endfacet
  facet normal 0 -0.891012 -0.45398
    outer loop
      vertex 816 945.446 3124.13
      vertex 813 947.321 3120.45
      vertex 816 947.321 3120.45
    endloop
  endfacet
  facet normal -1 0 0
    outer loop
      vertex 813 967.093 3122.96
      vertex 813 971.2 3128.21
      vertex 813 970.554 3124.13
    endloop
  endfacet
  facet normal -1 0 0
    outer loop
      vertex 813 967.093 3122.96
      vertex 813 970.554 3124.13
      vertex 813 968.679 3120.45
    endloop
  endfacet
  facet normal -1 0 0
    outer loop
      vertex 813 967.093 3133.46
      vertex 813 971.2 3128.21
      vertex 813 967.093 3122.96
    endloop
  endfacet
  facet normal -1 0 0
    outer loop
      vertex 813 971.2 3128.21
      vertex 813 967.093 3133.46
      vertex 813 970.554 3132.28
    endloop
  endfacet
  facet normal -1 0 0
    outer loop
      vertex 813 965.759 3117.53
      vertex 813 967.093 3122.96
      vertex 813 968.679 3120.45
    endloop
  endfacet
  facet normal -1 0 0
    outer loop
      vertex 813 958 3117.71
      vertex 813 965.759 3117.53
      vertex 813 962.079 3115.65
    endloop
  endfacet
  facet normal -1 0 0
    outer loop
      vertex 813 958 3117.71
      vertex 813 962.079 3115.65
      vertex 813 958 3115.01
    endloop
  endfacet
  facet normal -1 0 0
    outer loop
      vertex 813 965.759 3117.53
      vertex 813 958 3117.71
      vertex 813 967.093 3122.96
    endloop
  endfacet
  facet normal -1 0 0
    outer loop
      vertex 813 953.921 3115.65
      vertex 813 958 3117.71
      vertex 813 958 3115.01
    endloop
  endfacet
  facet normal -1 0 0
    outer loop
      vertex 813 950.241 3117.53
      vertex 813 958 3117.71
      vertex 813 953.921 3115.65
    endloop
  endfacet
  facet normal -1 0 0
    outer loop
      vertex 813 950.241 3117.53
      vertex 813 948.907 3122.96
      vertex 813 958 3117.71
    endloop
  endfacet
  facet normal -1 0 0
    outer loop
      vertex 813 945.446 3124.13
      vertex 813 948.907 3122.96
      vertex 813 947.321 3120.45
    endloop
  endfacet
  facet normal -1 0 0
    outer loop
      vertex 813 947.321 3120.45
      vertex 813 948.907 3122.96
      vertex 813 950.241 3117.53
    endloop
  endfacet
  facet normal -1 0 0
    outer loop
      vertex 813 970.554 3132.28
      vertex 813 967.093 3133.46
      vertex 813 968.679 3135.96
    endloop
  endfacet
  facet normal -1 0 0
    outer loop
      vertex 813 967.093 3133.46
      vertex 813 965.759 3138.88
      vertex 813 968.679 3135.96
    endloop
  endfacet
  facet normal -1 0 0
    outer loop
      vertex 813 958 3138.71
      vertex 813 965.759 3138.88
      vertex 813 967.093 3133.46
    endloop
  endfacet
  facet normal -1 -0 0
    outer loop
      vertex 813 965.759 3138.88
      vertex 813 958 3138.71
      vertex 813 962.079 3140.76
    endloop
  endfacet
  facet normal -1 0 0
    outer loop
      vertex 813 958 3138.71
      vertex 813 958 3141.41
      vertex 813 962.079 3140.76
    endloop
  endfacet
  facet normal -1 0 0
    outer loop
      vertex 813 958 3138.71
      vertex 813 953.921 3140.76
      vertex 813 958 3141.41
    endloop
  endfacet
  facet normal -1 0 0
    outer loop
      vertex 813 958 3138.71
      vertex 813 950.241 3138.88
      vertex 813 953.921 3140.76
    endloop
  endfacet
  facet normal -1 0 0
    outer loop
      vertex 813 948.907 3133.46
      vertex 813 950.241 3138.88
      vertex 813 958 3138.71
    endloop
  endfacet
  facet normal -1 0 0
    outer loop
      vertex 813 948.907 3133.46
      vertex 813 947.321 3135.96
      vertex 813 950.241 3138.88
    endloop
  endfacet
  facet normal -1 0 0
    outer loop
      vertex 813 944.8 3128.21
      vertex 813 948.907 3122.96
      vertex 813 945.446 3124.13
    endloop
  endfacet
  facet normal -1 0 0
    outer loop
      vertex 813 948.907 3122.96
      vertex 813 944.8 3128.21
      vertex 813 948.907 3133.46
    endloop
  endfacet
  facet normal -1 -0 0
    outer loop
      vertex 813 948.907 3133.46
      vertex 813 945.446 3132.28
      vertex 813 947.321 3135.96
    endloop
  endfacet
  facet normal -1 0 0
    outer loop
      vertex 813 948.907 3133.46
      vertex 813 944.8 3128.21
      vertex 813 945.446 3132.28
    endloop
  endfacet
  facet normal 0 0.155005 -0.987914
    outer loop
      vertex 813 958 3115.01
      vertex 816 962.079 3115.65
      vertex 816 958 3115.01
    endloop
  endfacet
  facet normal 0 0.155005 -0.987914
    outer loop
      vertex 816 962.079 3115.65
      vertex 813 958 3115.01
      vertex 813 962.079 3115.65
    endloop
  endfacet
  facet normal 0 0.707107 -0.707107
    outer loop
      vertex 813 965.759 3117.53
      vertex 816 968.679 3120.45
      vertex 816 965.759 3117.53
    endloop
  endfacet
  facet normal 0 0.707107 -0.707107
    outer loop
      vertex 816 968.679 3120.45
      vertex 813 965.759 3117.53
      vertex 813 968.679 3120.45
    endloop
  endfacet
  facet normal 0 -0.155005 -0.987914
    outer loop
      vertex 813 953.921 3115.65
      vertex 816 958 3115.01
      vertex 816 953.921 3115.65
    endloop
  endfacet
  facet normal -0 -0.155005 -0.987914
    outer loop
      vertex 816 958 3115.01
      vertex 813 953.921 3115.65
      vertex 813 958 3115.01
    endloop
  endfacet
  facet normal 0 0.891012 0.45398
    outer loop
      vertex 816 970.554 3132.28
      vertex 813 968.679 3135.96
      vertex 816 968.679 3135.96
    endloop
  endfacet
  facet normal 0 0.891012 0.45398
    outer loop
      vertex 813 968.679 3135.96
      vertex 816 970.554 3132.28
      vertex 813 970.554 3132.28
    endloop
  endfacet
  facet normal 0 0.987696 -0.156385
    outer loop
      vertex 816 970.554 3124.13
      vertex 813 971.2 3128.21
      vertex 816 971.2 3128.21
    endloop
  endfacet
  facet normal 0 0.987696 -0.156385
    outer loop
      vertex 813 971.2 3128.21
      vertex 816 970.554 3124.13
      vertex 813 970.554 3124.13
    endloop
  endfacet
  facet normal 0 0.987637 0.15676
    outer loop
      vertex 816 971.2 3128.21
      vertex 813 970.554 3132.28
      vertex 816 970.554 3132.28
    endloop
  endfacet
  facet normal 0 0.987637 0.15676
    outer loop
      vertex 813 970.554 3132.28
      vertex 816 971.2 3128.21
      vertex 813 971.2 3128.21
    endloop
  endfacet
  facet normal 0 -0.707107 -0.707107
    outer loop
      vertex 813 947.321 3120.45
      vertex 816 950.241 3117.53
      vertex 816 947.321 3120.45
    endloop
  endfacet
  facet normal -0 -0.707107 -0.707107
    outer loop
      vertex 816 950.241 3117.53
      vertex 813 947.321 3120.45
      vertex 813 950.241 3117.53
    endloop
  endfacet
  facet normal 0 -0.891012 0.45398
    outer loop
      vertex 813 945.446 3132.28
      vertex 816 947.321 3135.96
      vertex 813 947.321 3135.96
    endloop
  endfacet
  facet normal 0 -0.891012 0.45398
    outer loop
      vertex 816 947.321 3135.96
      vertex 813 945.446 3132.28
      vertex 816 945.446 3132.28
    endloop
  endfacet
  facet normal 0 0.891012 -0.45398
    outer loop
      vertex 816 968.679 3120.45
      vertex 813 970.554 3124.13
      vertex 816 970.554 3124.13
    endloop
  endfacet
  facet normal 0 0.891012 -0.45398
    outer loop
      vertex 813 970.554 3124.13
      vertex 816 968.679 3120.45
      vertex 813 968.679 3120.45
    endloop
  endfacet
  facet normal 0 -0.454941 -0.890522
    outer loop
      vertex 813 950.241 3117.53
      vertex 816 953.921 3115.65
      vertex 816 950.241 3117.53
    endloop
  endfacet
  facet normal -0 -0.454941 -0.890522
    outer loop
      vertex 816 953.921 3115.65
      vertex 813 950.241 3117.53
      vertex 813 953.921 3115.65
    endloop
  endfacet
  facet normal 0 0.454941 -0.890522
    outer loop
      vertex 813 962.079 3115.65
      vertex 816 965.759 3117.53
      vertex 816 962.079 3115.65
    endloop
  endfacet
  facet normal 0 0.454941 -0.890522
    outer loop
      vertex 816 965.759 3117.53
      vertex 813 962.079 3115.65
      vertex 813 965.759 3117.53
    endloop
  endfacet
  facet normal 0 -0.454941 0.890522
    outer loop
      vertex 813 953.921 3140.76
      vertex 816 950.241 3138.88
      vertex 816 953.921 3140.76
    endloop
  endfacet
  facet normal 0 -0.454941 0.890522
    outer loop
      vertex 816 950.241 3138.88
      vertex 813 953.921 3140.76
      vertex 813 950.241 3138.88
    endloop
  endfacet
  facet normal 0 -0.157367 0.98754
    outer loop
      vertex 813 958 3141.41
      vertex 816 953.921 3140.76
      vertex 816 958 3141.41
    endloop
  endfacet
  facet normal 0 -0.157367 0.98754
    outer loop
      vertex 816 953.921 3140.76
      vertex 813 958 3141.41
      vertex 813 953.921 3140.76
    endloop
  endfacet
  facet normal 0 -1 0
    outer loop
      vertex 803 948.907 3122.96
      vertex 813 948.907 3133.46
      vertex 803 948.907 3133.46
    endloop
  endfacet
  facet normal 0 -1 -0
    outer loop
      vertex 813 948.907 3133.46
      vertex 803 948.907 3122.96
      vertex 813 948.907 3122.96
    endloop
  endfacet
  facet normal 0 -0.500011 0.866019
    outer loop
      vertex 803 958 3138.71
      vertex 813 948.907 3133.46
      vertex 813 958 3138.71
    endloop
  endfacet
  facet normal 0 -0.500011 0.866019
    outer loop
      vertex 813 948.907 3133.46
      vertex 803 958 3138.71
      vertex 803 948.907 3133.46
    endloop
  endfacet
  facet normal 0 1 -0
    outer loop
      vertex 813 967.093 3122.96
      vertex 803 967.093 3133.46
      vertex 813 967.093 3133.46
    endloop
  endfacet
  facet normal 0 1 0
    outer loop
      vertex 803 967.093 3133.46
      vertex 813 967.093 3122.96
      vertex 803 967.093 3122.96
    endloop
  endfacet
  facet normal -0 0.500011 0.866019
    outer loop
      vertex 803 967.093 3133.46
      vertex 813 958 3138.71
      vertex 813 967.093 3133.46
    endloop
  endfacet
  facet normal 0 0.500011 0.866019
    outer loop
      vertex 813 958 3138.71
      vertex 803 967.093 3133.46
      vertex 803 958 3138.71
    endloop
  endfacet
  facet normal 0 0.500011 -0.866019
    outer loop
      vertex 803 958 3117.71
      vertex 813 967.093 3122.96
      vertex 813 958 3117.71
    endloop
  endfacet
  facet normal 0 0.500011 -0.866019
    outer loop
      vertex 813 967.093 3122.96
      vertex 803 958 3117.71
      vertex 803 967.093 3122.96
    endloop
  endfacet
  facet normal 0 -0.500011 -0.866019
    outer loop
      vertex 803 948.907 3122.96
      vertex 813 958 3117.71
      vertex 813 948.907 3122.96
    endloop
  endfacet
  facet normal -0 -0.500011 -0.866019
    outer loop
      vertex 813 958 3117.71
      vertex 803 948.907 3122.96
      vertex 803 958 3117.71
    endloop
  endfacet
  facet normal -1 0 0
    outer loop
      vertex 803 958 3117.71
      vertex 803 967.093 3133.46
      vertex 803 967.093 3122.96
    endloop
  endfacet
  facet normal -1 0 0
    outer loop
      vertex 803 958 3117.71
      vertex 803 958 3138.71
      vertex 803 967.093 3133.46
    endloop
  endfacet
  facet normal -1 0 0
    outer loop
      vertex 803 948.907 3122.96
      vertex 803 958 3138.71
      vertex 803 958 3117.71
    endloop
  endfacet
  facet normal -1 0 0
    outer loop
      vertex 803 958 3138.71
      vertex 803 948.907 3122.96
      vertex 803 948.907 3133.46
    endloop
  endfacet
endsolid OpenSCAD_Model
